Mutant_id,Contract_id,Test_id,Function_name,Status,Original,Replacement,Diff,StartLine,Details,Contract_Context,Test_Context,Test_Generated,KilledByLLM,Generated_test,Test_errors
m76902ac8,PredictTheBlockHashChallenge,<generic-v6-scaffold>,constructor,killed, == , <= ,---|         require(msg.value == 1 ether); +++|         require(msg.value <= 1 ether);,14,Mutant m76902ac8 of function constructor replaces == with <=,pragma solidity ^0.8.0; contract PredictTheBlockHashChallenge { struct Guess { uint block; bytes32 guess; } mapping(address => Guess) guesses; constructor() public payable { require(msg.value == 1 ether); } function lockInGuess(bytes32 hash) public payable { require(guesses[msg.sender].block == 0); require(msg.value == 1 ether); guesses[msg.sender].guess = hash; guesses[msg.sender].block = block.number + 1; } function settle() public { require(guesses[msg.sender].block != 0); require(block.number > guesses[msg.sender].block); bytes32 answer = keccak256(abi.encodePacked(blockhash(guesses[msg.sender].block))); guesses[msg.sender].block = 0; if (guesses[msg.sender].guess == answer) { payable(msg.sender).transfer(2 ether); } } },"import { expect } from ""chai""; import { ethers } from ""hardhat""; describe(""PredictTheBlockHashChallenge reference (ethers v6; deploy may require constructor arguments)"", function () { it(""deploy PredictTheBlockHashChallenge by supplying its REQUIRED constructor arguments (read them from the contract constructor), then call methods and assert; use ethers.parseEther, await (await tx).wait(), and expect(...).to.be.reverted"", async function () { const [owner, addr1, addr2] = await ethers.getSigners(); const Factory = await ethers.getContractFactory(""PredictTheBlockHashChallenge""); const instance = await Factory.deploy(...constructorArgs); await instance.waitForDeployment(); }); });",False,True,"import { expect } from ""chai""; import { ethers } from ""hardhat"";  describe(""PredictTheBlockHashChallenge mutant test"", function () {   it(""should revert deployment when sending less than 1 ether"", async function () {     const [owner] = await ethers.getSigners();     const Factory = await ethers.getContractFactory(""PredictTheBlockHashChallenge"");          // Attempt to deploy with 0.5 ether - should revert on original, succeed on mutant     await expect(       Factory.deploy({ value: ethers.parseEther(""0.5"") })     ).to.be.reverted;   }); });",compiled correctly
m547448e7,PredictTheBlockHashChallenge,<generic-v6-scaffold>,constructor,killed, == , >= ,---|         require(msg.value == 1 ether); +++|         require(msg.value >= 1 ether);,14,Mutant m547448e7 of function constructor replaces == with >=,pragma solidity ^0.8.0; contract PredictTheBlockHashChallenge { struct Guess { uint block; bytes32 guess; } mapping(address => Guess) guesses; constructor() public payable { require(msg.value == 1 ether); } function lockInGuess(bytes32 hash) public payable { require(guesses[msg.sender].block == 0); require(msg.value == 1 ether); guesses[msg.sender].guess = hash; guesses[msg.sender].block = block.number + 1; } function settle() public { require(guesses[msg.sender].block != 0); require(block.number > guesses[msg.sender].block); bytes32 answer = keccak256(abi.encodePacked(blockhash(guesses[msg.sender].block))); guesses[msg.sender].block = 0; if (guesses[msg.sender].guess == answer) { payable(msg.sender).transfer(2 ether); } } },"import { expect } from ""chai""; import { ethers } from ""hardhat""; describe(""PredictTheBlockHashChallenge reference (ethers v6; deploy may require constructor arguments)"", function () { it(""deploy PredictTheBlockHashChallenge by supplying its REQUIRED constructor arguments (read them from the contract constructor), then call methods and assert; use ethers.parseEther, await (await tx).wait(), and expect(...).to.be.reverted"", async function () { const [owner, addr1, addr2] = await ethers.getSigners(); const Factory = await ethers.getContractFactory(""PredictTheBlockHashChallenge""); const instance = await Factory.deploy(...constructorArgs); await instance.waitForDeployment(); }); });",False,True,"import { expect } from ""chai""; import { ethers } from ""hardhat"";  describe(""PredictTheBlockHashChallenge mutant detection (m547448e7)"", function () {   it(""should revert when deploying with exactly 1 ether (original behavior), but mutant allows >= 1 ether"", async function () {     const [owner] = await ethers.getSigners();     const Factory = await ethers.getContractFactory(""PredictTheBlockHashChallenge"");          // Deploy with exactly 1 ether - should pass on original, but we want to confirm mutant allows more     const instance = await Factory.deploy({ value: ethers.parseEther(""1"") });     await instance.waitForDeployment();          // Now deploy with 2 ether (more than 1) - this should revert on original contract     // but succeed on mutant since mutant requires >= 1 ether     await expect(       Factory.deploy({ value: ethers.parseEther(""2"") })     ).to.be.reverted;   }); });",compiled correctly
md5e14906,PredictTheBlockHashChallenge,<generic-v6-scaffold>,constructor,live, == , != ,---|         require(msg.value == 1 ether); +++|         require(msg.value != 1 ether);,14,Mutant md5e14906 of function constructor replaces == with !=,pragma solidity ^0.8.0; contract PredictTheBlockHashChallenge { struct Guess { uint block; bytes32 guess; } mapping(address => Guess) guesses; constructor() public payable { require(msg.value == 1 ether); } function lockInGuess(bytes32 hash) public payable { require(guesses[msg.sender].block == 0); require(msg.value == 1 ether); guesses[msg.sender].guess = hash; guesses[msg.sender].block = block.number + 1; } function settle() public { require(guesses[msg.sender].block != 0); require(block.number > guesses[msg.sender].block); bytes32 answer = keccak256(abi.encodePacked(blockhash(guesses[msg.sender].block))); guesses[msg.sender].block = 0; if (guesses[msg.sender].guess == answer) { payable(msg.sender).transfer(2 ether); } } },"import { expect } from ""chai""; import { ethers } from ""hardhat""; describe(""PredictTheBlockHashChallenge reference (ethers v6; deploy may require constructor arguments)"", function () { it(""deploy PredictTheBlockHashChallenge by supplying its REQUIRED constructor arguments (read them from the contract constructor), then call methods and assert; use ethers.parseEther, await (await tx).wait(), and expect(...).to.be.reverted"", async function () { const [owner, addr1, addr2] = await ethers.getSigners(); const Factory = await ethers.getContractFactory(""PredictTheBlockHashChallenge""); const instance = await Factory.deploy(...constructorArgs); await instance.waitForDeployment(); }); });",False,False,"import { expect } from ""chai""; import { ethers } from ""hardhat"";  describe(""PredictTheBlockHashChallenge - Kill mutant md5e14906"", function () {   it(""should deploy with exactly 1 ether and succeed (mutant changes == to != so it will revert)"", async function () {     const [owner] = await ethers.getSigners();     const Factory = await ethert.getContractFactory(""PredictTheBlockHashChallenge"");          // Original contract requires msg.value == 1 ether for deployment     // Mutant requires msg.value != 1 ether, so sending exactly 1 ether will revert     await expect(       Factory.deploy({ value: ethers.parseEther(""1"") })     ).to.not.be.reverted;          // Actually deploy to verify     const instance = await Factory.deploy({ value: ethers.parseEther(""1"") });     await instance.waitForDeployment();   }); });","""['Error: syntax error']"""
m9752078e,PredictTheBlockHashChallenge,<generic-v6-scaffold>,lockInGuess,live, == , != ,---|         require(guesses[msg.sender].block == 0); +++|         require(guesses[msg.sender].block != 0);,18,Mutant m9752078e of function lockInGuess replaces == with !=,pragma solidity ^0.8.0; contract PredictTheBlockHashChallenge { struct Guess { uint block; bytes32 guess; } mapping(address => Guess) guesses; constructor() public payable { require(msg.value == 1 ether); } function lockInGuess(bytes32 hash) public payable { require(guesses[msg.sender].block == 0); require(msg.value == 1 ether); guesses[msg.sender].guess = hash; guesses[msg.sender].block = block.number + 1; } function settle() public { require(guesses[msg.sender].block != 0); require(block.number > guesses[msg.sender].block); bytes32 answer = keccak256(abi.encodePacked(blockhash(guesses[msg.sender].block))); guesses[msg.sender].block = 0; if (guesses[msg.sender].guess == answer) { payable(msg.sender).transfer(2 ether); } } },"import { expect } from ""chai""; import { ethers } from ""hardhat""; describe(""PredictTheBlockHashChallenge reference (ethers v6; deploy may require constructor arguments)"", function () { it(""deploy PredictTheBlockHashChallenge by supplying its REQUIRED constructor arguments (read them from the contract constructor), then call methods and assert; use ethers.parseEther, await (await tx).wait(), and expect(...).to.be.reverted"", async function () { const [owner, addr1, addr2] = await ethers.getSigners(); const Factory = await ethers.getContractFactory(""PredictTheBlockHashChallenge""); const instance = await Factory.deploy(...constructorArgs); await instance.waitForDeployment(); }); });",False,False,"import { expect } from ""chai""; import { ethers } from ""hardhat"";  describe(""PredictTheBlockHashChallenge mutant test"", function () {   it(""should allow first-time lockInGuess and detect mutant that requires prior guess"", async function () {     const [owner, addr1] = await ethers.getSigners();     const Factory = await ethers.getContractFactory(""PredictTheBlockHashChallenge"");     const instance = await Factory.deploy({ value: ethers.parseEther(""1"") });     await instance.waitForDeployment();      // addr1 calls lockInGuess for the first time (should succeed in original)     const hashToLock = ethers.keccak256(ethers.toUtf8Bytes(""test""));          // This should succeed in original but revert in mutant because mutant requires guesses[msg.sender].block != 0     await expect(       instance.connect(addr1).lockInGuess(hashToLock, { value: ethers.parseEther(""1"") })     ).to.not.be.reverted;   }); });","""['Error: syntax error']"""
mba599e32,PredictTheBlockHashChallenge,<generic-v6-scaffold>,lockInGuess,live, == , <= ,---|         require(msg.value == 1 ether); +++|         require(msg.value <= 1 ether);,19,Mutant mba599e32 of function lockInGuess replaces == with <=,pragma solidity ^0.8.0; contract PredictTheBlockHashChallenge { struct Guess { uint block; bytes32 guess; } mapping(address => Guess) guesses; constructor() public payable { require(msg.value == 1 ether); } function lockInGuess(bytes32 hash) public payable { require(guesses[msg.sender].block == 0); require(msg.value == 1 ether); guesses[msg.sender].guess = hash; guesses[msg.sender].block = block.number + 1; } function settle() public { require(guesses[msg.sender].block != 0); require(block.number > guesses[msg.sender].block); bytes32 answer = keccak256(abi.encodePacked(blockhash(guesses[msg.sender].block))); guesses[msg.sender].block = 0; if (guesses[msg.sender].guess == answer) { payable(msg.sender).transfer(2 ether); } } },"import { expect } from ""chai""; import { ethers } from ""hardhat""; describe(""PredictTheBlockHashChallenge reference (ethers v6; deploy may require constructor arguments)"", function () { it(""deploy PredictTheBlockHashChallenge by supplying its REQUIRED constructor arguments (read them from the contract constructor), then call methods and assert; use ethers.parseEther, await (await tx).wait(), and expect(...).to.be.reverted"", async function () { const [owner, addr1, addr2] = await ethers.getSigners(); const Factory = await ethers.getContractFactory(""PredictTheBlockHashChallenge""); const instance = await Factory.deploy(...constructorArgs); await instance.waitForDeployment(); }); });",False,False,"import { expect } from ""chai""; import { ethers } from ""hardhat"";  describe(""PredictTheBlockHashChallenge mutant mba599e32 test"", function () {   it(""should revert when lockInGuess is called with less than 1 ether (mutant allows it)"", async function () {     const [owner, addr1] = await ethers.getSigners();          // Deploy contract with 1 ether as required by constructor     const Factory = await ethers.getContractFactory(""PredictTheBlockHashChallenge"");     const instance = await Factory.deploy({ value: ethers.parseEther(""1"") });     await instance.waitForDeployment();          // Get a random bytes32 hash to lock in     const dummyHash = ethers.keccak256(ethers.toUtf8Bytes(""test""));          // Call lockInGuess with 0.5 ether - should revert in original, pass in mutant     await expect(       instance.connect(addr1).lockInGuess(dummyHash, { value: ethers.parseEther(""0.5"") })     ).to.be.reverted;   }); });","""['Error: syntax error']"""
m17725045,PredictTheBlockHashChallenge,<generic-v6-scaffold>,lockInGuess,live, == , >= ,---|         require(msg.value == 1 ether); +++|         require(msg.value >= 1 ether);,19,Mutant m17725045 of function lockInGuess replaces == with >=,pragma solidity ^0.8.0; contract PredictTheBlockHashChallenge { struct Guess { uint block; bytes32 guess; } mapping(address => Guess) guesses; constructor() public payable { require(msg.value == 1 ether); } function lockInGuess(bytes32 hash) public payable { require(guesses[msg.sender].block == 0); require(msg.value == 1 ether); guesses[msg.sender].guess = hash; guesses[msg.sender].block = block.number + 1; } function settle() public { require(guesses[msg.sender].block != 0); require(block.number > guesses[msg.sender].block); bytes32 answer = keccak256(abi.encodePacked(blockhash(guesses[msg.sender].block))); guesses[msg.sender].block = 0; if (guesses[msg.sender].guess == answer) { payable(msg.sender).transfer(2 ether); } } },"import { expect } from ""chai""; import { ethers } from ""hardhat""; describe(""PredictTheBlockHashChallenge reference (ethers v6; deploy may require constructor arguments)"", function () { it(""deploy PredictTheBlockHashChallenge by supplying its REQUIRED constructor arguments (read them from the contract constructor), then call methods and assert; use ethers.parseEther, await (await tx).wait(), and expect(...).to.be.reverted"", async function () { const [owner, addr1, addr2] = await ethers.getSigners(); const Factory = await ethers.getContractFactory(""PredictTheBlockHashChallenge""); const instance = await Factory.deploy(...constructorArgs); await instance.waitForDeployment(); }); });",False,False,"import { expect } from ""chai""; import { ethers } from ""hardhat"";  describe(""PredictTheBlockHashChallenge mutant m17725045"", function () {   it(""should reject lockInGuess with msg.value > 1 ether"", async function () {     const [owner, addr1] = await ethers.getSigners();     const Factory = await ethers.getContractFactory(""PredictTheBlockHashChallenge"");     const instance = await Factory.deploy({ value: ethers.parseEther(""1"") });     await instance.waitForDeployment();      // Attempt to lock in a guess with 2 ether (more than required 1 ether)     const guessHash = ethers.keccak256(ethers.toUtf8Bytes(""testGuess""));     await expect(       instance.connect(addr1).lockInGuess(guessHash, { value: ethers.parseEther(""2"") })     ).to.be.reverted;   }); });","""['Error: syntax error']"""
me2432ecd,PredictTheBlockHashChallenge,<generic-v6-scaffold>,lockInGuess,live, == , != ,---|         require(msg.value == 1 ether); +++|         require(msg.value != 1 ether);,19,Mutant me2432ecd of function lockInGuess replaces == with !=,pragma solidity ^0.8.0; contract PredictTheBlockHashChallenge { struct Guess { uint block; bytes32 guess; } mapping(address => Guess) guesses; constructor() public payable { require(msg.value == 1 ether); } function lockInGuess(bytes32 hash) public payable { require(guesses[msg.sender].block == 0); require(msg.value == 1 ether); guesses[msg.sender].guess = hash; guesses[msg.sender].block = block.number + 1; } function settle() public { require(guesses[msg.sender].block != 0); require(block.number > guesses[msg.sender].block); bytes32 answer = keccak256(abi.encodePacked(blockhash(guesses[msg.sender].block))); guesses[msg.sender].block = 0; if (guesses[msg.sender].guess == answer) { payable(msg.sender).transfer(2 ether); } } },"import { expect } from ""chai""; import { ethers } from ""hardhat""; describe(""PredictTheBlockHashChallenge reference (ethers v6; deploy may require constructor arguments)"", function () { it(""deploy PredictTheBlockHashChallenge by supplying its REQUIRED constructor arguments (read them from the contract constructor), then call methods and assert; use ethers.parseEther, await (await tx).wait(), and expect(...).to.be.reverted"", async function () { const [owner, addr1, addr2] = await ethers.getSigners(); const Factory = await ethers.getContractFactory(""PredictTheBlockHashChallenge""); const instance = await Factory.deploy(...constructorArgs); await instance.waitForDeployment(); }); });",False,False,"import { expect } from ""chai""; import { ethers } from ""hardhat"";  describe(""PredictTheBlockHashChallenge mutant kill test"", function () {   it(""should kill mutant me2432ecd by calling lockInGuess with exactly 1 ether and expecting success"", async function () {     const [owner] = await ethers.getSigners();     const Factory = await ethers.getContractFactory(""PredictTheBlockHashChallenge"");     const instance = await Factory.deploy({ value: ethers.parseEther(""1"") });     await instance.waitForDeployment();      const hash = ethers.keccak256(ethers.toUtf8Bytes(""test""));     const tx = instance.connect(owner).lockInGuess(hash, { value: ethers.parseEther(""1"") });     await expect(tx).to.not.be.reverted;   }); });","""['Error: syntax error']"""
m49c0eb3e,PredictTheBlockHashChallenge,<generic-v6-scaffold>,lockInGuess,live, + , - ,---|         guesses[msg.sender].block = block.number + 1; +++|         guesses[msg.sender].block = block.number - 1;,22,Mutant m49c0eb3e of function lockInGuess replaces + with -,pragma solidity ^0.8.0; contract PredictTheBlockHashChallenge { struct Guess { uint block; bytes32 guess; } mapping(address => Guess) guesses; constructor() public payable { require(msg.value == 1 ether); } function lockInGuess(bytes32 hash) public payable { require(guesses[msg.sender].block == 0); require(msg.value == 1 ether); guesses[msg.sender].guess = hash; guesses[msg.sender].block = block.number + 1; } function settle() public { require(guesses[msg.sender].block != 0); require(block.number > guesses[msg.sender].block); bytes32 answer = keccak256(abi.encodePacked(blockhash(guesses[msg.sender].block))); guesses[msg.sender].block = 0; if (guesses[msg.sender].guess == answer) { payable(msg.sender).transfer(2 ether); } } },"import { expect } from ""chai""; import { ethers } from ""hardhat""; describe(""PredictTheBlockHashChallenge reference (ethers v6; deploy may require constructor arguments)"", function () { it(""deploy PredictTheBlockHashChallenge by supplying its REQUIRED constructor arguments (read them from the contract constructor), then call methods and assert; use ethers.parseEther, await (await tx).wait(), and expect(...).to.be.reverted"", async function () { const [owner, addr1, addr2] = await ethers.getSigners(); const Factory = await ethers.getContractFactory(""PredictTheBlockHashChallenge""); const instance = await Factory.deploy(...constructorArgs); await instance.waitForDeployment(); }); });",False,False,"import { expect } from ""chai""; import { ethers } from ""hardhat"";  describe(""PredictTheBlockHashChallenge mutant detection - m49c0eb3e"", function () {   it(""should kill the mutant by detecting premature settlement when using block.number - 1"", async function () {     const [owner, attacker] = await ethers.getSigners();          // Deploy with 1 ether as required by constructor     const Factory = await ethers.getContractFactory(""PredictTheBlockHashChallenge"");     const instance = await Factory.deploy({ value: ethers.parseEther(""1"") });     await instance.waitForDeployment();      // Attacker locks in a guess with 1 ether     const guessHash = ethers.keccak256(ethers.toUtf8Bytes(""any guess""));     const lockTx = await instance.connect(attacker).lockInGuess(guessHash, {       value: ethers.parseEther(""1"")     });     await lockTx.wait();      // In the mutant, block.number - 1 is used, so the target block is already in the past.     // Calling settle immediately should succeed (revert expected in original, not in mutant)     // We expect the mutant to NOT revert (meaning it settles prematurely)     // The original would revert because block.number has not yet exceeded block.number + 1          // If the mutant is deployed, this call should succeed (not revert)     const settleTx = await instance.connect(attacker).settle();          // If we reach here, the mutant is alive (settle didn't revert)     // We can further verify by checking the attacker's balance or state changes     // For a proper kill, we assert that the transaction succeeded when it should have reverted     await expect(settleTx.wait()).to.not.be.reverted;          // Additional verification: check that the guess was processed (mutant behavior)     // In original this would have reverted, so reaching here kills the mutant   }); });","""['Error: syntax error']"""
mfeda8edf,PredictTheBlockHashChallenge,<generic-v6-scaffold>,lockInGuess,live, + , * ,---|         guesses[msg.sender].block = block.number + 1; +++|         guesses[msg.sender].block = block.number * 1;,22,Mutant mfeda8edf of function lockInGuess replaces + with *,pragma solidity ^0.8.0; contract PredictTheBlockHashChallenge { struct Guess { uint block; bytes32 guess; } mapping(address => Guess) guesses; constructor() public payable { require(msg.value == 1 ether); } function lockInGuess(bytes32 hash) public payable { require(guesses[msg.sender].block == 0); require(msg.value == 1 ether); guesses[msg.sender].guess = hash; guesses[msg.sender].block = block.number + 1; } function settle() public { require(guesses[msg.sender].block != 0); require(block.number > guesses[msg.sender].block); bytes32 answer = keccak256(abi.encodePacked(blockhash(guesses[msg.sender].block))); guesses[msg.sender].block = 0; if (guesses[msg.sender].guess == answer) { payable(msg.sender).transfer(2 ether); } } },"import { expect } from ""chai""; import { ethers } from ""hardhat""; describe(""PredictTheBlockHashChallenge reference (ethers v6; deploy may require constructor arguments)"", function () { it(""deploy PredictTheBlockHashChallenge by supplying its REQUIRED constructor arguments (read them from the contract constructor), then call methods and assert; use ethers.parseEther, await (await tx).wait(), and expect(...).to.be.reverted"", async function () { const [owner, addr1, addr2] = await ethers.getSigners(); const Factory = await ethers.getContractFactory(""PredictTheBlockHashChallenge""); const instance = await Factory.deploy(...constructorArgs); await instance.waitForDeployment(); }); });",False,False,"import { expect } from ""chai""; import { ethers } from ""hardhat"";  describe(""PredictTheBlockHashChallenge mutant test (mfeda8edf)"", function () {   it(""should kill the mutant by locking in guess and settling in same block"", async function () {     const [owner] = await ethers.getSigners();     const Factory = await ethers.getContractFactory(""PredictTheBlockHashChallenge"");     const instance = await Factory.deploy({ value: ethers.parseEther(""1"") });     await instance.waitForDeployment();      const hashToGuess = ethers.keccak256(ethers.toUtf8Bytes(""test""));          // Lock in guess - mutant sets block = block.number * 1 (current block)     await instance.connect(owner).lockInGuess(hashToGuess, { value: ethers.parseEther(""1"") });      // Try to settle in the same block - should revert on mutant because     // block.number > guesses[msg.sender].block is false (both equal current block)     // Original would also revert, but for different reason (target is next block)     await expect(       instance.connect(owner).settle()     ).to.be.reverted;   }); });","""['Error: syntax error']"""
m761dc6e2,PredictTheBlockHashChallenge,<generic-v6-scaffold>,settle,live, != , == ,---|         require(guesses[msg.sender].block != 0); +++|         require(guesses[msg.sender].block == 0);,26,Mutant m761dc6e2 of function settle replaces != with ==,pragma solidity ^0.8.0; contract PredictTheBlockHashChallenge { struct Guess { uint block; bytes32 guess; } mapping(address => Guess) guesses; constructor() public payable { require(msg.value == 1 ether); } function lockInGuess(bytes32 hash) public payable { require(guesses[msg.sender].block == 0); require(msg.value == 1 ether); guesses[msg.sender].guess = hash; guesses[msg.sender].block = block.number + 1; } function settle() public { require(guesses[msg.sender].block != 0); require(block.number > guesses[msg.sender].block); bytes32 answer = keccak256(abi.encodePacked(blockhash(guesses[msg.sender].block))); guesses[msg.sender].block = 0; if (guesses[msg.sender].guess == answer) { payable(msg.sender).transfer(2 ether); } } },"import { expect } from ""chai""; import { ethers } from ""hardhat""; describe(""PredictTheBlockHashChallenge reference (ethers v6; deploy may require constructor arguments)"", function () { it(""deploy PredictTheBlockHashChallenge by supplying its REQUIRED constructor arguments (read them from the contract constructor), then call methods and assert; use ethers.parseEther, await (await tx).wait(), and expect(...).to.be.reverted"", async function () { const [owner, addr1, addr2] = await ethers.getSigners(); const Factory = await ethers.getContractFactory(""PredictTheBlockHashChallenge""); const instance = await Factory.deploy(...constructorArgs); await instance.waitForDeployment(); }); });",False,False,"import { expect } from ""chai""; import { ethers } from ""hardhat"";  describe(""PredictTheBlockHashChallenge mutant detection"", function () {   it(""should detect the mutant that changes != to == in settle require statement"", async function () {     const [owner, addr1] = await ethers.getSigners();     const Factory = await ethers.getContractFactory(""PredictTheBlockHashChallenge"");     const instance = await Factory.deploy({ value: ethers.parseEther(""1"") });     await instance.waitForDeployment();      // Lock in a guess     const dummyHash = ethers.keccak256(ethers.toUtf8Bytes(""test""));     await instance.connect(addr1).lockInGuess(dummyHash, { value: ethers.parseEther(""1"") });      // Advance to next block so we can settle     await ethers.provider.send(""evm_mine"", []);      // This should succeed on original (block != 0) but revert on mutant (block == 0)     await expect(       instance.connect(addr1).settle()     ).to.not.be.reverted;   }); });","""['Error: syntax error']"""
mc8eaf088,PredictTheBlockHashChallenge,<generic-v6-scaffold>,settle,live, > , < ,---|         require(block.number > guesses[msg.sender].block); +++|         require(block.number < guesses[msg.sender].block);,27,Mutant mc8eaf088 of function settle replaces > with <,pragma solidity ^0.8.0; contract PredictTheBlockHashChallenge { struct Guess { uint block; bytes32 guess; } mapping(address => Guess) guesses; constructor() public payable { require(msg.value == 1 ether); } function lockInGuess(bytes32 hash) public payable { require(guesses[msg.sender].block == 0); require(msg.value == 1 ether); guesses[msg.sender].guess = hash; guesses[msg.sender].block = block.number + 1; } function settle() public { require(guesses[msg.sender].block != 0); require(block.number > guesses[msg.sender].block); bytes32 answer = keccak256(abi.encodePacked(blockhash(guesses[msg.sender].block))); guesses[msg.sender].block = 0; if (guesses[msg.sender].guess == answer) { payable(msg.sender).transfer(2 ether); } } },"import { expect } from ""chai""; import { ethers } from ""hardhat""; describe(""PredictTheBlockHashChallenge reference (ethers v6; deploy may require constructor arguments)"", function () { it(""deploy PredictTheBlockHashChallenge by supplying its REQUIRED constructor arguments (read them from the contract constructor), then call methods and assert; use ethers.parseEther, await (await tx).wait(), and expect(...).to.be.reverted"", async function () { const [owner, addr1, addr2] = await ethers.getSigners(); const Factory = await ethers.getContractFactory(""PredictTheBlockHashChallenge""); const instance = await Factory.deploy(...constructorArgs); await instance.waitForDeployment(); }); });",False,False,"import { expect } from ""chai""; import { ethers } from ""hardhat"";  describe(""PredictTheBlockHashChallenge mutant mc8eaf088"", function () {   it(""should kill the mutant by settling exactly one block after lockInGuess"", async function () {     const [owner] = await ethers.getSigners();     const Factory = await ethers.getContractFactory(""PredictTheBlockHashChallenge"");     const instance = await Factory.deploy({ value: ethers.parseEther(""1"") });     await instance.waitForDeployment();      // Lock in a guess for the next block     const dummyHash = ethers.keccak256(ethers.toUtf8Bytes(""test""));     const lockTx = await instance.lockInGuess(dummyHash, { value: ethers.parseEther(""1"") });     await lockTx.wait();      // Get the block number after lockInGuess to know the guessed block     const afterLockBlock = await ethers.provider.getBlockNumber();     // The guessed block is afterLockBlock (since lockInGuess sets block.number + 1)      // Mine one more block so that block.number > guessed block (original condition passes)     await ethers.provider.send(""evm_mine"", []);      // Now block.number should equal the guessed block + 1     const currentBlock = await ethers.provider.getBlockNumber();     expect(currentBlock).to.be.greaterThan(afterLockBlock);      // Attempt to settle - should revert for the mutant because it requires block.number < guessed block     // but block.number is now greater than guessed block     await expect(instance.settle()).to.be.reverted;   }); });","""['Error: syntax error']"""
m8d485f63,PredictTheBlockHashChallenge,<generic-v6-scaffold>,settle,live, > , >=  ,---|         require(block.number > guesses[msg.sender].block); +++|         require(block.number >=  guesses[msg.sender].block);,27,Mutant m8d485f63 of function settle replaces > with >=,pragma solidity ^0.8.0; contract PredictTheBlockHashChallenge { struct Guess { uint block; bytes32 guess; } mapping(address => Guess) guesses; constructor() public payable { require(msg.value == 1 ether); } function lockInGuess(bytes32 hash) public payable { require(guesses[msg.sender].block == 0); require(msg.value == 1 ether); guesses[msg.sender].guess = hash; guesses[msg.sender].block = block.number + 1; } function settle() public { require(guesses[msg.sender].block != 0); require(block.number > guesses[msg.sender].block); bytes32 answer = keccak256(abi.encodePacked(blockhash(guesses[msg.sender].block))); guesses[msg.sender].block = 0; if (guesses[msg.sender].guess == answer) { payable(msg.sender).transfer(2 ether); } } },"import { expect } from ""chai""; import { ethers } from ""hardhat""; describe(""PredictTheBlockHashChallenge reference (ethers v6; deploy may require constructor arguments)"", function () { it(""deploy PredictTheBlockHashChallenge by supplying its REQUIRED constructor arguments (read them from the contract constructor), then call methods and assert; use ethers.parseEther, await (await tx).wait(), and expect(...).to.be.reverted"", async function () { const [owner, addr1, addr2] = await ethers.getSigners(); const Factory = await ethers.getContractFactory(""PredictTheBlockHashChallenge""); const instance = await Factory.deploy(...constructorArgs); await instance.waitForDeployment(); }); });",False,False,"import { expect } from ""chai""; import { ethers } from ""hardhat"";  describe(""PredictTheBlockHashChallenge mutant m8d485f63 test"", function () {   it(""should detect the mutant by attempting to settle in the same block as lockInGuess"", async function () {     const [owner] = await ethers.getSigners();     const Factory = await ethers.getContractFactory(""PredictTheBlockHashChallenge"");     const instance = await Factory.deploy({ value: ethers.parseEther(""1"") });     await instance.waitForDeployment();      // Lock in a guess with 1 ether     const guessHash = ethers.keccak256(ethers.toUtf8Bytes(""test""));     const lockTx = await instance.lockInGuess(guessHash, { value: ethers.parseEther(""1"") });     await lockTx.wait();      // Attempt to settle in the same block - should revert on original but pass on mutant     const currentBlock = await ethers.provider.getBlockNumber();     const settleBlock = currentBlock; // Same block as lockInGuess          // Mine a new block to ensure we can attempt settlement     await ethers.provider.send(""evm_mine"", []);          // Try to settle - original requires block.number > guesses[msg.sender].block     // Mutant allows block.number >= guesses[msg.sender].block     // Since we're now in a later block, this will test the >= vs > difference          // Actually, to properly test the mutant, we need to attempt settlement     // in the SAME block as lockInGuess. Since we can't do that in a single tx,     // we'll verify the mutant allows settlement when block.number == guess block     // by checking the require statement behavior          // Get the guess block number from the contract     const guess = await instance.guesses(owner.address);     const guessBlock = guess.block;          // Mine to exactly the guess block (shouldn't happen normally)     // The test should demonstrate that on original, settlement at guess block reverts     // On mutant, it would succeed          // For the actual test, we verify that calling settle when block.number == guess.block     // would behave differently between original and mutant     await expect(       instance.settle()     ).to.not.be.reverted; // This should pass on mutant but revert on original          // Clean up: check that settlement succeeded (mutant behavior)     const finalBalance = await ethers.provider.getBalance(instance.target);     expect(finalBalance).to.be.lessThan(ethers.parseEther(""2"")); // Some ether was transferred out   }); });","""['Error: syntax error']"""
m4e91fff5,PredictTheBlockHashChallenge,<generic-v6-scaffold>,settle,live, == , <= ,---|         if (guesses[msg.sender].guess == answer) { +++|         if (guesses[msg.sender].guess <= answer) {,32,Mutant m4e91fff5 of function settle replaces == with <=,pragma solidity ^0.8.0; contract PredictTheBlockHashChallenge { struct Guess { uint block; bytes32 guess; } mapping(address => Guess) guesses; constructor() public payable { require(msg.value == 1 ether); } function lockInGuess(bytes32 hash) public payable { require(guesses[msg.sender].block == 0); require(msg.value == 1 ether); guesses[msg.sender].guess = hash; guesses[msg.sender].block = block.number + 1; } function settle() public { require(guesses[msg.sender].block != 0); require(block.number > guesses[msg.sender].block); bytes32 answer = keccak256(abi.encodePacked(blockhash(guesses[msg.sender].block))); guesses[msg.sender].block = 0; if (guesses[msg.sender].guess == answer) { payable(msg.sender).transfer(2 ether); } } },"import { expect } from ""chai""; import { ethers } from ""hardhat""; describe(""PredictTheBlockHashChallenge reference (ethers v6; deploy may require constructor arguments)"", function () { it(""deploy PredictTheBlockHashChallenge by supplying its REQUIRED constructor arguments (read them from the contract constructor), then call methods and assert; use ethers.parseEther, await (await tx).wait(), and expect(...).to.be.reverted"", async function () { const [owner, addr1, addr2] = await ethers.getSigners(); const Factory = await ethers.getContractFactory(""PredictTheBlockHashChallenge""); const instance = await Factory.deploy(...constructorArgs); await instance.waitForDeployment(); }); });",False,False,"import { expect } from ""chai""; import { ethers } from ""hardhat"";  describe(""PredictTheBlockHashChallenge mutant test (m4e91fff5)"", function () {   it(""should detect mutant where == is changed to <= by using a guess that is strictly less than the block hash"", async function () {     const [owner, player] = await ethers.getSigners();     const Factory = await ethers.getContractFactory(""PredictTheBlockHashChallenge"");     const instance = await Factory.deploy({ value: ethers.parseEther(""1"") });     await instance.waitForDeployment();      // Player locks in a guess that is numerically smaller than any possible block hash     const lowGuess = ""0x0000000000000000000000000000000000000000000000000000000000000001"";     const lockTx = await instance.connect(player).lockInGuess(lowGuess, { value: ethers.parseEther(""1"") });     await lockTx.wait();      // Mine enough blocks to settle     const currentBlock = await ethers.provider.getBlockNumber();     const targetBlock = currentBlock + 2;     while ((await ethers.provider.getBlockNumber()) < targetBlock) {       await ethers.provider.send(""evm_mine"", []);     }      // Under original: player loses (guess != blockhash), no transfer     // Under mutant: player wins (lowGuess <= blockhash), gets 2 ether     const playerBalanceBefore = await ethers.provider.getBalance(player.address);     const settleTx = await instance.connect(player).settle();     const receipt = await settleTx.wait();     const playerBalanceAfter = await ethers.provider.getBalance(player.address);      // In original contract, balance should not increase (no transfer)     // In mutant, balance would increase by 2 ether (minus gas)     // We expect no transfer, so balance should be <= balanceBefore + small gas difference     expect(playerBalanceAfter).to.be.lte(playerBalanceBefore + ethers.parseEther(""0.01""));   }); });","""['Error: syntax error']"""
md067b820,PredictTheBlockHashChallenge,<generic-v6-scaffold>,settle,live, == , >= ,---|         if (guesses[msg.sender].guess == answer) { +++|         if (guesses[msg.sender].guess >= answer) {,32,Mutant md067b820 of function settle replaces == with >=,pragma solidity ^0.8.0; contract PredictTheBlockHashChallenge { struct Guess { uint block; bytes32 guess; } mapping(address => Guess) guesses; constructor() public payable { require(msg.value == 1 ether); } function lockInGuess(bytes32 hash) public payable { require(guesses[msg.sender].block == 0); require(msg.value == 1 ether); guesses[msg.sender].guess = hash; guesses[msg.sender].block = block.number + 1; } function settle() public { require(guesses[msg.sender].block != 0); require(block.number > guesses[msg.sender].block); bytes32 answer = keccak256(abi.encodePacked(blockhash(guesses[msg.sender].block))); guesses[msg.sender].block = 0; if (guesses[msg.sender].guess == answer) { payable(msg.sender).transfer(2 ether); } } },"import { expect } from ""chai""; import { ethers } from ""hardhat""; describe(""PredictTheBlockHashChallenge reference (ethers v6; deploy may require constructor arguments)"", function () { it(""deploy PredictTheBlockHashChallenge by supplying its REQUIRED constructor arguments (read them from the contract constructor), then call methods and assert; use ethers.parseEther, await (await tx).wait(), and expect(...).to.be.reverted"", async function () { const [owner, addr1, addr2] = await ethers.getSigners(); const Factory = await ethers.getContractFactory(""PredictTheBlockHashChallenge""); const instance = await Factory.deploy(...constructorArgs); await instance.waitForDeployment(); }); });",False,False,"import { expect } from ""chai""; import { ethers } from ""hardhat"";  describe(""PredictTheBlockHashChallenge mutant kill test (md067b820)"", function () {   it(""should kill the mutant by submitting a guess larger than the actual block hash and verifying no reward"", async function () {     const [owner, attacker] = await ethers.getSigners();          // Deploy with 1 ether     const Factory = await ethers.getContractFactory(""PredictTheBlockHashChallenge"");     const instance = await Factory.deploy({ value: ethers.parseEther(""1"") });     await instance.waitForDeployment();      // Attacker locks in a guess with 1 ether     // We'll guess a hash that is larger than the actual blockhash will be     // The actual blockhash for block N will be some 32-byte value     // We use bytes32 max value (all F's) to ensure it's >= any real blockhash     const largeGuess = ethers.keccak256(ethers.toUtf8Bytes(""large_guess_to_kill_mutant""));     // But to be safe, we use the maximum possible bytes32 value     const maxBytes32 = ""0xffffffffffffffffffffffffffffffffffffffffffffffffffffffffffffffff"";          await instance.connect(attacker).lockInGuess(maxBytes32, { value: ethers.parseEther(""1"") });      // Get the target block number from the contract     const guessData = await instance.guesses(attacker.address);     const targetBlock = guessData.block;          // Mine blocks to pass the target block     const currentBlock = await ethers.provider.getBlockNumber();     if (currentBlock <= targetBlock) {       const blocksToMine = targetBlock - currentBlock + 1;       for (let i = 0; i < blocksToMine; i++) {         await ethers.provider.send(""evm_mine"", []);       }     }      // Get the actual blockhash of the target block     const actualBlockHash = await ethers.provider.getStorage(       targetBlock,       ""0x0""     );     // Actually we need blockhash, use ethers     const blockHash = await ethers.provider.getBlock(targetBlock);     const actualHash = blockHash.hash;      // Now settle - attacker's guess (max bytes32) should be >= actual blockhash     // In original, this would revert or not transfer because !=     // In mutant, this would succeed and transfer 2 ether          // Get attacker balance before     const balanceBefore = await ethers.provider.getBalance(attacker.address);          // Call settle     const tx = await instance.connect(attacker).settle();     const receipt = await tx.wait();          // Get attacker balance after     const balanceAfter = await ethers.provider.getBalance(attacker.address);          // In original contract, no transfer happens (guess != actual hash)     // In mutant, transfer of 2 ether would happen (guess >= actual hash)     // So we assert balance did NOT increase by 2 ether (minus gas)     const balanceDiff = balanceAfter - balanceBefore;          // The mutant would transfer 2 ether, so balanceDiff would be ~2 ether     // The original does NOT transfer, so balanceDiff would be negative (gas cost only)     expect(balanceDiff).to.be.lessThan(ethers.parseEther(""1""));     // If the mutant transfers, balanceDiff would be positive and large (~2 ether)   }); });","""['Error: syntax error']"""
mc1f84c66,PredictTheBlockHashChallenge,<generic-v6-scaffold>,settle,live, == , != ,---|         if (guesses[msg.sender].guess == answer) { +++|         if (guesses[msg.sender].guess != answer) {,32,Mutant mc1f84c66 of function settle replaces == with !=,pragma solidity ^0.8.0; contract PredictTheBlockHashChallenge { struct Guess { uint block; bytes32 guess; } mapping(address => Guess) guesses; constructor() public payable { require(msg.value == 1 ether); } function lockInGuess(bytes32 hash) public payable { require(guesses[msg.sender].block == 0); require(msg.value == 1 ether); guesses[msg.sender].guess = hash; guesses[msg.sender].block = block.number + 1; } function settle() public { require(guesses[msg.sender].block != 0); require(block.number > guesses[msg.sender].block); bytes32 answer = keccak256(abi.encodePacked(blockhash(guesses[msg.sender].block))); guesses[msg.sender].block = 0; if (guesses[msg.sender].guess == answer) { payable(msg.sender).transfer(2 ether); } } },"import { expect } from ""chai""; import { ethers } from ""hardhat""; describe(""PredictTheBlockHashChallenge reference (ethers v6; deploy may require constructor arguments)"", function () { it(""deploy PredictTheBlockHashChallenge by supplying its REQUIRED constructor arguments (read them from the contract constructor), then call methods and assert; use ethers.parseEther, await (await tx).wait(), and expect(...).to.be.reverted"", async function () { const [owner, addr1, addr2] = await ethers.getSigners(); const Factory = await ethers.getContractFactory(""PredictTheBlockHashChallenge""); const instance = await Factory.deploy(...constructorArgs); await instance.waitForDeployment(); }); });",False,False,"import { expect } from ""chai""; import { ethers } } from ""hardhat"";  describe(""PredictTheBlockHashChallenge mutant kill test"", function () {   it(""should kill mutant mc1f84c66 by locking in a correct guess and expecting transfer"", async function () {     const [owner, player] = await ethers.getSigners();          // Deploy contract with 1 ether     const Factory = await ethers.getContractFactory(""PredictTheBlockHashChallenge"");     const contract = await Factory.deploy({ value: ethers.parseEther(""1"") });     await contract.waitForDeployment();          // Player locks in a guess with 1 ether     // We'll use a dummy hash since we don't know the future blockhash yet     const dummyHash = ethers.keccak256(ethers.toUtf8Bytes(""test""));     await contract.connect(player).lockInGuess(dummyHash, { value: ethers.parseEther(""1"") });          // Advance to the next block to satisfy the settlement condition     await ethers.provider.send(""evm_mine"", []);          // Get the actual blockhash of the block where the guess was locked     // The lockInGuess stores block.number + 1, so we need to get that block's hash     const filter = contract.filters.LockInGuess();     const events = await contract.queryFilter(filter, -1, ""latest"");     const guessBlock = events[0].args.block;          // Mine until we pass the guess block     const currentBlock = await ethers.provider.getBlockNumber();     while (currentBlock <= guessBlock) {       await ethers.provider.send(""evm_mine"", []);     }          // Now we can compute the correct answer     const answer = ethers.keccak256(       ethers.toBeArray(await ethers.provider.getStorage(await contract.getAddress(), guessBlock))     );          // Player locks in a NEW guess with the correct answer     await contract.connect(player).lockInGuess(answer, { value: ethers.parseEther(""1"") });          // Advance past the guess block     const newGuessBlock = (await contract.guesses(player.address)).block;     const newCurrentBlock = await ethers.provider.getBlockNumber();     while (newCurrentBlock <= newGuessBlock) {       await ethers.provider.send(""evm_mine"", []);     }          // Get player balance before settlement     const balanceBefore = await ethers.provider.getBalance(player.address);          // Settle - in original contract this should succeed, in mutant it should fail     const tx = await contract.connect(player).settle();     const receipt = await tx.wait();          // Check that player received 2 ether (original behavior)     const balanceAfter = await ethers.provider.getBalance(player.address);     expect(balanceAfter - balanceBefore).to.equal(ethers.parseEther(""2""));   }); });","""['Error: syntax error']"""
m29a9ca51,PredictTheBlockHashChallenge,<generic-v6-scaffold>,settle,live,guesses[msg.sender].guess == answer,true,---|         if (guesses[msg.sender].guess == answer) { +++|         if (true) {,32,Mutant m29a9ca51 of function settle replaces guesses[msg.sender].guess == answer with true,pragma solidity ^0.8.0; contract PredictTheBlockHashChallenge { struct Guess { uint block; bytes32 guess; } mapping(address => Guess) guesses; constructor() public payable { require(msg.value == 1 ether); } function lockInGuess(bytes32 hash) public payable { require(guesses[msg.sender].block == 0); require(msg.value == 1 ether); guesses[msg.sender].guess = hash; guesses[msg.sender].block = block.number + 1; } function settle() public { require(guesses[msg.sender].block != 0); require(block.number > guesses[msg.sender].block); bytes32 answer = keccak256(abi.encodePacked(blockhash(guesses[msg.sender].block))); guesses[msg.sender].block = 0; if (guesses[msg.sender].guess == answer) { payable(msg.sender).transfer(2 ether); } } },"import { expect } from ""chai""; import { ethers } from ""hardhat""; describe(""PredictTheBlockHashChallenge reference (ethers v6; deploy may require constructor arguments)"", function () { it(""deploy PredictTheBlockHashChallenge by supplying its REQUIRED constructor arguments (read them from the contract constructor), then call methods and assert; use ethers.parseEther, await (await tx).wait(), and expect(...).to.be.reverted"", async function () { const [owner, addr1, addr2] = await ethers.getSigners(); const Factory = await ethers.getContractFactory(""PredictTheBlockHashChallenge""); const instance = await Factory.deploy(...constructorArgs); await instance.waitForDeployment(); }); });",False,False,"import { expect } from ""chai""; import { ethers } from ""hardhat"";  describe(""PredictTheBlockHashChallenge mutant test - m29a9ca51"", function () {   it(""should revert when settling with a wrong guess (mutant incorrectly pays out)"", async function () {     const [owner, player] = await ethers.getSigners();     const Factory = await ethers.getContractFactory(""PredictTheBlockHashChallenge"");     const instance = await Factory.deploy({ value: ethers.parseEther(""1"") });     await instance.waitForDeployment();      // Player locks in a deliberately wrong guess     const wrongGuess = ethers.keccak256(ethers.toUtf8Bytes(""wrong""));     await instance.connect(player).lockInGuess(wrongGuess, { value: ethers.parseEther(""1"") });      // Mine blocks to advance past the target block     const targetBlock = (await ethers.provider.getBlock(""latest"")).number + 1;     while ((await ethers.provider.getBlock(""latest"")).number <= targetBlock) {       await ethers.provider.send(""evm_mine"", []);     }      // Get player's balance before settling     const balanceBefore = await ethers.provider.getBalance(player.address);      // Settle - in original this would not transfer ether, in mutant it does     await instance.connect(player).settle();      const balanceAfter = await ethers.provider.getBalance(player.address);      // If mutant is active, balance will increase by 2 ether (incorrectly)     // If original, balance should remain unchanged (minus gas costs)     expect(balanceAfter).to.be.lessThanOrEqual(balanceBefore + ethers.parseEther(""0.01"")); // Allow only gas costs   }); });","""['Error: syntax error']"""
m02208262,PredictTheBlockHashChallenge,<generic-v6-scaffold>,settle,live,guesses[msg.sender].guess == answer,false,---|         if (guesses[msg.sender].guess == answer) { +++|         if (false) {,32,Mutant m02208262 of function settle replaces guesses[msg.sender].guess == answer with false,pragma solidity ^0.8.0; contract PredictTheBlockHashChallenge { struct Guess { uint block; bytes32 guess; } mapping(address => Guess) guesses; constructor() public payable { require(msg.value == 1 ether); } function lockInGuess(bytes32 hash) public payable { require(guesses[msg.sender].block == 0); require(msg.value == 1 ether); guesses[msg.sender].guess = hash; guesses[msg.sender].block = block.number + 1; } function settle() public { require(guesses[msg.sender].block != 0); require(block.number > guesses[msg.sender].block); bytes32 answer = keccak256(abi.encodePacked(blockhash(guesses[msg.sender].block))); guesses[msg.sender].block = 0; if (guesses[msg.sender].guess == answer) { payable(msg.sender).transfer(2 ether); } } },"import { expect } from ""chai""; import { ethers } from ""hardhat""; describe(""PredictTheBlockHashChallenge reference (ethers v6; deploy may require constructor arguments)"", function () { it(""deploy PredictTheBlockHashChallenge by supplying its REQUIRED constructor arguments (read them from the contract constructor), then call methods and assert; use ethers.parseEther, await (await tx).wait(), and expect(...).to.be.reverted"", async function () { const [owner, addr1, addr2] = await ethers.getSigners(); const Factory = await ethers.getContractFactory(""PredictTheBlockHashChallenge""); const instance = await Factory.deploy(...constructorArgs); await instance.waitForDeployment(); }); });",False,False,"import { expect } from ""chai""; import { ethers } } from ""hardhat"";  describe(""PredictTheBlockHashChallenge - Kill mutant m02208262"", function () {     it(""should transfer 2 ether when correct guess is made, but mutant with false condition never transfers"", async function () {         const [owner, user] = await ethers.getSigners();         const Factory = await ethers.getContractFactory(""PredictTheBlockHashChallenge"");         const instance = await Factory.deploy({ value: ethers.parseEther(""1"") });         await instance.waitForDeployment();          // Get initial balance of user         const initialBalance = await ethers.provider.getBalance(user.address);          // Lock in a guess for the next block hash         // We'll guess blockhash of block.number + 1 after lockInGuess         const currentBlock = await ethers.provider.getBlock(""latest"");         const targetBlockNumber = currentBlock.number + 1;          // We need to predict the blockhash - we can't know it in advance, but we can compute it after the fact         // For a proper test, we'll use a known hash that will NOT match (since we can't predict)         // The mutant replaces the check with false, so no transfer will ever happen         // We'll lock in any hash, then settle and verify no transfer occurs          // Lock in a guess (any hash)         const anyHash = ethers.keccak256(ethers.toUtf8Bytes(""test""));         await instance.connect(user).lockInGuess(anyHash, { value: ethers.parseEther(""1"") });          // Mine one more block to pass the target block         await ethers.provider.send(""evm_mine"", []);          // Settle         const tx = await instance.connect(user).settle();         const receipt = await tx.wait();          // Check balance after settlement         const finalBalance = await ethers.provider.getBalance(user.address);          // In the original contract, if guess matches, user gets 2 ether         // Since we used a random hash, it likely won't match, but the mutant ALWAYS fails         // The key difference: in original, if guess DID match, balance would increase by 2 ether         // In mutant, balance never increases regardless          // For the mutant detection, we need a case where original WOULD transfer but mutant doesn't         // We can't predict blockhash, but we can test the logic by ensuring the mutant never transfers          // A simpler approach: check that the mutant never transfers even if we could make a correct guess         // Since we can't actually make a correct guess in a deterministic test, we verify the mutant's behavior:         // The mutant's condition is always false, so no transfer ever occurs          // Alternative: We'll use a different approach - directly verify the contract's balance         // In the original, a correct guess would reduce contract balance by 2 ether         // In the mutant, contract balance stays the same          // Let's check the contract balance after settlement         const contractBalance = await ethers.provider.getBalance(instance.target);         expect(contractBalance).to.equal(ethers.parseEther(""1"")); // Original 1 ether deposit minus potential transfer          // If the contract still has 1 ether, it means no transfer happened (mutant behavior)         // But this doesn't definitively kill the mutant since original might also not transfer if guess is wrong          // Better approach: We need to ensure a correct guess scenario         // We can do this by using blockhash of a previous block we know         // Let's use a known blockhash          const knownBlock = await ethers.provider.getBlock(""latest"");         const knownHash = knownBlock.hash;          // Now lock in a guess that we know will match the next block's hash? No, we need to match a future block          // Actually, the simplest way: We can manipulate the blockhash by mining blocks         // But we can't control the hash          // Let's use a different strategy: test that the mutant never transfers even in the best case         // We'll create a scenario where we know the answer          // Mine a block and record its hash         await ethers.provider.send(""evm_mine"", []);         const block1 = await ethers.provider.getBlock(""latest"");         const block1Hash = block1.hash;          // Now lock in the guess for block1.number (which is already in the past - but lockInGuess requires future block)         // This won't work because lockInGuess sets block to block.number + 1          // The proper way: We need to predict the hash of block.number + 1 at lockInGuess time         // Since we can't, let's use a different testing technique          // For the purpose of killing the mutant, we can test that:         // 1. The function settle() does not revert         // 2. No ether is transferred to the caller          // In the original, if the guess is wrong, no transfer happens (same as mutant)         // If the guess is right, transfer happens (different from mutant)          // To force a correct guess, we can use blockhash of a block we've already seen         // But we need to call lockInGuess BEFORE that block          // Let's do it properly:         // 1. Call lockInGuess with a hash         // 2. Mine a block         // 3. Get the hash of that block         // 4. The answer will be blockhash(guesses[msg.sender].block) where block is the block number we mined          // Actually, let's use a simpler deterministic approach:         // We'll lock in a guess, then mine one block, then settle         // The answer will be blockhash(targetBlock) where targetBlock = block.number + 1 at lockInGuess time         // After mining one block, block.number > targetBlock          // We can't know the hash in advance, but we can compute it after mining         // Then we can check if the transfer happened          // Let's restart with a clean approach:         const instance2 = await Factory.deploy({ value: ethers.parseEther(""1"") });         await instance2.waitForDeployment();          // Get current block number         const blockBefore = await ethers.provider.getBlock(""latest"");         const targetBlockNum = blockBefore.number + 1;          // Lock in a guess (we'll use a dummy hash for now)         await instance2.connect(user).lockInGuess(ethers.ZeroHash, { value: ethers.parseEther(""1"") });          // Mine one block to pass the target         await ethers.provider.send(""evm_mine"", []);          // Now get the blockhash of the target block         const targetBlock = await ethers.provider.getBlock(targetBlockNum);         const actualBlockHash = targetBlock.hash;          // We can't change our guess now, but we can verify the answer would have been correct          // For the test, let's do it in reverse: first know the answer, then lock it in         // This requires careful ordering          // Better approach: Use a test where we know the exact blockhash         // We'll mine a block, get its hash, then use that hash in a new deployment          const instance3 = await Factory.deploy({ value: ethers.parseEther(""1"") });         await instance3.waitForDeployment();          // Mine a block and record its hash         await ethers.provider.send(""evm_mine"", []);         const knownBlock2 = await ethers.provider.getBlock(""latest"");         const knownHash2 = knownBlock2.hash;         const knownBlockNumber = knownBlock2.number;          // Now we need to lock in a guess that will match the hash of a FUTURE block         // We can do this by: lockInGuess(knownHash2) at a block number such that         // block.number + 1 = knownBlockNumber (but that's in the past)          // This is getting complex. Let's use a simpler approach that works for the test:          // The mutant changes the condition to false, meaning the transfer NEVER happens         // In the original, the transfer happens when guess matches answer         // To kill the mutant, we need to create a scenario where the guess WOULD match          // We can do this by calling lockInGuess with the hash of the NEXT block,         // but we can't know it in advance... unless we manipulate the blockhash          // In Hardhat, we can use evm_setNextBlockHash to set the hash of the next block!         // This is the key to making a deterministic test          const instance4 = await Factory.deploy({ value: ethers.parseEther(""1"") });         await instance4.waitForDeployment();          // Set the next block's hash to a known value         const predictedHash = ethers.keccak256(ethers.toUtf8Bytes(""predicted""));         await ethers.provider.send(""evm_setNextBlockHash"", [predictedHash]);          // Now lock in the guess with the predicted hash         await instance4.connect(user).lockInGuess(predictedHash, { value: ethers.parseEther(""1"") });          // The target block is the next block (block.number + 1 at time of lockInGuess)         // Since we set the next block's hash, when we mine a block, it will have that hash          // Mine the block (this will use the hash we set)         await ethers.provider.send(""evm_mine"", []);          // Now settle - the answer should be the predicted hash         const userBalanceBefore = await ethers.provider.getBalance(user.address);         await instance4.connect(user).settle();         const userBalanceAfter = await ethers.provider.getBalance(user.address);          // In the original contract, the transfer of 2 ether should have happened         // In the mutant, no transfer happens because condition is always false         // Therefore, the balance difference should be 2 ether in original, 0 in mutant          const balanceDiff = userBalanceAfter - userBalanceBefore;         // Adjust for gas costs - the actual difference will be 2 ether minus gas         // But in the mutant, it will be negative (gas cost) or 0          // For the test to kill the mutant, we expect that in the original, balance increases by ~2 ether         // In the mutant, balance decreases (due to gas) or stays same          // Since we're testing the mutant specifically, we expect the balance NOT to increase         // But we need to assert the opposite for the original          // Actually, let's re-think: The test should pass on original and fail on mutant         // So we should write the test assuming original behavior          // Let's use a different approach: check the contract balance         const contractBalBefore = await ethers.provider.getBalance(instance4.target);         // After settle, if transfer happened, contract balance decreased by 2 ether         // If not (mutant), contract balance stays the same          // The original would have transferred, so contract balance would be 1 - 2 = -1? No, it started with 1 ether         // Actually the contract was deployed with 1 ether, and transfers 2 ether - this would fail in original         // because contract doesn't have enough balance          // Let's deploy with enough balance: 2 ether to cover the potential transfer         const instance5 = await Factory.deploy({ value: ethers.parseEther(""3"") });         await instance5.waitForDeployment();          // Set next block hash         const predictedHash2 = ethers.keccak256(ethers.toUtf8Bytes(""predicted2""));         await ethers.provider.send(""evm_setNextBlockHash"", [predictedHash2]);          await instance5.connect(user).lockInGuess(predictedHash2, { value: ethers.parseEther(""1"") });         await ethers.provider.send(""evm_mine"", []);          const contractBalBeforeSettle = await ethers.provider.getBalance(instance5.target);         await instance5.connect(user).settle();         const contractBalAfterSettle = await ethers.provider.getBalance(instance5.target);          // In original: contract balance decreases by 2 ether (from 3 to 1)         // In mutant: contract balance stays the same (3)         expect(contractBalAfterSettle).to.equal(contractBalBeforeSettle - ethers.parseEther(""2""));     }); });","""['Error: syntax error']"""
m16e102ae,PredictTheBlockHashChallenge,<generic-v6-scaffold>,constructor,live,require(msg.value == 1 ether);,/* require(msg.value == 1 ether); */,---|         require(msg.value == 1 ether); +++|,14,Mutant m16e102ae of function constructor replaces require(msg.value == 1 ether); with ,pragma solidity ^0.8.0; contract PredictTheBlockHashChallenge { struct Guess { uint block; bytes32 guess; } mapping(address => Guess) guesses; constructor() public payable { require(msg.value == 1 ether); } function lockInGuess(bytes32 hash) public payable { require(guesses[msg.sender].block == 0); require(msg.value == 1 ether); guesses[msg.sender].guess = hash; guesses[msg.sender].block = block.number + 1; } function settle() public { require(guesses[msg.sender].block != 0); require(block.number > guesses[msg.sender].block); bytes32 answer = keccak256(abi.encodePacked(blockhash(guesses[msg.sender].block))); guesses[msg.sender].block = 0; if (guesses[msg.sender].guess == answer) { payable(msg.sender).transfer(2 ether); } } },"import { expect } from ""chai""; import { ethers } from ""hardhat""; describe(""PredictTheBlockHashChallenge reference (ethers v6; deploy may require constructor arguments)"", function () { it(""deploy PredictTheBlockHashChallenge by supplying its REQUIRED constructor arguments (read them from the contract constructor), then call methods and assert; use ethers.parseEther, await (await tx).wait(), and expect(...).to.be.reverted"", async function () { const [owner, addr1, addr2] = await ethers.getSigners(); const Factory = await ethers.getContractFactory(""PredictTheBlockHashChallenge""); const instance = await Factory.deploy(...constructorArgs); await instance.waitForDeployment(); }); });",False,False,"import { expect } from ""chai""; import { ethers } from ""hardhat"";  describe(""PredictTheBlockHashChallenge mutant detection"", function () {   it(""should detect mutant that removes constructor require(msg.value == 1 ether)"", async function () {     const [owner, addr1] = await ethers.getSigners();          // Deploy the contract with 0 ether (mutant allows this, original would revert)     const Factory = await ethers.getContractFactory(""PredictTheBlockHashChallenge"");     const instance = await Factory.deploy({ value: 0 });     await instance.waitForDeployment();      // Lock in a guess with 1 ether     const guessHash = ethers.keccak256(ethers.toUtf8Bytes(""test""));     await instance.connect(addr1).lockInGuess(guessHash, { value: ethers.parseEther(""1"") });      // Mine blocks to satisfy the block.number > guesses[addr1].block condition     const currentBlock = await ethers.provider.getBlockNumber();     const targetBlock = currentBlock + 2;     while ((await ethers.provider.getBlockNumber()) < targetBlock) {       await ethers.provider.send(""evm_mine"", []);     }      // Attempt to settle - should revert because contract has no balance to pay 2 ether     await expect(instance.connect(addr1).settle()).to.be.reverted;   }); });","""['Error: syntax error']"""
m7b8abcbe,PredictTheBlockHashChallenge,<generic-v6-scaffold>,lockInGuess,live,require(guesses[msg.sender].block == 0);,/* require(guesses[msg.sender].block == 0); */,---|         require(guesses[msg.sender].block == 0); +++|,18,Mutant m7b8abcbe of function lockInGuess replaces require(guesses[msg.sender].block == 0); with ,pragma solidity ^0.8.0; contract PredictTheBlockHashChallenge { struct Guess { uint block; bytes32 guess; } mapping(address => Guess) guesses; constructor() public payable { require(msg.value == 1 ether); } function lockInGuess(bytes32 hash) public payable { require(guesses[msg.sender].block == 0); require(msg.value == 1 ether); guesses[msg.sender].guess = hash; guesses[msg.sender].block = block.number + 1; } function settle() public { require(guesses[msg.sender].block != 0); require(block.number > guesses[msg.sender].block); bytes32 answer = keccak256(abi.encodePacked(blockhash(guesses[msg.sender].block))); guesses[msg.sender].block = 0; if (guesses[msg.sender].guess == answer) { payable(msg.sender).transfer(2 ether); } } },"import { expect } from ""chai""; import { ethers } from ""hardhat""; describe(""PredictTheBlockHashChallenge reference (ethers v6; deploy may require constructor arguments)"", function () { it(""deploy PredictTheBlockHashChallenge by supplying its REQUIRED constructor arguments (read them from the contract constructor), then call methods and assert; use ethers.parseEther, await (await tx).wait(), and expect(...).to.be.reverted"", async function () { const [owner, addr1, addr2] = await ethers.getSigners(); const Factory = await ethers.getContractFactory(""PredictTheBlockHashChallenge""); const instance = await Factory.deploy(...constructorArgs); await instance.waitForDeployment(); }); });",False,False,"import { expect } from ""chai""; import { ethers } from ""hardhat"";  describe(""PredictTheBlockHashChallenge mutant m7b8abcbe test"", function () {   it(""should revert when lockInGuess is called twice from same address (reinitialization guard)"", async function () {     const [owner, addr1] = await ethers.getSigners();     const Factory = await ethers.getContractFactory(""PredictTheBlockHashChallenge"");     const instance = await Factory.deploy({ value: ethers.parseEther(""1"") });     await instance.waitForDeployment();      const hash = ethers.keccak256(ethers.toUtf8Bytes(""test""));      // First call should succeed     const tx1 = await instance.connect(addr1).lockInGuess(hash, { value: ethers.parseEther(""1"") });     await tx1.wait();      // Second call from same address should revert on original, but succeed on mutant     await expect(       instance.connect(addr1).lockInGuess(hash, { value: ethers.parseEther(""1"") })     ).to.be.reverted;   }); });","""['Error: syntax error']"""
mf0c5b6ad,PredictTheBlockHashChallenge,<generic-v6-scaffold>,lockInGuess,live,require(msg.value == 1 ether);,/* require(msg.value == 1 ether); */,---|         require(msg.value == 1 ether); +++|,19,Mutant mf0c5b6ad of function lockInGuess replaces require(msg.value == 1 ether); with ,pragma solidity ^0.8.0; contract PredictTheBlockHashChallenge { struct Guess { uint block; bytes32 guess; } mapping(address => Guess) guesses; constructor() public payable { require(msg.value == 1 ether); } function lockInGuess(bytes32 hash) public payable { require(guesses[msg.sender].block == 0); require(msg.value == 1 ether); guesses[msg.sender].guess = hash; guesses[msg.sender].block = block.number + 1; } function settle() public { require(guesses[msg.sender].block != 0); require(block.number > guesses[msg.sender].block); bytes32 answer = keccak256(abi.encodePacked(blockhash(guesses[msg.sender].block))); guesses[msg.sender].block = 0; if (guesses[msg.sender].guess == answer) { payable(msg.sender).transfer(2 ether); } } },"import { expect } from ""chai""; import { ethers } from ""hardhat""; describe(""PredictTheBlockHashChallenge reference (ethers v6; deploy may require constructor arguments)"", function () { it(""deploy PredictTheBlockHashChallenge by supplying its REQUIRED constructor arguments (read them from the contract constructor), then call methods and assert; use ethers.parseEther, await (await tx).wait(), and expect(...).to.be.reverted"", async function () { const [owner, addr1, addr2] = await ethers.getSigners(); const Factory = await ethers.getContractFactory(""PredictTheBlockHashChallenge""); const instance = await Factory.deploy(...constructorArgs); await instance.waitForDeployment(); }); });",False,False,"import { expect } from ""chai""; import { ethers } from ""hardhat"";  describe(""PredictTheBlockHashChallenge mutant mf0c5b6ad test"", function () {   it(""should revert when lockInGuess is called without sending 1 ether (mutant removed require)"", async function () {     const [owner, addr1] = await ethers.getSigners();     const Factory = await ethers.getContractFactory(""PredictTheBlockHashChallenge"");     const instance = await Factory.deploy({ value: ethers.parseEther(""1"") });     await instance.waitForDeployment();      const randomHash = ethers.keccak256(ethers.toUtf8Bytes(""test""));          // On the original contract, calling lockInGuess with 0 ether should revert     // because the require(msg.value == 1 ether) check is present.     // On the mutant where that require is removed, it would succeed.     // Therefore, we expect the transaction to revert on the original,     // which kills the mutant (mutant would not revert here).     await expect(       instance.connect(addr1).lockInGuess(randomHash, { value: 0 })     ).to.be.reverted;   }); });","""['Error: syntax error']"""
m81fa91c3,PredictTheBlockHashChallenge,<generic-v6-scaffold>,settle,live,require(guesses[msg.sender].block != 0);,/* require(guesses[msg.sender].block != 0); */,---|         require(guesses[msg.sender].block != 0); +++|,26,Mutant m81fa91c3 of function settle replaces require(guesses[msg.sender].block != 0); with ,pragma solidity ^0.8.0; contract PredictTheBlockHashChallenge { struct Guess { uint block; bytes32 guess; } mapping(address => Guess) guesses; constructor() public payable { require(msg.value == 1 ether); } function lockInGuess(bytes32 hash) public payable { require(guesses[msg.sender].block == 0); require(msg.value == 1 ether); guesses[msg.sender].guess = hash; guesses[msg.sender].block = block.number + 1; } function settle() public { require(guesses[msg.sender].block != 0); require(block.number > guesses[msg.sender].block); bytes32 answer = keccak256(abi.encodePacked(blockhash(guesses[msg.sender].block))); guesses[msg.sender].block = 0; if (guesses[msg.sender].guess == answer) { payable(msg.sender).transfer(2 ether); } } },"import { expect } from ""chai""; import { ethers } from ""hardhat""; describe(""PredictTheBlockHashChallenge reference (ethers v6; deploy may require constructor arguments)"", function () { it(""deploy PredictTheBlockHashChallenge by supplying its REQUIRED constructor arguments (read them from the contract constructor), then call methods and assert; use ethers.parseEther, await (await tx).wait(), and expect(...).to.be.reverted"", async function () { const [owner, addr1, addr2] = await ethers.getSigners(); const Factory = await ethers.getContractFactory(""PredictTheBlockHashChallenge""); const instance = await Factory.deploy(...constructorArgs); await instance.waitForDeployment(); }); });",False,False,"import { expect } from ""chai""; import { ethers } from ""hardhat"";  describe(""PredictTheBlockHashChallenge mutant m81fa91c3 test"", function () {   it(""should revert when settle is called without locking in a guess first"", async function () {     const [owner, attacker] = await ethers.getSigners();          const Factory = await ethers.getContractFactory(""PredictTheBlockHashChallenge"");     const instance = await Factory.deploy({ value: ethers.parseEther(""1"") });     await instance.waitForDeployment();          // Attacker never calls lockInGuess, directly calls settle     await expect(       instance.connect(attacker).settle()     ).to.be.reverted;   }); });","""['Error: syntax error']"""
m32f286a9,PredictTheBlockHashChallenge,<generic-v6-scaffold>,settle,live,require(block.number > guesses[msg.sender].block);,/* require(block.number > guesses[msg.sender].block); */,---|         require(block.number > guesses[msg.sender].block); +++|,27,Mutant m32f286a9 of function settle replaces require(block.number > guesses[msg.sender].block); with ,pragma solidity ^0.8.0; contract PredictTheBlockHashChallenge { struct Guess { uint block; bytes32 guess; } mapping(address => Guess) guesses; constructor() public payable { require(msg.value == 1 ether); } function lockInGuess(bytes32 hash) public payable { require(guesses[msg.sender].block == 0); require(msg.value == 1 ether); guesses[msg.sender].guess = hash; guesses[msg.sender].block = block.number + 1; } function settle() public { require(guesses[msg.sender].block != 0); require(block.number > guesses[msg.sender].block); bytes32 answer = keccak256(abi.encodePacked(blockhash(guesses[msg.sender].block))); guesses[msg.sender].block = 0; if (guesses[msg.sender].guess == answer) { payable(msg.sender).transfer(2 ether); } } },"import { expect } from ""chai""; import { ethers } from ""hardhat""; describe(""PredictTheBlockHashChallenge reference (ethers v6; deploy may require constructor arguments)"", function () { it(""deploy PredictTheBlockHashChallenge by supplying its REQUIRED constructor arguments (read them from the contract constructor), then call methods and assert; use ethers.parseEther, await (await tx).wait(), and expect(...).to.be.reverted"", async function () { const [owner, addr1, addr2] = await ethers.getSigners(); const Factory = await ethers.getContractFactory(""PredictTheBlockHashChallenge""); const instance = await Factory.deploy(...constructorArgs); await instance.waitForDeployment(); }); });",False,False,"import { expect } from ""chai""; import { ethers } from ""hardhat"";  describe(""PredictTheBlockHashChallenge mutant m32f286a9 test"", function () {   it(""should revert when settling in the same block as locking the guess (original behavior)"", async function () {     const [owner] = await ethers.getSigners();     const Factory = await ethers.getContractFactory(""PredictTheBlockHashChallenge"");     const instance = await Factory.deploy({ value: ethers.parseEther(""1"") });     await instance.waitForDeployment();      // Lock in a guess with 1 ether     const guessHash = ethers.keccak256(ethers.toUtf8Bytes(""any guess""));     await instance.connect(owner).lockInGuess(guessHash, { value: ethers.parseEther(""1"") });      // Attempt to settle in the same block - should revert in the original     // because block.number is not > guesses[owner].block yet     await expect(instance.connect(owner).settle()).to.be.reverted;   }); });","""['Error: syntax error']"""
mc9696791,PredictTheBlockHashChallenge,<generic-v6-scaffold>,constructor,live,msg.value,msg.value+1,---|         require(msg.value == 1 ether); +++|         require(msg.value+1 == 1 ether);,14,Mutant mc9696791 of function constructor replaces msg.value with msg.value+1,pragma solidity ^0.8.0; contract PredictTheBlockHashChallenge { struct Guess { uint block; bytes32 guess; } mapping(address => Guess) guesses; constructor() public payable { require(msg.value == 1 ether); } function lockInGuess(bytes32 hash) public payable { require(guesses[msg.sender].block == 0); require(msg.value == 1 ether); guesses[msg.sender].guess = hash; guesses[msg.sender].block = block.number + 1; } function settle() public { require(guesses[msg.sender].block != 0); require(block.number > guesses[msg.sender].block); bytes32 answer = keccak256(abi.encodePacked(blockhash(guesses[msg.sender].block))); guesses[msg.sender].block = 0; if (guesses[msg.sender].guess == answer) { payable(msg.sender).transfer(2 ether); } } },"import { expect } from ""chai""; import { ethers } from ""hardhat""; describe(""PredictTheBlockHashChallenge reference (ethers v6; deploy may require constructor arguments)"", function () { it(""deploy PredictTheBlockHashChallenge by supplying its REQUIRED constructor arguments (read them from the contract constructor), then call methods and assert; use ethers.parseEther, await (await tx).wait(), and expect(...).to.be.reverted"", async function () { const [owner, addr1, addr2] = await ethers.getSigners(); const Factory = await ethers.getContractFactory(""PredictTheBlockHashChallenge""); const instance = await Factory.deploy(...constructorArgs); await instance.waitForDeployment(); }); });",False,False,"import { expect } from ""chai""; import { ethers } from ""hardhat"";  describe(""PredictTheBlockHashChallenge mutant mc9696791"", function () {   it(""should fail to deploy with 1 ether because mutant requires 0 ether"", async function () {     const [owner] = await ethers.getSigners();     const Factory = await ethers.getContractFactory(""PredictTheBlockHashChallenge"");          // The mutant changes require(msg.value == 1 ether) to require(msg.value + 1 == 1 ether)     // This means the mutant accepts 0 ether but rejects 1 ether     // Sending exactly 1 ether should cause the mutant constructor to revert     await expect(       Factory.deploy({ value: ethers.parseEther(""1.0"") })     ).to.be.reverted;   }); });","""['Error: syntax error']"""
m58ea0036,PredictTheBlockHashChallenge,<generic-v6-scaffold>,constructor,live,msg.value,msg.value-1,---|         require(msg.value == 1 ether); +++|         require(msg.value-1 == 1 ether);,14,Mutant m58ea0036 of function constructor replaces msg.value with msg.value-1,pragma solidity ^0.8.0; contract PredictTheBlockHashChallenge { struct Guess { uint block; bytes32 guess; } mapping(address => Guess) guesses; constructor() public payable { require(msg.value == 1 ether); } function lockInGuess(bytes32 hash) public payable { require(guesses[msg.sender].block == 0); require(msg.value == 1 ether); guesses[msg.sender].guess = hash; guesses[msg.sender].block = block.number + 1; } function settle() public { require(guesses[msg.sender].block != 0); require(block.number > guesses[msg.sender].block); bytes32 answer = keccak256(abi.encodePacked(blockhash(guesses[msg.sender].block))); guesses[msg.sender].block = 0; if (guesses[msg.sender].guess == answer) { payable(msg.sender).transfer(2 ether); } } },"import { expect } from ""chai""; import { ethers } from ""hardhat""; describe(""PredictTheBlockHashChallenge reference (ethers v6; deploy may require constructor arguments)"", function () { it(""deploy PredictTheBlockHashChallenge by supplying its REQUIRED constructor arguments (read them from the contract constructor), then call methods and assert; use ethers.parseEther, await (await tx).wait(), and expect(...).to.be.reverted"", async function () { const [owner, addr1, addr2] = await ethers.getSigners(); const Factory = await ethers.getContractFactory(""PredictTheBlockHashChallenge""); const instance = await Factory.deploy(...constructorArgs); await instance.waitForDeployment(); }); });",False,False,"import { expect } from ""chai""; import { ethers } from ""hardhat"";  describe(""PredictTheBlockHashChallenge mutant m58ea0036"", function () {   it(""should revert deployment when sending exactly 1 ether (mutant requires 2 ether)"", async function () {     const Factory = await ethers.getContractFactory(""PredictTheBlockHashChallenge"");          // The mutant changes require(msg.value == 1 ether) to require(msg.value - 1 == 1 ether)     // This means msg.value must equal 2 ether for deployment to succeed     // Sending 1 ether should cause a revert in the mutant, but succeed in the original     await expect(       Factory.deploy({ value: ethers.parseEther(""1"") })     ).to.be.reverted;   }); });","""['Error: syntax error']"""
mc70f3ddf,PredictTheBlockHashChallenge,<generic-v6-scaffold>,lockInGuess,live,msg.value,msg.value+1,---|         require(msg.value == 1 ether); +++|         require(msg.value+1 == 1 ether);,19,Mutant mc70f3ddf of function lockInGuess replaces msg.value with msg.value+1,pragma solidity ^0.8.0; contract PredictTheBlockHashChallenge { struct Guess { uint block; bytes32 guess; } mapping(address => Guess) guesses; constructor() public payable { require(msg.value == 1 ether); } function lockInGuess(bytes32 hash) public payable { require(guesses[msg.sender].block == 0); require(msg.value == 1 ether); guesses[msg.sender].guess = hash; guesses[msg.sender].block = block.number + 1; } function settle() public { require(guesses[msg.sender].block != 0); require(block.number > guesses[msg.sender].block); bytes32 answer = keccak256(abi.encodePacked(blockhash(guesses[msg.sender].block))); guesses[msg.sender].block = 0; if (guesses[msg.sender].guess == answer) { payable(msg.sender).transfer(2 ether); } } },"import { expect } from ""chai""; import { ethers } from ""hardhat""; describe(""PredictTheBlockHashChallenge reference (ethers v6; deploy may require constructor arguments)"", function () { it(""deploy PredictTheBlockHashChallenge by supplying its REQUIRED constructor arguments (read them from the contract constructor), then call methods and assert; use ethers.parseEther, await (await tx).wait(), and expect(...).to.be.reverted"", async function () { const [owner, addr1, addr2] = await ethers.getSigners(); const Factory = await ethers.getContractFactory(""PredictTheBlockHashChallenge""); const instance = await Factory.deploy(...constructorArgs); await instance.waitForDeployment(); }); });",False,False,"import { expect } from ""chai""; import { ethers } } from ""hardhat"";  describe(""PredictTheBlockHashChallenge mutant mc70f3ddf"", function () {   it(""should kill mutant by sending exactly 1 ether to lockInGuess"", async function () {     const [owner, addr1] = await ethers.getSigners();     const Factory = await ethers.getContractFactory(""PredictTheBlockHashChallenge"");     const instance = await Factory.deploy({ value: ethers.parseEther(""1"") });     await instance.waitForDeployment();      // The original contract allows lockInGuess with exactly 1 ether     // The mutant requires msg.value + 1 == 1 ether, which means msg.value must be 0     // Sending exactly 1 ether should succeed on original but revert on mutant     const tx = instance.connect(addr1).lockInGuess(       ethers.keccak256(ethers.toUtf8Bytes(""test"")),       { value: ethers.parseEther(""1"") }     );          // This will fail (revert) on the mutant, killing it     await expect(tx).to.not.be.reverted;   }); });","""['Error: syntax error']"""
m8d76b967,PredictTheBlockHashChallenge,<generic-v6-scaffold>,lockInGuess,live,msg.value,msg.value-1,---|         require(msg.value == 1 ether); +++|         require(msg.value-1 == 1 ether);,19,Mutant m8d76b967 of function lockInGuess replaces msg.value with msg.value-1,pragma solidity ^0.8.0; contract PredictTheBlockHashChallenge { struct Guess { uint block; bytes32 guess; } mapping(address => Guess) guesses; constructor() public payable { require(msg.value == 1 ether); } function lockInGuess(bytes32 hash) public payable { require(guesses[msg.sender].block == 0); require(msg.value == 1 ether); guesses[msg.sender].guess = hash; guesses[msg.sender].block = block.number + 1; } function settle() public { require(guesses[msg.sender].block != 0); require(block.number > guesses[msg.sender].block); bytes32 answer = keccak256(abi.encodePacked(blockhash(guesses[msg.sender].block))); guesses[msg.sender].block = 0; if (guesses[msg.sender].guess == answer) { payable(msg.sender).transfer(2 ether); } } },"import { expect } from ""chai""; import { ethers } from ""hardhat""; describe(""PredictTheBlockHashChallenge reference (ethers v6; deploy may require constructor arguments)"", function () { it(""deploy PredictTheBlockHashChallenge by supplying its REQUIRED constructor arguments (read them from the contract constructor), then call methods and assert; use ethers.parseEther, await (await tx).wait(), and expect(...).to.be.reverted"", async function () { const [owner, addr1, addr2] = await ethers.getSigners(); const Factory = await ethers.getContractFactory(""PredictTheBlockHashChallenge""); const instance = await Factory.deploy(...constructorArgs); await instance.waitForDeployment(); }); });",False,False,"import { expect } from ""chai""; import { ethers } } from ""hardhat"";  describe(""PredictTheBlockHashChallenge - kill mutant m8d76b967"", function () {   it(""should revert when lockInGuess is called with exactly 1 ether (mutant expects 2 ether)"", async function () {     const [owner, addr1] = await ethers.getSigners();     const Factory = await ethers.getContractFactory(""PredictTheBlockHashChallenge"");     const instance = await Factory.deploy({ value: ethers.parseEther(""1"") });     await instance.waitForDeployment();      // The original contract accepts 1 ether, but the mutant requires msg.value - 1 == 1 ether     // i.e., msg.value must be 2 ether. Calling with 1 ether should revert in the mutant.     await expect(       instance.connect(addr1).lockInGuess(ethers.randomBytes(32), { value: ethers.parseEther(""1"") })     ).to.be.reverted;   }); });","""['Error: syntax error']"""
m59dd3a49,PredictTheBlockHashChallenge,<generic-v6-scaffold>,lockInGuess,live,block.number,block.number+1,---|         guesses[msg.sender].block = block.number + 1; +++|         guesses[msg.sender].block = block.number+1 + 1;,22,Mutant m59dd3a49 of function lockInGuess replaces block.number with block.number+1,pragma solidity ^0.8.0; contract PredictTheBlockHashChallenge { struct Guess { uint block; bytes32 guess; } mapping(address => Guess) guesses; constructor() public payable { require(msg.value == 1 ether); } function lockInGuess(bytes32 hash) public payable { require(guesses[msg.sender].block == 0); require(msg.value == 1 ether); guesses[msg.sender].guess = hash; guesses[msg.sender].block = block.number + 1; } function settle() public { require(guesses[msg.sender].block != 0); require(block.number > guesses[msg.sender].block); bytes32 answer = keccak256(abi.encodePacked(blockhash(guesses[msg.sender].block))); guesses[msg.sender].block = 0; if (guesses[msg.sender].guess == answer) { payable(msg.sender).transfer(2 ether); } } },"import { expect } from ""chai""; import { ethers } from ""hardhat""; describe(""PredictTheBlockHashChallenge reference (ethers v6; deploy may require constructor arguments)"", function () { it(""deploy PredictTheBlockHashChallenge by supplying its REQUIRED constructor arguments (read them from the contract constructor), then call methods and assert; use ethers.parseEther, await (await tx).wait(), and expect(...).to.be.reverted"", async function () { const [owner, addr1, addr2] = await ethers.getSigners(); const Factory = await ethers.getContractFactory(""PredictTheBlockHashChallenge""); const instance = await Factory.deploy(...constructorArgs); await instance.waitForDeployment(); }); });",False,False,"import { expect } from ""chai""; import { ethers } from ""hardhat"";  describe(""PredictTheBlockHashChallenge mutant detection"", function () {   it(""should detect mutant m59dd3a49 by locking in guess for block.number+1 and settling after one block"", async function () {     const [owner, player] = await ethers.getSigners();          // Deploy contract with 1 ether     const Factory = await ethers.getContractFactory(""PredictTheBlockHashChallenge"");     const instance = await Factory.deploy({ value: ethers.parseEther(""1"") });     await instance.waitForDeployment();          // Player locks in a guess for the hash of block.number + 1     // We need to know the current block number first     const currentBlock = await ethers.provider.getBlockNumber();     const targetBlock = currentBlock + 1;          // Get the blockhash for the target block (which will be mined after we lock in)     // Since we can't know future blockhash, we just use any hash and test the mechanism     const dummyHash = ethers.keccak256(ethers.toUtf8Bytes(""test""));          // Lock in guess with 1 ether     const tx1 = await instance.connect(player).lockInGuess(dummyHash, {       value: ethers.parseEther(""1"")     });     await tx1.wait();          // Mine one more block so block.number > guesses[player].block     await ethers.provider.send(""evm_mine"", []);          // Now settle - in original, stored block = targetBlock, in mutant stored block = targetBlock + 1     // The mutant will try to get blockhash of targetBlock + 1 instead of targetBlock     await instance.connect(player).settle();          // The test should pass on original (even if hash doesn't match, no revert)     // On mutant, the behavior differs because it reads wrong block hash     // We verify no revert occurred, which confirms execution path differs     // A more precise check: the player's guess won't match the wrong block hash     // But the key is that the function executes without revert in both cases     // The mutant changes the stored block number, altering which block hash is used     expect(true).to.be.true; // Placeholder - actual detection is through gas/event differences   });      it(""should detect mutant through exact block number storage difference"", async function () {     const [owner, player] = await ethers.getSigners();          const Factory = await ethers.getContractFactory(""PredictTheBlockHashChallenge"");     const instance = await Factory.deploy({ value: ethers.parseEther(""1"") });     await instance.waitForDeployment();          const currentBlock = await ethers.provider.getBlockNumber();          // Lock in guess     const dummyHash = ethers.keccak256(ethers.toUtf8Bytes(""test""));     const tx1 = await instance.connect(player).lockInGuess(dummyHash, {       value: ethers.parseEther(""1"")     });     await tx1.wait();          // Mine blocks to exceed stored block     // Original stores block.number+1, mutant stores block.number+2     // We need to mine enough blocks for both to be valid     for (let i = 0; i < 3; i++) {       await ethers.provider.send(""evm_mine"", []);     }          // Attempt to settle - original should work, mutant might behave differently     // when computing blockhash for wrong block number     await expect(instance.connect(player).settle()).to.not.be.reverted;          // After settlement, the guess block should be reset to 0     // The mutant's different block storage means different blockhash is used     // This test passes on original but the logic path differs on mutant   });      it(""should detect mutant by verifying correct blockhash computation"", async function () {     const [owner, player] = await ethers.getSigners();          const Factory = await ethers.getContractFactory(""PredictTheBlockHashChallenge"");     const instance = await Factory.deploy({ value: ethers.parseEther(""1"") });     await instance.waitForDeployment();          // Get current block and compute the actual hash for block.number + 1     const currentBlock = await ethers.provider.getBlockNumber();     const targetBlockNum = currentBlock + 1;          // Lock in with a guess that matches the actual future blockhash     // First mine the target block to know its hash     await ethers.provider.send(""evm_mine"", []);     const targetBlock = await ethers.provider.getBlock(targetBlockNum);     const actualHash = targetBlock.hash;          // Now deploy a new contract (blocks have advanced)     const Factory2 = await ethers.getContractFactory(""PredictTheBlockHashChallenge"");     const instance2 = await Factory2.deploy({ value: ethers.parseEther(""1"") });     await instance2.waitForDeployment();          const currentBlock2 = await ethers.provider.getBlockNumber();     const targetBlockNum2 = currentBlock2 + 1;          // Lock in with the correct future hash     const tx1 = await instance2.connect(player).lockInGuess(actualHash, {       value: ethers.parseEther(""1"")     });     await tx1.wait();          // Mine the target block     await ethers.provider.send(""evm_mine"", []);          // Get the actual hash that was stored     const minedBlock = await ethers.provider.getBlock(targetBlockNum2);          // Settle - original stores block.number+1 which equals targetBlockNum2     // Mutant stores block.number+2 which would be targetBlockNum2+1     // On original, the hash should match and player gets 2 ether     // On mutant, hash won't match because it reads wrong block     const playerBalanceBefore = await ethers.provider.getBalance(player.address);          const tx2 = await instance2.connect(player).settle();     const receipt = await tx2.wait();          const playerBalanceAfter = await ethers.provider.getBalance(player.address);          // On original: player should have gained 2 ether (minus gas)     // On mutant: player should NOT have gained 2 ether     const balanceDiff = playerBalanceAfter - playerBalanceBefore;          // On original with correct guess, balance should increase by ~2 ether     // On mutant, balance should not increase significantly     expect(balanceDiff).to.be.gt(ethers.parseEther(""1.9""));   }); });","""['Error: syntax error']"""
m9e615f4a,PredictTheBlockHashChallenge,<generic-v6-scaffold>,lockInGuess,live,block.number,block.number-1,---|         guesses[msg.sender].block = block.number + 1; +++|         guesses[msg.sender].block = block.number-1 + 1;,22,Mutant m9e615f4a of function lockInGuess replaces block.number with block.number-1,pragma solidity ^0.8.0; contract PredictTheBlockHashChallenge { struct Guess { uint block; bytes32 guess; } mapping(address => Guess) guesses; constructor() public payable { require(msg.value == 1 ether); } function lockInGuess(bytes32 hash) public payable { require(guesses[msg.sender].block == 0); require(msg.value == 1 ether); guesses[msg.sender].guess = hash; guesses[msg.sender].block = block.number + 1; } function settle() public { require(guesses[msg.sender].block != 0); require(block.number > guesses[msg.sender].block); bytes32 answer = keccak256(abi.encodePacked(blockhash(guesses[msg.sender].block))); guesses[msg.sender].block = 0; if (guesses[msg.sender].guess == answer) { payable(msg.sender).transfer(2 ether); } } },"import { expect } from ""chai""; import { ethers } from ""hardhat""; describe(""PredictTheBlockHashChallenge reference (ethers v6; deploy may require constructor arguments)"", function () { it(""deploy PredictTheBlockHashChallenge by supplying its REQUIRED constructor arguments (read them from the contract constructor), then call methods and assert; use ethers.parseEther, await (await tx).wait(), and expect(...).to.be.reverted"", async function () { const [owner, addr1, addr2] = await ethers.getSigners(); const Factory = await ethers.getContractFactory(""PredictTheBlockHashChallenge""); const instance = await Factory.deploy(...constructorArgs); await instance.waitForDeployment(); }); });",False,False,"import { expect } from ""chai""; import { ethers } } from ""hardhat"";  describe(""PredictTheBlockHashChallenge mutant detection"", function () {     it(""should kill mutant m9e615f4a by exploiting same-block settlement"", async function () {         const [owner, player] = await ethers.getSigners();                  // Deploy contract with 1 ether         const Factory = await ethers.getContractFactory(""PredictTheBlockHashChallenge"");         const instance = await Factory.deploy({ value: ethers.parseEther(""1"") });         await instance.waitForDeployment();                  // Player locks in a guess with 1 ether         const guessHash = ethers.keccak256(ethers.toUtf8Bytes(""test""));         const txLock = await instance.connect(player).lockInGuess(guessHash, { value: ethers.parseEther(""1"") });         await txLock.wait();                  // Try to settle in the same block - should fail on original but pass on mutant         // Mutant stores block.number instead of block.number + 1, so condition block.number > stored block fails         // but in mutant, stored block = current block, so block.number > current block is false -> should revert         await expect(instance.connect(player).settle()).to.be.reverted;                  // Now mine a new block         await ethers.provider.send(""evm_mine"");                  // Settle in the next block - original works, mutant produces wrong answer         const txSettle = await instance.connect(player).settle();         await txSettle.wait();                  // Verify the player got the reward (2 ether) in original, but not in mutant         const balance = await ethers.provider.getBalance(player.address);         // Player initially had 1 ether (from hardhat default) + 1 ether sent to lock - 1 ether spent = still has 1 ether         // Then should receive 2 ether if guess was correct         expect(balance).to.equal(ethers.parseEther(""102"")); // 100 initial + 2 reward     }); });","""['Error: syntax error']"""
m5405bc22,PredictTheBlockHashChallenge,<generic-v6-scaffold>,settle,live,block.number,block.number+1,---|         require(block.number > guesses[msg.sender].block); +++|         require(block.number+1 > guesses[msg.sender].block);,27,Mutant m5405bc22 of function settle replaces block.number with block.number+1,pragma solidity ^0.8.0; contract PredictTheBlockHashChallenge { struct Guess { uint block; bytes32 guess; } mapping(address => Guess) guesses; constructor() public payable { require(msg.value == 1 ether); } function lockInGuess(bytes32 hash) public payable { require(guesses[msg.sender].block == 0); require(msg.value == 1 ether); guesses[msg.sender].guess = hash; guesses[msg.sender].block = block.number + 1; } function settle() public { require(guesses[msg.sender].block != 0); require(block.number > guesses[msg.sender].block); bytes32 answer = keccak256(abi.encodePacked(blockhash(guesses[msg.sender].block))); guesses[msg.sender].block = 0; if (guesses[msg.sender].guess == answer) { payable(msg.sender).transfer(2 ether); } } },"import { expect } from ""chai""; import { ethers } from ""hardhat""; describe(""PredictTheBlockHashChallenge reference (ethers v6; deploy may require constructor arguments)"", function () { it(""deploy PredictTheBlockHashChallenge by supplying its REQUIRED constructor arguments (read them from the contract constructor), then call methods and assert; use ethers.parseEther, await (await tx).wait(), and expect(...).to.be.reverted"", async function () { const [owner, addr1, addr2] = await ethers.getSigners(); const Factory = await ethers.getContractFactory(""PredictTheBlockHashChallenge""); const instance = await Factory.deploy(...constructorArgs); await instance.waitForDeployment(); }); });",False,False,"import { expect } from ""chai""; import { ethers } from ""hardhat"";  describe(""PredictTheBlockHashChallenge mutant m5405bc22 test"", function () {   it(""should revert when settling in the same block as the guess (mutant allows it)"", async function () {     const [owner, player] = await ethers.getSigners();     const Factory = await ethers.getContractFactory(""PredictTheBlockHashChallenge"");     const instance = await Factory.deploy({ value: ethers.parseEther(""1"") });     await instance.waitForDeployment();      // Player locks in a guess     const dummyHash = ethers.keccak256(ethers.toUtf8Bytes(""test""));     await instance.connect(player).lockInGuess(dummyHash, { value: ethers.parseEther(""1"") });      // Attempt to settle in the same block (without mining an additional block)     // The original contract reverts because block.number is not > guesses[msg.sender].block     // The mutant incorrectly allows it due to block.number+1 > guesses[msg.sender].block     await expect(       instance.connect(player).settle()     ).to.be.reverted;   }); });","""['Error: syntax error']"""
m9aef3487,PredictTheBlockHashChallenge,<generic-v6-scaffold>,settle,live,block.number,block.number-1,---|         require(block.number > guesses[msg.sender].block); +++|         require(block.number-1 > guesses[msg.sender].block);,27,Mutant m9aef3487 of function settle replaces block.number with block.number-1,pragma solidity ^0.8.0; contract PredictTheBlockHashChallenge { struct Guess { uint block; bytes32 guess; } mapping(address => Guess) guesses; constructor() public payable { require(msg.value == 1 ether); } function lockInGuess(bytes32 hash) public payable { require(guesses[msg.sender].block == 0); require(msg.value == 1 ether); guesses[msg.sender].guess = hash; guesses[msg.sender].block = block.number + 1; } function settle() public { require(guesses[msg.sender].block != 0); require(block.number > guesses[msg.sender].block); bytes32 answer = keccak256(abi.encodePacked(blockhash(guesses[msg.sender].block))); guesses[msg.sender].block = 0; if (guesses[msg.sender].guess == answer) { payable(msg.sender).transfer(2 ether); } } },"import { expect } from ""chai""; import { ethers } from ""hardhat""; describe(""PredictTheBlockHashChallenge reference (ethers v6; deploy may require constructor arguments)"", function () { it(""deploy PredictTheBlockHashChallenge by supplying its REQUIRED constructor arguments (read them from the contract constructor), then call methods and assert; use ethers.parseEther, await (await tx).wait(), and expect(...).to.be.reverted"", async function () { const [owner, addr1, addr2] = await ethers.getSigners(); const Factory = await ethers.getContractFactory(""PredictTheBlockHashChallenge""); const instance = await Factory.deploy(...constructorArgs); await instance.waitForDeployment(); }); });",False,False,"import { expect } from ""chai""; import { ethers } from ""hardhat"";  describe(""PredictTheBlockHashChallenge mutant kill test"", function () {   it(""should kill mutant m9aef3487 by settling exactly one block after lockInGuess"", async function () {     const [owner] = await ethers.getSigners();     const Factory = await ethers.getContractFactory(""PredictTheBlockHashChallenge"");     const instance = await Factory.deploy({ value: ethers.parseEther(""1"") });     await instance.waitForDeployment();      // Lock in a guess for the next block     const guessHash = ethers.keccak256(ethers.toUtf8Bytes(""test""));     await instance.connect(owner).lockInGuess(guessHash, { value: ethers.parseEther(""1"") });      // Mine one block so that block.number == targetBlock + 1     await ethers.provider.send(""evm_mine"", []);      // This should succeed on original but revert on mutant     await expect(instance.connect(owner).settle()).to.not.be.reverted;   }); });","""['Error: syntax error']"""
m491ea3c5,PredictTheBlockHashChallenge,<generic-v6-scaffold>,settle,live,blockhash(guesses[msg.sender].block),0,---|         bytes32 answer = keccak256(abi.encodePacked(blockhash(guesses[msg.sender].block))); +++|         bytes32 answer = keccak256(abi.encodePacked(0));,29,Mutant m491ea3c5 of function settle replaces blockhash(guesses[msg.sender].block) with 0,pragma solidity ^0.8.0; contract PredictTheBlockHashChallenge { struct Guess { uint block; bytes32 guess; } mapping(address => Guess) guesses; constructor() public payable { require(msg.value == 1 ether); } function lockInGuess(bytes32 hash) public payable { require(guesses[msg.sender].block == 0); require(msg.value == 1 ether); guesses[msg.sender].guess = hash; guesses[msg.sender].block = block.number + 1; } function settle() public { require(guesses[msg.sender].block != 0); require(block.number > guesses[msg.sender].block); bytes32 answer = keccak256(abi.encodePacked(blockhash(guesses[msg.sender].block))); guesses[msg.sender].block = 0; if (guesses[msg.sender].guess == answer) { payable(msg.sender).transfer(2 ether); } } },"import { expect } from ""chai""; import { ethers } from ""hardhat""; describe(""PredictTheBlockHashChallenge reference (ethers v6; deploy may require constructor arguments)"", function () { it(""deploy PredictTheBlockHashChallenge by supplying its REQUIRED constructor arguments (read them from the contract constructor), then call methods and assert; use ethers.parseEther, await (await tx).wait(), and expect(...).to.be.reverted"", async function () { const [owner, addr1, addr2] = await ethers.getSigners(); const Factory = await ethers.getContractFactory(""PredictTheBlockHashChallenge""); const instance = await Factory.deploy(...constructorArgs); await instance.waitForDeployment(); }); });",False,False,"import { expect } from ""chai""; import { ethers } from ""hardhat"";  describe(""PredictTheBlockHashChallenge mutant kill test"", function () {   it(""should kill mutant m491ea3c5 by locking in a guess matching the actual blockhash and expecting reward transfer"", async function () {     const [owner, player] = await ethers.getSigners();          // Deploy contract with 1 ether     const Factory = await ethers.getContractFactory(""PredictTheBlockHashChallenge"");     const instance = await Factory.deploy({ value: ethers.parseEther(""1"") });     await instance.waitForDeployment();          // Player locks in a guess for block number + 1     const lockTx = await instance.connect(player).lockInGuess(       ethers.ZeroHash, // placeholder, will be overwritten       { value: ethers.parseEther(""1"") }     );     await lockTx.wait();          // Get the block number when lock was made     const lockBlock = await ethers.provider.getBlock(lockTx.blockNumber);     const targetBlockNumber = lockBlock.number + 1;          // Mine blocks to pass the target block     await ethers.provider.send(""hardhat_mine"", [""0x10""]);          // Get the actual blockhash of the target block     const targetBlock = await ethers.provider.getBlock(targetBlockNumber);     const actualBlockhash = targetBlock.hash;          // Compute the expected answer as the contract would     const expectedAnswer = ethers.keccak256(       ethers.solidityPacked([""bytes32""], [actualBlockhash])     );          // Now lock in a new guess with the correct answer     // First reset by settling (will fail because guess is wrong)     // Actually we need to redeploy and do it properly     const Factory2 = await ethers.getContractFactory(""PredictTheBlockHashChallenge"");     const instance2 = await Factory2.deploy({ value: ethers.parseEther(""1"") });     await instance2.waitForDeployment();          // Lock in the correct guess     const lockTx2 = await instance2.connect(player).lockInGuess(       expectedAnswer,       { value: ethers.parseEther(""1"") }     );     await lockTx2.wait();          const lockBlock2 = await ethers.provider.getBlock(lockTx2.blockNumber);     const targetBlockNumber2 = lockBlock2.number + 1;          // Mine blocks to pass the target block     await ethers.provider.send(""hardhat_mine"", [""0x10""]);          // Settle - should succeed on original, fail on mutant     // On mutant, answer = keccak256(0) != expectedAnswer, so transfer reverts     await expect(       instance2.connect(player).settle()     ).to.be.reverted;   }); });","""['Error: syntax error']"""
mdb77aa6c,PredictTheBlockHashChallenge,<generic-v6-scaffold>,settle,live,blockhash(guesses[msg.sender].block),blockhash(block.prevrandao),---|         bytes32 answer = keccak256(abi.encodePacked(blockhash(guesses[msg.sender].block))); +++|         bytes32 answer = keccak256(abi.encodePacked(blockhash(block.prevrandao)));,29,Mutant mdb77aa6c of function settle replaces blockhash(guesses[msg.sender].block) with blockhash(block.prevrandao),pragma solidity ^0.8.0; contract PredictTheBlockHashChallenge { struct Guess { uint block; bytes32 guess; } mapping(address => Guess) guesses; constructor() public payable { require(msg.value == 1 ether); } function lockInGuess(bytes32 hash) public payable { require(guesses[msg.sender].block == 0); require(msg.value == 1 ether); guesses[msg.sender].guess = hash; guesses[msg.sender].block = block.number + 1; } function settle() public { require(guesses[msg.sender].block != 0); require(block.number > guesses[msg.sender].block); bytes32 answer = keccak256(abi.encodePacked(blockhash(guesses[msg.sender].block))); guesses[msg.sender].block = 0; if (guesses[msg.sender].guess == answer) { payable(msg.sender).transfer(2 ether); } } },"import { expect } from ""chai""; import { ethers } from ""hardhat""; describe(""PredictTheBlockHashChallenge reference (ethers v6; deploy may require constructor arguments)"", function () { it(""deploy PredictTheBlockHashChallenge by supplying its REQUIRED constructor arguments (read them from the contract constructor), then call methods and assert; use ethers.parseEther, await (await tx).wait(), and expect(...).to.be.reverted"", async function () { const [owner, addr1, addr2] = await ethers.getSigners(); const Factory = await ethers.getContractFactory(""PredictTheBlockHashChallenge""); const instance = await Factory.deploy(...constructorArgs); await instance.waitForDeployment(); }); });",False,False,"import { expect } from ""chai""; import { ethers } from ""hardhat"";  describe(""PredictTheBlockHashChallenge mutant mdb77aa6c test"", function () {   it(""should kill mutant by locking in a guess and settling after the target block, expecting reward transfer to succeed only if blockhash of stored block is used"", async function () {     const [owner, addr1] = await ethers.getSigners();     const Factory = await ethers.getContractFactory(""PredictTheBlockHashChallenge"");     const instance = await Factory.deploy({ value: ethers.parseEther(""1"") });     await instance.waitForDeployment();      // Lock in a guess for the next block (block.number + 1)     const currentBlock = await ethers.provider.getBlockNumber();     const targetBlock = currentBlock + 1;          // Get the blockhash of the target block (must wait for it to be mined)     const txLock = await instance.connect(addr1).lockInGuess(       ethers.ZeroHash, // placeholder guess, we'll use actual blockhash later       { value: ethers.parseEther(""1"") }     );     await txLock.wait();      // Mine one more block so we can settle (block.number > targetBlock)     await ethers.provider.send(""evm_mine"", []);      // Get the actual blockhash of the target block     const targetBlockHash = (await ethers.provider.getBlock(targetBlock))!.hash;          // We need to re-lock with the correct guess since we used ZeroHash     // First, deploy a new instance to reset state     const instance2 = await Factory.deploy({ value: ethers.parseEther(""1"") });     await instance2.waitForDeployment();      // Lock in with the actual blockhash as the guess     const txLock2 = await instance2.connect(addr1).lockInGuess(       targetBlockHash,       { value: ethers.parseEther(""1"") }     );     await txLock2.wait();      // Mine past the target block     await ethers.provider.send(""evm_mine"", []);      // Check balance before settle     const balanceBefore = await ethers.provider.getBalance(addr1.address);      // Settle the guess     const txSettle = await instance2.connect(addr1).settle();     await txSettle.wait();      // Check balance after settle - should have increased by 2 ether if blockhash was correct     const balanceAfter = await ethers.provider.getBalance(addr1.address);          // In the original contract, this should succeed (balance increases by 2 ether)     // In the mutant, blockhash(block.prevrandao) is used instead of blockhash(targetBlock),     // so the guess won't match and no transfer occurs (balance unchanged)     // This difference kills the mutant     expect(balanceAfter).to.be.gt(balanceBefore);   }); });","""['Error: syntax error']"""
m0fa5a562,PredictTheBlockHashChallenge,<generic-v6-scaffold>,settle,live,keccak256,sha256,---|         bytes32 answer = keccak256(abi.encodePacked(blockhash(guesses[msg.sender].block))); +++|         bytes32 answer = sha256(abi.encodePacked(blockhash(guesses[msg.sender].block)));,29,Mutant m0fa5a562 of function settle replaces keccak256 with sha256,pragma solidity ^0.8.0; contract PredictTheBlockHashChallenge { struct Guess { uint block; bytes32 guess; } mapping(address => Guess) guesses; constructor() public payable { require(msg.value == 1 ether); } function lockInGuess(bytes32 hash) public payable { require(guesses[msg.sender].block == 0); require(msg.value == 1 ether); guesses[msg.sender].guess = hash; guesses[msg.sender].block = block.number + 1; } function settle() public { require(guesses[msg.sender].block != 0); require(block.number > guesses[msg.sender].block); bytes32 answer = keccak256(abi.encodePacked(blockhash(guesses[msg.sender].block))); guesses[msg.sender].block = 0; if (guesses[msg.sender].guess == answer) { payable(msg.sender).transfer(2 ether); } } },"import { expect } from ""chai""; import { ethers } from ""hardhat""; describe(""PredictTheBlockHashChallenge reference (ethers v6; deploy may require constructor arguments)"", function () { it(""deploy PredictTheBlockHashChallenge by supplying its REQUIRED constructor arguments (read them from the contract constructor), then call methods and assert; use ethers.parseEther, await (await tx).wait(), and expect(...).to.be.reverted"", async function () { const [owner, addr1, addr2] = await ethers.getSigners(); const Factory = await ethers.getContractFactory(""PredictTheBlockHashChallenge""); const instance = await Factory.deploy(...constructorArgs); await instance.waitForDeployment(); }); });",False,False,"import { expect } from ""chai""; import { ethers } from ""hardhat"";  describe(""PredictTheBlockHashChallenge mutant m0fa5a562 test"", function () {   it(""should detect sha256 mutation by verifying keccak256-based reward distribution"", async function () {     const [owner, player] = await ethers.getSigners();          // Deploy contract with 1 ether     const Factory = await ethers.getContractFactory(""PredictTheBlockHashChallenge"");     const instance = await Factory.deploy({ value: ethers.parseEther(""1"") });     await instance.waitForDeployment();          // Player locks in a guess with 1 ether     const currentBlock = await ethers.provider.getBlockNumber();     const targetBlock = currentBlock + 1;          // Compute the correct answer using keccak256 (original contract logic)     const blockHash = await ethers.provider.getBlock(targetBlock);     const correctAnswer = ethers.keccak256(       ethers.solidityPacked([""bytes32""], [blockHash.hash])     );          // Player locks in the correct guess     await instance.connect(player).lockInGuess(correctAnswer, {       value: ethers.parseEther(""1"")     });          // Mine to the next block     await ethers.provider.send(""evm_mine"", []);          // Wait for target block to be confirmed (block.number > guesses[player].block)     while ((await ethers.provider.getBlockNumber()) <= targetBlock) {       await ethers.provider.send(""evm_mine"", []);     }          // Get player balance before settlement     const balanceBefore = await ethers.provider.getBalance(player.address);          // Settle the guess     const tx = await instance.connect(player).settle();     const receipt = await tx.wait();          // Get player balance after settlement     const balanceAfter = await ethers.provider.getBalance(player.address);          // In the original contract, player should receive 2 ether reward     // In the mutant using sha256, the computed answer will differ and reward won't be sent     // This test will pass on original (balance increases by ~2 ether) and fail on mutant (balance unchanged)     expect(balanceAfter - balanceBefore).to.be.gt(ethers.parseEther(""1.9""));   }); });","""['Error: syntax error']"""
