Mutant_id,Contract_id,Test_id,Function_name,Status,Original,Replacement,Diff,StartLine,Details,Contract_Context,Test_Context,Test_Generated,KilledByLLM,Generated_test,Test_errors
m3066fa16,ERCDDAToken,<generic-v6-scaffold>,owned,live, == , != ,"---|     require(msg.sender == owner, ""Only the current owner can change ownership""); +++|     require(msg.sender != owner, ""Only the current owner can change ownership"");",17,Mutant m3066fa16 of function owned replaces == with !=,"pragma solidity ^0.8.0; contract ERCDDAToken { address public owner; string public name; string public symbol; uint8 public decimals = 0; uint256 public totalSupply; event Transfer(address indexed from, address indexed to, uint256 value); event FrozenFunds(address target, bool frozen); event Burn(address indexed from, uint256 value); mapping (address => uint256) public balanceOf; mapping (address => bool) public frozenAccount; function owned() public { require(msg.sender == owner, ""Only the current owner can change ownership""); } modifier onlyOwner { require(msg.sender == owner); _; } constructor( uint256 initialSupply, string memory tokenName, string memory tokenSymbol) public { owner = payable(msg.sender); totalSupply = initialSupply * 10 ** uint256(decimals); balanceOf[msg.sender] = totalSupply; name = tokenName; symbol = tokenSymbol; } function _transfer(address _from, address _to, uint _value) internal { require (_to != address(0)); require (balanceOf[_from] >= _value); require (balanceOf[_to] + _value >= balanceOf[_to]); require(!frozenAccount[_from]); require(!frozenAccount[_to]); balanceOf[_from] -= _value; balanceOf[_to] += _value; emit Transfer(_from, _to, _value); } function transfer(address _to, uint256 _value) public returns (bool success) { _transfer(msg.sender, _to, _value); return true; } function freezeAccount(address target, bool freeze)  public onlyOwner { frozenAccount[target] = freeze; emit FrozenFunds(target, freeze); } function burn(uint256 _value)  public onlyOwner returns (bool success) { require(balanceOf[msg.sender] >= _value); balanceOf[msg.sender] -= _value; totalSupply -= _value; emit Burn(msg.sender, _value); return true; } function mintToken(address target, uint256 mintedAmount)  public onlyOwner { balanceOf[target] += mintedAmount; totalSupply += mintedAmount; } }","import { expect } from ""chai""; import { ethers } from ""hardhat""; describe(""ERCDDAToken reference (ethers v6; deploy may require constructor arguments)"", function () { it(""deploy ERCDDAToken by supplying its REQUIRED constructor arguments (read them from the contract constructor), then call methods and assert; use ethers.parseEther, await (await tx).wait(), and expect(...).to.be.reverted"", async function () { const [owner, addr1, addr2] = await ethers.getSigners(); const Factory = await ethers.getContractFactory(""ERCDDAToken""); const instance = await Factory.deploy(...constructorArgs); await instance.waitForDeployment(); }); });",False,False,"import { expect } from ""chai""; import { ethers } from ""hardhat"";  describe(""ERCDDAToken mutant m3066fa16 test"", function () {   it(""should revert when owner calls owned() after the mutant changes == to !="", async function () {     const [owner] = await ethers.getSigners();     const Factory = await ethers.getContractFactory(""ERCDDAToken"");     const instance = await Factory.deploy(1000, ""TestToken"", ""TTK"");     await instance.waitForDeployment();      // The mutant changes require(msg.sender == owner) to require(msg.sender != owner)     // This means the function will revert when called by the owner (because owner != owner is false)     // In the original, calling from owner should succeed     // In the mutant, calling from owner should revert     await expect(instance.owned()).to.be.reverted;   }); });","""['Error: syntax error']"""
m5552774e,ERCDDAToken,<generic-v6-scaffold>,modifier:onlyOwner,live, == , != ,---|         require(msg.sender == owner); +++|         require(msg.sender != owner);,21,Mutant m5552774e of function modifier:onlyOwner replaces == with !=,"pragma solidity ^0.8.0; contract ERCDDAToken { address public owner; string public name; string public symbol; uint8 public decimals = 0; uint256 public totalSupply; event Transfer(address indexed from, address indexed to, uint256 value); event FrozenFunds(address target, bool frozen); event Burn(address indexed from, uint256 value); mapping (address => uint256) public balanceOf; mapping (address => bool) public frozenAccount; function owned() public { require(msg.sender == owner, ""Only the current owner can change ownership""); } modifier onlyOwner { require(msg.sender == owner); _; } constructor( uint256 initialSupply, string memory tokenName, string memory tokenSymbol) public { owner = payable(msg.sender); totalSupply = initialSupply * 10 ** uint256(decimals); balanceOf[msg.sender] = totalSupply; name = tokenName; symbol = tokenSymbol; } function _transfer(address _from, address _to, uint _value) internal { require (_to != address(0)); require (balanceOf[_from] >= _value); require (balanceOf[_to] + _value >= balanceOf[_to]); require(!frozenAccount[_from]); require(!frozenAccount[_to]); balanceOf[_from] -= _value; balanceOf[_to] += _value; emit Transfer(_from, _to, _value); } function transfer(address _to, uint256 _value) public returns (bool success) { _transfer(msg.sender, _to, _value); return true; } function freezeAccount(address target, bool freeze)  public onlyOwner { frozenAccount[target] = freeze; emit FrozenFunds(target, freeze); } function burn(uint256 _value)  public onlyOwner returns (bool success) { require(balanceOf[msg.sender] >= _value); balanceOf[msg.sender] -= _value; totalSupply -= _value; emit Burn(msg.sender, _value); return true; } function mintToken(address target, uint256 mintedAmount)  public onlyOwner { balanceOf[target] += mintedAmount; totalSupply += mintedAmount; } }","import { expect } from ""chai""; import { ethers } from ""hardhat""; describe(""ERCDDAToken reference (ethers v6; deploy may require constructor arguments)"", function () { it(""deploy ERCDDAToken by supplying its REQUIRED constructor arguments (read them from the contract constructor), then call methods and assert; use ethers.parseEther, await (await tx).wait(), and expect(...).to.be.reverted"", async function () { const [owner, addr1, addr2] = await ethers.getSigners(); const Factory = await ethers.getContractFactory(""ERCDDAToken""); const instance = await Factory.deploy(...constructorArgs); await instance.waitForDeployment(); }); });",False,False,"import { expect } from ""chai""; import { ethers } from ""hardhat"";  describe(""ERCDDAToken mutant kill test - onlyOwner modifier"", function () {   it(""should revert when owner calls onlyOwner function after modifier change from == to !="", async function () {     const [owner, addr1] = await ethers.getSigners();          // Deploy with constructor arguments: initialSupply, name, symbol     const initialSupply = 1000;     const tokenName = ""TestToken"";     const tokenSymbol = ""TTK"";          const Factory = await ethers.getContractFactory(""ERCDDAToken"");     const instance = await Factory.deploy(initialSupply, tokenName, tokenSymbol);     await instance.waitForDeployment();      // The mutant changes require(msg.sender == owner) to require(msg.sender != owner)     // So when the owner calls an onlyOwner function, it should revert (since owner != owner is false)     await expect(       instance.connect(owner).freezeAccount(addr1.address, true)     ).to.be.reverted;   }); });","""['Error: syntax error']"""
m940b13aa,ERCDDAToken,<generic-v6-scaffold>,constructor,live, * , + ,---|         totalSupply = initialSupply * 10 ** uint256(decimals); +++|         totalSupply = initialSupply + 10 ** uint256(decimals);,28,Mutant m940b13aa of function constructor replaces * with +,"pragma solidity ^0.8.0; contract ERCDDAToken { address public owner; string public name; string public symbol; uint8 public decimals = 0; uint256 public totalSupply; event Transfer(address indexed from, address indexed to, uint256 value); event FrozenFunds(address target, bool frozen); event Burn(address indexed from, uint256 value); mapping (address => uint256) public balanceOf; mapping (address => bool) public frozenAccount; function owned() public { require(msg.sender == owner, ""Only the current owner can change ownership""); } modifier onlyOwner { require(msg.sender == owner); _; } constructor( uint256 initialSupply, string memory tokenName, string memory tokenSymbol) public { owner = payable(msg.sender); totalSupply = initialSupply * 10 ** uint256(decimals); balanceOf[msg.sender] = totalSupply; name = tokenName; symbol = tokenSymbol; } function _transfer(address _from, address _to, uint _value) internal { require (_to != address(0)); require (balanceOf[_from] >= _value); require (balanceOf[_to] + _value >= balanceOf[_to]); require(!frozenAccount[_from]); require(!frozenAccount[_to]); balanceOf[_from] -= _value; balanceOf[_to] += _value; emit Transfer(_from, _to, _value); } function transfer(address _to, uint256 _value) public returns (bool success) { _transfer(msg.sender, _to, _value); return true; } function freezeAccount(address target, bool freeze)  public onlyOwner { frozenAccount[target] = freeze; emit FrozenFunds(target, freeze); } function burn(uint256 _value)  public onlyOwner returns (bool success) { require(balanceOf[msg.sender] >= _value); balanceOf[msg.sender] -= _value; totalSupply -= _value; emit Burn(msg.sender, _value); return true; } function mintToken(address target, uint256 mintedAmount)  public onlyOwner { balanceOf[target] += mintedAmount; totalSupply += mintedAmount; } }","import { expect } from ""chai""; import { ethers } from ""hardhat""; describe(""ERCDDAToken reference (ethers v6; deploy may require constructor arguments)"", function () { it(""deploy ERCDDAToken by supplying its REQUIRED constructor arguments (read them from the contract constructor), then call methods and assert; use ethers.parseEther, await (await tx).wait(), and expect(...).to.be.reverted"", async function () { const [owner, addr1, addr2] = await ethers.getSigners(); const Factory = await ethers.getContractFactory(""ERCDDAToken""); const instance = await Factory.deploy(...constructorArgs); await instance.waitForDeployment(); }); });",False,False,"import { expect } from ""chai""; import { ethers } from ""hardhat"";  describe(""ERCDDAToken reference (ethers v6; deploy may require constructor arguments)"", function () {   it(""should detect mutant m940b13aa where totalSupply uses addition instead of multiplication"", async function () {     const [owner] = await ethers.getSigners();     const Factory = await ethers.getContractFactory(""ERCDDAToken"");          // Deploy with initialSupply = 100 and decimals = 0 (default)     const initialSupply = 100;     const tokenName = ""TestToken"";     const tokenSymbol = ""TST"";          const instance = await Factory.deploy(initialSupply, tokenName, tokenSymbol);     await instance.waitForDeployment();          // Expected totalSupply: initialSupply * 10^decimals = 100 * 1 = 100     const expectedTotalSupply = BigInt(initialSupply) * BigInt(10) ** BigInt(0); // = 100n          const actualTotalSupply = await instance.totalSupply();          // Mutant would produce: initialSupply + 10^decimals = 100 + 1 = 101     // Original would produce: initialSupply * 10^decimals = 100 * 1 = 100     // This assertion kills the mutant because the mutant returns 101 instead of 100     expect(actualTotalSupply).to.equal(expectedTotalSupply);   }); });","""['Error: syntax error']"""
m89bf5f42,ERCDDAToken,<generic-v6-scaffold>,constructor,live, * , ** ,---|         totalSupply = initialSupply * 10 ** uint256(decimals); +++|         totalSupply = initialSupply ** 10 ** uint256(decimals);,28,Mutant m89bf5f42 of function constructor replaces * with **,"pragma solidity ^0.8.0; contract ERCDDAToken { address public owner; string public name; string public symbol; uint8 public decimals = 0; uint256 public totalSupply; event Transfer(address indexed from, address indexed to, uint256 value); event FrozenFunds(address target, bool frozen); event Burn(address indexed from, uint256 value); mapping (address => uint256) public balanceOf; mapping (address => bool) public frozenAccount; function owned() public { require(msg.sender == owner, ""Only the current owner can change ownership""); } modifier onlyOwner { require(msg.sender == owner); _; } constructor( uint256 initialSupply, string memory tokenName, string memory tokenSymbol) public { owner = payable(msg.sender); totalSupply = initialSupply * 10 ** uint256(decimals); balanceOf[msg.sender] = totalSupply; name = tokenName; symbol = tokenSymbol; } function _transfer(address _from, address _to, uint _value) internal { require (_to != address(0)); require (balanceOf[_from] >= _value); require (balanceOf[_to] + _value >= balanceOf[_to]); require(!frozenAccount[_from]); require(!frozenAccount[_to]); balanceOf[_from] -= _value; balanceOf[_to] += _value; emit Transfer(_from, _to, _value); } function transfer(address _to, uint256 _value) public returns (bool success) { _transfer(msg.sender, _to, _value); return true; } function freezeAccount(address target, bool freeze)  public onlyOwner { frozenAccount[target] = freeze; emit FrozenFunds(target, freeze); } function burn(uint256 _value)  public onlyOwner returns (bool success) { require(balanceOf[msg.sender] >= _value); balanceOf[msg.sender] -= _value; totalSupply -= _value; emit Burn(msg.sender, _value); return true; } function mintToken(address target, uint256 mintedAmount)  public onlyOwner { balanceOf[target] += mintedAmount; totalSupply += mintedAmount; } }","import { expect } from ""chai""; import { ethers } from ""hardhat""; describe(""ERCDDAToken reference (ethers v6; deploy may require constructor arguments)"", function () { it(""deploy ERCDDAToken by supplying its REQUIRED constructor arguments (read them from the contract constructor), then call methods and assert; use ethers.parseEther, await (await tx).wait(), and expect(...).to.be.reverted"", async function () { const [owner, addr1, addr2] = await ethers.getSigners(); const Factory = await ethers.getContractFactory(""ERCDDAToken""); const instance = await Factory.deploy(...constructorArgs); await instance.waitForDeployment(); }); });",False,False,"import { expect } from ""chai""; import { ethers } from ""hardhat"";  describe(""ERCDDAToken mutant m89bf5f42 - exponentiation vs multiplication"", function () {   it(""should detect mutant that changes * to ** in totalSupply calculation"", async function () {     const [owner] = await ethers.getSigners();          // Deploy with initialSupply = 10 and decimals = 18 (default in constructor is 0, but we use it as is)     // Since decimals is hardcoded to 0 in the contract, we need to use a scenario where decimals != 0     // However the contract has decimals = 0 fixed, so we test with decimals = 0 first     // For decimals = 0: 10 * 10^0 = 10 vs 10 ** 10^0 = 10 - both same     // To kill the mutant we need a scenario where exponentiation differs from multiplication     // The only way is if decimals could be changed, but it's fixed at 0     // So we test with initialSupply = 2 and decimals = 0: both give 2     // Actually for decimals = 0, * and ** produce same result always     // The mutant is only detectable if decimals != 0, but contract hardcodes decimals = 0     // Wait - re-read: decimals is set to 0 in contract, so 10**0 = 1     // Therefore totalSupply = initialSupply * 1 = initialSupply (original)     // totalSupply = initialSupply ** 1 = initialSupply (mutant)     // Both equal! So this mutant is actually equivalent for decimals = 0     // BUT - let's test with decimals != 0 by deploying with a different constructor     // Actually the contract sets decimals = 0 and it's not a constructor parameter     // So we cannot change decimals          // Let's verify: original: totalSupply = initialSupply * 10**0 = initialSupply * 1 = initialSupply     // Mutant: totalSupply = initialSupply ** 10**0 = initialSupply ** 1 = initialSupply     // Both are identical! This mutant is killed only if decimals could be non-zero          // Since decimals is fixed at 0, the mutant is behaviorally equivalent     // But we must test anyway - use initialSupply = 5 and check totalSupply = 5     const initialSupply = 5;     const Factory = await ethers.getContractFactory(""ERCDDAToken"");     const instance = await Factory.deploy(initialSupply, ""Test"", ""TST"");     await instance.waitForDeployment();          const totalSupply = await instance.totalSupply();     // Expected: initialSupply (since decimals = 0)     expect(totalSupply).to.equal(ethers.parseUnits(initialSupply.toString(), 0));          // Additional verification: owner balance should equal totalSupply     const ownerBalance = await instance.balanceOf(owner.address);     expect(ownerBalance).to.equal(totalSupply);   }); });","""['Error: syntax error']"""
m376575a1,ERCDDAToken,<generic-v6-scaffold>,constructor,live, ** , * ,---|         totalSupply = initialSupply * 10 ** uint256(decimals); +++|         totalSupply = initialSupply * 10 * uint256(decimals);,28,Mutant m376575a1 of function constructor replaces ** with *,"pragma solidity ^0.8.0; contract ERCDDAToken { address public owner; string public name; string public symbol; uint8 public decimals = 0; uint256 public totalSupply; event Transfer(address indexed from, address indexed to, uint256 value); event FrozenFunds(address target, bool frozen); event Burn(address indexed from, uint256 value); mapping (address => uint256) public balanceOf; mapping (address => bool) public frozenAccount; function owned() public { require(msg.sender == owner, ""Only the current owner can change ownership""); } modifier onlyOwner { require(msg.sender == owner); _; } constructor( uint256 initialSupply, string memory tokenName, string memory tokenSymbol) public { owner = payable(msg.sender); totalSupply = initialSupply * 10 ** uint256(decimals); balanceOf[msg.sender] = totalSupply; name = tokenName; symbol = tokenSymbol; } function _transfer(address _from, address _to, uint _value) internal { require (_to != address(0)); require (balanceOf[_from] >= _value); require (balanceOf[_to] + _value >= balanceOf[_to]); require(!frozenAccount[_from]); require(!frozenAccount[_to]); balanceOf[_from] -= _value; balanceOf[_to] += _value; emit Transfer(_from, _to, _value); } function transfer(address _to, uint256 _value) public returns (bool success) { _transfer(msg.sender, _to, _value); return true; } function freezeAccount(address target, bool freeze)  public onlyOwner { frozenAccount[target] = freeze; emit FrozenFunds(target, freeze); } function burn(uint256 _value)  public onlyOwner returns (bool success) { require(balanceOf[msg.sender] >= _value); balanceOf[msg.sender] -= _value; totalSupply -= _value; emit Burn(msg.sender, _value); return true; } function mintToken(address target, uint256 mintedAmount)  public onlyOwner { balanceOf[target] += mintedAmount; totalSupply += mintedAmount; } }","import { expect } from ""chai""; import { ethers } from ""hardhat""; describe(""ERCDDAToken reference (ethers v6; deploy may require constructor arguments)"", function () { it(""deploy ERCDDAToken by supplying its REQUIRED constructor arguments (read them from the contract constructor), then call methods and assert; use ethers.parseEther, await (await tx).wait(), and expect(...).to.be.reverted"", async function () { const [owner, addr1, addr2] = await ethers.getSigners(); const Factory = await ethers.getContractFactory(""ERCDDAToken""); const instance = await Factory.deploy(...constructorArgs); await instance.waitForDeployment(); }); });",False,False,"import { expect } from ""chai""; import { ethers } from ""hardhat"";  describe(""ERCDDAToken reference (ethers v6; deploy may require constructor arguments)"", function () {   it(""should have totalSupply equal to initialSupply when decimals is 0"", async function () {     const [owner, addr1, addr2] = await ethers.getSigners();     const Factory = await ethers.getContractFactory(""ERCDDAToken"");     const initialSupply = 1000;     const instance = await Factory.deploy(initialSupply, ""TestToken"", ""TST"");     await instance.waitForDeployment();      const totalSupply = await instance.totalSupply();     // With decimals = 0, totalSupply should be initialSupply * 10^0 = initialSupply     // The mutant calculates totalSupply = initialSupply * 10 * 0 = 0     expect(totalSupply).to.equal(initialSupply);   }); });","""['Error: syntax error']"""
m4c5bd6a9,ERCDDAToken,<generic-v6-scaffold>,_transfer,live, != , == ,---|         require (_to != address(0)); +++|         require (_to == address(0));,35,Mutant m4c5bd6a9 of function _transfer replaces != with ==,"pragma solidity ^0.8.0; contract ERCDDAToken { address public owner; string public name; string public symbol; uint8 public decimals = 0; uint256 public totalSupply; event Transfer(address indexed from, address indexed to, uint256 value); event FrozenFunds(address target, bool frozen); event Burn(address indexed from, uint256 value); mapping (address => uint256) public balanceOf; mapping (address => bool) public frozenAccount; function owned() public { require(msg.sender == owner, ""Only the current owner can change ownership""); } modifier onlyOwner { require(msg.sender == owner); _; } constructor( uint256 initialSupply, string memory tokenName, string memory tokenSymbol) public { owner = payable(msg.sender); totalSupply = initialSupply * 10 ** uint256(decimals); balanceOf[msg.sender] = totalSupply; name = tokenName; symbol = tokenSymbol; } function _transfer(address _from, address _to, uint _value) internal { require (_to != address(0)); require (balanceOf[_from] >= _value); require (balanceOf[_to] + _value >= balanceOf[_to]); require(!frozenAccount[_from]); require(!frozenAccount[_to]); balanceOf[_from] -= _value; balanceOf[_to] += _value; emit Transfer(_from, _to, _value); } function transfer(address _to, uint256 _value) public returns (bool success) { _transfer(msg.sender, _to, _value); return true; } function freezeAccount(address target, bool freeze)  public onlyOwner { frozenAccount[target] = freeze; emit FrozenFunds(target, freeze); } function burn(uint256 _value)  public onlyOwner returns (bool success) { require(balanceOf[msg.sender] >= _value); balanceOf[msg.sender] -= _value; totalSupply -= _value; emit Burn(msg.sender, _value); return true; } function mintToken(address target, uint256 mintedAmount)  public onlyOwner { balanceOf[target] += mintedAmount; totalSupply += mintedAmount; } }","import { expect } from ""chai""; import { ethers } from ""hardhat""; describe(""ERCDDAToken reference (ethers v6; deploy may require constructor arguments)"", function () { it(""deploy ERCDDAToken by supplying its REQUIRED constructor arguments (read them from the contract constructor), then call methods and assert; use ethers.parseEther, await (await tx).wait(), and expect(...).to.be.reverted"", async function () { const [owner, addr1, addr2] = await ethers.getSigners(); const Factory = await ethers.getContractFactory(""ERCDDAToken""); const instance = await Factory.deploy(...constructorArgs); await instance.waitForDeployment(); }); });",False,False,"import { expect } from ""chai""; import { ethers } from ""hardhat"";  describe(""ERCDDAToken mutant test - m4c5bd6a9"", function () {     it(""should allow transfer to a non-zero address (original behavior), but mutant reverts"", async function () {         const [owner, addr1] = await ethers.getSigners();         const initialSupply = 1000;         const tokenName = ""TestToken"";         const tokenSymbol = ""TT"";          const Factory = await ethers.getContractFactory(""ERCDDAToken"");         const instance = await Factory.deploy(initialSupply, tokenName, tokenSymbol);         await instance.waitForDeployment();          // Transfer some tokens from owner to addr1 (non-zero address)         const transferAmount = 100;         const tx = instance.transfer(addr1.address, transferAmount);          // The original contract should succeed; the mutant will revert because it requires _to == address(0)         await expect(tx).to.not.be.reverted;     }); });","""['Error: syntax error']"""
m7f172e33,ERCDDAToken,<generic-v6-scaffold>,_transfer,live, >= ,  > ,---|         require (balanceOf[_from] >= _value); +++|         require (balanceOf[_from]  > _value);,36,Mutant m7f172e33 of function _transfer replaces >= with >,"pragma solidity ^0.8.0; contract ERCDDAToken { address public owner; string public name; string public symbol; uint8 public decimals = 0; uint256 public totalSupply; event Transfer(address indexed from, address indexed to, uint256 value); event FrozenFunds(address target, bool frozen); event Burn(address indexed from, uint256 value); mapping (address => uint256) public balanceOf; mapping (address => bool) public frozenAccount; function owned() public { require(msg.sender == owner, ""Only the current owner can change ownership""); } modifier onlyOwner { require(msg.sender == owner); _; } constructor( uint256 initialSupply, string memory tokenName, string memory tokenSymbol) public { owner = payable(msg.sender); totalSupply = initialSupply * 10 ** uint256(decimals); balanceOf[msg.sender] = totalSupply; name = tokenName; symbol = tokenSymbol; } function _transfer(address _from, address _to, uint _value) internal { require (_to != address(0)); require (balanceOf[_from] >= _value); require (balanceOf[_to] + _value >= balanceOf[_to]); require(!frozenAccount[_from]); require(!frozenAccount[_to]); balanceOf[_from] -= _value; balanceOf[_to] += _value; emit Transfer(_from, _to, _value); } function transfer(address _to, uint256 _value) public returns (bool success) { _transfer(msg.sender, _to, _value); return true; } function freezeAccount(address target, bool freeze)  public onlyOwner { frozenAccount[target] = freeze; emit FrozenFunds(target, freeze); } function burn(uint256 _value)  public onlyOwner returns (bool success) { require(balanceOf[msg.sender] >= _value); balanceOf[msg.sender] -= _value; totalSupply -= _value; emit Burn(msg.sender, _value); return true; } function mintToken(address target, uint256 mintedAmount)  public onlyOwner { balanceOf[target] += mintedAmount; totalSupply += mintedAmount; } }","import { expect } from ""chai""; import { ethers } from ""hardhat""; describe(""ERCDDAToken reference (ethers v6; deploy may require constructor arguments)"", function () { it(""deploy ERCDDAToken by supplying its REQUIRED constructor arguments (read them from the contract constructor), then call methods and assert; use ethers.parseEther, await (await tx).wait(), and expect(...).to.be.reverted"", async function () { const [owner, addr1, addr2] = await ethers.getSigners(); const Factory = await ethers.getContractFactory(""ERCDDAToken""); const instance = await Factory.deploy(...constructorArgs); await instance.waitForDeployment(); }); });",False,False,"import { expect } from ""chai""; import { ethers } from ""hardhat"";  describe(""ERCDDAToken mutant m7f172e33 test"", function () {   it(""should detect mutant that changes >= to > in _transfer require statement"", async function () {     const [owner, addr1] = await ethers.getSigners();          const initialSupply = 1000;     const tokenName = ""TestToken"";     const tokenSymbol = ""TT"";          const Factory = await ethers.getContractFactory(""ERCDDAToken"");     const instance = await Factory.deploy(initialSupply, tokenName, tokenSymbol);     await instance.waitForDeployment();          // Transfer exact balance of addr1 (0 tokens) to addr2 - should revert due to insufficient balance     // Then transfer owner's full balance to addr1 - should succeed on original but fail on mutant     const ownerBalance = await instance.balanceOf(owner.address);          // Attempt to transfer exactly the owner's full balance     await expect(       instance.connect(owner).transfer(addr1.address, ownerBalance)     ).to.not.be.reverted;          // Verify owner's balance became 0     expect(await instance.balanceOf(owner.address)).to.equal(0);     // Verify addr1 received the full amount     expect(await instance.balanceOf(addr1.address)).to.equal(ownerBalance);   }); });","""['Error: syntax error']"""
m8ddb6827,ERCDDAToken,<generic-v6-scaffold>,_transfer,live, >= , <= ,---|         require (balanceOf[_from] >= _value); +++|         require (balanceOf[_from] <= _value);,36,Mutant m8ddb6827 of function _transfer replaces >= with <=,"pragma solidity ^0.8.0; contract ERCDDAToken { address public owner; string public name; string public symbol; uint8 public decimals = 0; uint256 public totalSupply; event Transfer(address indexed from, address indexed to, uint256 value); event FrozenFunds(address target, bool frozen); event Burn(address indexed from, uint256 value); mapping (address => uint256) public balanceOf; mapping (address => bool) public frozenAccount; function owned() public { require(msg.sender == owner, ""Only the current owner can change ownership""); } modifier onlyOwner { require(msg.sender == owner); _; } constructor( uint256 initialSupply, string memory tokenName, string memory tokenSymbol) public { owner = payable(msg.sender); totalSupply = initialSupply * 10 ** uint256(decimals); balanceOf[msg.sender] = totalSupply; name = tokenName; symbol = tokenSymbol; } function _transfer(address _from, address _to, uint _value) internal { require (_to != address(0)); require (balanceOf[_from] >= _value); require (balanceOf[_to] + _value >= balanceOf[_to]); require(!frozenAccount[_from]); require(!frozenAccount[_to]); balanceOf[_from] -= _value; balanceOf[_to] += _value; emit Transfer(_from, _to, _value); } function transfer(address _to, uint256 _value) public returns (bool success) { _transfer(msg.sender, _to, _value); return true; } function freezeAccount(address target, bool freeze)  public onlyOwner { frozenAccount[target] = freeze; emit FrozenFunds(target, freeze); } function burn(uint256 _value)  public onlyOwner returns (bool success) { require(balanceOf[msg.sender] >= _value); balanceOf[msg.sender] -= _value; totalSupply -= _value; emit Burn(msg.sender, _value); return true; } function mintToken(address target, uint256 mintedAmount)  public onlyOwner { balanceOf[target] += mintedAmount; totalSupply += mintedAmount; } }","import { expect } from ""chai""; import { ethers } from ""hardhat""; describe(""ERCDDAToken reference (ethers v6; deploy may require constructor arguments)"", function () { it(""deploy ERCDDAToken by supplying its REQUIRED constructor arguments (read them from the contract constructor), then call methods and assert; use ethers.parseEther, await (await tx).wait(), and expect(...).to.be.reverted"", async function () { const [owner, addr1, addr2] = await ethers.getSigners(); const Factory = await ethers.getContractFactory(""ERCDDAToken""); const instance = await Factory.deploy(...constructorArgs); await instance.waitForDeployment(); }); });",False,False,"import { expect } from ""chai""; import { ethers } from ""hardhat"";  describe(""ERCDDAToken mutant m8ddb6827 test"", function () {   it(""should detect mutant that changed >= to <= in _transfer balance check"", async function () {     const [owner, addr1] = await ethers.getSigners();     const initialSupply = 1000;     const tokenName = ""TestToken"";     const tokenSymbol = ""TT"";          const Factory = await ethers.getContractFactory(""ERCDDAToken"");     const instance = await Factory.deploy(initialSupply, tokenName, tokenSymbol);     await instance.waitForDeployment();      // Transfer tokens from owner to addr1 first so addr1 has some balance     const transferAmount = 100;     await instance.transfer(addr1.address, transferAmount);      // Now addr1 has 100 tokens. Try to transfer 50 tokens (less than balance)     // This should succeed in original contract (balance 100 >= 50)     // But in mutant (balance 100 <= 50 is false), this should revert     await expect(       instance.connect(addr1).transfer(owner.address, 50)     ).to.be.reverted;   }); });","""['Error: syntax error']"""
m872333e5,ERCDDAToken,<generic-v6-scaffold>,_transfer,live, >= , == ,---|         require (balanceOf[_from] >= _value); +++|         require (balanceOf[_from] == _value);,36,Mutant m872333e5 of function _transfer replaces >= with ==,"pragma solidity ^0.8.0; contract ERCDDAToken { address public owner; string public name; string public symbol; uint8 public decimals = 0; uint256 public totalSupply; event Transfer(address indexed from, address indexed to, uint256 value); event FrozenFunds(address target, bool frozen); event Burn(address indexed from, uint256 value); mapping (address => uint256) public balanceOf; mapping (address => bool) public frozenAccount; function owned() public { require(msg.sender == owner, ""Only the current owner can change ownership""); } modifier onlyOwner { require(msg.sender == owner); _; } constructor( uint256 initialSupply, string memory tokenName, string memory tokenSymbol) public { owner = payable(msg.sender); totalSupply = initialSupply * 10 ** uint256(decimals); balanceOf[msg.sender] = totalSupply; name = tokenName; symbol = tokenSymbol; } function _transfer(address _from, address _to, uint _value) internal { require (_to != address(0)); require (balanceOf[_from] >= _value); require (balanceOf[_to] + _value >= balanceOf[_to]); require(!frozenAccount[_from]); require(!frozenAccount[_to]); balanceOf[_from] -= _value; balanceOf[_to] += _value; emit Transfer(_from, _to, _value); } function transfer(address _to, uint256 _value) public returns (bool success) { _transfer(msg.sender, _to, _value); return true; } function freezeAccount(address target, bool freeze)  public onlyOwner { frozenAccount[target] = freeze; emit FrozenFunds(target, freeze); } function burn(uint256 _value)  public onlyOwner returns (bool success) { require(balanceOf[msg.sender] >= _value); balanceOf[msg.sender] -= _value; totalSupply -= _value; emit Burn(msg.sender, _value); return true; } function mintToken(address target, uint256 mintedAmount)  public onlyOwner { balanceOf[target] += mintedAmount; totalSupply += mintedAmount; } }","import { expect } from ""chai""; import { ethers } from ""hardhat""; describe(""ERCDDAToken reference (ethers v6; deploy may require constructor arguments)"", function () { it(""deploy ERCDDAToken by supplying its REQUIRED constructor arguments (read them from the contract constructor), then call methods and assert; use ethers.parseEther, await (await tx).wait(), and expect(...).to.be.reverted"", async function () { const [owner, addr1, addr2] = await ethers.getSigners(); const Factory = await ethers.getContractFactory(""ERCDDAToken""); const instance = await Factory.deploy(...constructorArgs); await instance.waitForDeployment(); }); });",False,False,"import { expect } from ""chai""; import { ethers } from ""hardhat"";  describe(""ERCDDAToken mutant kill test - m872333e5"", function () {   it(""should kill mutant by transferring less than full balance (original requires >=, mutant requires ==)"", async function () {     const [owner, addr1] = await ethers.getSigners();          const initialSupply = 1000;     const tokenName = ""TestToken"";     const tokenSymbol = ""TT"";          const Factory = await ethers.getContractFactory(""ERCDDAToken"");     const instance = await Factory.deploy(initialSupply, tokenName, tokenSymbol);     await instance.waitForDeployment();          // Owner has 1000 tokens (initialSupply * 10^decimals, decimals=0)     const ownerBalance = await instance.balanceOf(owner.address);     expect(ownerBalance).to.equal(ethers.parseUnits(""1000"", 0));          // Transfer 100 tokens (less than full balance) - should succeed on original, fail on mutant     const transferAmount = ethers.parseUnits(""100"", 0);          // On original: require(balanceOf[_from] >= _value) => 1000 >= 100 => passes     // On mutant: require(balanceOf[_from] == _value) => 1000 == 100 => fails     await expect(       instance.connect(owner).transfer(addr1.address, transferAmount)     ).to.be.reverted;   }); });","""['Error: syntax error']"""
m085f1731,ERCDDAToken,<generic-v6-scaffold>,_transfer,live, >= ,  > ,---|         require (balanceOf[_to] + _value >= balanceOf[_to]); +++|         require (balanceOf[_to] + _value  > balanceOf[_to]);,37,Mutant m085f1731 of function _transfer replaces >= with >,"pragma solidity ^0.8.0; contract ERCDDAToken { address public owner; string public name; string public symbol; uint8 public decimals = 0; uint256 public totalSupply; event Transfer(address indexed from, address indexed to, uint256 value); event FrozenFunds(address target, bool frozen); event Burn(address indexed from, uint256 value); mapping (address => uint256) public balanceOf; mapping (address => bool) public frozenAccount; function owned() public { require(msg.sender == owner, ""Only the current owner can change ownership""); } modifier onlyOwner { require(msg.sender == owner); _; } constructor( uint256 initialSupply, string memory tokenName, string memory tokenSymbol) public { owner = payable(msg.sender); totalSupply = initialSupply * 10 ** uint256(decimals); balanceOf[msg.sender] = totalSupply; name = tokenName; symbol = tokenSymbol; } function _transfer(address _from, address _to, uint _value) internal { require (_to != address(0)); require (balanceOf[_from] >= _value); require (balanceOf[_to] + _value >= balanceOf[_to]); require(!frozenAccount[_from]); require(!frozenAccount[_to]); balanceOf[_from] -= _value; balanceOf[_to] += _value; emit Transfer(_from, _to, _value); } function transfer(address _to, uint256 _value) public returns (bool success) { _transfer(msg.sender, _to, _value); return true; } function freezeAccount(address target, bool freeze)  public onlyOwner { frozenAccount[target] = freeze; emit FrozenFunds(target, freeze); } function burn(uint256 _value)  public onlyOwner returns (bool success) { require(balanceOf[msg.sender] >= _value); balanceOf[msg.sender] -= _value; totalSupply -= _value; emit Burn(msg.sender, _value); return true; } function mintToken(address target, uint256 mintedAmount)  public onlyOwner { balanceOf[target] += mintedAmount; totalSupply += mintedAmount; } }","import { expect } from ""chai""; import { ethers } from ""hardhat""; describe(""ERCDDAToken reference (ethers v6; deploy may require constructor arguments)"", function () { it(""deploy ERCDDAToken by supplying its REQUIRED constructor arguments (read them from the contract constructor), then call methods and assert; use ethers.parseEther, await (await tx).wait(), and expect(...).to.be.reverted"", async function () { const [owner, addr1, addr2] = await ethers.getSigners(); const Factory = await ethers.getContractFactory(""ERCDDAToken""); const instance = await Factory.deploy(...constructorArgs); await instance.waitForDeployment(); }); });",False,False,"import { expect } from ""chai""; import { ethers } } from ""hardhat"";  describe(""ERCDDAToken mutant detection - overflow guard"", function () {   it(""should revert when transfer causes recipient balance overflow (detects mutant m085f1731)"", async function () {     const [owner, addr1, addr2] = await ethers.getSigners();          // Deploy with initial supply that allows overflow scenario     // We need to set up balances so that addr1 has enough tokens and addr2's balance is close to max uint256     const initialSupply = ethers.parseEther(""1000""); // 1000 tokens (18 decimals)     const Factory = await ethers.getContractFactory(""ERCDDAToken"");     const token = await Factory.deploy(initialSupply, ""TestToken"", ""TT"");     await token.waitForDeployment();      // First transfer some tokens to addr2 to bring its balance close to overflow     // We'll transfer enough so that adding _value causes uint256 overflow     const maxUint256 = ethers.MaxUint256;     const transferAmount1 = maxUint256 - ethers.parseEther(""1""); // Almost max uint256     // But we don't have that many tokens, so we need to mint first     // Mint tokens to owner to have enough     await token.mintToken(owner.address, maxUint256);          // Now transfer from owner to addr2 to set addr2's balance near max     await token.transfer(addr2.address, maxUint256 - ethers.parseEther(""1""));          // Now addr2's balance is maxUint256 - 1 ether     // Transfer 1 wei to addr1 so addr1 has tokens to send back     await token.transfer(addr1.address, ethers.parseEther(""1""));          // Now try to transfer from addr1 to addr2 an amount that will cause overflow     // addr2's balance = maxUint256 - 1e18, sending 2e18 should overflow     const overflowAmount = ethers.parseEther(""2"");          // This should revert in original contract due to overflow check     // The mutant would allow it (wrongly) because > instead of >=     await expect(       token.connect(addr1).transfer(addr2.address, overflowAmount)     ).to.be.reverted;   }); });","""['Error: syntax error']"""
m053469e8,ERCDDAToken,<generic-v6-scaffold>,_transfer,live, >= , <= ,---|         require (balanceOf[_to] + _value >= balanceOf[_to]); +++|         require (balanceOf[_to] + _value <= balanceOf[_to]);,37,Mutant m053469e8 of function _transfer replaces >= with <=,"pragma solidity ^0.8.0; contract ERCDDAToken { address public owner; string public name; string public symbol; uint8 public decimals = 0; uint256 public totalSupply; event Transfer(address indexed from, address indexed to, uint256 value); event FrozenFunds(address target, bool frozen); event Burn(address indexed from, uint256 value); mapping (address => uint256) public balanceOf; mapping (address => bool) public frozenAccount; function owned() public { require(msg.sender == owner, ""Only the current owner can change ownership""); } modifier onlyOwner { require(msg.sender == owner); _; } constructor( uint256 initialSupply, string memory tokenName, string memory tokenSymbol) public { owner = payable(msg.sender); totalSupply = initialSupply * 10 ** uint256(decimals); balanceOf[msg.sender] = totalSupply; name = tokenName; symbol = tokenSymbol; } function _transfer(address _from, address _to, uint _value) internal { require (_to != address(0)); require (balanceOf[_from] >= _value); require (balanceOf[_to] + _value >= balanceOf[_to]); require(!frozenAccount[_from]); require(!frozenAccount[_to]); balanceOf[_from] -= _value; balanceOf[_to] += _value; emit Transfer(_from, _to, _value); } function transfer(address _to, uint256 _value) public returns (bool success) { _transfer(msg.sender, _to, _value); return true; } function freezeAccount(address target, bool freeze)  public onlyOwner { frozenAccount[target] = freeze; emit FrozenFunds(target, freeze); } function burn(uint256 _value)  public onlyOwner returns (bool success) { require(balanceOf[msg.sender] >= _value); balanceOf[msg.sender] -= _value; totalSupply -= _value; emit Burn(msg.sender, _value); return true; } function mintToken(address target, uint256 mintedAmount)  public onlyOwner { balanceOf[target] += mintedAmount; totalSupply += mintedAmount; } }","import { expect } from ""chai""; import { ethers } from ""hardhat""; describe(""ERCDDAToken reference (ethers v6; deploy may require constructor arguments)"", function () { it(""deploy ERCDDAToken by supplying its REQUIRED constructor arguments (read them from the contract constructor), then call methods and assert; use ethers.parseEther, await (await tx).wait(), and expect(...).to.be.reverted"", async function () { const [owner, addr1, addr2] = await ethers.getSigners(); const Factory = await ethers.getContractFactory(""ERCDDAToken""); const instance = await Factory.deploy(...constructorArgs); await instance.waitForDeployment(); }); });",False,False,"import { expect } from ""chai""; import { ethers } from ""hardhat"";  describe(""ERCDDAToken reference (ethers v6; deploy may require constructor arguments)"", function () {   it(""should detect mutant m053469e8 by reverting on a normal transfer that increases recipient balance"", async function () {     const [owner, addr1] = await ethers.getSigners();     const Factory = await ethers.getContractFactory(""ERCDDAToken"");     const instance = await Factory.deploy(1000, ""TestToken"", ""TST"");     await instance.waitForDeployment();      // Transfer some tokens to addr1 first so they have a non-zero balance     await instance.transfer(addr1.address, 100);          // Now perform a transfer from owner to addr1 (who already has 100 tokens)     // This should succeed on original but revert on mutant due to <= check     await expect(       instance.transfer(addr1.address, 50)     ).to.be.reverted;   }); });","""['Error: syntax error']"""
mb18f934c,ERCDDAToken,<generic-v6-scaffold>,_transfer,live, >= , == ,---|         require (balanceOf[_to] + _value >= balanceOf[_to]); +++|         require (balanceOf[_to] + _value == balanceOf[_to]);,37,Mutant mb18f934c of function _transfer replaces >= with ==,"pragma solidity ^0.8.0; contract ERCDDAToken { address public owner; string public name; string public symbol; uint8 public decimals = 0; uint256 public totalSupply; event Transfer(address indexed from, address indexed to, uint256 value); event FrozenFunds(address target, bool frozen); event Burn(address indexed from, uint256 value); mapping (address => uint256) public balanceOf; mapping (address => bool) public frozenAccount; function owned() public { require(msg.sender == owner, ""Only the current owner can change ownership""); } modifier onlyOwner { require(msg.sender == owner); _; } constructor( uint256 initialSupply, string memory tokenName, string memory tokenSymbol) public { owner = payable(msg.sender); totalSupply = initialSupply * 10 ** uint256(decimals); balanceOf[msg.sender] = totalSupply; name = tokenName; symbol = tokenSymbol; } function _transfer(address _from, address _to, uint _value) internal { require (_to != address(0)); require (balanceOf[_from] >= _value); require (balanceOf[_to] + _value >= balanceOf[_to]); require(!frozenAccount[_from]); require(!frozenAccount[_to]); balanceOf[_from] -= _value; balanceOf[_to] += _value; emit Transfer(_from, _to, _value); } function transfer(address _to, uint256 _value) public returns (bool success) { _transfer(msg.sender, _to, _value); return true; } function freezeAccount(address target, bool freeze)  public onlyOwner { frozenAccount[target] = freeze; emit FrozenFunds(target, freeze); } function burn(uint256 _value)  public onlyOwner returns (bool success) { require(balanceOf[msg.sender] >= _value); balanceOf[msg.sender] -= _value; totalSupply -= _value; emit Burn(msg.sender, _value); return true; } function mintToken(address target, uint256 mintedAmount)  public onlyOwner { balanceOf[target] += mintedAmount; totalSupply += mintedAmount; } }","import { expect } from ""chai""; import { ethers } from ""hardhat""; describe(""ERCDDAToken reference (ethers v6; deploy may require constructor arguments)"", function () { it(""deploy ERCDDAToken by supplying its REQUIRED constructor arguments (read them from the contract constructor), then call methods and assert; use ethers.parseEther, await (await tx).wait(), and expect(...).to.be.reverted"", async function () { const [owner, addr1, addr2] = await ethers.getSigners(); const Factory = await ethers.getContractFactory(""ERCDDAToken""); const instance = await Factory.deploy(...constructorArgs); await instance.waitForDeployment(); }); });",False,False,"import { expect } from ""chai""; import { ethers } from ""hardhat"";  describe(""ERCDDAToken reference (ethers v6; deploy may require constructor arguments)"", function () {   it(""should detect mutant mb18f934c: transfer with positive value should succeed on original but fail on mutant"", async function () {     const [owner, addr1] = await ethers.getSigners();     const Factory = await ethers.getContractFactory(""ERCDDAToken"");     const initialSupply = 1000;     const tokenName = ""TestToken"";     const tokenSymbol = ""TT"";     const instance = await Factory.deploy(initialSupply, tokenName, tokenSymbol);     await instance.waitForDeployment();      // Get initial balance of addr1     const initialBalance = await instance.balanceOf(addr1.address);      // Perform a transfer with a positive value (not zero)     const transferValue = 100;     const tx = await instance.connect(owner).transfer(addr1.address, transferValue);     await tx.wait();      // Check that the transfer succeeded - addr1's balance should have increased     const finalBalance = await instance.balanceOf(addr1.address);     expect(finalBalance).to.equal(initialBalance + BigInt(transferValue));      // Additional check: owner's balance should have decreased     const ownerBalance = await instance.balanceOf(owner.address);     expect(ownerBalance).to.equal(BigInt(initialSupply * 10) - BigInt(transferValue));   }); });","""['Error: syntax error']"""
mcb9a6769,ERCDDAToken,<generic-v6-scaffold>,_transfer,live, + , - ,---|         require (balanceOf[_to] + _value >= balanceOf[_to]); +++|         require (balanceOf[_to] - _value >= balanceOf[_to]);,37,Mutant mcb9a6769 of function _transfer replaces + with -,"pragma solidity ^0.8.0; contract ERCDDAToken { address public owner; string public name; string public symbol; uint8 public decimals = 0; uint256 public totalSupply; event Transfer(address indexed from, address indexed to, uint256 value); event FrozenFunds(address target, bool frozen); event Burn(address indexed from, uint256 value); mapping (address => uint256) public balanceOf; mapping (address => bool) public frozenAccount; function owned() public { require(msg.sender == owner, ""Only the current owner can change ownership""); } modifier onlyOwner { require(msg.sender == owner); _; } constructor( uint256 initialSupply, string memory tokenName, string memory tokenSymbol) public { owner = payable(msg.sender); totalSupply = initialSupply * 10 ** uint256(decimals); balanceOf[msg.sender] = totalSupply; name = tokenName; symbol = tokenSymbol; } function _transfer(address _from, address _to, uint _value) internal { require (_to != address(0)); require (balanceOf[_from] >= _value); require (balanceOf[_to] + _value >= balanceOf[_to]); require(!frozenAccount[_from]); require(!frozenAccount[_to]); balanceOf[_from] -= _value; balanceOf[_to] += _value; emit Transfer(_from, _to, _value); } function transfer(address _to, uint256 _value) public returns (bool success) { _transfer(msg.sender, _to, _value); return true; } function freezeAccount(address target, bool freeze)  public onlyOwner { frozenAccount[target] = freeze; emit FrozenFunds(target, freeze); } function burn(uint256 _value)  public onlyOwner returns (bool success) { require(balanceOf[msg.sender] >= _value); balanceOf[msg.sender] -= _value; totalSupply -= _value; emit Burn(msg.sender, _value); return true; } function mintToken(address target, uint256 mintedAmount)  public onlyOwner { balanceOf[target] += mintedAmount; totalSupply += mintedAmount; } }","import { expect } from ""chai""; import { ethers } from ""hardhat""; describe(""ERCDDAToken reference (ethers v6; deploy may require constructor arguments)"", function () { it(""deploy ERCDDAToken by supplying its REQUIRED constructor arguments (read them from the contract constructor), then call methods and assert; use ethers.parseEther, await (await tx).wait(), and expect(...).to.be.reverted"", async function () { const [owner, addr1, addr2] = await ethers.getSigners(); const Factory = await ethers.getContractFactory(""ERCDDAToken""); const instance = await Factory.deploy(...constructorArgs); await instance.waitForDeployment(); }); });",False,False,"import { expect } from ""chai""; import { ethers } from ""hardhat"";  describe(""ERCDDAToken reference (ethers v6; deploy may require constructor arguments)"", function () {   it(""should detect mutant mcb9a6769: transfer should succeed when recipient has no tokens"", async function () {     const [owner, addr1, addr2] = await ethers.getSigners();     const initialSupply = 1000;     const tokenName = ""TestToken"";     const tokenSymbol = ""TT"";      const Factory = await ethers.getContractFactory(""ERCDDAToken"");     const instance = await Factory.deploy(initialSupply, tokenName, tokenSymbol);     await instance.waitForDeployment();      // Owner transfers 100 tokens to addr1     const transferAmount = 100;     const tx = await instance.connect(owner).transfer(addr1.address, transferAmount);     await tx.wait();      // Verify balances after transfer     const ownerBalance = await instance.balanceOf(owner.address);     const addr1Balance = await instance.balanceOf(addr1.address);      // Expected: owner lost 100 tokens, addr1 gained 100 tokens     expect(ownerBalance).to.equal(initialSupply - transferAmount);     expect(addr1Balance).to.equal(transferAmount);   }); });","""['Error: syntax error']"""
m073202b5,ERCDDAToken,<generic-v6-scaffold>,_transfer,live, + , * ,---|         require (balanceOf[_to] + _value >= balanceOf[_to]); +++|         require (balanceOf[_to] * _value >= balanceOf[_to]);,37,Mutant m073202b5 of function _transfer replaces + with *,"pragma solidity ^0.8.0; contract ERCDDAToken { address public owner; string public name; string public symbol; uint8 public decimals = 0; uint256 public totalSupply; event Transfer(address indexed from, address indexed to, uint256 value); event FrozenFunds(address target, bool frozen); event Burn(address indexed from, uint256 value); mapping (address => uint256) public balanceOf; mapping (address => bool) public frozenAccount; function owned() public { require(msg.sender == owner, ""Only the current owner can change ownership""); } modifier onlyOwner { require(msg.sender == owner); _; } constructor( uint256 initialSupply, string memory tokenName, string memory tokenSymbol) public { owner = payable(msg.sender); totalSupply = initialSupply * 10 ** uint256(decimals); balanceOf[msg.sender] = totalSupply; name = tokenName; symbol = tokenSymbol; } function _transfer(address _from, address _to, uint _value) internal { require (_to != address(0)); require (balanceOf[_from] >= _value); require (balanceOf[_to] + _value >= balanceOf[_to]); require(!frozenAccount[_from]); require(!frozenAccount[_to]); balanceOf[_from] -= _value; balanceOf[_to] += _value; emit Transfer(_from, _to, _value); } function transfer(address _to, uint256 _value) public returns (bool success) { _transfer(msg.sender, _to, _value); return true; } function freezeAccount(address target, bool freeze)  public onlyOwner { frozenAccount[target] = freeze; emit FrozenFunds(target, freeze); } function burn(uint256 _value)  public onlyOwner returns (bool success) { require(balanceOf[msg.sender] >= _value); balanceOf[msg.sender] -= _value; totalSupply -= _value; emit Burn(msg.sender, _value); return true; } function mintToken(address target, uint256 mintedAmount)  public onlyOwner { balanceOf[target] += mintedAmount; totalSupply += mintedAmount; } }","import { expect } from ""chai""; import { ethers } from ""hardhat""; describe(""ERCDDAToken reference (ethers v6; deploy may require constructor arguments)"", function () { it(""deploy ERCDDAToken by supplying its REQUIRED constructor arguments (read them from the contract constructor), then call methods and assert; use ethers.parseEther, await (await tx).wait(), and expect(...).to.be.reverted"", async function () { const [owner, addr1, addr2] = await ethers.getSigners(); const Factory = await ethers.getContractFactory(""ERCDDAToken""); const instance = await Factory.deploy(...constructorArgs); await instance.waitForDeployment(); }); });",False,False,"import { expect } from ""chai""; import { ethers } from ""hardhat"";  describe(""ERCDDAToken reference (ethers v6; deploy may require constructor arguments)"", function () {   it(""should revert when transferring 0 tokens to detect mutant m073202b5"", async function () {     const [owner, addr1] = await ethers.getSigners();     const initialSupply = 1000;     const tokenName = ""TestToken"";     const tokenSymbol = ""TT"";          const Factory = await ethers.getContractFactory(""ERCDDAToken"");     const instance = await Factory.deploy(initialSupply, tokenName, tokenSymbol);     await instance.waitForDeployment();      // In the original contract, transferring 0 tokens passes the addition check (balance + 0 >= balance)     // but in the mutant, the multiplication check (balance * 0 >= balance) becomes 0 >= balance, which     // reverts for any non-zero balance. So a 0-value transfer should succeed on original but fail on mutant.     await expect(       instance.connect(addr1).transfer(owner.address, 0)     ).to.not.be.reverted;   }); });","""['Error: syntax error']"""
m51cb43c0,ERCDDAToken,<generic-v6-scaffold>,burn,live, >= ,  > ,---|         require(balanceOf[msg.sender] >= _value); +++|         require(balanceOf[msg.sender]  > _value);,56,Mutant m51cb43c0 of function burn replaces >= with >,"pragma solidity ^0.8.0; contract ERCDDAToken { address public owner; string public name; string public symbol; uint8 public decimals = 0; uint256 public totalSupply; event Transfer(address indexed from, address indexed to, uint256 value); event FrozenFunds(address target, bool frozen); event Burn(address indexed from, uint256 value); mapping (address => uint256) public balanceOf; mapping (address => bool) public frozenAccount; function owned() public { require(msg.sender == owner, ""Only the current owner can change ownership""); } modifier onlyOwner { require(msg.sender == owner); _; } constructor( uint256 initialSupply, string memory tokenName, string memory tokenSymbol) public { owner = payable(msg.sender); totalSupply = initialSupply * 10 ** uint256(decimals); balanceOf[msg.sender] = totalSupply; name = tokenName; symbol = tokenSymbol; } function _transfer(address _from, address _to, uint _value) internal { require (_to != address(0)); require (balanceOf[_from] >= _value); require (balanceOf[_to] + _value >= balanceOf[_to]); require(!frozenAccount[_from]); require(!frozenAccount[_to]); balanceOf[_from] -= _value; balanceOf[_to] += _value; emit Transfer(_from, _to, _value); } function transfer(address _to, uint256 _value) public returns (bool success) { _transfer(msg.sender, _to, _value); return true; } function freezeAccount(address target, bool freeze)  public onlyOwner { frozenAccount[target] = freeze; emit FrozenFunds(target, freeze); } function burn(uint256 _value)  public onlyOwner returns (bool success) { require(balanceOf[msg.sender] >= _value); balanceOf[msg.sender] -= _value; totalSupply -= _value; emit Burn(msg.sender, _value); return true; } function mintToken(address target, uint256 mintedAmount)  public onlyOwner { balanceOf[target] += mintedAmount; totalSupply += mintedAmount; } }","import { expect } from ""chai""; import { ethers } from ""hardhat""; describe(""ERCDDAToken reference (ethers v6; deploy may require constructor arguments)"", function () { it(""deploy ERCDDAToken by supplying its REQUIRED constructor arguments (read them from the contract constructor), then call methods and assert; use ethers.parseEther, await (await tx).wait(), and expect(...).to.be.reverted"", async function () { const [owner, addr1, addr2] = await ethers.getSigners(); const Factory = await ethers.getContractFactory(""ERCDDAToken""); const instance = await Factory.deploy(...constructorArgs); await instance.waitForDeployment(); }); });",False,False,"import { expect } from ""chai""; import { ethers } from ""hardhat"";  describe(""ERCDDAToken mutant kill test - burn exact balance"", function () {   it(""should revert when burning amount equal to balance in mutant (but succeed in original)"", async function () {     const [owner] = await ethers.getSigners();          // Deploy with initial supply of 1000 tokens (decimals = 0)     const initialSupply = 1000;     const Factory = await ethers.getContractFactory(""ERCDDAToken"");     const instance = await Factory.deploy(initialSupply, ""TestToken"", ""TT"");     await instance.waitForDeployment();      // Get owner's balance (should be 1000)     const ownerBalance = await instance.balanceOf(owner.address);     expect(ownerBalance).to.equal(ethers.parseEther(""1000"")); // decimals=0, so 1000 tokens      // Attempt to burn the exact full balance     // In original: require(balanceOf[msg.sender] >= _value) -> passes     // In mutant: require(balanceOf[msg.sender] > _value) -> fails because 1000 > 1000 is false     await expect(       instance.burn(ownerBalance)     ).to.be.reverted;   }); });","""['Error: syntax error']"""
m3de9c150,ERCDDAToken,<generic-v6-scaffold>,burn,live, >= , <= ,---|         require(balanceOf[msg.sender] >= _value); +++|         require(balanceOf[msg.sender] <= _value);,56,Mutant m3de9c150 of function burn replaces >= with <=,"pragma solidity ^0.8.0; contract ERCDDAToken { address public owner; string public name; string public symbol; uint8 public decimals = 0; uint256 public totalSupply; event Transfer(address indexed from, address indexed to, uint256 value); event FrozenFunds(address target, bool frozen); event Burn(address indexed from, uint256 value); mapping (address => uint256) public balanceOf; mapping (address => bool) public frozenAccount; function owned() public { require(msg.sender == owner, ""Only the current owner can change ownership""); } modifier onlyOwner { require(msg.sender == owner); _; } constructor( uint256 initialSupply, string memory tokenName, string memory tokenSymbol) public { owner = payable(msg.sender); totalSupply = initialSupply * 10 ** uint256(decimals); balanceOf[msg.sender] = totalSupply; name = tokenName; symbol = tokenSymbol; } function _transfer(address _from, address _to, uint _value) internal { require (_to != address(0)); require (balanceOf[_from] >= _value); require (balanceOf[_to] + _value >= balanceOf[_to]); require(!frozenAccount[_from]); require(!frozenAccount[_to]); balanceOf[_from] -= _value; balanceOf[_to] += _value; emit Transfer(_from, _to, _value); } function transfer(address _to, uint256 _value) public returns (bool success) { _transfer(msg.sender, _to, _value); return true; } function freezeAccount(address target, bool freeze)  public onlyOwner { frozenAccount[target] = freeze; emit FrozenFunds(target, freeze); } function burn(uint256 _value)  public onlyOwner returns (bool success) { require(balanceOf[msg.sender] >= _value); balanceOf[msg.sender] -= _value; totalSupply -= _value; emit Burn(msg.sender, _value); return true; } function mintToken(address target, uint256 mintedAmount)  public onlyOwner { balanceOf[target] += mintedAmount; totalSupply += mintedAmount; } }","import { expect } from ""chai""; import { ethers } from ""hardhat""; describe(""ERCDDAToken reference (ethers v6; deploy may require constructor arguments)"", function () { it(""deploy ERCDDAToken by supplying its REQUIRED constructor arguments (read them from the contract constructor), then call methods and assert; use ethers.parseEther, await (await tx).wait(), and expect(...).to.be.reverted"", async function () { const [owner, addr1, addr2] = await ethers.getSigners(); const Factory = await ethers.getContractFactory(""ERCDDAToken""); const instance = await Factory.deploy(...constructorArgs); await instance.waitForDeployment(); }); });",False,False,"import { expect } from ""chai""; import { ethers } from ""hardhat"";  describe(""ERCDDAToken mutant m3de9c150 test"", function () {   it(""should kill mutant by burning amount less than caller's balance"", async function () {     const [owner] = await ethers.getSigners();          // Deploy with initial supply of 1000 tokens (decimals=0, so totalSupply = 1000)     const initialSupply = 1000;     const Factory = await ethers.getContractFactory(""ERCDDAToken"");     const instance = await Factory.deploy(initialSupply, ""TestToken"", ""TT"");     await instance.waitForDeployment();      // Owner has 1000 tokens after deployment     // Try to burn 100 tokens (less than owner's balance of 1000)     // Original: require(balanceOf[msg.sender] >= _value) -> 1000 >= 100 passes     // Mutant: require(balanceOf[msg.sender] <= _value) -> 1000 <= 100 fails     const burnAmount = 100;     await expect(       instance.connect(owner).burn(burnAmount)     ).to.not.be.reverted;          // Verify the burn actually happened (optional but good practice)     const balanceAfter = await instance.balanceOf(owner.address);     expect(balanceAfter).to.equal(initialSupply - burnAmount);   }); });","""['Error: syntax error']"""
m195765ab,ERCDDAToken,<generic-v6-scaffold>,burn,live, >= , == ,---|         require(balanceOf[msg.sender] >= _value); +++|         require(balanceOf[msg.sender] == _value);,56,Mutant m195765ab of function burn replaces >= with ==,"pragma solidity ^0.8.0; contract ERCDDAToken { address public owner; string public name; string public symbol; uint8 public decimals = 0; uint256 public totalSupply; event Transfer(address indexed from, address indexed to, uint256 value); event FrozenFunds(address target, bool frozen); event Burn(address indexed from, uint256 value); mapping (address => uint256) public balanceOf; mapping (address => bool) public frozenAccount; function owned() public { require(msg.sender == owner, ""Only the current owner can change ownership""); } modifier onlyOwner { require(msg.sender == owner); _; } constructor( uint256 initialSupply, string memory tokenName, string memory tokenSymbol) public { owner = payable(msg.sender); totalSupply = initialSupply * 10 ** uint256(decimals); balanceOf[msg.sender] = totalSupply; name = tokenName; symbol = tokenSymbol; } function _transfer(address _from, address _to, uint _value) internal { require (_to != address(0)); require (balanceOf[_from] >= _value); require (balanceOf[_to] + _value >= balanceOf[_to]); require(!frozenAccount[_from]); require(!frozenAccount[_to]); balanceOf[_from] -= _value; balanceOf[_to] += _value; emit Transfer(_from, _to, _value); } function transfer(address _to, uint256 _value) public returns (bool success) { _transfer(msg.sender, _to, _value); return true; } function freezeAccount(address target, bool freeze)  public onlyOwner { frozenAccount[target] = freeze; emit FrozenFunds(target, freeze); } function burn(uint256 _value)  public onlyOwner returns (bool success) { require(balanceOf[msg.sender] >= _value); balanceOf[msg.sender] -= _value; totalSupply -= _value; emit Burn(msg.sender, _value); return true; } function mintToken(address target, uint256 mintedAmount)  public onlyOwner { balanceOf[target] += mintedAmount; totalSupply += mintedAmount; } }","import { expect } from ""chai""; import { ethers } from ""hardhat""; describe(""ERCDDAToken reference (ethers v6; deploy may require constructor arguments)"", function () { it(""deploy ERCDDAToken by supplying its REQUIRED constructor arguments (read them from the contract constructor), then call methods and assert; use ethers.parseEther, await (await tx).wait(), and expect(...).to.be.reverted"", async function () { const [owner, addr1, addr2] = await ethers.getSigners(); const Factory = await ethers.getContractFactory(""ERCDDAToken""); const instance = await Factory.deploy(...constructorArgs); await instance.waitForDeployment(); }); });",False,False,"import { expect } from ""chai""; import { ethers } from ""hardhat"";  describe(""ERCDDAToken mutant m195765ab - burn with == instead of >="", function () {   it(""should revert when burning less than full balance (mutant requires exact equality)"", async function () {     const [owner, addr1] = await ethers.getSigners();     const initialSupply = 1000;     const Factory = await ethers.getContractFactory(""ERCDDAToken"");     const instance = await Factory.deploy(initialSupply, ""TestToken"", ""TST"");     await instance.waitForDeployment();      // Owner has full initial supply (1000 tokens)     const ownerBalance = await instance.balanceOf(owner.address);     expect(ownerBalance).to.equal(ethers.parseEther(""1000""));      // Attempt to burn only 100 tokens (less than full balance)     // Original: succeeds because 100 >= 100 is false, but 1000 >= 100 is true     // Mutant: reverts because 1000 == 100 is false     await expect(       instance.connect(owner).burn(ethers.parseEther(""100""))     ).to.be.reverted;   }); });","""['Error: syntax error']"""
m61a3c614,ERCDDAToken,<generic-v6-scaffold>,_transfer,live,"emit Transfer(_from, _to, _value);","/* emit Transfer(_from, _to, _value); */","---|         emit Transfer(_from, _to, _value); +++|",42,"Mutant m61a3c614 of function _transfer replaces emit Transfer(_from, _to, _value); with ","pragma solidity ^0.8.0; contract ERCDDAToken { address public owner; string public name; string public symbol; uint8 public decimals = 0; uint256 public totalSupply; event Transfer(address indexed from, address indexed to, uint256 value); event FrozenFunds(address target, bool frozen); event Burn(address indexed from, uint256 value); mapping (address => uint256) public balanceOf; mapping (address => bool) public frozenAccount; function owned() public { require(msg.sender == owner, ""Only the current owner can change ownership""); } modifier onlyOwner { require(msg.sender == owner); _; } constructor( uint256 initialSupply, string memory tokenName, string memory tokenSymbol) public { owner = payable(msg.sender); totalSupply = initialSupply * 10 ** uint256(decimals); balanceOf[msg.sender] = totalSupply; name = tokenName; symbol = tokenSymbol; } function _transfer(address _from, address _to, uint _value) internal { require (_to != address(0)); require (balanceOf[_from] >= _value); require (balanceOf[_to] + _value >= balanceOf[_to]); require(!frozenAccount[_from]); require(!frozenAccount[_to]); balanceOf[_from] -= _value; balanceOf[_to] += _value; emit Transfer(_from, _to, _value); } function transfer(address _to, uint256 _value) public returns (bool success) { _transfer(msg.sender, _to, _value); return true; } function freezeAccount(address target, bool freeze)  public onlyOwner { frozenAccount[target] = freeze; emit FrozenFunds(target, freeze); } function burn(uint256 _value)  public onlyOwner returns (bool success) { require(balanceOf[msg.sender] >= _value); balanceOf[msg.sender] -= _value; totalSupply -= _value; emit Burn(msg.sender, _value); return true; } function mintToken(address target, uint256 mintedAmount)  public onlyOwner { balanceOf[target] += mintedAmount; totalSupply += mintedAmount; } }","import { expect } from ""chai""; import { ethers } from ""hardhat""; describe(""ERCDDAToken reference (ethers v6; deploy may require constructor arguments)"", function () { it(""deploy ERCDDAToken by supplying its REQUIRED constructor arguments (read them from the contract constructor), then call methods and assert; use ethers.parseEther, await (await tx).wait(), and expect(...).to.be.reverted"", async function () { const [owner, addr1, addr2] = await ethers.getSigners(); const Factory = await ethers.getContractFactory(""ERCDDAToken""); const instance = await Factory.deploy(...constructorArgs); await instance.waitForDeployment(); }); });",False,False,"import { expect } from ""chai""; import { ethers } from ""hardhat"";  describe(""ERCDDAToken reference (ethers v6; deploy may require constructor arguments)"", function () {   it(""should emit Transfer event when _transfer is called, killing mutant m61a3c614"", async function () {     const [owner, addr1] = await ethers.getSigners();     const Factory = await ethers.getContractFactory(""ERCDDAToken"");     const initialSupply = 1000;     const tokenName = ""TestToken"";     const tokenSymbol = ""TST"";     const instance = await Factory.deploy(initialSupply, tokenName, tokenSymbol);     await instance.waitForDeployment();      const transferAmount = 100;     const tx = await instance.transfer(addr1.address, transferAmount);     const receipt = await tx.wait();      // Check that the Transfer event was emitted with correct parameters     await expect(tx)       .to.emit(instance, ""Transfer"")       .withArgs(owner.address, addr1.address, transferAmount);   }); });","""['Error: syntax error']"""
mc2c6a4dc,ERCDDAToken,<generic-v6-scaffold>,freezeAccount,live,"emit FrozenFunds(target, freeze);","/* emit FrozenFunds(target, freeze); */","---|         emit FrozenFunds(target, freeze); +++|",52,"Mutant mc2c6a4dc of function freezeAccount replaces emit FrozenFunds(target, freeze); with ","pragma solidity ^0.8.0; contract ERCDDAToken { address public owner; string public name; string public symbol; uint8 public decimals = 0; uint256 public totalSupply; event Transfer(address indexed from, address indexed to, uint256 value); event FrozenFunds(address target, bool frozen); event Burn(address indexed from, uint256 value); mapping (address => uint256) public balanceOf; mapping (address => bool) public frozenAccount; function owned() public { require(msg.sender == owner, ""Only the current owner can change ownership""); } modifier onlyOwner { require(msg.sender == owner); _; } constructor( uint256 initialSupply, string memory tokenName, string memory tokenSymbol) public { owner = payable(msg.sender); totalSupply = initialSupply * 10 ** uint256(decimals); balanceOf[msg.sender] = totalSupply; name = tokenName; symbol = tokenSymbol; } function _transfer(address _from, address _to, uint _value) internal { require (_to != address(0)); require (balanceOf[_from] >= _value); require (balanceOf[_to] + _value >= balanceOf[_to]); require(!frozenAccount[_from]); require(!frozenAccount[_to]); balanceOf[_from] -= _value; balanceOf[_to] += _value; emit Transfer(_from, _to, _value); } function transfer(address _to, uint256 _value) public returns (bool success) { _transfer(msg.sender, _to, _value); return true; } function freezeAccount(address target, bool freeze)  public onlyOwner { frozenAccount[target] = freeze; emit FrozenFunds(target, freeze); } function burn(uint256 _value)  public onlyOwner returns (bool success) { require(balanceOf[msg.sender] >= _value); balanceOf[msg.sender] -= _value; totalSupply -= _value; emit Burn(msg.sender, _value); return true; } function mintToken(address target, uint256 mintedAmount)  public onlyOwner { balanceOf[target] += mintedAmount; totalSupply += mintedAmount; } }","import { expect } from ""chai""; import { ethers } from ""hardhat""; describe(""ERCDDAToken reference (ethers v6; deploy may require constructor arguments)"", function () { it(""deploy ERCDDAToken by supplying its REQUIRED constructor arguments (read them from the contract constructor), then call methods and assert; use ethers.parseEther, await (await tx).wait(), and expect(...).to.be.reverted"", async function () { const [owner, addr1, addr2] = await ethers.getSigners(); const Factory = await ethers.getContractFactory(""ERCDDAToken""); const instance = await Factory.deploy(...constructorArgs); await instance.waitForDeployment(); }); });",False,False,"import { expect } from ""chai""; import { ethers } from ""hardhat"";  describe(""ERCDDAToken reference (ethers v6; deploy may require constructor arguments)"", function () {   it(""should emit FrozenFunds event when freezeAccount is called - kills mutant that removes event emission"", async function () {     const [owner, addr1] = await ethers.getSigners();     const Factory = await ethers.getContractFactory(""ERCDDAToken"");     const initialSupply = 1000;     const tokenName = ""TestToken"";     const tokenSymbol = ""TT"";     const instance = await Factory.deploy(initialSupply, tokenName, tokenSymbol);     await instance.waitForDeployment();      // Call freezeAccount to freeze addr1     const tx = await instance.connect(owner).freezeAccount(addr1.address, true);     const receipt = await tx.wait();      // Assert that the FrozenFunds event was emitted with correct parameters     await expect(tx)       .to.emit(instance, ""FrozenFunds"")       .withArgs(addr1.address, true);   }); });","""['Error: syntax error']"""
m47d8c138,ERCDDAToken,<generic-v6-scaffold>,burn,live,"emit Burn(msg.sender, _value);","/* emit Burn(msg.sender, _value); */","---|         emit Burn(msg.sender, _value); +++|",59,"Mutant m47d8c138 of function burn replaces emit Burn(msg.sender, _value); with ","pragma solidity ^0.8.0; contract ERCDDAToken { address public owner; string public name; string public symbol; uint8 public decimals = 0; uint256 public totalSupply; event Transfer(address indexed from, address indexed to, uint256 value); event FrozenFunds(address target, bool frozen); event Burn(address indexed from, uint256 value); mapping (address => uint256) public balanceOf; mapping (address => bool) public frozenAccount; function owned() public { require(msg.sender == owner, ""Only the current owner can change ownership""); } modifier onlyOwner { require(msg.sender == owner); _; } constructor( uint256 initialSupply, string memory tokenName, string memory tokenSymbol) public { owner = payable(msg.sender); totalSupply = initialSupply * 10 ** uint256(decimals); balanceOf[msg.sender] = totalSupply; name = tokenName; symbol = tokenSymbol; } function _transfer(address _from, address _to, uint _value) internal { require (_to != address(0)); require (balanceOf[_from] >= _value); require (balanceOf[_to] + _value >= balanceOf[_to]); require(!frozenAccount[_from]); require(!frozenAccount[_to]); balanceOf[_from] -= _value; balanceOf[_to] += _value; emit Transfer(_from, _to, _value); } function transfer(address _to, uint256 _value) public returns (bool success) { _transfer(msg.sender, _to, _value); return true; } function freezeAccount(address target, bool freeze)  public onlyOwner { frozenAccount[target] = freeze; emit FrozenFunds(target, freeze); } function burn(uint256 _value)  public onlyOwner returns (bool success) { require(balanceOf[msg.sender] >= _value); balanceOf[msg.sender] -= _value; totalSupply -= _value; emit Burn(msg.sender, _value); return true; } function mintToken(address target, uint256 mintedAmount)  public onlyOwner { balanceOf[target] += mintedAmount; totalSupply += mintedAmount; } }","import { expect } from ""chai""; import { ethers } from ""hardhat""; describe(""ERCDDAToken reference (ethers v6; deploy may require constructor arguments)"", function () { it(""deploy ERCDDAToken by supplying its REQUIRED constructor arguments (read them from the contract constructor), then call methods and assert; use ethers.parseEther, await (await tx).wait(), and expect(...).to.be.reverted"", async function () { const [owner, addr1, addr2] = await ethers.getSigners(); const Factory = await ethers.getContractFactory(""ERCDDAToken""); const instance = await Factory.deploy(...constructorArgs); await instance.waitForDeployment(); }); });",False,False,"import { expect } from ""chai""; import { ethers } from ""hardhat"";  describe(""ERCDDAToken reference (ethers v6; deploy may require constructor arguments)"", function () {   it(""should emit Burn event when burn is called by owner"", async function () {     const [owner, addr1] = await ethers.getSigners();     const Factory = await ethers.getContractFactory(""ERCDDAToken"");     const initialSupply = 1000;     const tokenName = ""TestToken"";     const tokenSymbol = ""TT"";     const instance = await Factory.deploy(initialSupply, tokenName, tokenSymbol);     await instance.waitForDeployment();      const burnAmount = 100;     const tx = await instance.connect(owner).burn(burnAmount);     const receipt = await tx.wait();      // Check that Burn event was emitted with correct parameters     await expect(tx)       .to.emit(instance, ""Burn"")       .withArgs(owner.address, burnAmount);   }); });","""['Error: syntax error']"""
mea73f135,ERCDDAToken,<generic-v6-scaffold>,owned,live,"require(msg.sender == owner, ""Only the current owner can change ownership"");","/* require(msg.sender == owner, ""Only the current owner can change ownership""); */","---|     require(msg.sender == owner, ""Only the current owner can change ownership""); +++|",17,"Mutant mea73f135 of function owned replaces require(msg.sender == owner, ""Only the current owner can change ownership""); with ","pragma solidity ^0.8.0; contract ERCDDAToken { address public owner; string public name; string public symbol; uint8 public decimals = 0; uint256 public totalSupply; event Transfer(address indexed from, address indexed to, uint256 value); event FrozenFunds(address target, bool frozen); event Burn(address indexed from, uint256 value); mapping (address => uint256) public balanceOf; mapping (address => bool) public frozenAccount; function owned() public { require(msg.sender == owner, ""Only the current owner can change ownership""); } modifier onlyOwner { require(msg.sender == owner); _; } constructor( uint256 initialSupply, string memory tokenName, string memory tokenSymbol) public { owner = payable(msg.sender); totalSupply = initialSupply * 10 ** uint256(decimals); balanceOf[msg.sender] = totalSupply; name = tokenName; symbol = tokenSymbol; } function _transfer(address _from, address _to, uint _value) internal { require (_to != address(0)); require (balanceOf[_from] >= _value); require (balanceOf[_to] + _value >= balanceOf[_to]); require(!frozenAccount[_from]); require(!frozenAccount[_to]); balanceOf[_from] -= _value; balanceOf[_to] += _value; emit Transfer(_from, _to, _value); } function transfer(address _to, uint256 _value) public returns (bool success) { _transfer(msg.sender, _to, _value); return true; } function freezeAccount(address target, bool freeze)  public onlyOwner { frozenAccount[target] = freeze; emit FrozenFunds(target, freeze); } function burn(uint256 _value)  public onlyOwner returns (bool success) { require(balanceOf[msg.sender] >= _value); balanceOf[msg.sender] -= _value; totalSupply -= _value; emit Burn(msg.sender, _value); return true; } function mintToken(address target, uint256 mintedAmount)  public onlyOwner { balanceOf[target] += mintedAmount; totalSupply += mintedAmount; } }","import { expect } from ""chai""; import { ethers } from ""hardhat""; describe(""ERCDDAToken reference (ethers v6; deploy may require constructor arguments)"", function () { it(""deploy ERCDDAToken by supplying its REQUIRED constructor arguments (read them from the contract constructor), then call methods and assert; use ethers.parseEther, await (await tx).wait(), and expect(...).to.be.reverted"", async function () { const [owner, addr1, addr2] = await ethers.getSigners(); const Factory = await ethers.getContractFactory(""ERCDDAToken""); const instance = await Factory.deploy(...constructorArgs); await instance.waitForDeployment(); }); });",False,False,"import { expect } from ""chai""; import { ethers } from ""hardhat"";  describe(""ERCDDAToken mutant mea73f135 test"", function () {   it(""should revert when non-owner calls owned() function"", async function () {     const [owner, addr1] = await ethers.getSigners();     const Factory = await ethers.getContractFactory(""ERCDDAToken"");     const instance = await Factory.deploy(1000, ""TestToken"", ""TTK"");     await instance.waitForDeployment();      // Attempt to call owned() from a non-owner address - should revert in original     await expect(       instance.connect(addr1).owned()     ).to.be.revertedWith(""Only the current owner can change ownership"");   }); });","""['Error: syntax error']"""
m5183008a,ERCDDAToken,<generic-v6-scaffold>,modifier:onlyOwner,live,require(msg.sender == owner);,/* require(msg.sender == owner); */,---|         require(msg.sender == owner); +++|,21,Mutant m5183008a of function modifier:onlyOwner replaces require(msg.sender == owner); with ,"pragma solidity ^0.8.0; contract ERCDDAToken { address public owner; string public name; string public symbol; uint8 public decimals = 0; uint256 public totalSupply; event Transfer(address indexed from, address indexed to, uint256 value); event FrozenFunds(address target, bool frozen); event Burn(address indexed from, uint256 value); mapping (address => uint256) public balanceOf; mapping (address => bool) public frozenAccount; function owned() public { require(msg.sender == owner, ""Only the current owner can change ownership""); } modifier onlyOwner { require(msg.sender == owner); _; } constructor( uint256 initialSupply, string memory tokenName, string memory tokenSymbol) public { owner = payable(msg.sender); totalSupply = initialSupply * 10 ** uint256(decimals); balanceOf[msg.sender] = totalSupply; name = tokenName; symbol = tokenSymbol; } function _transfer(address _from, address _to, uint _value) internal { require (_to != address(0)); require (balanceOf[_from] >= _value); require (balanceOf[_to] + _value >= balanceOf[_to]); require(!frozenAccount[_from]); require(!frozenAccount[_to]); balanceOf[_from] -= _value; balanceOf[_to] += _value; emit Transfer(_from, _to, _value); } function transfer(address _to, uint256 _value) public returns (bool success) { _transfer(msg.sender, _to, _value); return true; } function freezeAccount(address target, bool freeze)  public onlyOwner { frozenAccount[target] = freeze; emit FrozenFunds(target, freeze); } function burn(uint256 _value)  public onlyOwner returns (bool success) { require(balanceOf[msg.sender] >= _value); balanceOf[msg.sender] -= _value; totalSupply -= _value; emit Burn(msg.sender, _value); return true; } function mintToken(address target, uint256 mintedAmount)  public onlyOwner { balanceOf[target] += mintedAmount; totalSupply += mintedAmount; } }","import { expect } from ""chai""; import { ethers } from ""hardhat""; describe(""ERCDDAToken reference (ethers v6; deploy may require constructor arguments)"", function () { it(""deploy ERCDDAToken by supplying its REQUIRED constructor arguments (read them from the contract constructor), then call methods and assert; use ethers.parseEther, await (await tx).wait(), and expect(...).to.be.reverted"", async function () { const [owner, addr1, addr2] = await ethers.getSigners(); const Factory = await ethers.getContractFactory(""ERCDDAToken""); const instance = await Factory.deploy(...constructorArgs); await instance.waitForDeployment(); }); });",False,False,"import { expect } from ""chai""; import { ethers } from ""hardhat"";  describe(""ERCDDAToken reference (ethers v6; deploy may require constructor arguments)"", function () {   it(""should revert when non-owner calls onlyOwner function (detect mutant that removes require(msg.sender == owner))"", async function () {     const [owner, addr1] = await ethers.getSigners();     const Factory = await ethers.getContractFactory(""ERCDDAToken"");     const instance = await Factory.deploy(1000, ""TestToken"", ""TTK"");     await instance.waitForDeployment();      // Attempt to call freezeAccount (onlyOwner function) from a non-owner address     await expect(       instance.connect(addr1).freezeAccount(addr1.address, true)     ).to.be.reverted;   }); });","""['Error: syntax error']"""
mffbccf95,ERCDDAToken,<generic-v6-scaffold>,_transfer,live,require (_to != address(0));,/* require (_to != address(0)); */,---|         require (_to != address(0)); +++|,35,Mutant mffbccf95 of function _transfer replaces require (_to != address(0)); with ,"pragma solidity ^0.8.0; contract ERCDDAToken { address public owner; string public name; string public symbol; uint8 public decimals = 0; uint256 public totalSupply; event Transfer(address indexed from, address indexed to, uint256 value); event FrozenFunds(address target, bool frozen); event Burn(address indexed from, uint256 value); mapping (address => uint256) public balanceOf; mapping (address => bool) public frozenAccount; function owned() public { require(msg.sender == owner, ""Only the current owner can change ownership""); } modifier onlyOwner { require(msg.sender == owner); _; } constructor( uint256 initialSupply, string memory tokenName, string memory tokenSymbol) public { owner = payable(msg.sender); totalSupply = initialSupply * 10 ** uint256(decimals); balanceOf[msg.sender] = totalSupply; name = tokenName; symbol = tokenSymbol; } function _transfer(address _from, address _to, uint _value) internal { require (_to != address(0)); require (balanceOf[_from] >= _value); require (balanceOf[_to] + _value >= balanceOf[_to]); require(!frozenAccount[_from]); require(!frozenAccount[_to]); balanceOf[_from] -= _value; balanceOf[_to] += _value; emit Transfer(_from, _to, _value); } function transfer(address _to, uint256 _value) public returns (bool success) { _transfer(msg.sender, _to, _value); return true; } function freezeAccount(address target, bool freeze)  public onlyOwner { frozenAccount[target] = freeze; emit FrozenFunds(target, freeze); } function burn(uint256 _value)  public onlyOwner returns (bool success) { require(balanceOf[msg.sender] >= _value); balanceOf[msg.sender] -= _value; totalSupply -= _value; emit Burn(msg.sender, _value); return true; } function mintToken(address target, uint256 mintedAmount)  public onlyOwner { balanceOf[target] += mintedAmount; totalSupply += mintedAmount; } }","import { expect } from ""chai""; import { ethers } from ""hardhat""; describe(""ERCDDAToken reference (ethers v6; deploy may require constructor arguments)"", function () { it(""deploy ERCDDAToken by supplying its REQUIRED constructor arguments (read them from the contract constructor), then call methods and assert; use ethers.parseEther, await (await tx).wait(), and expect(...).to.be.reverted"", async function () { const [owner, addr1, addr2] = await ethers.getSigners(); const Factory = await ethers.getContractFactory(""ERCDDAToken""); const instance = await Factory.deploy(...constructorArgs); await instance.waitForDeployment(); }); });",False,False,"import { expect } from ""chai""; import { ethers } from ""hardhat"";  describe(""ERCDDAToken mutant mffbccf95 - transfer to zero address"", function () {   it(""should revert when transferring to zero address (address(0))"", async function () {     const [owner, addr1] = await ethers.getSigners();     const initialSupply = 1000;     const tokenName = ""TestToken"";     const tokenSymbol = ""TT"";      const Factory = await ethers.getContractFactory(""ERCDDAToken"");     const instance = await Factory.deploy(initialSupply, tokenName, tokenSymbol);     await instance.waitForDeployment();      // Transfer some tokens to addr1 first so we can test transfer from a non-owner     await instance.transfer(addr1.address, 100);          // Attempt to transfer from addr1 to zero address - should revert in original, but may succeed in mutant     await expect(       instance.connect(addr1).transfer(ethers.ZeroAddress, 50)     ).to.be.reverted;   }); });","""['Error: syntax error']"""
md21f04e1,ERCDDAToken,<generic-v6-scaffold>,_transfer,live,require (balanceOf[_from] >= _value);,/* require (balanceOf[_from] >= _value); */,---|         require (balanceOf[_from] >= _value); +++|,36,Mutant md21f04e1 of function _transfer replaces require (balanceOf[_from] >= _value); with ,"pragma solidity ^0.8.0; contract ERCDDAToken { address public owner; string public name; string public symbol; uint8 public decimals = 0; uint256 public totalSupply; event Transfer(address indexed from, address indexed to, uint256 value); event FrozenFunds(address target, bool frozen); event Burn(address indexed from, uint256 value); mapping (address => uint256) public balanceOf; mapping (address => bool) public frozenAccount; function owned() public { require(msg.sender == owner, ""Only the current owner can change ownership""); } modifier onlyOwner { require(msg.sender == owner); _; } constructor( uint256 initialSupply, string memory tokenName, string memory tokenSymbol) public { owner = payable(msg.sender); totalSupply = initialSupply * 10 ** uint256(decimals); balanceOf[msg.sender] = totalSupply; name = tokenName; symbol = tokenSymbol; } function _transfer(address _from, address _to, uint _value) internal { require (_to != address(0)); require (balanceOf[_from] >= _value); require (balanceOf[_to] + _value >= balanceOf[_to]); require(!frozenAccount[_from]); require(!frozenAccount[_to]); balanceOf[_from] -= _value; balanceOf[_to] += _value; emit Transfer(_from, _to, _value); } function transfer(address _to, uint256 _value) public returns (bool success) { _transfer(msg.sender, _to, _value); return true; } function freezeAccount(address target, bool freeze)  public onlyOwner { frozenAccount[target] = freeze; emit FrozenFunds(target, freeze); } function burn(uint256 _value)  public onlyOwner returns (bool success) { require(balanceOf[msg.sender] >= _value); balanceOf[msg.sender] -= _value; totalSupply -= _value; emit Burn(msg.sender, _value); return true; } function mintToken(address target, uint256 mintedAmount)  public onlyOwner { balanceOf[target] += mintedAmount; totalSupply += mintedAmount; } }","import { expect } from ""chai""; import { ethers } from ""hardhat""; describe(""ERCDDAToken reference (ethers v6; deploy may require constructor arguments)"", function () { it(""deploy ERCDDAToken by supplying its REQUIRED constructor arguments (read them from the contract constructor), then call methods and assert; use ethers.parseEther, await (await tx).wait(), and expect(...).to.be.reverted"", async function () { const [owner, addr1, addr2] = await ethers.getSigners(); const Factory = await ethers.getContractFactory(""ERCDDAToken""); const instance = await Factory.deploy(...constructorArgs); await instance.waitForDeployment(); }); });",False,False,"import { expect } from ""chai""; import { ethers } from ""hardhat"";  describe(""ERCDDAToken mutant kill test - md21f04e1"", function () {   it(""should revert when transferring more tokens than sender's balance"", async function () {     const [owner, addr1] = await ethers.getSigners();     const initialSupply = 1000;     const tokenName = ""TestToken"";     const tokenSymbol = ""TT"";          const Factory = await ethers.getContractFactory(""ERCDDAToken"");     const instance = await Factory.deploy(initialSupply, tokenName, tokenSymbol);     await instance.waitForDeployment();      // Transfer some tokens to addr1 so they have a balance     await instance.transfer(addr1.address, 100);          // Attempt to transfer more than addr1's balance (100) - should revert     await expect(       instance.connect(addr1).transfer(owner.address, 200)     ).to.be.reverted;   }); });","""['Error: syntax error']"""
m90f7e4d8,ERCDDAToken,<generic-v6-scaffold>,_transfer,live,require (balanceOf[_to] + _value >= balanceOf[_to]);,/* require (balanceOf[_to] + _value >= balanceOf[_to]); */,---|         require (balanceOf[_to] + _value >= balanceOf[_to]); +++|,37,Mutant m90f7e4d8 of function _transfer replaces require (balanceOf[_to] + _value >= balanceOf[_to]); with ,"pragma solidity ^0.8.0; contract ERCDDAToken { address public owner; string public name; string public symbol; uint8 public decimals = 0; uint256 public totalSupply; event Transfer(address indexed from, address indexed to, uint256 value); event FrozenFunds(address target, bool frozen); event Burn(address indexed from, uint256 value); mapping (address => uint256) public balanceOf; mapping (address => bool) public frozenAccount; function owned() public { require(msg.sender == owner, ""Only the current owner can change ownership""); } modifier onlyOwner { require(msg.sender == owner); _; } constructor( uint256 initialSupply, string memory tokenName, string memory tokenSymbol) public { owner = payable(msg.sender); totalSupply = initialSupply * 10 ** uint256(decimals); balanceOf[msg.sender] = totalSupply; name = tokenName; symbol = tokenSymbol; } function _transfer(address _from, address _to, uint _value) internal { require (_to != address(0)); require (balanceOf[_from] >= _value); require (balanceOf[_to] + _value >= balanceOf[_to]); require(!frozenAccount[_from]); require(!frozenAccount[_to]); balanceOf[_from] -= _value; balanceOf[_to] += _value; emit Transfer(_from, _to, _value); } function transfer(address _to, uint256 _value) public returns (bool success) { _transfer(msg.sender, _to, _value); return true; } function freezeAccount(address target, bool freeze)  public onlyOwner { frozenAccount[target] = freeze; emit FrozenFunds(target, freeze); } function burn(uint256 _value)  public onlyOwner returns (bool success) { require(balanceOf[msg.sender] >= _value); balanceOf[msg.sender] -= _value; totalSupply -= _value; emit Burn(msg.sender, _value); return true; } function mintToken(address target, uint256 mintedAmount)  public onlyOwner { balanceOf[target] += mintedAmount; totalSupply += mintedAmount; } }","import { expect } from ""chai""; import { ethers } from ""hardhat""; describe(""ERCDDAToken reference (ethers v6; deploy may require constructor arguments)"", function () { it(""deploy ERCDDAToken by supplying its REQUIRED constructor arguments (read them from the contract constructor), then call methods and assert; use ethers.parseEther, await (await tx).wait(), and expect(...).to.be.reverted"", async function () { const [owner, addr1, addr2] = await ethers.getSigners(); const Factory = await ethers.getContractFactory(""ERCDDAToken""); const instance = await Factory.deploy(...constructorArgs); await instance.waitForDeployment(); }); });",False,False,"import { expect } from ""chai""; import { ethers } from ""hardhat"";  describe(""ERCDDAToken mutant m90f7e4d8 - overflow check removal"", function () {   it(""should revert when transferring to an address with max uint256 balance to prevent overflow"", async function () {     const [owner, addr1, addr2] = await ethers.getSigners();          // Deploy with initial supply that allows enough tokens for testing     const initialSupply = ethers.parseUnits(""1000"", 0); // decimals = 0     const Factory = await ethers.getContractFactory(""ERCDDAToken"");     const instance = await Factory.deploy(initialSupply, ""TestToken"", ""TST"");     await instance.waitForDeployment();      // First, transfer a large amount to addr1 to set up the overflow condition     // We'll send enough tokens so addr1's balance becomes very high     const transferAmount = ethers.parseUnits(""1000"", 0);     await instance.connect(owner).transfer(addr1.address, transferAmount);          // Now set addr1's balance to max uint256 by minting (onlyOwner can mint)     // We need to mint to addr1 to get it to max uint256     const maxUint256 = ethers.MaxUint256;     const currentBalance = await instance.balanceOf(addr1.address);     const amountToMint = maxUint256 - currentBalance;          // Mint tokens to addr1 to push balance to max uint256     await instance.connect(owner).mintToken(addr1.address, amountToMint);          // Verify addr1's balance is now max uint256     expect(await instance.balanceOf(addr1.address)).to.equal(maxUint256);          // Now try to transfer from addr1 to addr2 with any positive amount     // This should revert because of the overflow check in the original contract     // The mutant removes this check, so the transaction would succeed incorrectly     await expect(       instance.connect(addr1).transfer(addr2.address, 1)     ).to.be.reverted;   }); });","""['Error: syntax error']"""
m2655b4a2,ERCDDAToken,<generic-v6-scaffold>,_transfer,live,require(!frozenAccount[_from]);,/* require(!frozenAccount[_from]); */,---|         require(!frozenAccount[_from]); +++|,38,Mutant m2655b4a2 of function _transfer replaces require(!frozenAccount[_from]); with ,"pragma solidity ^0.8.0; contract ERCDDAToken { address public owner; string public name; string public symbol; uint8 public decimals = 0; uint256 public totalSupply; event Transfer(address indexed from, address indexed to, uint256 value); event FrozenFunds(address target, bool frozen); event Burn(address indexed from, uint256 value); mapping (address => uint256) public balanceOf; mapping (address => bool) public frozenAccount; function owned() public { require(msg.sender == owner, ""Only the current owner can change ownership""); } modifier onlyOwner { require(msg.sender == owner); _; } constructor( uint256 initialSupply, string memory tokenName, string memory tokenSymbol) public { owner = payable(msg.sender); totalSupply = initialSupply * 10 ** uint256(decimals); balanceOf[msg.sender] = totalSupply; name = tokenName; symbol = tokenSymbol; } function _transfer(address _from, address _to, uint _value) internal { require (_to != address(0)); require (balanceOf[_from] >= _value); require (balanceOf[_to] + _value >= balanceOf[_to]); require(!frozenAccount[_from]); require(!frozenAccount[_to]); balanceOf[_from] -= _value; balanceOf[_to] += _value; emit Transfer(_from, _to, _value); } function transfer(address _to, uint256 _value) public returns (bool success) { _transfer(msg.sender, _to, _value); return true; } function freezeAccount(address target, bool freeze)  public onlyOwner { frozenAccount[target] = freeze; emit FrozenFunds(target, freeze); } function burn(uint256 _value)  public onlyOwner returns (bool success) { require(balanceOf[msg.sender] >= _value); balanceOf[msg.sender] -= _value; totalSupply -= _value; emit Burn(msg.sender, _value); return true; } function mintToken(address target, uint256 mintedAmount)  public onlyOwner { balanceOf[target] += mintedAmount; totalSupply += mintedAmount; } }","import { expect } from ""chai""; import { ethers } from ""hardhat""; describe(""ERCDDAToken reference (ethers v6; deploy may require constructor arguments)"", function () { it(""deploy ERCDDAToken by supplying its REQUIRED constructor arguments (read them from the contract constructor), then call methods and assert; use ethers.parseEther, await (await tx).wait(), and expect(...).to.be.reverted"", async function () { const [owner, addr1, addr2] = await ethers.getSigners(); const Factory = await ethers.getContractFactory(""ERCDDAToken""); const instance = await Factory.deploy(...constructorArgs); await instance.waitForDeployment(); }); });",False,False,"import { expect } from ""chai""; import { ethers } from ""hardhat"";  describe(""ERCDDAToken mutant kill test - m2655b4a2"", function () {   it(""should revert when frozen account tries to transfer (kills mutant that removes frozen check)"", async function () {     const [owner, addr1] = await ethers.getSigners();     const initialSupply = 1000;     const tokenName = ""TestToken"";     const tokenSymbol = ""TT"";      const Factory = await ethers.getContractFactory(""ERCDDAToken"");     const instance = await Factory.deploy(initialSupply, tokenName, tokenSymbol);     await instance.waitForDeployment();      // Owner freezes addr1's account     await instance.freezeAccount(addr1.address, true);      // Owner transfers some tokens to addr1 first so addr1 has balance to transfer     await instance.transfer(addr1.address, 100);      // Attempt to transfer from frozen addr1 account - should revert     await expect(       instance.connect(addr1).transfer(owner.address, 50)     ).to.be.reverted;   }); });","""['Error: syntax error']"""
m13bb4a40,ERCDDAToken,<generic-v6-scaffold>,_transfer,live,require(!frozenAccount[_to]);,/* require(!frozenAccount[_to]); */,---|         require(!frozenAccount[_to]); +++|,39,Mutant m13bb4a40 of function _transfer replaces require(!frozenAccount[_to]); with ,"pragma solidity ^0.8.0; contract ERCDDAToken { address public owner; string public name; string public symbol; uint8 public decimals = 0; uint256 public totalSupply; event Transfer(address indexed from, address indexed to, uint256 value); event FrozenFunds(address target, bool frozen); event Burn(address indexed from, uint256 value); mapping (address => uint256) public balanceOf; mapping (address => bool) public frozenAccount; function owned() public { require(msg.sender == owner, ""Only the current owner can change ownership""); } modifier onlyOwner { require(msg.sender == owner); _; } constructor( uint256 initialSupply, string memory tokenName, string memory tokenSymbol) public { owner = payable(msg.sender); totalSupply = initialSupply * 10 ** uint256(decimals); balanceOf[msg.sender] = totalSupply; name = tokenName; symbol = tokenSymbol; } function _transfer(address _from, address _to, uint _value) internal { require (_to != address(0)); require (balanceOf[_from] >= _value); require (balanceOf[_to] + _value >= balanceOf[_to]); require(!frozenAccount[_from]); require(!frozenAccount[_to]); balanceOf[_from] -= _value; balanceOf[_to] += _value; emit Transfer(_from, _to, _value); } function transfer(address _to, uint256 _value) public returns (bool success) { _transfer(msg.sender, _to, _value); return true; } function freezeAccount(address target, bool freeze)  public onlyOwner { frozenAccount[target] = freeze; emit FrozenFunds(target, freeze); } function burn(uint256 _value)  public onlyOwner returns (bool success) { require(balanceOf[msg.sender] >= _value); balanceOf[msg.sender] -= _value; totalSupply -= _value; emit Burn(msg.sender, _value); return true; } function mintToken(address target, uint256 mintedAmount)  public onlyOwner { balanceOf[target] += mintedAmount; totalSupply += mintedAmount; } }","import { expect } from ""chai""; import { ethers } from ""hardhat""; describe(""ERCDDAToken reference (ethers v6; deploy may require constructor arguments)"", function () { it(""deploy ERCDDAToken by supplying its REQUIRED constructor arguments (read them from the contract constructor), then call methods and assert; use ethers.parseEther, await (await tx).wait(), and expect(...).to.be.reverted"", async function () { const [owner, addr1, addr2] = await ethers.getSigners(); const Factory = await ethers.getContractFactory(""ERCDDAToken""); const instance = await Factory.deploy(...constructorArgs); await instance.waitForDeployment(); }); });",False,False,"import { expect } from ""chai""; import { ethers } from ""hardhat"";  describe(""ERCDDAToken mutant detection - m13bb4a40"", function () {   it(""should revert when transferring to a frozen account (mutant removed frozenAccount[_to] check)"", async function () {     const [owner, addr1, addr2] = await ethers.getSigners();     const initialSupply = 1000;     const tokenName = ""TestToken"";     const tokenSymbol = ""TT"";      const Factory = await ethers.getContractFactory(""ERCDDAToken"");     const instance = await Factory.deploy(initialSupply, tokenName, tokenSymbol);     await instance.waitForDeployment();      // First, transfer some tokens to addr1 so they have a balance to send     const transferAmount = 100;     await instance.transfer(addr1.address, transferAmount);      // Freeze addr2 (the recipient) - onlyOwner can do this     await instance.freezeAccount(addr2.address, true);      // Now attempt to transfer from addr1 to frozen addr2     // The original contract should revert; the mutant would allow it     await expect(       instance.connect(addr1).transfer(addr2.address, 50)     ).to.be.reverted;   }); });","""['Error: syntax error']"""
m2f925acf,ERCDDAToken,<generic-v6-scaffold>,burn,live,require(balanceOf[msg.sender] >= _value);,/* require(balanceOf[msg.sender] >= _value); */,---|         require(balanceOf[msg.sender] >= _value); +++|,56,Mutant m2f925acf of function burn replaces require(balanceOf[msg.sender] >= _value); with ,"pragma solidity ^0.8.0; contract ERCDDAToken { address public owner; string public name; string public symbol; uint8 public decimals = 0; uint256 public totalSupply; event Transfer(address indexed from, address indexed to, uint256 value); event FrozenFunds(address target, bool frozen); event Burn(address indexed from, uint256 value); mapping (address => uint256) public balanceOf; mapping (address => bool) public frozenAccount; function owned() public { require(msg.sender == owner, ""Only the current owner can change ownership""); } modifier onlyOwner { require(msg.sender == owner); _; } constructor( uint256 initialSupply, string memory tokenName, string memory tokenSymbol) public { owner = payable(msg.sender); totalSupply = initialSupply * 10 ** uint256(decimals); balanceOf[msg.sender] = totalSupply; name = tokenName; symbol = tokenSymbol; } function _transfer(address _from, address _to, uint _value) internal { require (_to != address(0)); require (balanceOf[_from] >= _value); require (balanceOf[_to] + _value >= balanceOf[_to]); require(!frozenAccount[_from]); require(!frozenAccount[_to]); balanceOf[_from] -= _value; balanceOf[_to] += _value; emit Transfer(_from, _to, _value); } function transfer(address _to, uint256 _value) public returns (bool success) { _transfer(msg.sender, _to, _value); return true; } function freezeAccount(address target, bool freeze)  public onlyOwner { frozenAccount[target] = freeze; emit FrozenFunds(target, freeze); } function burn(uint256 _value)  public onlyOwner returns (bool success) { require(balanceOf[msg.sender] >= _value); balanceOf[msg.sender] -= _value; totalSupply -= _value; emit Burn(msg.sender, _value); return true; } function mintToken(address target, uint256 mintedAmount)  public onlyOwner { balanceOf[target] += mintedAmount; totalSupply += mintedAmount; } }","import { expect } from ""chai""; import { ethers } from ""hardhat""; describe(""ERCDDAToken reference (ethers v6; deploy may require constructor arguments)"", function () { it(""deploy ERCDDAToken by supplying its REQUIRED constructor arguments (read them from the contract constructor), then call methods and assert; use ethers.parseEther, await (await tx).wait(), and expect(...).to.be.reverted"", async function () { const [owner, addr1, addr2] = await ethers.getSigners(); const Factory = await ethers.getContractFactory(""ERCDDAToken""); const instance = await Factory.deploy(...constructorArgs); await instance.waitForDeployment(); }); });",False,False,"import { expect } from ""chai""; import { ethers } from ""hardhat"";  describe(""ERCDDAToken reference (ethers v6; deploy may require constructor arguments)"", function () {   it(""should revert when owner tries to burn more tokens than their balance (kills mutant that removes balance check)"", async function () {     const [owner, addr1] = await ethers.getSigners();          // Deploy with initial supply of 100 tokens (decimals = 0)     const initialSupply = 100;     const Factory = await ethers.getContractFactory(""ERCDDAToken"");     const instance = await Factory.deploy(initialSupply, ""TestToken"", ""TTK"");     await instance.waitForDeployment();          // Owner has 100 tokens after deployment (initialSupply * 10^0 = 100)     // Attempt to burn 200 tokens (more than owner's balance)     // Original contract should revert due to require(balanceOf[msg.sender] >= _value)     // Mutant without the check should not revert (or revert with underflow in Solidity 0.8+)     await expect(       instance.connect(owner).burn(200)     ).to.be.reverted;   }); });","""['Error: syntax error']"""
m92de83e0,ERCDDAToken,<generic-v6-scaffold>,freezeAccount,live,"function freezeAccount(address target, bool freeze)  public onlyOwner ","function freezeAccount(address target, bool freeze)  public  ","---|     function freezeAccount(address target, bool freeze)  public onlyOwner { +++|     function freezeAccount(address target, bool freeze)  public  {",50,"Mutant m92de83e0 of function freezeAccount replaces function freezeAccount(address target, bool freeze)  public onlyOwner with function freezeAccount(address target, bool freeze)  public","pragma solidity ^0.8.0; contract ERCDDAToken { address public owner; string public name; string public symbol; uint8 public decimals = 0; uint256 public totalSupply; event Transfer(address indexed from, address indexed to, uint256 value); event FrozenFunds(address target, bool frozen); event Burn(address indexed from, uint256 value); mapping (address => uint256) public balanceOf; mapping (address => bool) public frozenAccount; function owned() public { require(msg.sender == owner, ""Only the current owner can change ownership""); } modifier onlyOwner { require(msg.sender == owner); _; } constructor( uint256 initialSupply, string memory tokenName, string memory tokenSymbol) public { owner = payable(msg.sender); totalSupply = initialSupply * 10 ** uint256(decimals); balanceOf[msg.sender] = totalSupply; name = tokenName; symbol = tokenSymbol; } function _transfer(address _from, address _to, uint _value) internal { require (_to != address(0)); require (balanceOf[_from] >= _value); require (balanceOf[_to] + _value >= balanceOf[_to]); require(!frozenAccount[_from]); require(!frozenAccount[_to]); balanceOf[_from] -= _value; balanceOf[_to] += _value; emit Transfer(_from, _to, _value); } function transfer(address _to, uint256 _value) public returns (bool success) { _transfer(msg.sender, _to, _value); return true; } function freezeAccount(address target, bool freeze)  public onlyOwner { frozenAccount[target] = freeze; emit FrozenFunds(target, freeze); } function burn(uint256 _value)  public onlyOwner returns (bool success) { require(balanceOf[msg.sender] >= _value); balanceOf[msg.sender] -= _value; totalSupply -= _value; emit Burn(msg.sender, _value); return true; } function mintToken(address target, uint256 mintedAmount)  public onlyOwner { balanceOf[target] += mintedAmount; totalSupply += mintedAmount; } }","import { expect } from ""chai""; import { ethers } from ""hardhat""; describe(""ERCDDAToken reference (ethers v6; deploy may require constructor arguments)"", function () { it(""deploy ERCDDAToken by supplying its REQUIRED constructor arguments (read them from the contract constructor), then call methods and assert; use ethers.parseEther, await (await tx).wait(), and expect(...).to.be.reverted"", async function () { const [owner, addr1, addr2] = await ethers.getSigners(); const Factory = await ethers.getContractFactory(""ERCDDAToken""); const instance = await Factory.deploy(...constructorArgs); await instance.waitForDeployment(); }); });",False,False,"import { expect } from ""chai""; import { ethers } from ""hardhat"";  describe(""ERCDDAToken mutant test - freezeAccount without onlyOwner"", function () {   it(""should revert when non-owner tries to freeze account (kills mutant)"", async function () {     const [owner, addr1, addr2] = await ethers.getSigners();          // Deploy with constructor arguments: initialSupply, name, symbol     const Factory = await ethers.getContractFactory(""ERCDDAToken"");     const instance = await Factory.deploy(1000, ""TestToken"", ""TTK"");     await instance.waitForDeployment();      // Attempt to call freezeAccount from a non-owner address     // The original contract reverts due to onlyOwner modifier; mutant allows it     await expect(       instance.connect(addr1).freezeAccount(addr2.address, true)     ).to.be.reverted;   }); });","""['Error: syntax error']"""
me1a23bfb,ERCDDAToken,<generic-v6-scaffold>,burn,live,function burn(uint256 _value)  public onlyOwner returns (bool success) ,function burn(uint256 _value)  public  returns (bool success) ,---|     function burn(uint256 _value)  public onlyOwner returns (bool success) { +++|     function burn(uint256 _value)  public  returns (bool success) {,55,Mutant me1a23bfb of function burn replaces function burn(uint256 _value)  public onlyOwner returns (bool success) with function burn(uint256 _value)  public  returns (bool success),"pragma solidity ^0.8.0; contract ERCDDAToken { address public owner; string public name; string public symbol; uint8 public decimals = 0; uint256 public totalSupply; event Transfer(address indexed from, address indexed to, uint256 value); event FrozenFunds(address target, bool frozen); event Burn(address indexed from, uint256 value); mapping (address => uint256) public balanceOf; mapping (address => bool) public frozenAccount; function owned() public { require(msg.sender == owner, ""Only the current owner can change ownership""); } modifier onlyOwner { require(msg.sender == owner); _; } constructor( uint256 initialSupply, string memory tokenName, string memory tokenSymbol) public { owner = payable(msg.sender); totalSupply = initialSupply * 10 ** uint256(decimals); balanceOf[msg.sender] = totalSupply; name = tokenName; symbol = tokenSymbol; } function _transfer(address _from, address _to, uint _value) internal { require (_to != address(0)); require (balanceOf[_from] >= _value); require (balanceOf[_to] + _value >= balanceOf[_to]); require(!frozenAccount[_from]); require(!frozenAccount[_to]); balanceOf[_from] -= _value; balanceOf[_to] += _value; emit Transfer(_from, _to, _value); } function transfer(address _to, uint256 _value) public returns (bool success) { _transfer(msg.sender, _to, _value); return true; } function freezeAccount(address target, bool freeze)  public onlyOwner { frozenAccount[target] = freeze; emit FrozenFunds(target, freeze); } function burn(uint256 _value)  public onlyOwner returns (bool success) { require(balanceOf[msg.sender] >= _value); balanceOf[msg.sender] -= _value; totalSupply -= _value; emit Burn(msg.sender, _value); return true; } function mintToken(address target, uint256 mintedAmount)  public onlyOwner { balanceOf[target] += mintedAmount; totalSupply += mintedAmount; } }","import { expect } from ""chai""; import { ethers } from ""hardhat""; describe(""ERCDDAToken reference (ethers v6; deploy may require constructor arguments)"", function () { it(""deploy ERCDDAToken by supplying its REQUIRED constructor arguments (read them from the contract constructor), then call methods and assert; use ethers.parseEther, await (await tx).wait(), and expect(...).to.be.reverted"", async function () { const [owner, addr1, addr2] = await ethers.getSigners(); const Factory = await ethers.getContractFactory(""ERCDDAToken""); const instance = await Factory.deploy(...constructorArgs); await instance.waitForDeployment(); }); });",False,False,"import { expect } from ""chai""; import { ethers } from ""hardhat"";  describe(""ERCDDAToken reference (ethers v6; deploy may require constructor arguments)"", function () {   it(""should revert when non-owner calls burn (mutant removes onlyOwner modifier)"", async function () {     const [owner, addr1] = await ethers.getSigners();     const initialSupply = 1000;     const tokenName = ""TestToken"";     const tokenSymbol = ""TT"";          const Factory = await ethers.getContractFactory(""ERCDDAToken"");     const instance = await Factory.deploy(initialSupply, tokenName, tokenSymbol);     await instance.waitForDeployment();      // Transfer some tokens to addr1 so they have a balance to burn     const transferAmount = 100;     await instance.connect(owner).transfer(addr1.address, transferAmount);      // Attempt to call burn from non-owner address (should revert in original)     await expect(       instance.connect(addr1).burn(50)     ).to.be.reverted;   }); });","""['Error: syntax error']"""
mf4353307,ERCDDAToken,<generic-v6-scaffold>,mintToken,live,"function mintToken(address target, uint256 mintedAmount)  public onlyOwner ","function mintToken(address target, uint256 mintedAmount)  public  ","---| 	function mintToken(address target, uint256 mintedAmount)  public onlyOwner { +++| 	function mintToken(address target, uint256 mintedAmount)  public  {",63,"Mutant mf4353307 of function mintToken replaces function mintToken(address target, uint256 mintedAmount)  public onlyOwner with function mintToken(address target, uint256 mintedAmount)  public","pragma solidity ^0.8.0; contract ERCDDAToken { address public owner; string public name; string public symbol; uint8 public decimals = 0; uint256 public totalSupply; event Transfer(address indexed from, address indexed to, uint256 value); event FrozenFunds(address target, bool frozen); event Burn(address indexed from, uint256 value); mapping (address => uint256) public balanceOf; mapping (address => bool) public frozenAccount; function owned() public { require(msg.sender == owner, ""Only the current owner can change ownership""); } modifier onlyOwner { require(msg.sender == owner); _; } constructor( uint256 initialSupply, string memory tokenName, string memory tokenSymbol) public { owner = payable(msg.sender); totalSupply = initialSupply * 10 ** uint256(decimals); balanceOf[msg.sender] = totalSupply; name = tokenName; symbol = tokenSymbol; } function _transfer(address _from, address _to, uint _value) internal { require (_to != address(0)); require (balanceOf[_from] >= _value); require (balanceOf[_to] + _value >= balanceOf[_to]); require(!frozenAccount[_from]); require(!frozenAccount[_to]); balanceOf[_from] -= _value; balanceOf[_to] += _value; emit Transfer(_from, _to, _value); } function transfer(address _to, uint256 _value) public returns (bool success) { _transfer(msg.sender, _to, _value); return true; } function freezeAccount(address target, bool freeze)  public onlyOwner { frozenAccount[target] = freeze; emit FrozenFunds(target, freeze); } function burn(uint256 _value)  public onlyOwner returns (bool success) { require(balanceOf[msg.sender] >= _value); balanceOf[msg.sender] -= _value; totalSupply -= _value; emit Burn(msg.sender, _value); return true; } function mintToken(address target, uint256 mintedAmount)  public onlyOwner { balanceOf[target] += mintedAmount; totalSupply += mintedAmount; } }","import { expect } from ""chai""; import { ethers } from ""hardhat""; describe(""ERCDDAToken reference (ethers v6; deploy may require constructor arguments)"", function () { it(""deploy ERCDDAToken by supplying its REQUIRED constructor arguments (read them from the contract constructor), then call methods and assert; use ethers.parseEther, await (await tx).wait(), and expect(...).to.be.reverted"", async function () { const [owner, addr1, addr2] = await ethers.getSigners(); const Factory = await ethers.getContractFactory(""ERCDDAToken""); const instance = await Factory.deploy(...constructorArgs); await instance.waitForDeployment(); }); });",False,False,"import { expect } from ""chai""; import { ethers } from ""hardhat"";  describe(""ERCDDAToken mutant test - mintToken modifier removal"", function () {   it(""should revert when non-owner calls mintToken"", async function () {     const [owner, addr1] = await ethers.getSigners();     const initialSupply = 1000;     const tokenName = ""TestToken"";     const tokenSymbol = ""TST"";          const Factory = await ethers.getContractFactory(""ERCDDAToken"");     const instance = await Factory.deploy(initialSupply, tokenName, tokenSymbol);     await instance.waitForDeployment();      // Attempt to call mintToken from a non-owner address - should revert in original, succeed in mutant     await expect(       instance.connect(addr1).mintToken(addr1.address, 100)     ).to.be.reverted;   }); });","""['Error: syntax error']"""
m7cc062c3,ERCDDAToken,<generic-v6-scaffold>,transfer,live,return true;,/* return true; */,---|         return true; +++|,47,Mutant m7cc062c3 of function transfer replaces return true; with ,"pragma solidity ^0.8.0; contract ERCDDAToken { address public owner; string public name; string public symbol; uint8 public decimals = 0; uint256 public totalSupply; event Transfer(address indexed from, address indexed to, uint256 value); event FrozenFunds(address target, bool frozen); event Burn(address indexed from, uint256 value); mapping (address => uint256) public balanceOf; mapping (address => bool) public frozenAccount; function owned() public { require(msg.sender == owner, ""Only the current owner can change ownership""); } modifier onlyOwner { require(msg.sender == owner); _; } constructor( uint256 initialSupply, string memory tokenName, string memory tokenSymbol) public { owner = payable(msg.sender); totalSupply = initialSupply * 10 ** uint256(decimals); balanceOf[msg.sender] = totalSupply; name = tokenName; symbol = tokenSymbol; } function _transfer(address _from, address _to, uint _value) internal { require (_to != address(0)); require (balanceOf[_from] >= _value); require (balanceOf[_to] + _value >= balanceOf[_to]); require(!frozenAccount[_from]); require(!frozenAccount[_to]); balanceOf[_from] -= _value; balanceOf[_to] += _value; emit Transfer(_from, _to, _value); } function transfer(address _to, uint256 _value) public returns (bool success) { _transfer(msg.sender, _to, _value); return true; } function freezeAccount(address target, bool freeze)  public onlyOwner { frozenAccount[target] = freeze; emit FrozenFunds(target, freeze); } function burn(uint256 _value)  public onlyOwner returns (bool success) { require(balanceOf[msg.sender] >= _value); balanceOf[msg.sender] -= _value; totalSupply -= _value; emit Burn(msg.sender, _value); return true; } function mintToken(address target, uint256 mintedAmount)  public onlyOwner { balanceOf[target] += mintedAmount; totalSupply += mintedAmount; } }","import { expect } from ""chai""; import { ethers } from ""hardhat""; describe(""ERCDDAToken reference (ethers v6; deploy may require constructor arguments)"", function () { it(""deploy ERCDDAToken by supplying its REQUIRED constructor arguments (read them from the contract constructor), then call methods and assert; use ethers.parseEther, await (await tx).wait(), and expect(...).to.be.reverted"", async function () { const [owner, addr1, addr2] = await ethers.getSigners(); const Factory = await ethers.getContractFactory(""ERCDDAToken""); const instance = await Factory.deploy(...constructorArgs); await instance.waitForDeployment(); }); });",False,False,"import { expect } from ""chai""; import { ethers } from ""hardhat"";  describe(""ERCDDAToken mutant test - m7cc062c3"", function () {   it(""should detect removal of return value in transfer function"", async function () {     const [owner, addr1] = await ethers.getSigners();     const initialSupply = 1000;     const tokenName = ""TestToken"";     const tokenSymbol = ""TT"";          const Factory = await ethers.getContractFactory(""ERCDDAToken"");     const instance = await Factory.deploy(initialSupply, tokenName, tokenSymbol);     await instance.waitForDeployment();      // Transfer tokens and verify the return value is true     const transferAmount = 100;     const tx = await instance.transfer(addr1.address, transferAmount);     const result = await tx.wait();          // The original contract returns true, the mutant removes return value     // causing it to return false (default boolean)     const returnValue = await instance.transfer.staticCall(owner.address, addr1.address, transferAmount);     expect(returnValue).to.equal(true);   }); });","""['Error: syntax error']"""
m81d0d710,ERCDDAToken,<generic-v6-scaffold>,burn,live,return true;,/* return true; */,---|         return true; +++|,60,Mutant m81d0d710 of function burn replaces return true; with ,"pragma solidity ^0.8.0; contract ERCDDAToken { address public owner; string public name; string public symbol; uint8 public decimals = 0; uint256 public totalSupply; event Transfer(address indexed from, address indexed to, uint256 value); event FrozenFunds(address target, bool frozen); event Burn(address indexed from, uint256 value); mapping (address => uint256) public balanceOf; mapping (address => bool) public frozenAccount; function owned() public { require(msg.sender == owner, ""Only the current owner can change ownership""); } modifier onlyOwner { require(msg.sender == owner); _; } constructor( uint256 initialSupply, string memory tokenName, string memory tokenSymbol) public { owner = payable(msg.sender); totalSupply = initialSupply * 10 ** uint256(decimals); balanceOf[msg.sender] = totalSupply; name = tokenName; symbol = tokenSymbol; } function _transfer(address _from, address _to, uint _value) internal { require (_to != address(0)); require (balanceOf[_from] >= _value); require (balanceOf[_to] + _value >= balanceOf[_to]); require(!frozenAccount[_from]); require(!frozenAccount[_to]); balanceOf[_from] -= _value; balanceOf[_to] += _value; emit Transfer(_from, _to, _value); } function transfer(address _to, uint256 _value) public returns (bool success) { _transfer(msg.sender, _to, _value); return true; } function freezeAccount(address target, bool freeze)  public onlyOwner { frozenAccount[target] = freeze; emit FrozenFunds(target, freeze); } function burn(uint256 _value)  public onlyOwner returns (bool success) { require(balanceOf[msg.sender] >= _value); balanceOf[msg.sender] -= _value; totalSupply -= _value; emit Burn(msg.sender, _value); return true; } function mintToken(address target, uint256 mintedAmount)  public onlyOwner { balanceOf[target] += mintedAmount; totalSupply += mintedAmount; } }","import { expect } from ""chai""; import { ethers } from ""hardhat""; describe(""ERCDDAToken reference (ethers v6; deploy may require constructor arguments)"", function () { it(""deploy ERCDDAToken by supplying its REQUIRED constructor arguments (read them from the contract constructor), then call methods and assert; use ethers.parseEther, await (await tx).wait(), and expect(...).to.be.reverted"", async function () { const [owner, addr1, addr2] = await ethers.getSigners(); const Factory = await ethers.getContractFactory(""ERCDDAToken""); const instance = await Factory.deploy(...constructorArgs); await instance.waitForDeployment(); }); });",False,False,"import { expect } from ""chai""; import { ethers } from ""hardhat"";  describe(""ERCDDAToken mutant m81d0d710 test"", function () {   it(""should return true when burn is called successfully by owner"", async function () {     const [owner] = await ethers.getSigners();     const initialSupply = 1000;     const tokenName = ""TestToken"";     const tokenSymbol = ""TT"";          const Factory = await ethers.getContractFactory(""ERCDDAToken"");     const instance = await Factory.deploy(initialSupply, tokenName, tokenSymbol);     await instance.waitForDeployment();          const burnAmount = 100;     const result = await instance.burn(burnAmount);          expect(result).to.not.be.reverted;     const receipt = await result.wait();          // Check that the function returned true by examining the transaction     const burnTx = await instance.burn.staticCall(burnAmount);     expect(burnTx).to.equal(true);   }); });","""['Error: syntax error']"""
