Mutant_id,Contract_id,Test_id,Function_name,Status,Original,Replacement,Diff,StartLine,Details,Contract_Context,Test_Context,Test_Generated,KilledByLLM,Generated_test,Test_errors
m3066fa16,ERCDDAToken,<generic-v6-scaffold>,owned,killed, == , != ,"---|     require(msg.sender == owner, ""Only the current owner can change ownership""); +++|     require(msg.sender != owner, ""Only the current owner can change ownership"");",17,Mutant m3066fa16 of function owned replaces == with !=,"pragma solidity ^0.8.0; contract ERCDDAToken { address public owner; string public name; string public symbol; uint8 public decimals = 0; uint256 public totalSupply; event Transfer(address indexed from, address indexed to, uint256 value); event FrozenFunds(address target, bool frozen); event Burn(address indexed from, uint256 value); mapping (address => uint256) public balanceOf; mapping (address => bool) public frozenAccount; function owned() public { require(msg.sender == owner, ""Only the current owner can change ownership""); } modifier onlyOwner { require(msg.sender == owner); _; } constructor( uint256 initialSupply, string memory tokenName, string memory tokenSymbol) public { owner = payable(msg.sender); totalSupply = initialSupply * 10 ** uint256(decimals); balanceOf[msg.sender] = totalSupply; name = tokenName; symbol = tokenSymbol; } function _transfer(address _from, address _to, uint _value) internal { require (_to != address(0)); require (balanceOf[_from] >= _value); require (balanceOf[_to] + _value >= balanceOf[_to]); require(!frozenAccount[_from]); require(!frozenAccount[_to]); balanceOf[_from] -= _value; balanceOf[_to] += _value; emit Transfer(_from, _to, _value); } function transfer(address _to, uint256 _value) public returns (bool success) { _transfer(msg.sender, _to, _value); return true; } function freezeAccount(address target, bool freeze)  public onlyOwner { frozenAccount[target] = freeze; emit FrozenFunds(target, freeze); } function burn(uint256 _value)  public onlyOwner returns (bool success) { require(balanceOf[msg.sender] >= _value); balanceOf[msg.sender] -= _value; totalSupply -= _value; emit Burn(msg.sender, _value); return true; } function mintToken(address target, uint256 mintedAmount)  public onlyOwner { balanceOf[target] += mintedAmount; totalSupply += mintedAmount; } }","import { expect } from ""chai""; import { ethers } from ""hardhat""; describe(""ERCDDAToken reference (ethers v6; deploy may require constructor arguments)"", function () { it(""deploy ERCDDAToken by supplying its REQUIRED constructor arguments (read them from the contract constructor), then call methods and assert; use ethers.parseEther, await (await tx).wait(), and expect(...).to.be.reverted"", async function () { const [owner, addr1, addr2] = await ethers.getSigners(); const Factory = await ethers.getContractFactory(""ERCDDAToken""); const instance = await Factory.deploy(...constructorArgs); await instance.waitForDeployment(); }); });",False,True,"import { expect } from ""chai""; import { ethers } from ""hardhat"";  describe(""ERCDDAToken mutant detection - owned function"", function () {   it(""should detect mutant m3066fa16 by calling owned() from owner and expecting no revert"", async function () {     const [owner] = await ethers.getSigners();     const Factory = await ethers.getContractFactory(""ERCDDAToken"");     const instance = await Factory.deploy(       1000,       ""TestToken"",       ""TTK""     );     await instance.waitForDeployment();      // In the original contract, owned() should succeed when called by owner     // In the mutant, require(msg.sender != owner) causes revert when called by owner     await expect(instance.owned()).to.not.be.reverted;   }); });",compiled correctly
m5552774e,ERCDDAToken,<generic-v6-scaffold>,modifier:onlyOwner,live, == , != ,---|         require(msg.sender == owner); +++|         require(msg.sender != owner);,21,Mutant m5552774e of function modifier:onlyOwner replaces == with !=,"pragma solidity ^0.8.0; contract ERCDDAToken { address public owner; string public name; string public symbol; uint8 public decimals = 0; uint256 public totalSupply; event Transfer(address indexed from, address indexed to, uint256 value); event FrozenFunds(address target, bool frozen); event Burn(address indexed from, uint256 value); mapping (address => uint256) public balanceOf; mapping (address => bool) public frozenAccount; function owned() public { require(msg.sender == owner, ""Only the current owner can change ownership""); } modifier onlyOwner { require(msg.sender == owner); _; } constructor( uint256 initialSupply, string memory tokenName, string memory tokenSymbol) public { owner = payable(msg.sender); totalSupply = initialSupply * 10 ** uint256(decimals); balanceOf[msg.sender] = totalSupply; name = tokenName; symbol = tokenSymbol; } function _transfer(address _from, address _to, uint _value) internal { require (_to != address(0)); require (balanceOf[_from] >= _value); require (balanceOf[_to] + _value >= balanceOf[_to]); require(!frozenAccount[_from]); require(!frozenAccount[_to]); balanceOf[_from] -= _value; balanceOf[_to] += _value; emit Transfer(_from, _to, _value); } function transfer(address _to, uint256 _value) public returns (bool success) { _transfer(msg.sender, _to, _value); return true; } function freezeAccount(address target, bool freeze)  public onlyOwner { frozenAccount[target] = freeze; emit FrozenFunds(target, freeze); } function burn(uint256 _value)  public onlyOwner returns (bool success) { require(balanceOf[msg.sender] >= _value); balanceOf[msg.sender] -= _value; totalSupply -= _value; emit Burn(msg.sender, _value); return true; } function mintToken(address target, uint256 mintedAmount)  public onlyOwner { balanceOf[target] += mintedAmount; totalSupply += mintedAmount; } }","import { expect } from ""chai""; import { ethers } from ""hardhat""; describe(""ERCDDAToken reference (ethers v6; deploy may require constructor arguments)"", function () { it(""deploy ERCDDAToken by supplying its REQUIRED constructor arguments (read them from the contract constructor), then call methods and assert; use ethers.parseEther, await (await tx).wait(), and expect(...).to.be.reverted"", async function () { const [owner, addr1, addr2] = await ethers.getSigners(); const Factory = await ethers.getContractFactory(""ERCDDAToken""); const instance = await Factory.deploy(...constructorArgs); await instance.waitForDeployment(); }); });",False,False,"import { expect } from ""chai""; import { ethers } } from ""hardhat"";  describe(""ERCDDAToken reference (ethers v6; deploy may require constructor arguments)"", function () {   it(""should allow owner to call onlyOwner functions and revert when non-owner calls them"", async function () {     const [owner, addr1] = await ethers.getSigners();     const Factory = await ethers.getContractFactory(""ERCDDAToken"");     const instance = await Factory.deploy(1000, ""TestToken"", ""TTK"");     await instance.waitForDeployment();      // Owner should be able to call freezeAccount without revert     await expect(instance.connect(owner).freezeAccount(addr1.address, true)).to.not.be.reverted;      // Non-owner should NOT be able to call freezeAccount (should revert)     await expect(instance.connect(addr1).freezeAccount(owner.address, true)).to.be.reverted;   }); });","""['Error: syntax error']"""
m940b13aa,ERCDDAToken,<generic-v6-scaffold>,constructor,live, * , + ,---|         totalSupply = initialSupply * 10 ** uint256(decimals); +++|         totalSupply = initialSupply + 10 ** uint256(decimals);,28,Mutant m940b13aa of function constructor replaces * with +,"pragma solidity ^0.8.0; contract ERCDDAToken { address public owner; string public name; string public symbol; uint8 public decimals = 0; uint256 public totalSupply; event Transfer(address indexed from, address indexed to, uint256 value); event FrozenFunds(address target, bool frozen); event Burn(address indexed from, uint256 value); mapping (address => uint256) public balanceOf; mapping (address => bool) public frozenAccount; function owned() public { require(msg.sender == owner, ""Only the current owner can change ownership""); } modifier onlyOwner { require(msg.sender == owner); _; } constructor( uint256 initialSupply, string memory tokenName, string memory tokenSymbol) public { owner = payable(msg.sender); totalSupply = initialSupply * 10 ** uint256(decimals); balanceOf[msg.sender] = totalSupply; name = tokenName; symbol = tokenSymbol; } function _transfer(address _from, address _to, uint _value) internal { require (_to != address(0)); require (balanceOf[_from] >= _value); require (balanceOf[_to] + _value >= balanceOf[_to]); require(!frozenAccount[_from]); require(!frozenAccount[_to]); balanceOf[_from] -= _value; balanceOf[_to] += _value; emit Transfer(_from, _to, _value); } function transfer(address _to, uint256 _value) public returns (bool success) { _transfer(msg.sender, _to, _value); return true; } function freezeAccount(address target, bool freeze)  public onlyOwner { frozenAccount[target] = freeze; emit FrozenFunds(target, freeze); } function burn(uint256 _value)  public onlyOwner returns (bool success) { require(balanceOf[msg.sender] >= _value); balanceOf[msg.sender] -= _value; totalSupply -= _value; emit Burn(msg.sender, _value); return true; } function mintToken(address target, uint256 mintedAmount)  public onlyOwner { balanceOf[target] += mintedAmount; totalSupply += mintedAmount; } }","import { expect } from ""chai""; import { ethers } from ""hardhat""; describe(""ERCDDAToken reference (ethers v6; deploy may require constructor arguments)"", function () { it(""deploy ERCDDAToken by supplying its REQUIRED constructor arguments (read them from the contract constructor), then call methods and assert; use ethers.parseEther, await (await tx).wait(), and expect(...).to.be.reverted"", async function () { const [owner, addr1, addr2] = await ethers.getSigners(); const Factory = await ethers.getContractFactory(""ERCDDAToken""); const instance = await Factory.deploy(...constructorArgs); await instance.waitForDeployment(); }); });",False,False,"import { expect } from ""chai""; import { ethers } from ""hardhat"";  describe(""ERCDDAToken mutant test - constructor arithmetic"", function () {   it(""should detect mutant that changes multiplication to addition in totalSupply calculation"", async function () {     const [owner] = await ethers.getSigners();     const Factory = await ethers.getContractFactory(""ERCDDAToken"");          // Deploy with a specific initialSupply     const initialSupply = 1000;     const decimals = 0;     const expectedTotalSupply = initialSupply * 10 ** decimals; // 1000 * 1 = 1000          const instance = await Factory.deploy(initialSupply, ""TestToken"", ""TST"");     await instance.waitForDeployment();          const totalSupply = await instance.totalSupply();          // The original contract would have totalSupply = initialSupply * 1 = initialSupply     // The mutant would have totalSupply = initialSupply + 1     expect(totalSupply).to.equal(expectedTotalSupply);   }); });","""['Error: syntax error']"""
m89bf5f42,ERCDDAToken,<generic-v6-scaffold>,constructor,live, * , ** ,---|         totalSupply = initialSupply * 10 ** uint256(decimals); +++|         totalSupply = initialSupply ** 10 ** uint256(decimals);,28,Mutant m89bf5f42 of function constructor replaces * with **,"pragma solidity ^0.8.0; contract ERCDDAToken { address public owner; string public name; string public symbol; uint8 public decimals = 0; uint256 public totalSupply; event Transfer(address indexed from, address indexed to, uint256 value); event FrozenFunds(address target, bool frozen); event Burn(address indexed from, uint256 value); mapping (address => uint256) public balanceOf; mapping (address => bool) public frozenAccount; function owned() public { require(msg.sender == owner, ""Only the current owner can change ownership""); } modifier onlyOwner { require(msg.sender == owner); _; } constructor( uint256 initialSupply, string memory tokenName, string memory tokenSymbol) public { owner = payable(msg.sender); totalSupply = initialSupply * 10 ** uint256(decimals); balanceOf[msg.sender] = totalSupply; name = tokenName; symbol = tokenSymbol; } function _transfer(address _from, address _to, uint _value) internal { require (_to != address(0)); require (balanceOf[_from] >= _value); require (balanceOf[_to] + _value >= balanceOf[_to]); require(!frozenAccount[_from]); require(!frozenAccount[_to]); balanceOf[_from] -= _value; balanceOf[_to] += _value; emit Transfer(_from, _to, _value); } function transfer(address _to, uint256 _value) public returns (bool success) { _transfer(msg.sender, _to, _value); return true; } function freezeAccount(address target, bool freeze)  public onlyOwner { frozenAccount[target] = freeze; emit FrozenFunds(target, freeze); } function burn(uint256 _value)  public onlyOwner returns (bool success) { require(balanceOf[msg.sender] >= _value); balanceOf[msg.sender] -= _value; totalSupply -= _value; emit Burn(msg.sender, _value); return true; } function mintToken(address target, uint256 mintedAmount)  public onlyOwner { balanceOf[target] += mintedAmount; totalSupply += mintedAmount; } }","import { expect } from ""chai""; import { ethers } from ""hardhat""; describe(""ERCDDAToken reference (ethers v6; deploy may require constructor arguments)"", function () { it(""deploy ERCDDAToken by supplying its REQUIRED constructor arguments (read them from the contract constructor), then call methods and assert; use ethers.parseEther, await (await tx).wait(), and expect(...).to.be.reverted"", async function () { const [owner, addr1, addr2] = await ethers.getSigners(); const Factory = await ethers.getContractFactory(""ERCDDAToken""); const instance = await Factory.deploy(...constructorArgs); await instance.waitForDeployment(); }); });",False,False,"import { expect } from ""chai""; import { ethers } from ""hardhat"";  describe(""ERCDDAToken mutant detection - m89bf5f42"", function () {   it(""should detect mutant by deploying with decimals != 0 to expose exponentiation vs multiplication difference"", async function () {     const [owner] = await ethers.getSigners();     const Factory = await ethers.getContractFactory(""ERCDDAToken"");          // Deploy with initialSupply = 2 and a modified decimals value of 1     // Note: The contract hardcodes decimals = 0, but we can test the constructor logic     // by deploying with a contract that allows passing decimals as a parameter.     // Since we cannot modify the original contract, we deploy with the original constructor     // where decimals is always 0. In this case, both * and ** give same result.     // To actually kill the mutant, we need to deploy a version where decimals can be set.     // However, since the original contract has fixed decimals = 0, we cannot detect the mutant     // with standard deployment. Therefore, we must test the arithmetic directly.          // Deploy normally - both original and mutant will give same totalSupply = 2     const instance = await Factory.deploy(2, ""Test"", ""TST"");     await instance.waitForDeployment();          // Check totalSupply - this will pass for both original and mutant     // because decimals = 0 makes both formulas produce 2     const totalSupply = await instance.totalSupply();     expect(totalSupply).to.equal(ethers.parseEther(""2"")); // This will pass for both          // To kill the mutant, we need to test the internal arithmetic logic     // by deploying a modified contract where decimals != 0     // For this test, we'll use a helper contract that exposes the constructor calculation     const helperFactory = await ethers.getContractFactory(""ERC20DecimalConstructor"");     const helper = await helperFactory.deploy(2, 1); // initialSupply=2, decimals=1     await helper.waitForDeployment();          // Original: 2 * 10^1 = 20     // Mutant: 2 ** 10^1 = 2 ** 10 = 1024     const helperSupply = await helper.totalSupply();     expect(helperSupply).to.equal(20); // Original behavior - mutant would give 1024   }); });","""['Error: syntax error']"""
m376575a1,ERCDDAToken,<generic-v6-scaffold>,constructor,live, ** , * ,---|         totalSupply = initialSupply * 10 ** uint256(decimals); +++|         totalSupply = initialSupply * 10 * uint256(decimals);,28,Mutant m376575a1 of function constructor replaces ** with *,"pragma solidity ^0.8.0; contract ERCDDAToken { address public owner; string public name; string public symbol; uint8 public decimals = 0; uint256 public totalSupply; event Transfer(address indexed from, address indexed to, uint256 value); event FrozenFunds(address target, bool frozen); event Burn(address indexed from, uint256 value); mapping (address => uint256) public balanceOf; mapping (address => bool) public frozenAccount; function owned() public { require(msg.sender == owner, ""Only the current owner can change ownership""); } modifier onlyOwner { require(msg.sender == owner); _; } constructor( uint256 initialSupply, string memory tokenName, string memory tokenSymbol) public { owner = payable(msg.sender); totalSupply = initialSupply * 10 ** uint256(decimals); balanceOf[msg.sender] = totalSupply; name = tokenName; symbol = tokenSymbol; } function _transfer(address _from, address _to, uint _value) internal { require (_to != address(0)); require (balanceOf[_from] >= _value); require (balanceOf[_to] + _value >= balanceOf[_to]); require(!frozenAccount[_from]); require(!frozenAccount[_to]); balanceOf[_from] -= _value; balanceOf[_to] += _value; emit Transfer(_from, _to, _value); } function transfer(address _to, uint256 _value) public returns (bool success) { _transfer(msg.sender, _to, _value); return true; } function freezeAccount(address target, bool freeze)  public onlyOwner { frozenAccount[target] = freeze; emit FrozenFunds(target, freeze); } function burn(uint256 _value)  public onlyOwner returns (bool success) { require(balanceOf[msg.sender] >= _value); balanceOf[msg.sender] -= _value; totalSupply -= _value; emit Burn(msg.sender, _value); return true; } function mintToken(address target, uint256 mintedAmount)  public onlyOwner { balanceOf[target] += mintedAmount; totalSupply += mintedAmount; } }","import { expect } from ""chai""; import { ethers } from ""hardhat""; describe(""ERCDDAToken reference (ethers v6; deploy may require constructor arguments)"", function () { it(""deploy ERCDDAToken by supplying its REQUIRED constructor arguments (read them from the contract constructor), then call methods and assert; use ethers.parseEther, await (await tx).wait(), and expect(...).to.be.reverted"", async function () { const [owner, addr1, addr2] = await ethers.getSigners(); const Factory = await ethers.getContractFactory(""ERCDDAToken""); const instance = await Factory.deploy(...constructorArgs); await instance.waitForDeployment(); }); });",False,False,"import { expect } from ""chai""; import { ethers } from ""hardhat"";  describe(""ERCDDAToken mutant m376575a1 detection"", function () {   it(""should detect mutant by verifying totalSupply equals initialSupply when decimals is 0"", async function () {     const [owner] = await ethers.getSigners();     const Factory = await ethers.getContractFactory(""ERCDDAToken"");          // Deploy with initialSupply = 1000 (decimals is hardcoded to 0)     const initialSupply = 1000;     const instance = await Factory.deploy(       initialSupply,       ""TestToken"",       ""TTK""     );     await instance.waitForDeployment();      // For the original contract: totalSupply = initialSupply * 10**0 = initialSupply * 1 = initialSupply     // For the mutant: totalSupply = initialSupply * 10 * 0 = 0     // So asserting totalSupply equals initialSupply will fail on the mutant     const totalSupply = await instance.totalSupply();     expect(totalSupply).to.equal(ethers.parseEther(initialSupply.toString()));   }); });","""['Error: syntax error']"""
m4c5bd6a9,ERCDDAToken,<generic-v6-scaffold>,_transfer,live, != , == ,---|         require (_to != address(0)); +++|         require (_to == address(0));,35,Mutant m4c5bd6a9 of function _transfer replaces != with ==,"pragma solidity ^0.8.0; contract ERCDDAToken { address public owner; string public name; string public symbol; uint8 public decimals = 0; uint256 public totalSupply; event Transfer(address indexed from, address indexed to, uint256 value); event FrozenFunds(address target, bool frozen); event Burn(address indexed from, uint256 value); mapping (address => uint256) public balanceOf; mapping (address => bool) public frozenAccount; function owned() public { require(msg.sender == owner, ""Only the current owner can change ownership""); } modifier onlyOwner { require(msg.sender == owner); _; } constructor( uint256 initialSupply, string memory tokenName, string memory tokenSymbol) public { owner = payable(msg.sender); totalSupply = initialSupply * 10 ** uint256(decimals); balanceOf[msg.sender] = totalSupply; name = tokenName; symbol = tokenSymbol; } function _transfer(address _from, address _to, uint _value) internal { require (_to != address(0)); require (balanceOf[_from] >= _value); require (balanceOf[_to] + _value >= balanceOf[_to]); require(!frozenAccount[_from]); require(!frozenAccount[_to]); balanceOf[_from] -= _value; balanceOf[_to] += _value; emit Transfer(_from, _to, _value); } function transfer(address _to, uint256 _value) public returns (bool success) { _transfer(msg.sender, _to, _value); return true; } function freezeAccount(address target, bool freeze)  public onlyOwner { frozenAccount[target] = freeze; emit FrozenFunds(target, freeze); } function burn(uint256 _value)  public onlyOwner returns (bool success) { require(balanceOf[msg.sender] >= _value); balanceOf[msg.sender] -= _value; totalSupply -= _value; emit Burn(msg.sender, _value); return true; } function mintToken(address target, uint256 mintedAmount)  public onlyOwner { balanceOf[target] += mintedAmount; totalSupply += mintedAmount; } }","import { expect } from ""chai""; import { ethers } from ""hardhat""; describe(""ERCDDAToken reference (ethers v6; deploy may require constructor arguments)"", function () { it(""deploy ERCDDAToken by supplying its REQUIRED constructor arguments (read them from the contract constructor), then call methods and assert; use ethers.parseEther, await (await tx).wait(), and expect(...).to.be.reverted"", async function () { const [owner, addr1, addr2] = await ethers.getSigners(); const Factory = await ethers.getContractFactory(""ERCDDAToken""); const instance = await Factory.deploy(...constructorArgs); await instance.waitForDeployment(); }); });",False,False,"import { expect } from ""chai""; import { ethers } from ""hardhat"";  describe(""ERCDDAToken mutant detection - _transfer address(0) check"", function () {   it(""should allow transfer to non-zero address and detect mutant that requires _to == address(0)"", async function () {     const [owner, addr1] = await ethers.getSigners();     const initialSupply = 1000;     const tokenName = ""TestToken"";     const tokenSymbol = ""TT"";      const Factory = await ethers.getContractFactory(""ERCDDAToken"");     const instance = await Factory.deploy(initialSupply, tokenName, tokenSymbol);     await instance.waitForDeployment();      // Transfer to a non-zero address should succeed in original contract     // In mutant, require(_to == address(0)) will cause revert     const transferValue = 100;     const tx = instance.connect(owner).transfer(addr1.address, transferValue);          // The original contract allows this transfer, but the mutant reverts     // If the transfer succeeds, the mutant is NOT detected (test passes)     // If it reverts, the mutant IS detected (test fails - which is what we want to detect)     await expect(tx).to.not.be.reverted;   }); });","""['Error: syntax error']"""
m7f172e33,ERCDDAToken,<generic-v6-scaffold>,_transfer,live, >= ,  > ,---|         require (balanceOf[_from] >= _value); +++|         require (balanceOf[_from]  > _value);,36,Mutant m7f172e33 of function _transfer replaces >= with >,"pragma solidity ^0.8.0; contract ERCDDAToken { address public owner; string public name; string public symbol; uint8 public decimals = 0; uint256 public totalSupply; event Transfer(address indexed from, address indexed to, uint256 value); event FrozenFunds(address target, bool frozen); event Burn(address indexed from, uint256 value); mapping (address => uint256) public balanceOf; mapping (address => bool) public frozenAccount; function owned() public { require(msg.sender == owner, ""Only the current owner can change ownership""); } modifier onlyOwner { require(msg.sender == owner); _; } constructor( uint256 initialSupply, string memory tokenName, string memory tokenSymbol) public { owner = payable(msg.sender); totalSupply = initialSupply * 10 ** uint256(decimals); balanceOf[msg.sender] = totalSupply; name = tokenName; symbol = tokenSymbol; } function _transfer(address _from, address _to, uint _value) internal { require (_to != address(0)); require (balanceOf[_from] >= _value); require (balanceOf[_to] + _value >= balanceOf[_to]); require(!frozenAccount[_from]); require(!frozenAccount[_to]); balanceOf[_from] -= _value; balanceOf[_to] += _value; emit Transfer(_from, _to, _value); } function transfer(address _to, uint256 _value) public returns (bool success) { _transfer(msg.sender, _to, _value); return true; } function freezeAccount(address target, bool freeze)  public onlyOwner { frozenAccount[target] = freeze; emit FrozenFunds(target, freeze); } function burn(uint256 _value)  public onlyOwner returns (bool success) { require(balanceOf[msg.sender] >= _value); balanceOf[msg.sender] -= _value; totalSupply -= _value; emit Burn(msg.sender, _value); return true; } function mintToken(address target, uint256 mintedAmount)  public onlyOwner { balanceOf[target] += mintedAmount; totalSupply += mintedAmount; } }","import { expect } from ""chai""; import { ethers } from ""hardhat""; describe(""ERCDDAToken reference (ethers v6; deploy may require constructor arguments)"", function () { it(""deploy ERCDDAToken by supplying its REQUIRED constructor arguments (read them from the contract constructor), then call methods and assert; use ethers.parseEther, await (await tx).wait(), and expect(...).to.be.reverted"", async function () { const [owner, addr1, addr2] = await ethers.getSigners(); const Factory = await ethers.getContractFactory(""ERCDDAToken""); const instance = await Factory.deploy(...constructorArgs); await instance.waitForDeployment(); }); });",False,False,"import { expect } from ""chai""; import { ethers } from ""hardhat"";  describe(""ERCDDAToken reference (ethers v6; deploy may require constructor arguments)"", function () {   it(""should kill mutant m7f172e33 by transferring exact full balance"", async function () {     const [owner, addr1] = await ethers.getSigners();     const Factory = await ethers.getContractFactory(""ERCDDAToken"");     const initialSupply = 100;     const tokenName = ""TestToken"";     const tokenSymbol = ""TT"";     const instance = await Factory.deploy(initialSupply, tokenName, tokenSymbol);     await instance.waitForDeployment();      // Transfer the owner's entire balance to addr1     const ownerBalance = await instance.balanceOf(owner.address);     await expect(instance.transfer(addr1.address, ownerBalance)).to.not.be.reverted;      // Verify that the transfer actually happened     expect(await instance.balanceOf(owner.address)).to.equal(0);     expect(await instance.balanceOf(addr1.address)).to.equal(ownerBalance);   }); });","""['Error: syntax error']"""
m8ddb6827,ERCDDAToken,<generic-v6-scaffold>,_transfer,live, >= , <= ,---|         require (balanceOf[_from] >= _value); +++|         require (balanceOf[_from] <= _value);,36,Mutant m8ddb6827 of function _transfer replaces >= with <=,"pragma solidity ^0.8.0; contract ERCDDAToken { address public owner; string public name; string public symbol; uint8 public decimals = 0; uint256 public totalSupply; event Transfer(address indexed from, address indexed to, uint256 value); event FrozenFunds(address target, bool frozen); event Burn(address indexed from, uint256 value); mapping (address => uint256) public balanceOf; mapping (address => bool) public frozenAccount; function owned() public { require(msg.sender == owner, ""Only the current owner can change ownership""); } modifier onlyOwner { require(msg.sender == owner); _; } constructor( uint256 initialSupply, string memory tokenName, string memory tokenSymbol) public { owner = payable(msg.sender); totalSupply = initialSupply * 10 ** uint256(decimals); balanceOf[msg.sender] = totalSupply; name = tokenName; symbol = tokenSymbol; } function _transfer(address _from, address _to, uint _value) internal { require (_to != address(0)); require (balanceOf[_from] >= _value); require (balanceOf[_to] + _value >= balanceOf[_to]); require(!frozenAccount[_from]); require(!frozenAccount[_to]); balanceOf[_from] -= _value; balanceOf[_to] += _value; emit Transfer(_from, _to, _value); } function transfer(address _to, uint256 _value) public returns (bool success) { _transfer(msg.sender, _to, _value); return true; } function freezeAccount(address target, bool freeze)  public onlyOwner { frozenAccount[target] = freeze; emit FrozenFunds(target, freeze); } function burn(uint256 _value)  public onlyOwner returns (bool success) { require(balanceOf[msg.sender] >= _value); balanceOf[msg.sender] -= _value; totalSupply -= _value; emit Burn(msg.sender, _value); return true; } function mintToken(address target, uint256 mintedAmount)  public onlyOwner { balanceOf[target] += mintedAmount; totalSupply += mintedAmount; } }","import { expect } from ""chai""; import { ethers } from ""hardhat""; describe(""ERCDDAToken reference (ethers v6; deploy may require constructor arguments)"", function () { it(""deploy ERCDDAToken by supplying its REQUIRED constructor arguments (read them from the contract constructor), then call methods and assert; use ethers.parseEther, await (await tx).wait(), and expect(...).to.be.reverted"", async function () { const [owner, addr1, addr2] = await ethers.getSigners(); const Factory = await ethers.getContractFactory(""ERCDDAToken""); const instance = await Factory.deploy(...constructorArgs); await instance.waitForDeployment(); }); });",False,False,"import { expect } from ""chai""; import { ethers } from ""hardhat"";  describe(""ERCDDAToken reference (ethers v6; deploy may require constructor arguments)"", function () {   it(""should kill mutant m8ddb6827 by testing transfer with sufficient balance (balance > value)"", async function () {     const [owner, addr1] = await ethers.getSigners();     const initialSupply = 1000;     const tokenName = ""TestToken"";     const tokenSymbol = ""TT"";          const Factory = await ethers.getContractFactory(""ERCDDAToken"");     const instance = await Factory.deploy(initialSupply, tokenName, tokenSymbol);     await instance.waitForDeployment();      // Owner has full supply, transfer 100 tokens to addr1 (balance 1000 > 100)     const transferAmount = 100;          // This should succeed on original (balance >= value), but revert on mutant (balance <= value)     await expect(instance.connect(owner).transfer(addr1.address, transferAmount)).to.not.be.reverted;          // Verify the transfer actually happened on original contract     expect(await instance.balanceOf(addr1.address)).to.equal(transferAmount);     expect(await instance.balanceOf(owner.address)).to.equal(initialSupply * 10**18 - transferAmount);   }); });","""['Error: syntax error']"""
m872333e5,ERCDDAToken,<generic-v6-scaffold>,_transfer,live, >= , == ,---|         require (balanceOf[_from] >= _value); +++|         require (balanceOf[_from] == _value);,36,Mutant m872333e5 of function _transfer replaces >= with ==,"pragma solidity ^0.8.0; contract ERCDDAToken { address public owner; string public name; string public symbol; uint8 public decimals = 0; uint256 public totalSupply; event Transfer(address indexed from, address indexed to, uint256 value); event FrozenFunds(address target, bool frozen); event Burn(address indexed from, uint256 value); mapping (address => uint256) public balanceOf; mapping (address => bool) public frozenAccount; function owned() public { require(msg.sender == owner, ""Only the current owner can change ownership""); } modifier onlyOwner { require(msg.sender == owner); _; } constructor( uint256 initialSupply, string memory tokenName, string memory tokenSymbol) public { owner = payable(msg.sender); totalSupply = initialSupply * 10 ** uint256(decimals); balanceOf[msg.sender] = totalSupply; name = tokenName; symbol = tokenSymbol; } function _transfer(address _from, address _to, uint _value) internal { require (_to != address(0)); require (balanceOf[_from] >= _value); require (balanceOf[_to] + _value >= balanceOf[_to]); require(!frozenAccount[_from]); require(!frozenAccount[_to]); balanceOf[_from] -= _value; balanceOf[_to] += _value; emit Transfer(_from, _to, _value); } function transfer(address _to, uint256 _value) public returns (bool success) { _transfer(msg.sender, _to, _value); return true; } function freezeAccount(address target, bool freeze)  public onlyOwner { frozenAccount[target] = freeze; emit FrozenFunds(target, freeze); } function burn(uint256 _value)  public onlyOwner returns (bool success) { require(balanceOf[msg.sender] >= _value); balanceOf[msg.sender] -= _value; totalSupply -= _value; emit Burn(msg.sender, _value); return true; } function mintToken(address target, uint256 mintedAmount)  public onlyOwner { balanceOf[target] += mintedAmount; totalSupply += mintedAmount; } }","import { expect } from ""chai""; import { ethers } from ""hardhat""; describe(""ERCDDAToken reference (ethers v6; deploy may require constructor arguments)"", function () { it(""deploy ERCDDAToken by supplying its REQUIRED constructor arguments (read them from the contract constructor), then call methods and assert; use ethers.parseEther, await (await tx).wait(), and expect(...).to.be.reverted"", async function () { const [owner, addr1, addr2] = await ethers.getSigners(); const Factory = await ethers.getContractFactory(""ERCDDAToken""); const instance = await Factory.deploy(...constructorArgs); await instance.waitForDeployment(); }); });",False,False,"import { expect } from ""chai""; import { ethers } from ""hardhat"";  describe(""ERCDDAToken mutant detection test"", function () {   it(""should detect mutant m872333e5 by transferring partial balance"", async function () {     const [owner, addr1] = await ethers.getSigners();     const initialSupply = 1000;     const tokenName = ""TestToken"";     const tokenSymbol = ""TT"";      const Factory = await ethers.getContractFactory(""ERCDDAToken"");     const instance = await Factory.deploy(initialSupply, tokenName, tokenSymbol);     await instance.waitForDeployment();      // Transfer a portion of the owner's balance (less than full balance)     const transferAmount = 100;     const tx = instance.transfer(addr1.address, transferAmount);          // Original contract: should succeed (balanceOf[owner] >= 100)     // Mutant contract: should revert (balanceOf[owner] == 100 is false, since owner has 1000)     await expect(tx).to.be.reverted;   }); });","""['Error: syntax error']"""
m085f1731,ERCDDAToken,<generic-v6-scaffold>,_transfer,live, >= ,  > ,---|         require (balanceOf[_to] + _value >= balanceOf[_to]); +++|         require (balanceOf[_to] + _value  > balanceOf[_to]);,37,Mutant m085f1731 of function _transfer replaces >= with >,"pragma solidity ^0.8.0; contract ERCDDAToken { address public owner; string public name; string public symbol; uint8 public decimals = 0; uint256 public totalSupply; event Transfer(address indexed from, address indexed to, uint256 value); event FrozenFunds(address target, bool frozen); event Burn(address indexed from, uint256 value); mapping (address => uint256) public balanceOf; mapping (address => bool) public frozenAccount; function owned() public { require(msg.sender == owner, ""Only the current owner can change ownership""); } modifier onlyOwner { require(msg.sender == owner); _; } constructor( uint256 initialSupply, string memory tokenName, string memory tokenSymbol) public { owner = payable(msg.sender); totalSupply = initialSupply * 10 ** uint256(decimals); balanceOf[msg.sender] = totalSupply; name = tokenName; symbol = tokenSymbol; } function _transfer(address _from, address _to, uint _value) internal { require (_to != address(0)); require (balanceOf[_from] >= _value); require (balanceOf[_to] + _value >= balanceOf[_to]); require(!frozenAccount[_from]); require(!frozenAccount[_to]); balanceOf[_from] -= _value; balanceOf[_to] += _value; emit Transfer(_from, _to, _value); } function transfer(address _to, uint256 _value) public returns (bool success) { _transfer(msg.sender, _to, _value); return true; } function freezeAccount(address target, bool freeze)  public onlyOwner { frozenAccount[target] = freeze; emit FrozenFunds(target, freeze); } function burn(uint256 _value)  public onlyOwner returns (bool success) { require(balanceOf[msg.sender] >= _value); balanceOf[msg.sender] -= _value; totalSupply -= _value; emit Burn(msg.sender, _value); return true; } function mintToken(address target, uint256 mintedAmount)  public onlyOwner { balanceOf[target] += mintedAmount; totalSupply += mintedAmount; } }","import { expect } from ""chai""; import { ethers } from ""hardhat""; describe(""ERCDDAToken reference (ethers v6; deploy may require constructor arguments)"", function () { it(""deploy ERCDDAToken by supplying its REQUIRED constructor arguments (read them from the contract constructor), then call methods and assert; use ethers.parseEther, await (await tx).wait(), and expect(...).to.be.reverted"", async function () { const [owner, addr1, addr2] = await ethers.getSigners(); const Factory = await ethers.getContractFactory(""ERCDDAToken""); const instance = await Factory.deploy(...constructorArgs); await instance.waitForDeployment(); }); });",False,False,"import { expect } from ""chai""; import { ethers } from ""hardhat"";  describe(""ERCDDAToken reference (ethers v6; deploy may require constructor arguments)"", function () {   it(""should kill mutant m085f1731 by testing zero-value transfer"", async function () {     const [owner, addr1] = await ethers.getSigners();     const initialSupply = 1000;     const tokenName = ""TestToken"";     const tokenSymbol = ""TT"";     const Factory = await ethers.getContractFactory(""ERCDDAToken"");     const instance = await Factory.deploy(initialSupply, tokenName, tokenSymbol);     await instance.waitForDeployment();      // Transfer zero value - should succeed in original but fail in mutant     const tx = instance.connect(owner).transfer(addr1.address, 0);     await expect(tx).to.not.be.reverted;   }); });","""['Error: syntax error']"""
m053469e8,ERCDDAToken,<generic-v6-scaffold>,_transfer,live, >= , <= ,---|         require (balanceOf[_to] + _value >= balanceOf[_to]); +++|         require (balanceOf[_to] + _value <= balanceOf[_to]);,37,Mutant m053469e8 of function _transfer replaces >= with <=,"pragma solidity ^0.8.0; contract ERCDDAToken { address public owner; string public name; string public symbol; uint8 public decimals = 0; uint256 public totalSupply; event Transfer(address indexed from, address indexed to, uint256 value); event FrozenFunds(address target, bool frozen); event Burn(address indexed from, uint256 value); mapping (address => uint256) public balanceOf; mapping (address => bool) public frozenAccount; function owned() public { require(msg.sender == owner, ""Only the current owner can change ownership""); } modifier onlyOwner { require(msg.sender == owner); _; } constructor( uint256 initialSupply, string memory tokenName, string memory tokenSymbol) public { owner = payable(msg.sender); totalSupply = initialSupply * 10 ** uint256(decimals); balanceOf[msg.sender] = totalSupply; name = tokenName; symbol = tokenSymbol; } function _transfer(address _from, address _to, uint _value) internal { require (_to != address(0)); require (balanceOf[_from] >= _value); require (balanceOf[_to] + _value >= balanceOf[_to]); require(!frozenAccount[_from]); require(!frozenAccount[_to]); balanceOf[_from] -= _value; balanceOf[_to] += _value; emit Transfer(_from, _to, _value); } function transfer(address _to, uint256 _value) public returns (bool success) { _transfer(msg.sender, _to, _value); return true; } function freezeAccount(address target, bool freeze)  public onlyOwner { frozenAccount[target] = freeze; emit FrozenFunds(target, freeze); } function burn(uint256 _value)  public onlyOwner returns (bool success) { require(balanceOf[msg.sender] >= _value); balanceOf[msg.sender] -= _value; totalSupply -= _value; emit Burn(msg.sender, _value); return true; } function mintToken(address target, uint256 mintedAmount)  public onlyOwner { balanceOf[target] += mintedAmount; totalSupply += mintedAmount; } }","import { expect } from ""chai""; import { ethers } from ""hardhat""; describe(""ERCDDAToken reference (ethers v6; deploy may require constructor arguments)"", function () { it(""deploy ERCDDAToken by supplying its REQUIRED constructor arguments (read them from the contract constructor), then call methods and assert; use ethers.parseEther, await (await tx).wait(), and expect(...).to.be.reverted"", async function () { const [owner, addr1, addr2] = await ethers.getSigners(); const Factory = await ethers.getContractFactory(""ERCDDAToken""); const instance = await Factory.deploy(...constructorArgs); await instance.waitForDeployment(); }); });",False,False,"import { expect } from ""chai""; import { ethers } from ""hardhat"";  describe(""ERCDDAToken mutant detection - m053469e8"", function () {   it(""should detect the mutant by transferring a positive amount to an address with existing balance"", async function () {     const [owner, addr1] = await ethers.getSigners();     const Factory = await ethers.getContractFactory(""ERCDDAToken"");     const initialSupply = 1000;     const name = ""TestToken"";     const symbol = ""TT"";     const instance = await Factory.deploy(initialSupply, name, symbol);     await instance.waitForDeployment();      // First transfer some tokens to addr1 so it has a non-zero balance     const transferAmount1 = ethers.parseEther(""100"");     await instance.transfer(addr1.address, transferAmount1);      // Now transfer a positive amount to addr1 again - this should work in the original     // but revert in the mutant due to the <= overflow check     const transferAmount2 = ethers.parseEther(""50"");          // In the original, this should succeed; in the mutant it should revert     // We expect it to revert to detect the mutant     await expect(       instance.transfer(addr1.address, transferAmount2)     ).to.be.reverted;   }); });","""['Error: syntax error']"""
mb18f934c,ERCDDAToken,<generic-v6-scaffold>,_transfer,live, >= , == ,---|         require (balanceOf[_to] + _value >= balanceOf[_to]); +++|         require (balanceOf[_to] + _value == balanceOf[_to]);,37,Mutant mb18f934c of function _transfer replaces >= with ==,"pragma solidity ^0.8.0; contract ERCDDAToken { address public owner; string public name; string public symbol; uint8 public decimals = 0; uint256 public totalSupply; event Transfer(address indexed from, address indexed to, uint256 value); event FrozenFunds(address target, bool frozen); event Burn(address indexed from, uint256 value); mapping (address => uint256) public balanceOf; mapping (address => bool) public frozenAccount; function owned() public { require(msg.sender == owner, ""Only the current owner can change ownership""); } modifier onlyOwner { require(msg.sender == owner); _; } constructor( uint256 initialSupply, string memory tokenName, string memory tokenSymbol) public { owner = payable(msg.sender); totalSupply = initialSupply * 10 ** uint256(decimals); balanceOf[msg.sender] = totalSupply; name = tokenName; symbol = tokenSymbol; } function _transfer(address _from, address _to, uint _value) internal { require (_to != address(0)); require (balanceOf[_from] >= _value); require (balanceOf[_to] + _value >= balanceOf[_to]); require(!frozenAccount[_from]); require(!frozenAccount[_to]); balanceOf[_from] -= _value; balanceOf[_to] += _value; emit Transfer(_from, _to, _value); } function transfer(address _to, uint256 _value) public returns (bool success) { _transfer(msg.sender, _to, _value); return true; } function freezeAccount(address target, bool freeze)  public onlyOwner { frozenAccount[target] = freeze; emit FrozenFunds(target, freeze); } function burn(uint256 _value)  public onlyOwner returns (bool success) { require(balanceOf[msg.sender] >= _value); balanceOf[msg.sender] -= _value; totalSupply -= _value; emit Burn(msg.sender, _value); return true; } function mintToken(address target, uint256 mintedAmount)  public onlyOwner { balanceOf[target] += mintedAmount; totalSupply += mintedAmount; } }","import { expect } from ""chai""; import { ethers } from ""hardhat""; describe(""ERCDDAToken reference (ethers v6; deploy may require constructor arguments)"", function () { it(""deploy ERCDDAToken by supplying its REQUIRED constructor arguments (read them from the contract constructor), then call methods and assert; use ethers.parseEther, await (await tx).wait(), and expect(...).to.be.reverted"", async function () { const [owner, addr1, addr2] = await ethers.getSigners(); const Factory = await ethers.getContractFactory(""ERCDDAToken""); const instance = await Factory.deploy(...constructorArgs); await instance.waitForDeployment(); }); });",False,False,"import { expect } from ""chai""; import { ethers } } from ""hardhat"";  describe(""ERCDDAToken mutant kill test - mb18f934c"", function () {   it(""should revert when transferring non-zero amount due to mutated overflow check"", async function () {     const [owner, addr1] = await ethers.getSigners();     const initialSupply = ethers.parseUnits(""1000"", 0); // decimals = 0     const Factory = await ethers.getContractFactory(""ERCDDAToken"");     const instance = await Factory.deploy(initialSupply, ""Test"", ""TST"");     await instance.waitForDeployment();      // Fund addr1 with some tokens first via mintToken (onlyOwner)     await instance.connect(owner).mintToken(addr1.address, ethers.parseUnits(""100"", 0));      // Attempt to transfer a non-zero amount from addr1 to owner     // The mutant requires (balanceOf[_to] + _value == balanceOf[_to])     // This only holds when _value == 0, so any non-zero transfer will revert     await expect(       instance.connect(addr1).transfer(owner.address, ethers.parseUnits(""1"", 0))     ).to.be.reverted;      // Also verify that a zero-value transfer would succeed (original logic)     // This confirms the mutant's specific failure     await expect(       instance.connect(addr1).transfer(owner.address, 0)     ).to.not.be.reverted;   }); });","""['Error: syntax error']"""
mcb9a6769,ERCDDAToken,<generic-v6-scaffold>,_transfer,live, + , - ,---|         require (balanceOf[_to] + _value >= balanceOf[_to]); +++|         require (balanceOf[_to] - _value >= balanceOf[_to]);,37,Mutant mcb9a6769 of function _transfer replaces + with -,"pragma solidity ^0.8.0; contract ERCDDAToken { address public owner; string public name; string public symbol; uint8 public decimals = 0; uint256 public totalSupply; event Transfer(address indexed from, address indexed to, uint256 value); event FrozenFunds(address target, bool frozen); event Burn(address indexed from, uint256 value); mapping (address => uint256) public balanceOf; mapping (address => bool) public frozenAccount; function owned() public { require(msg.sender == owner, ""Only the current owner can change ownership""); } modifier onlyOwner { require(msg.sender == owner); _; } constructor( uint256 initialSupply, string memory tokenName, string memory tokenSymbol) public { owner = payable(msg.sender); totalSupply = initialSupply * 10 ** uint256(decimals); balanceOf[msg.sender] = totalSupply; name = tokenName; symbol = tokenSymbol; } function _transfer(address _from, address _to, uint _value) internal { require (_to != address(0)); require (balanceOf[_from] >= _value); require (balanceOf[_to] + _value >= balanceOf[_to]); require(!frozenAccount[_from]); require(!frozenAccount[_to]); balanceOf[_from] -= _value; balanceOf[_to] += _value; emit Transfer(_from, _to, _value); } function transfer(address _to, uint256 _value) public returns (bool success) { _transfer(msg.sender, _to, _value); return true; } function freezeAccount(address target, bool freeze)  public onlyOwner { frozenAccount[target] = freeze; emit FrozenFunds(target, freeze); } function burn(uint256 _value)  public onlyOwner returns (bool success) { require(balanceOf[msg.sender] >= _value); balanceOf[msg.sender] -= _value; totalSupply -= _value; emit Burn(msg.sender, _value); return true; } function mintToken(address target, uint256 mintedAmount)  public onlyOwner { balanceOf[target] += mintedAmount; totalSupply += mintedAmount; } }","import { expect } from ""chai""; import { ethers } from ""hardhat""; describe(""ERCDDAToken reference (ethers v6; deploy may require constructor arguments)"", function () { it(""deploy ERCDDAToken by supplying its REQUIRED constructor arguments (read them from the contract constructor), then call methods and assert; use ethers.parseEther, await (await tx).wait(), and expect(...).to.be.reverted"", async function () { const [owner, addr1, addr2] = await ethers.getSigners(); const Factory = await ethers.getContractFactory(""ERCDDAToken""); const instance = await Factory.deploy(...constructorArgs); await instance.waitForDeployment(); }); });",False,False,"import { expect } from ""chai""; import { ethers } from ""hardhat"";  describe(""ERCDDAToken mutant detection test"", function () {   it(""should detect the _transfer overflow check mutation by transferring to a zero-balance address"", async function () {     const [owner, addr1] = await ethers.getSigners();     const initialSupply = 1000;     const tokenName = ""TestToken"";     const tokenSymbol = ""TT"";          const Factory = await ethers.getContractFactory(""ERCDDAToken"");     const instance = await Factory.deploy(initialSupply, tokenName, tokenSymbol);     await instance.waitForDeployment();      // addr1 has zero balance initially     const transferAmount = 100;          // This should succeed in the original contract (0 + 100 >= 0)     // In the mutant, it will revert because 0 - 100 >= 0 causes underflow     await expect(instance.transfer(addr1.address, transferAmount)).to.not.be.reverted;   }); });","""['Error: syntax error']"""
m073202b5,ERCDDAToken,<generic-v6-scaffold>,_transfer,live, + , * ,---|         require (balanceOf[_to] + _value >= balanceOf[_to]); +++|         require (balanceOf[_to] * _value >= balanceOf[_to]);,37,Mutant m073202b5 of function _transfer replaces + with *,"pragma solidity ^0.8.0; contract ERCDDAToken { address public owner; string public name; string public symbol; uint8 public decimals = 0; uint256 public totalSupply; event Transfer(address indexed from, address indexed to, uint256 value); event FrozenFunds(address target, bool frozen); event Burn(address indexed from, uint256 value); mapping (address => uint256) public balanceOf; mapping (address => bool) public frozenAccount; function owned() public { require(msg.sender == owner, ""Only the current owner can change ownership""); } modifier onlyOwner { require(msg.sender == owner); _; } constructor( uint256 initialSupply, string memory tokenName, string memory tokenSymbol) public { owner = payable(msg.sender); totalSupply = initialSupply * 10 ** uint256(decimals); balanceOf[msg.sender] = totalSupply; name = tokenName; symbol = tokenSymbol; } function _transfer(address _from, address _to, uint _value) internal { require (_to != address(0)); require (balanceOf[_from] >= _value); require (balanceOf[_to] + _value >= balanceOf[_to]); require(!frozenAccount[_from]); require(!frozenAccount[_to]); balanceOf[_from] -= _value; balanceOf[_to] += _value; emit Transfer(_from, _to, _value); } function transfer(address _to, uint256 _value) public returns (bool success) { _transfer(msg.sender, _to, _value); return true; } function freezeAccount(address target, bool freeze)  public onlyOwner { frozenAccount[target] = freeze; emit FrozenFunds(target, freeze); } function burn(uint256 _value)  public onlyOwner returns (bool success) { require(balanceOf[msg.sender] >= _value); balanceOf[msg.sender] -= _value; totalSupply -= _value; emit Burn(msg.sender, _value); return true; } function mintToken(address target, uint256 mintedAmount)  public onlyOwner { balanceOf[target] += mintedAmount; totalSupply += mintedAmount; } }","import { expect } from ""chai""; import { ethers } from ""hardhat""; describe(""ERCDDAToken reference (ethers v6; deploy may require constructor arguments)"", function () { it(""deploy ERCDDAToken by supplying its REQUIRED constructor arguments (read them from the contract constructor), then call methods and assert; use ethers.parseEther, await (await tx).wait(), and expect(...).to.be.reverted"", async function () { const [owner, addr1, addr2] = await ethers.getSigners(); const Factory = await ethers.getContractFactory(""ERCDDAToken""); const instance = await Factory.deploy(...constructorArgs); await instance.waitForDeployment(); }); });",False,False,"import { expect } from ""chai""; import { ethers } from ""hardhat"";  describe(""ERCDDAToken mutant detection"", function () {   it(""should kill mutant m073202b5 by transferring 0 tokens to an address with non-zero balance"", async function () {     const [owner, addr1] = await ethers.getSigners();     const initialSupply = 1000;     const tokenName = ""TestToken"";     const tokenSymbol = ""TT"";      const Factory = await ethers.getContractFactory(""ERCDDAToken"");     const instance = await Factory.deploy(initialSupply, tokenName, tokenSymbol);     await instance.waitForDeployment();      // First, transfer some tokens to addr1 so it has a non-zero balance     const transferAmount = ethers.parseEther(""100"");     await instance.connect(owner).transfer(addr1.address, transferAmount);      // Now try to transfer 0 tokens to addr1     // Original: should succeed (balanceOf[addr1] + 0 >= balanceOf[addr1])     // Mutant:  balanceOf[addr1] * 0 >= balanceOf[addr1] => 0 >= balanceOf[addr1] => false (since balance > 0)     await expect(       instance.connect(owner).transfer(addr1.address, 0)     ).to.not.be.reverted;   }); });","""['Error: syntax error']"""
m51cb43c0,ERCDDAToken,<generic-v6-scaffold>,burn,live, >= ,  > ,---|         require(balanceOf[msg.sender] >= _value); +++|         require(balanceOf[msg.sender]  > _value);,56,Mutant m51cb43c0 of function burn replaces >= with >,"pragma solidity ^0.8.0; contract ERCDDAToken { address public owner; string public name; string public symbol; uint8 public decimals = 0; uint256 public totalSupply; event Transfer(address indexed from, address indexed to, uint256 value); event FrozenFunds(address target, bool frozen); event Burn(address indexed from, uint256 value); mapping (address => uint256) public balanceOf; mapping (address => bool) public frozenAccount; function owned() public { require(msg.sender == owner, ""Only the current owner can change ownership""); } modifier onlyOwner { require(msg.sender == owner); _; } constructor( uint256 initialSupply, string memory tokenName, string memory tokenSymbol) public { owner = payable(msg.sender); totalSupply = initialSupply * 10 ** uint256(decimals); balanceOf[msg.sender] = totalSupply; name = tokenName; symbol = tokenSymbol; } function _transfer(address _from, address _to, uint _value) internal { require (_to != address(0)); require (balanceOf[_from] >= _value); require (balanceOf[_to] + _value >= balanceOf[_to]); require(!frozenAccount[_from]); require(!frozenAccount[_to]); balanceOf[_from] -= _value; balanceOf[_to] += _value; emit Transfer(_from, _to, _value); } function transfer(address _to, uint256 _value) public returns (bool success) { _transfer(msg.sender, _to, _value); return true; } function freezeAccount(address target, bool freeze)  public onlyOwner { frozenAccount[target] = freeze; emit FrozenFunds(target, freeze); } function burn(uint256 _value)  public onlyOwner returns (bool success) { require(balanceOf[msg.sender] >= _value); balanceOf[msg.sender] -= _value; totalSupply -= _value; emit Burn(msg.sender, _value); return true; } function mintToken(address target, uint256 mintedAmount)  public onlyOwner { balanceOf[target] += mintedAmount; totalSupply += mintedAmount; } }","import { expect } from ""chai""; import { ethers } from ""hardhat""; describe(""ERCDDAToken reference (ethers v6; deploy may require constructor arguments)"", function () { it(""deploy ERCDDAToken by supplying its REQUIRED constructor arguments (read them from the contract constructor), then call methods and assert; use ethers.parseEther, await (await tx).wait(), and expect(...).to.be.reverted"", async function () { const [owner, addr1, addr2] = await ethers.getSigners(); const Factory = await ethers.getContractFactory(""ERCDDAToken""); const instance = await Factory.deploy(...constructorArgs); await instance.waitForDeployment(); }); });",False,False,"import { expect } from ""chai""; import { ethers } from ""hardhat"";  describe(""ERCDDAToken mutant detection - burn with > instead of >="", function () {   it(""should revert when burning exactly the full balance (detects mutant with > instead of >=)"", async function () {     const [owner] = await ethers.getSigners();     const initialSupply = 1000;     const Factory = await ethers.getContractFactory(""ERCDDAToken"");     const instance = await Factory.deploy(initialSupply, ""TestToken"", ""TST"");     await instance.waitForDeployment();      const ownerBalance = await instance.balanceOf(owner.address);     const burnAmount = ownerBalance; // Burn entire balance      // On original contract, this should succeed; on mutant with > it reverts     await expect(instance.burn(burnAmount)).to.not.be.reverted;          // Verify state after burn     expect(await instance.balanceOf(owner.address)).to.equal(0);     expect(await instance.totalSupply()).to.equal(0);   }); });","""['Error: syntax error']"""
m3de9c150,ERCDDAToken,<generic-v6-scaffold>,burn,live, >= , <= ,---|         require(balanceOf[msg.sender] >= _value); +++|         require(balanceOf[msg.sender] <= _value);,56,Mutant m3de9c150 of function burn replaces >= with <=,"pragma solidity ^0.8.0; contract ERCDDAToken { address public owner; string public name; string public symbol; uint8 public decimals = 0; uint256 public totalSupply; event Transfer(address indexed from, address indexed to, uint256 value); event FrozenFunds(address target, bool frozen); event Burn(address indexed from, uint256 value); mapping (address => uint256) public balanceOf; mapping (address => bool) public frozenAccount; function owned() public { require(msg.sender == owner, ""Only the current owner can change ownership""); } modifier onlyOwner { require(msg.sender == owner); _; } constructor( uint256 initialSupply, string memory tokenName, string memory tokenSymbol) public { owner = payable(msg.sender); totalSupply = initialSupply * 10 ** uint256(decimals); balanceOf[msg.sender] = totalSupply; name = tokenName; symbol = tokenSymbol; } function _transfer(address _from, address _to, uint _value) internal { require (_to != address(0)); require (balanceOf[_from] >= _value); require (balanceOf[_to] + _value >= balanceOf[_to]); require(!frozenAccount[_from]); require(!frozenAccount[_to]); balanceOf[_from] -= _value; balanceOf[_to] += _value; emit Transfer(_from, _to, _value); } function transfer(address _to, uint256 _value) public returns (bool success) { _transfer(msg.sender, _to, _value); return true; } function freezeAccount(address target, bool freeze)  public onlyOwner { frozenAccount[target] = freeze; emit FrozenFunds(target, freeze); } function burn(uint256 _value)  public onlyOwner returns (bool success) { require(balanceOf[msg.sender] >= _value); balanceOf[msg.sender] -= _value; totalSupply -= _value; emit Burn(msg.sender, _value); return true; } function mintToken(address target, uint256 mintedAmount)  public onlyOwner { balanceOf[target] += mintedAmount; totalSupply += mintedAmount; } }","import { expect } from ""chai""; import { ethers } from ""hardhat""; describe(""ERCDDAToken reference (ethers v6; deploy may require constructor arguments)"", function () { it(""deploy ERCDDAToken by supplying its REQUIRED constructor arguments (read them from the contract constructor), then call methods and assert; use ethers.parseEther, await (await tx).wait(), and expect(...).to.be.reverted"", async function () { const [owner, addr1, addr2] = await ethers.getSigners(); const Factory = await ethers.getContractFactory(""ERCDDAToken""); const instance = await Factory.deploy(...constructorArgs); await instance.waitForDeployment(); }); });",False,False,"import { expect } from ""chai""; import { ethers } } from ""hardhat"";  describe(""ERCDDAToken mutant test for m3de9c150"", function () {   it(""should revert when burning amount less than balance (mutant uses <= instead of >=)"", async function () {     const [owner, addr1] = await ethers.getSigners();     const Factory = await ethers.getContractFactory(""ERCDDAToken"");     const initialSupply = 1000;     const tokenName = ""TestToken"";     const tokenSymbol = ""TST"";     const instance = await Factory.deploy(initialSupply, tokenName, tokenSymbol);     await instance.waitForDeployment();      // Transfer some tokens to addr1 so they have a balance less than initialSupply     const transferAmount = ethers.parseUnits(""500"", 0);     await instance.connect(owner).transfer(addr1.address, transferAmount);      // Now addr1 tries to burn 100 tokens (which is less than their balance of 500)     // Original: requires balance >= _value (500 >= 100) -> passes     // Mutant: requires balance <= _value (500 <= 100) -> reverts     const burnAmount = ethers.parseUnits(""100"", 0);     await expect(       instance.connect(addr1).burn(burnAmount)     ).to.be.reverted;   }); });","""['Error: syntax error']"""
m195765ab,ERCDDAToken,<generic-v6-scaffold>,burn,live, >= , == ,---|         require(balanceOf[msg.sender] >= _value); +++|         require(balanceOf[msg.sender] == _value);,56,Mutant m195765ab of function burn replaces >= with ==,"pragma solidity ^0.8.0; contract ERCDDAToken { address public owner; string public name; string public symbol; uint8 public decimals = 0; uint256 public totalSupply; event Transfer(address indexed from, address indexed to, uint256 value); event FrozenFunds(address target, bool frozen); event Burn(address indexed from, uint256 value); mapping (address => uint256) public balanceOf; mapping (address => bool) public frozenAccount; function owned() public { require(msg.sender == owner, ""Only the current owner can change ownership""); } modifier onlyOwner { require(msg.sender == owner); _; } constructor( uint256 initialSupply, string memory tokenName, string memory tokenSymbol) public { owner = payable(msg.sender); totalSupply = initialSupply * 10 ** uint256(decimals); balanceOf[msg.sender] = totalSupply; name = tokenName; symbol = tokenSymbol; } function _transfer(address _from, address _to, uint _value) internal { require (_to != address(0)); require (balanceOf[_from] >= _value); require (balanceOf[_to] + _value >= balanceOf[_to]); require(!frozenAccount[_from]); require(!frozenAccount[_to]); balanceOf[_from] -= _value; balanceOf[_to] += _value; emit Transfer(_from, _to, _value); } function transfer(address _to, uint256 _value) public returns (bool success) { _transfer(msg.sender, _to, _value); return true; } function freezeAccount(address target, bool freeze)  public onlyOwner { frozenAccount[target] = freeze; emit FrozenFunds(target, freeze); } function burn(uint256 _value)  public onlyOwner returns (bool success) { require(balanceOf[msg.sender] >= _value); balanceOf[msg.sender] -= _value; totalSupply -= _value; emit Burn(msg.sender, _value); return true; } function mintToken(address target, uint256 mintedAmount)  public onlyOwner { balanceOf[target] += mintedAmount; totalSupply += mintedAmount; } }","import { expect } from ""chai""; import { ethers } from ""hardhat""; describe(""ERCDDAToken reference (ethers v6; deploy may require constructor arguments)"", function () { it(""deploy ERCDDAToken by supplying its REQUIRED constructor arguments (read them from the contract constructor), then call methods and assert; use ethers.parseEther, await (await tx).wait(), and expect(...).to.be.reverted"", async function () { const [owner, addr1, addr2] = await ethers.getSigners(); const Factory = await ethers.getContractFactory(""ERCDDAToken""); const instance = await Factory.deploy(...constructorArgs); await instance.waitForDeployment(); }); });",False,False,"import { expect } from ""chai""; import { ethers } from ""hardhat"";  describe(""ERCDDAToken reference (ethers v6; deploy may require constructor arguments)"", function () {   it(""should detect mutant m195765ab by calling burn with value less than balance"", async function () {     const [owner, addr1] = await ethers.getSigners();     const initialSupply = 1000;     const tokenName = ""TestToken"";     const tokenSymbol = ""TT"";      const Factory = await ethers.getContractFactory(""ERCDDAToken"");     const instance = await Factory.deploy(initialSupply, tokenName, tokenSymbol);     await instance.waitForDeployment();      // Owner has totalSupply = 1000 * 10^0 = 1000 tokens     // Burn only 500 tokens (less than full balance)     const burnAmount = 500;          // On original: succeeds because 1000 >= 500     // On mutant: reverts because 1000 != 500     await expect(instance.connect(owner).burn(burnAmount)).to.not.be.reverted;   }); });","""['Error: syntax error']"""
m61a3c614,ERCDDAToken,<generic-v6-scaffold>,_transfer,live,"emit Transfer(_from, _to, _value);","/* emit Transfer(_from, _to, _value); */","---|         emit Transfer(_from, _to, _value); +++|",42,"Mutant m61a3c614 of function _transfer replaces emit Transfer(_from, _to, _value); with ","pragma solidity ^0.8.0; contract ERCDDAToken { address public owner; string public name; string public symbol; uint8 public decimals = 0; uint256 public totalSupply; event Transfer(address indexed from, address indexed to, uint256 value); event FrozenFunds(address target, bool frozen); event Burn(address indexed from, uint256 value); mapping (address => uint256) public balanceOf; mapping (address => bool) public frozenAccount; function owned() public { require(msg.sender == owner, ""Only the current owner can change ownership""); } modifier onlyOwner { require(msg.sender == owner); _; } constructor( uint256 initialSupply, string memory tokenName, string memory tokenSymbol) public { owner = payable(msg.sender); totalSupply = initialSupply * 10 ** uint256(decimals); balanceOf[msg.sender] = totalSupply; name = tokenName; symbol = tokenSymbol; } function _transfer(address _from, address _to, uint _value) internal { require (_to != address(0)); require (balanceOf[_from] >= _value); require (balanceOf[_to] + _value >= balanceOf[_to]); require(!frozenAccount[_from]); require(!frozenAccount[_to]); balanceOf[_from] -= _value; balanceOf[_to] += _value; emit Transfer(_from, _to, _value); } function transfer(address _to, uint256 _value) public returns (bool success) { _transfer(msg.sender, _to, _value); return true; } function freezeAccount(address target, bool freeze)  public onlyOwner { frozenAccount[target] = freeze; emit FrozenFunds(target, freeze); } function burn(uint256 _value)  public onlyOwner returns (bool success) { require(balanceOf[msg.sender] >= _value); balanceOf[msg.sender] -= _value; totalSupply -= _value; emit Burn(msg.sender, _value); return true; } function mintToken(address target, uint256 mintedAmount)  public onlyOwner { balanceOf[target] += mintedAmount; totalSupply += mintedAmount; } }","import { expect } from ""chai""; import { ethers } from ""hardhat""; describe(""ERCDDAToken reference (ethers v6; deploy may require constructor arguments)"", function () { it(""deploy ERCDDAToken by supplying its REQUIRED constructor arguments (read them from the contract constructor), then call methods and assert; use ethers.parseEther, await (await tx).wait(), and expect(...).to.be.reverted"", async function () { const [owner, addr1, addr2] = await ethers.getSigners(); const Factory = await ethers.getContractFactory(""ERCDDAToken""); const instance = await Factory.deploy(...constructorArgs); await instance.waitForDeployment(); }); });",False,False,"import { expect } from ""chai""; import { ethers } from ""hardhat"";  describe(""ERCDDAToken reference (ethers v6; deploy may require constructor arguments)"", function () {   it(""should emit Transfer event when a transfer is performed - kills mutant that removes event emission"", async function () {     const [owner, addr1] = await ethers.getSigners();     const Factory = await ethers.getContractFactory(""ERCDDAToken"");     const initialSupply = 1000;     const tokenName = ""TestToken"";     const tokenSymbol = ""TT"";     const instance = await Factory.deploy(initialSupply, tokenName, tokenSymbol);     await instance.waitForDeployment();      const transferAmount = 100;     const tx = await instance.transfer(addr1.address, transferAmount);     const receipt = await tx.wait();      // Verify the Transfer event was emitted with correct parameters     await expect(tx)       .to.emit(instance, ""Transfer"")       .withArgs(owner.address, addr1.address, transferAmount);   }); });","""['Error: syntax error']"""
mc2c6a4dc,ERCDDAToken,<generic-v6-scaffold>,freezeAccount,live,"emit FrozenFunds(target, freeze);","/* emit FrozenFunds(target, freeze); */","---|         emit FrozenFunds(target, freeze); +++|",52,"Mutant mc2c6a4dc of function freezeAccount replaces emit FrozenFunds(target, freeze); with ","pragma solidity ^0.8.0; contract ERCDDAToken { address public owner; string public name; string public symbol; uint8 public decimals = 0; uint256 public totalSupply; event Transfer(address indexed from, address indexed to, uint256 value); event FrozenFunds(address target, bool frozen); event Burn(address indexed from, uint256 value); mapping (address => uint256) public balanceOf; mapping (address => bool) public frozenAccount; function owned() public { require(msg.sender == owner, ""Only the current owner can change ownership""); } modifier onlyOwner { require(msg.sender == owner); _; } constructor( uint256 initialSupply, string memory tokenName, string memory tokenSymbol) public { owner = payable(msg.sender); totalSupply = initialSupply * 10 ** uint256(decimals); balanceOf[msg.sender] = totalSupply; name = tokenName; symbol = tokenSymbol; } function _transfer(address _from, address _to, uint _value) internal { require (_to != address(0)); require (balanceOf[_from] >= _value); require (balanceOf[_to] + _value >= balanceOf[_to]); require(!frozenAccount[_from]); require(!frozenAccount[_to]); balanceOf[_from] -= _value; balanceOf[_to] += _value; emit Transfer(_from, _to, _value); } function transfer(address _to, uint256 _value) public returns (bool success) { _transfer(msg.sender, _to, _value); return true; } function freezeAccount(address target, bool freeze)  public onlyOwner { frozenAccount[target] = freeze; emit FrozenFunds(target, freeze); } function burn(uint256 _value)  public onlyOwner returns (bool success) { require(balanceOf[msg.sender] >= _value); balanceOf[msg.sender] -= _value; totalSupply -= _value; emit Burn(msg.sender, _value); return true; } function mintToken(address target, uint256 mintedAmount)  public onlyOwner { balanceOf[target] += mintedAmount; totalSupply += mintedAmount; } }","import { expect } from ""chai""; import { ethers } from ""hardhat""; describe(""ERCDDAToken reference (ethers v6; deploy may require constructor arguments)"", function () { it(""deploy ERCDDAToken by supplying its REQUIRED constructor arguments (read them from the contract constructor), then call methods and assert; use ethers.parseEther, await (await tx).wait(), and expect(...).to.be.reverted"", async function () { const [owner, addr1, addr2] = await ethers.getSigners(); const Factory = await ethers.getContractFactory(""ERCDDAToken""); const instance = await Factory.deploy(...constructorArgs); await instance.waitForDeployment(); }); });",False,False,"import { expect } from ""chai""; import { ethers } from ""hardhat"";  describe(""ERCDDAToken mutant mc2c6a4dc test"", function () {   it(""should emit FrozenFunds event when freezeAccount is called"", async function () {     const [owner, addr1] = await ethers.getSigners();     const initialSupply = 1000;     const tokenName = ""TestToken"";     const tokenSymbol = ""TT"";          const Factory = await ethers.getContractFactory(""ERCDDAToken"");     const instance = await Factory.deploy(initialSupply, tokenName, tokenSymbol);     await instance.waitForDeployment();      // Call freezeAccount and verify the event is emitted     await expect(instance.freezeAccount(addr1.address, true))       .to.emit(instance, ""FrozenFunds"")       .withArgs(addr1.address, true);   }); });","""['Error: syntax error']"""
m47d8c138,ERCDDAToken,<generic-v6-scaffold>,burn,live,"emit Burn(msg.sender, _value);","/* emit Burn(msg.sender, _value); */","---|         emit Burn(msg.sender, _value); +++|",59,"Mutant m47d8c138 of function burn replaces emit Burn(msg.sender, _value); with ","pragma solidity ^0.8.0; contract ERCDDAToken { address public owner; string public name; string public symbol; uint8 public decimals = 0; uint256 public totalSupply; event Transfer(address indexed from, address indexed to, uint256 value); event FrozenFunds(address target, bool frozen); event Burn(address indexed from, uint256 value); mapping (address => uint256) public balanceOf; mapping (address => bool) public frozenAccount; function owned() public { require(msg.sender == owner, ""Only the current owner can change ownership""); } modifier onlyOwner { require(msg.sender == owner); _; } constructor( uint256 initialSupply, string memory tokenName, string memory tokenSymbol) public { owner = payable(msg.sender); totalSupply = initialSupply * 10 ** uint256(decimals); balanceOf[msg.sender] = totalSupply; name = tokenName; symbol = tokenSymbol; } function _transfer(address _from, address _to, uint _value) internal { require (_to != address(0)); require (balanceOf[_from] >= _value); require (balanceOf[_to] + _value >= balanceOf[_to]); require(!frozenAccount[_from]); require(!frozenAccount[_to]); balanceOf[_from] -= _value; balanceOf[_to] += _value; emit Transfer(_from, _to, _value); } function transfer(address _to, uint256 _value) public returns (bool success) { _transfer(msg.sender, _to, _value); return true; } function freezeAccount(address target, bool freeze)  public onlyOwner { frozenAccount[target] = freeze; emit FrozenFunds(target, freeze); } function burn(uint256 _value)  public onlyOwner returns (bool success) { require(balanceOf[msg.sender] >= _value); balanceOf[msg.sender] -= _value; totalSupply -= _value; emit Burn(msg.sender, _value); return true; } function mintToken(address target, uint256 mintedAmount)  public onlyOwner { balanceOf[target] += mintedAmount; totalSupply += mintedAmount; } }","import { expect } from ""chai""; import { ethers } from ""hardhat""; describe(""ERCDDAToken reference (ethers v6; deploy may require constructor arguments)"", function () { it(""deploy ERCDDAToken by supplying its REQUIRED constructor arguments (read them from the contract constructor), then call methods and assert; use ethers.parseEther, await (await tx).wait(), and expect(...).to.be.reverted"", async function () { const [owner, addr1, addr2] = await ethers.getSigners(); const Factory = await ethers.getContractFactory(""ERCDDAToken""); const instance = await Factory.deploy(...constructorArgs); await instance.waitForDeployment(); }); });",False,False,"import { expect } from ""chai""; import { ethers } from ""hardhat"";  describe(""ERCDDAToken reference (ethers v6; deploy may require constructor arguments)"", function () {   it(""should detect mutant m47d8c138: burn function missing Burn event emission"", async function () {     const [owner, addr1] = await ethers.getSigners();          // Deploy with 1000 initial supply, name ""Test"", symbol ""TST""     const Factory = await ethers.getContractFactory(""ERCDDAToken"");     const instance = await Factory.deploy(1000, ""Test"", ""TST"");     await instance.waitForDeployment();      // Burn 500 tokens from owner's balance     const burnAmount = 500;     const tx = await instance.connect(owner).burn(burnAmount);     const receipt = await tx.wait();      // Check that the Burn event was emitted with correct parameters     await expect(tx)       .to.emit(instance, ""Burn"")       .withArgs(owner.address, burnAmount);   }); });","""['Error: syntax error']"""
mea73f135,ERCDDAToken,<generic-v6-scaffold>,owned,live,"require(msg.sender == owner, ""Only the current owner can change ownership"");","/* require(msg.sender == owner, ""Only the current owner can change ownership""); */","---|     require(msg.sender == owner, ""Only the current owner can change ownership""); +++|",17,"Mutant mea73f135 of function owned replaces require(msg.sender == owner, ""Only the current owner can change ownership""); with ","pragma solidity ^0.8.0; contract ERCDDAToken { address public owner; string public name; string public symbol; uint8 public decimals = 0; uint256 public totalSupply; event Transfer(address indexed from, address indexed to, uint256 value); event FrozenFunds(address target, bool frozen); event Burn(address indexed from, uint256 value); mapping (address => uint256) public balanceOf; mapping (address => bool) public frozenAccount; function owned() public { require(msg.sender == owner, ""Only the current owner can change ownership""); } modifier onlyOwner { require(msg.sender == owner); _; } constructor( uint256 initialSupply, string memory tokenName, string memory tokenSymbol) public { owner = payable(msg.sender); totalSupply = initialSupply * 10 ** uint256(decimals); balanceOf[msg.sender] = totalSupply; name = tokenName; symbol = tokenSymbol; } function _transfer(address _from, address _to, uint _value) internal { require (_to != address(0)); require (balanceOf[_from] >= _value); require (balanceOf[_to] + _value >= balanceOf[_to]); require(!frozenAccount[_from]); require(!frozenAccount[_to]); balanceOf[_from] -= _value; balanceOf[_to] += _value; emit Transfer(_from, _to, _value); } function transfer(address _to, uint256 _value) public returns (bool success) { _transfer(msg.sender, _to, _value); return true; } function freezeAccount(address target, bool freeze)  public onlyOwner { frozenAccount[target] = freeze; emit FrozenFunds(target, freeze); } function burn(uint256 _value)  public onlyOwner returns (bool success) { require(balanceOf[msg.sender] >= _value); balanceOf[msg.sender] -= _value; totalSupply -= _value; emit Burn(msg.sender, _value); return true; } function mintToken(address target, uint256 mintedAmount)  public onlyOwner { balanceOf[target] += mintedAmount; totalSupply += mintedAmount; } }","import { expect } from ""chai""; import { ethers } from ""hardhat""; describe(""ERCDDAToken reference (ethers v6; deploy may require constructor arguments)"", function () { it(""deploy ERCDDAToken by supplying its REQUIRED constructor arguments (read them from the contract constructor), then call methods and assert; use ethers.parseEther, await (await tx).wait(), and expect(...).to.be.reverted"", async function () { const [owner, addr1, addr2] = await ethers.getSigners(); const Factory = await ethers.getContractFactory(""ERCDDAToken""); const instance = await Factory.deploy(...constructorArgs); await instance.waitForDeployment(); }); });",False,False,"import { expect } from ""chai""; import { ethers } from ""hardhat"";  describe(""ERCDDAToken mutant kill test for mea73f135"", function () {   it(""should revert when non-owner calls owned() function (detects removal of require)"", async function () {     const [owner, addr1] = await ethers.getSigners();     const initialSupply = 1000;     const tokenName = ""TestToken"";     const tokenSymbol = ""TT"";          const Factory = await ethers.getContractFactory(""ERCDDAToken"");     const instance = await Factory.deploy(initialSupply, tokenName, tokenSymbol);     await instance.waitForDeployment();      // addr1 is not the owner, calling owned() should revert in original contract     await expect(       instance.connect(addr1).owned()     ).to.be.revertedWith(""Only the current owner can change ownership"");   }); });","""['Error: syntax error']"""
m5183008a,ERCDDAToken,<generic-v6-scaffold>,modifier:onlyOwner,live,require(msg.sender == owner);,/* require(msg.sender == owner); */,---|         require(msg.sender == owner); +++|,21,Mutant m5183008a of function modifier:onlyOwner replaces require(msg.sender == owner); with ,"pragma solidity ^0.8.0; contract ERCDDAToken { address public owner; string public name; string public symbol; uint8 public decimals = 0; uint256 public totalSupply; event Transfer(address indexed from, address indexed to, uint256 value); event FrozenFunds(address target, bool frozen); event Burn(address indexed from, uint256 value); mapping (address => uint256) public balanceOf; mapping (address => bool) public frozenAccount; function owned() public { require(msg.sender == owner, ""Only the current owner can change ownership""); } modifier onlyOwner { require(msg.sender == owner); _; } constructor( uint256 initialSupply, string memory tokenName, string memory tokenSymbol) public { owner = payable(msg.sender); totalSupply = initialSupply * 10 ** uint256(decimals); balanceOf[msg.sender] = totalSupply; name = tokenName; symbol = tokenSymbol; } function _transfer(address _from, address _to, uint _value) internal { require (_to != address(0)); require (balanceOf[_from] >= _value); require (balanceOf[_to] + _value >= balanceOf[_to]); require(!frozenAccount[_from]); require(!frozenAccount[_to]); balanceOf[_from] -= _value; balanceOf[_to] += _value; emit Transfer(_from, _to, _value); } function transfer(address _to, uint256 _value) public returns (bool success) { _transfer(msg.sender, _to, _value); return true; } function freezeAccount(address target, bool freeze)  public onlyOwner { frozenAccount[target] = freeze; emit FrozenFunds(target, freeze); } function burn(uint256 _value)  public onlyOwner returns (bool success) { require(balanceOf[msg.sender] >= _value); balanceOf[msg.sender] -= _value; totalSupply -= _value; emit Burn(msg.sender, _value); return true; } function mintToken(address target, uint256 mintedAmount)  public onlyOwner { balanceOf[target] += mintedAmount; totalSupply += mintedAmount; } }","import { expect } from ""chai""; import { ethers } from ""hardhat""; describe(""ERCDDAToken reference (ethers v6; deploy may require constructor arguments)"", function () { it(""deploy ERCDDAToken by supplying its REQUIRED constructor arguments (read them from the contract constructor), then call methods and assert; use ethers.parseEther, await (await tx).wait(), and expect(...).to.be.reverted"", async function () { const [owner, addr1, addr2] = await ethers.getSigners(); const Factory = await ethers.getContractFactory(""ERCDDAToken""); const instance = await Factory.deploy(...constructorArgs); await instance.waitForDeployment(); }); });",False,False,"import { expect } from ""chai""; import { ethers } from ""hardhat"";  describe(""ERCDDAToken reference (ethers v6; deploy may require constructor arguments)"", function () {   it(""should revert when non-owner calls onlyOwner function (detect mutant removing require from modifier)"", async function () {     const [owner, addr1] = await ethers.getSigners();     const Factory = await ethers.getContractFactory(""ERCDDAToken"");     const instance = await Factory.deploy(1000, ""TestToken"", ""TST"");     await instance.waitForDeployment();      // Attempt to call freezeAccount from a non-owner address - should revert if modifier works correctly     await expect(       instance.connect(addr1).freezeAccount(addr1.address, true)     ).to.be.reverted;   }); });","""['Error: syntax error']"""
mffbccf95,ERCDDAToken,<generic-v6-scaffold>,_transfer,live,require (_to != address(0));,/* require (_to != address(0)); */,---|         require (_to != address(0)); +++|,35,Mutant mffbccf95 of function _transfer replaces require (_to != address(0)); with ,"pragma solidity ^0.8.0; contract ERCDDAToken { address public owner; string public name; string public symbol; uint8 public decimals = 0; uint256 public totalSupply; event Transfer(address indexed from, address indexed to, uint256 value); event FrozenFunds(address target, bool frozen); event Burn(address indexed from, uint256 value); mapping (address => uint256) public balanceOf; mapping (address => bool) public frozenAccount; function owned() public { require(msg.sender == owner, ""Only the current owner can change ownership""); } modifier onlyOwner { require(msg.sender == owner); _; } constructor( uint256 initialSupply, string memory tokenName, string memory tokenSymbol) public { owner = payable(msg.sender); totalSupply = initialSupply * 10 ** uint256(decimals); balanceOf[msg.sender] = totalSupply; name = tokenName; symbol = tokenSymbol; } function _transfer(address _from, address _to, uint _value) internal { require (_to != address(0)); require (balanceOf[_from] >= _value); require (balanceOf[_to] + _value >= balanceOf[_to]); require(!frozenAccount[_from]); require(!frozenAccount[_to]); balanceOf[_from] -= _value; balanceOf[_to] += _value; emit Transfer(_from, _to, _value); } function transfer(address _to, uint256 _value) public returns (bool success) { _transfer(msg.sender, _to, _value); return true; } function freezeAccount(address target, bool freeze)  public onlyOwner { frozenAccount[target] = freeze; emit FrozenFunds(target, freeze); } function burn(uint256 _value)  public onlyOwner returns (bool success) { require(balanceOf[msg.sender] >= _value); balanceOf[msg.sender] -= _value; totalSupply -= _value; emit Burn(msg.sender, _value); return true; } function mintToken(address target, uint256 mintedAmount)  public onlyOwner { balanceOf[target] += mintedAmount; totalSupply += mintedAmount; } }","import { expect } from ""chai""; import { ethers } from ""hardhat""; describe(""ERCDDAToken reference (ethers v6; deploy may require constructor arguments)"", function () { it(""deploy ERCDDAToken by supplying its REQUIRED constructor arguments (read them from the contract constructor), then call methods and assert; use ethers.parseEther, await (await tx).wait(), and expect(...).to.be.reverted"", async function () { const [owner, addr1, addr2] = await ethers.getSigners(); const Factory = await ethers.getContractFactory(""ERCDDAToken""); const instance = await Factory.deploy(...constructorArgs); await instance.waitForDeployment(); }); });",False,False,"import { expect } from ""chai""; import { ethers } from ""hardhat"";  describe(""ERCDDAToken mutant detection - transfer to zero address"", function () {   it(""should revert when transferring to zero address, but mutant will not revert"", async function () {     const [owner, addr1] = await ethers.getSigners();     const initialSupply = 1000;     const tokenName = ""TestToken"";     const tokenSymbol = ""TT"";      const Factory = await ethers.getContractFactory(""ERCDDAToken"");     const instance = await Factory.deploy(initialSupply, tokenName, tokenSymbol);     await instance.waitForDeployment();      // Transfer some tokens to addr1 first so owner has less than total supply     await instance.transfer(addr1.address, 100);          // Attempt to transfer tokens to zero address     // In original contract, this should revert because of require(_to != address(0))     // In mutant (missing this check), the transfer will succeed     const zeroAddress = ethers.ZeroAddress;          await expect(       instance.transfer(zeroAddress, 50)     ).to.be.reverted;   }); });","""['Error: syntax error']"""
md21f04e1,ERCDDAToken,<generic-v6-scaffold>,_transfer,live,require (balanceOf[_from] >= _value);,/* require (balanceOf[_from] >= _value); */,---|         require (balanceOf[_from] >= _value); +++|,36,Mutant md21f04e1 of function _transfer replaces require (balanceOf[_from] >= _value); with ,"pragma solidity ^0.8.0; contract ERCDDAToken { address public owner; string public name; string public symbol; uint8 public decimals = 0; uint256 public totalSupply; event Transfer(address indexed from, address indexed to, uint256 value); event FrozenFunds(address target, bool frozen); event Burn(address indexed from, uint256 value); mapping (address => uint256) public balanceOf; mapping (address => bool) public frozenAccount; function owned() public { require(msg.sender == owner, ""Only the current owner can change ownership""); } modifier onlyOwner { require(msg.sender == owner); _; } constructor( uint256 initialSupply, string memory tokenName, string memory tokenSymbol) public { owner = payable(msg.sender); totalSupply = initialSupply * 10 ** uint256(decimals); balanceOf[msg.sender] = totalSupply; name = tokenName; symbol = tokenSymbol; } function _transfer(address _from, address _to, uint _value) internal { require (_to != address(0)); require (balanceOf[_from] >= _value); require (balanceOf[_to] + _value >= balanceOf[_to]); require(!frozenAccount[_from]); require(!frozenAccount[_to]); balanceOf[_from] -= _value; balanceOf[_to] += _value; emit Transfer(_from, _to, _value); } function transfer(address _to, uint256 _value) public returns (bool success) { _transfer(msg.sender, _to, _value); return true; } function freezeAccount(address target, bool freeze)  public onlyOwner { frozenAccount[target] = freeze; emit FrozenFunds(target, freeze); } function burn(uint256 _value)  public onlyOwner returns (bool success) { require(balanceOf[msg.sender] >= _value); balanceOf[msg.sender] -= _value; totalSupply -= _value; emit Burn(msg.sender, _value); return true; } function mintToken(address target, uint256 mintedAmount)  public onlyOwner { balanceOf[target] += mintedAmount; totalSupply += mintedAmount; } }","import { expect } from ""chai""; import { ethers } from ""hardhat""; describe(""ERCDDAToken reference (ethers v6; deploy may require constructor arguments)"", function () { it(""deploy ERCDDAToken by supplying its REQUIRED constructor arguments (read them from the contract constructor), then call methods and assert; use ethers.parseEther, await (await tx).wait(), and expect(...).to.be.reverted"", async function () { const [owner, addr1, addr2] = await ethers.getSigners(); const Factory = await ethers.getContractFactory(""ERCDDAToken""); const instance = await Factory.deploy(...constructorArgs); await instance.waitForDeployment(); }); });",False,False,"import { expect } from ""chai""; import { ethers } from ""hardhat"";  describe(""ERCDDAToken mutant kill test - md21f04e1"", function () {   it(""should revert when transferring more than balance (original) but succeed on mutant"", async function () {     const [owner, addr1] = await ethers.getSigners();     const initialSupply = 1000;     const Factory = await ethers.getContractFactory(""ERCDDAToken"");     const instance = await Factory.deploy(initialSupply, ""Test"", ""TST"");     await instance.waitForDeployment();      // Transfer all owner balance to addr1 first (so owner has 0 balance)     const ownerBalance = await instance.balanceOf(owner.address);     await instance.transfer(addr1.address, ownerBalance);      // Now try to transfer from owner (0 balance) to addr1 - should revert in original     await expect(       instance.transfer(addr1.address, 1)     ).to.be.reverted;   }); });","""['Error: syntax error']"""
m90f7e4d8,ERCDDAToken,<generic-v6-scaffold>,_transfer,live,require (balanceOf[_to] + _value >= balanceOf[_to]);,/* require (balanceOf[_to] + _value >= balanceOf[_to]); */,---|         require (balanceOf[_to] + _value >= balanceOf[_to]); +++|,37,Mutant m90f7e4d8 of function _transfer replaces require (balanceOf[_to] + _value >= balanceOf[_to]); with ,"pragma solidity ^0.8.0; contract ERCDDAToken { address public owner; string public name; string public symbol; uint8 public decimals = 0; uint256 public totalSupply; event Transfer(address indexed from, address indexed to, uint256 value); event FrozenFunds(address target, bool frozen); event Burn(address indexed from, uint256 value); mapping (address => uint256) public balanceOf; mapping (address => bool) public frozenAccount; function owned() public { require(msg.sender == owner, ""Only the current owner can change ownership""); } modifier onlyOwner { require(msg.sender == owner); _; } constructor( uint256 initialSupply, string memory tokenName, string memory tokenSymbol) public { owner = payable(msg.sender); totalSupply = initialSupply * 10 ** uint256(decimals); balanceOf[msg.sender] = totalSupply; name = tokenName; symbol = tokenSymbol; } function _transfer(address _from, address _to, uint _value) internal { require (_to != address(0)); require (balanceOf[_from] >= _value); require (balanceOf[_to] + _value >= balanceOf[_to]); require(!frozenAccount[_from]); require(!frozenAccount[_to]); balanceOf[_from] -= _value; balanceOf[_to] += _value; emit Transfer(_from, _to, _value); } function transfer(address _to, uint256 _value) public returns (bool success) { _transfer(msg.sender, _to, _value); return true; } function freezeAccount(address target, bool freeze)  public onlyOwner { frozenAccount[target] = freeze; emit FrozenFunds(target, freeze); } function burn(uint256 _value)  public onlyOwner returns (bool success) { require(balanceOf[msg.sender] >= _value); balanceOf[msg.sender] -= _value; totalSupply -= _value; emit Burn(msg.sender, _value); return true; } function mintToken(address target, uint256 mintedAmount)  public onlyOwner { balanceOf[target] += mintedAmount; totalSupply += mintedAmount; } }","import { expect } from ""chai""; import { ethers } from ""hardhat""; describe(""ERCDDAToken reference (ethers v6; deploy may require constructor arguments)"", function () { it(""deploy ERCDDAToken by supplying its REQUIRED constructor arguments (read them from the contract constructor), then call methods and assert; use ethers.parseEther, await (await tx).wait(), and expect(...).to.be.reverted"", async function () { const [owner, addr1, addr2] = await ethers.getSigners(); const Factory = await ethers.getContractFactory(""ERCDDAToken""); const instance = await Factory.deploy(...constructorArgs); await instance.waitForDeployment(); }); });",False,False,"import { expect } from ""chai""; import { ethers } from ""hardhat"";  describe(""ERCDDAToken mutant kill test - m90f7e4d8"", function () {   it(""should revert when transferring to an address with balance near uint256 max"", async function () {     const [owner, addr1] = await ethers.getSigners();     const Factory = await ethers.getContractFactory(""ERCDDAToken"");     const instance = await Factory.deploy(100, ""Test"", ""TST"");     await instance.waitForDeployment();      // First, mint a huge amount to addr1 to push its balance near max     const maxUint256 = ethers.MaxUint256;     const hugeAmount = maxUint256 - BigInt(1000);          // Mint huge amount to addr1     await instance.connect(owner).mintToken(addr1.address, hugeAmount);          // Now try to transfer a small amount to addr1 - this should overflow and revert     const smallAmount = ethers.parseEther(""1"");          // addr1 sends some tokens to owner first to have a non-zero balance of its own     await instance.connect(addr1).transfer(owner.address, BigInt(500));          // Now owner tries to send tokens to addr1, which should cause overflow revert     await expect(       instance.connect(owner).transfer(addr1.address, smallAmount)     ).to.be.reverted;   }); });","""['Error: syntax error']"""
m2655b4a2,ERCDDAToken,<generic-v6-scaffold>,_transfer,live,require(!frozenAccount[_from]);,/* require(!frozenAccount[_from]); */,---|         require(!frozenAccount[_from]); +++|,38,Mutant m2655b4a2 of function _transfer replaces require(!frozenAccount[_from]); with ,"pragma solidity ^0.8.0; contract ERCDDAToken { address public owner; string public name; string public symbol; uint8 public decimals = 0; uint256 public totalSupply; event Transfer(address indexed from, address indexed to, uint256 value); event FrozenFunds(address target, bool frozen); event Burn(address indexed from, uint256 value); mapping (address => uint256) public balanceOf; mapping (address => bool) public frozenAccount; function owned() public { require(msg.sender == owner, ""Only the current owner can change ownership""); } modifier onlyOwner { require(msg.sender == owner); _; } constructor( uint256 initialSupply, string memory tokenName, string memory tokenSymbol) public { owner = payable(msg.sender); totalSupply = initialSupply * 10 ** uint256(decimals); balanceOf[msg.sender] = totalSupply; name = tokenName; symbol = tokenSymbol; } function _transfer(address _from, address _to, uint _value) internal { require (_to != address(0)); require (balanceOf[_from] >= _value); require (balanceOf[_to] + _value >= balanceOf[_to]); require(!frozenAccount[_from]); require(!frozenAccount[_to]); balanceOf[_from] -= _value; balanceOf[_to] += _value; emit Transfer(_from, _to, _value); } function transfer(address _to, uint256 _value) public returns (bool success) { _transfer(msg.sender, _to, _value); return true; } function freezeAccount(address target, bool freeze)  public onlyOwner { frozenAccount[target] = freeze; emit FrozenFunds(target, freeze); } function burn(uint256 _value)  public onlyOwner returns (bool success) { require(balanceOf[msg.sender] >= _value); balanceOf[msg.sender] -= _value; totalSupply -= _value; emit Burn(msg.sender, _value); return true; } function mintToken(address target, uint256 mintedAmount)  public onlyOwner { balanceOf[target] += mintedAmount; totalSupply += mintedAmount; } }","import { expect } from ""chai""; import { ethers } from ""hardhat""; describe(""ERCDDAToken reference (ethers v6; deploy may require constructor arguments)"", function () { it(""deploy ERCDDAToken by supplying its REQUIRED constructor arguments (read them from the contract constructor), then call methods and assert; use ethers.parseEther, await (await tx).wait(), and expect(...).to.be.reverted"", async function () { const [owner, addr1, addr2] = await ethers.getSigners(); const Factory = await ethers.getContractFactory(""ERCDDAToken""); const instance = await Factory.deploy(...constructorArgs); await instance.waitForDeployment(); }); });",False,False,"import { expect } from ""chai""; import { ethers } from ""hardhat"";  describe(""ERCDDAToken mutant kill test"", function () {   it(""should revert transfer when sender is frozen"", async function () {     const [owner, addr1] = await ethers.getSigners();     const Factory = await ethers.getContractFactory(""ERCDDAToken"");     const initialSupply = ethers.parseEther(""100"");     const tokenName = ""TestToken"";     const tokenSymbol = ""TST"";     const instance = await Factory.deploy(initialSupply, tokenName, tokenSymbol);     await instance.waitForDeployment();      // Transfer some tokens to addr1 first so they have a balance to transfer     const transferAmount = ethers.parseEther(""10"");     await instance.connect(owner).transfer(addr1.address, transferAmount);      // Freeze addr1's account     await instance.connect(owner).freezeAccount(addr1.address, true);      // Attempt to transfer from the frozen account - should revert     await expect(       instance.connect(addr1).transfer(addr2.address, ethers.parseEther(""1""))     ).to.be.reverted;   }); });","""['Error: syntax error']"""
m13bb4a40,ERCDDAToken,<generic-v6-scaffold>,_transfer,live,require(!frozenAccount[_to]);,/* require(!frozenAccount[_to]); */,---|         require(!frozenAccount[_to]); +++|,39,Mutant m13bb4a40 of function _transfer replaces require(!frozenAccount[_to]); with ,"pragma solidity ^0.8.0; contract ERCDDAToken { address public owner; string public name; string public symbol; uint8 public decimals = 0; uint256 public totalSupply; event Transfer(address indexed from, address indexed to, uint256 value); event FrozenFunds(address target, bool frozen); event Burn(address indexed from, uint256 value); mapping (address => uint256) public balanceOf; mapping (address => bool) public frozenAccount; function owned() public { require(msg.sender == owner, ""Only the current owner can change ownership""); } modifier onlyOwner { require(msg.sender == owner); _; } constructor( uint256 initialSupply, string memory tokenName, string memory tokenSymbol) public { owner = payable(msg.sender); totalSupply = initialSupply * 10 ** uint256(decimals); balanceOf[msg.sender] = totalSupply; name = tokenName; symbol = tokenSymbol; } function _transfer(address _from, address _to, uint _value) internal { require (_to != address(0)); require (balanceOf[_from] >= _value); require (balanceOf[_to] + _value >= balanceOf[_to]); require(!frozenAccount[_from]); require(!frozenAccount[_to]); balanceOf[_from] -= _value; balanceOf[_to] += _value; emit Transfer(_from, _to, _value); } function transfer(address _to, uint256 _value) public returns (bool success) { _transfer(msg.sender, _to, _value); return true; } function freezeAccount(address target, bool freeze)  public onlyOwner { frozenAccount[target] = freeze; emit FrozenFunds(target, freeze); } function burn(uint256 _value)  public onlyOwner returns (bool success) { require(balanceOf[msg.sender] >= _value); balanceOf[msg.sender] -= _value; totalSupply -= _value; emit Burn(msg.sender, _value); return true; } function mintToken(address target, uint256 mintedAmount)  public onlyOwner { balanceOf[target] += mintedAmount; totalSupply += mintedAmount; } }","import { expect } from ""chai""; import { ethers } from ""hardhat""; describe(""ERCDDAToken reference (ethers v6; deploy may require constructor arguments)"", function () { it(""deploy ERCDDAToken by supplying its REQUIRED constructor arguments (read them from the contract constructor), then call methods and assert; use ethers.parseEther, await (await tx).wait(), and expect(...).to.be.reverted"", async function () { const [owner, addr1, addr2] = await ethers.getSigners(); const Factory = await ethers.getContractFactory(""ERCDDAToken""); const instance = await Factory.deploy(...constructorArgs); await instance.waitForDeployment(); }); });",False,False,"import { expect } from ""chai""; import { ethers } from ""hardhat"";  describe(""ERCDDAToken reference (ethers v6; deploy may require constructor arguments)"", function () {   it(""should revert when transferring to a frozen account (kills mutant that removes frozen check)"", async function () {     const [owner, addr1, addr2] = await ethers.getSigners();     const Factory = await ethers.getContractFactory(""ERCDDAToken"");     const instance = await Factory.deploy(1000, ""TestToken"", ""TTK"");     await instance.waitForDeployment();      // Freeze addr2     await instance.freezeAccount(addr2.address, true);      // Attempt to transfer from owner to frozen addr2 - should revert     await expect(       instance.transfer(addr2.address, 100)     ).to.be.reverted;   }); });","""['Error: syntax error']"""
m2f925acf,ERCDDAToken,<generic-v6-scaffold>,burn,live,require(balanceOf[msg.sender] >= _value);,/* require(balanceOf[msg.sender] >= _value); */,---|         require(balanceOf[msg.sender] >= _value); +++|,56,Mutant m2f925acf of function burn replaces require(balanceOf[msg.sender] >= _value); with ,"pragma solidity ^0.8.0; contract ERCDDAToken { address public owner; string public name; string public symbol; uint8 public decimals = 0; uint256 public totalSupply; event Transfer(address indexed from, address indexed to, uint256 value); event FrozenFunds(address target, bool frozen); event Burn(address indexed from, uint256 value); mapping (address => uint256) public balanceOf; mapping (address => bool) public frozenAccount; function owned() public { require(msg.sender == owner, ""Only the current owner can change ownership""); } modifier onlyOwner { require(msg.sender == owner); _; } constructor( uint256 initialSupply, string memory tokenName, string memory tokenSymbol) public { owner = payable(msg.sender); totalSupply = initialSupply * 10 ** uint256(decimals); balanceOf[msg.sender] = totalSupply; name = tokenName; symbol = tokenSymbol; } function _transfer(address _from, address _to, uint _value) internal { require (_to != address(0)); require (balanceOf[_from] >= _value); require (balanceOf[_to] + _value >= balanceOf[_to]); require(!frozenAccount[_from]); require(!frozenAccount[_to]); balanceOf[_from] -= _value; balanceOf[_to] += _value; emit Transfer(_from, _to, _value); } function transfer(address _to, uint256 _value) public returns (bool success) { _transfer(msg.sender, _to, _value); return true; } function freezeAccount(address target, bool freeze)  public onlyOwner { frozenAccount[target] = freeze; emit FrozenFunds(target, freeze); } function burn(uint256 _value)  public onlyOwner returns (bool success) { require(balanceOf[msg.sender] >= _value); balanceOf[msg.sender] -= _value; totalSupply -= _value; emit Burn(msg.sender, _value); return true; } function mintToken(address target, uint256 mintedAmount)  public onlyOwner { balanceOf[target] += mintedAmount; totalSupply += mintedAmount; } }","import { expect } from ""chai""; import { ethers } from ""hardhat""; describe(""ERCDDAToken reference (ethers v6; deploy may require constructor arguments)"", function () { it(""deploy ERCDDAToken by supplying its REQUIRED constructor arguments (read them from the contract constructor), then call methods and assert; use ethers.parseEther, await (await tx).wait(), and expect(...).to.be.reverted"", async function () { const [owner, addr1, addr2] = await ethers.getSigners(); const Factory = await ethers.getContractFactory(""ERCDDAToken""); const instance = await Factory.deploy(...constructorArgs); await instance.waitForDeployment(); }); });",False,False,"import { expect } from ""chai""; import { ethers } from ""hardhat"";  describe(""ERCDDAToken reference (ethers v6; deploy may require constructor arguments)"", function () {   it(""should kill mutant m2f925acf by verifying that burn reverts when owner has insufficient balance"", async function () {     const [owner, addr1] = await ethers.getSigners();     const initialSupply = 1000;     const tokenName = ""TestToken"";     const tokenSymbol = ""TT"";          const Factory = await ethers.getContractFactory(""ERCDDAToken"");     const instance = await Factory.deploy(initialSupply, tokenName, tokenSymbol);     await instance.waitForDeployment();      // Owner has full initial supply (1000 tokens), try to burn more than that     const burnAmount = ethers.parseEther(""2000"");          // The original contract reverts with a require message ""balanceOf[msg.sender] >= _value""     // The mutant lacks this require check, so it would either succeed or revert with different error     await expect(       instance.connect(owner).burn(burnAmount)     ).to.be.reverted;   }); });","""['Error: syntax error']"""
m92de83e0,ERCDDAToken,<generic-v6-scaffold>,freezeAccount,live,"function freezeAccount(address target, bool freeze)  public onlyOwner ","function freezeAccount(address target, bool freeze)  public  ","---|     function freezeAccount(address target, bool freeze)  public onlyOwner { +++|     function freezeAccount(address target, bool freeze)  public  {",50,"Mutant m92de83e0 of function freezeAccount replaces function freezeAccount(address target, bool freeze)  public onlyOwner with function freezeAccount(address target, bool freeze)  public","pragma solidity ^0.8.0; contract ERCDDAToken { address public owner; string public name; string public symbol; uint8 public decimals = 0; uint256 public totalSupply; event Transfer(address indexed from, address indexed to, uint256 value); event FrozenFunds(address target, bool frozen); event Burn(address indexed from, uint256 value); mapping (address => uint256) public balanceOf; mapping (address => bool) public frozenAccount; function owned() public { require(msg.sender == owner, ""Only the current owner can change ownership""); } modifier onlyOwner { require(msg.sender == owner); _; } constructor( uint256 initialSupply, string memory tokenName, string memory tokenSymbol) public { owner = payable(msg.sender); totalSupply = initialSupply * 10 ** uint256(decimals); balanceOf[msg.sender] = totalSupply; name = tokenName; symbol = tokenSymbol; } function _transfer(address _from, address _to, uint _value) internal { require (_to != address(0)); require (balanceOf[_from] >= _value); require (balanceOf[_to] + _value >= balanceOf[_to]); require(!frozenAccount[_from]); require(!frozenAccount[_to]); balanceOf[_from] -= _value; balanceOf[_to] += _value; emit Transfer(_from, _to, _value); } function transfer(address _to, uint256 _value) public returns (bool success) { _transfer(msg.sender, _to, _value); return true; } function freezeAccount(address target, bool freeze)  public onlyOwner { frozenAccount[target] = freeze; emit FrozenFunds(target, freeze); } function burn(uint256 _value)  public onlyOwner returns (bool success) { require(balanceOf[msg.sender] >= _value); balanceOf[msg.sender] -= _value; totalSupply -= _value; emit Burn(msg.sender, _value); return true; } function mintToken(address target, uint256 mintedAmount)  public onlyOwner { balanceOf[target] += mintedAmount; totalSupply += mintedAmount; } }","import { expect } from ""chai""; import { ethers } from ""hardhat""; describe(""ERCDDAToken reference (ethers v6; deploy may require constructor arguments)"", function () { it(""deploy ERCDDAToken by supplying its REQUIRED constructor arguments (read them from the contract constructor), then call methods and assert; use ethers.parseEther, await (await tx).wait(), and expect(...).to.be.reverted"", async function () { const [owner, addr1, addr2] = await ethers.getSigners(); const Factory = await ethers.getContractFactory(""ERCDDAToken""); const instance = await Factory.deploy(...constructorArgs); await instance.waitForDeployment(); }); });",False,False,"import { expect } from ""chai""; import { ethers } from ""hardhat"";  describe(""ERCDDAToken reference (ethers v6; deploy may require constructor arguments)"", function () {   it(""should prevent non-owner from freezing accounts (mutant kills onlyOwner modifier)"", async function () {     const [owner, addr1, addr2] = await ethers.getSigners();     const initialSupply = 1000;     const tokenName = ""TestToken"";     const tokenSymbol = ""TT"";          const Factory = await ethers.getContractFactory(""ERCDDAToken"");     const instance = await Factory.deploy(initialSupply, tokenName, tokenSymbol);     await instance.waitForDeployment();      // Attempt to freeze an account from a non-owner address - should revert in original     await expect(       instance.connect(addr1).freezeAccount(addr2.address, true)     ).to.be.reverted;   }); });","""['Error: syntax error']"""
me1a23bfb,ERCDDAToken,<generic-v6-scaffold>,burn,live,function burn(uint256 _value)  public onlyOwner returns (bool success) ,function burn(uint256 _value)  public  returns (bool success) ,---|     function burn(uint256 _value)  public onlyOwner returns (bool success) { +++|     function burn(uint256 _value)  public  returns (bool success) {,55,Mutant me1a23bfb of function burn replaces function burn(uint256 _value)  public onlyOwner returns (bool success) with function burn(uint256 _value)  public  returns (bool success),"pragma solidity ^0.8.0; contract ERCDDAToken { address public owner; string public name; string public symbol; uint8 public decimals = 0; uint256 public totalSupply; event Transfer(address indexed from, address indexed to, uint256 value); event FrozenFunds(address target, bool frozen); event Burn(address indexed from, uint256 value); mapping (address => uint256) public balanceOf; mapping (address => bool) public frozenAccount; function owned() public { require(msg.sender == owner, ""Only the current owner can change ownership""); } modifier onlyOwner { require(msg.sender == owner); _; } constructor( uint256 initialSupply, string memory tokenName, string memory tokenSymbol) public { owner = payable(msg.sender); totalSupply = initialSupply * 10 ** uint256(decimals); balanceOf[msg.sender] = totalSupply; name = tokenName; symbol = tokenSymbol; } function _transfer(address _from, address _to, uint _value) internal { require (_to != address(0)); require (balanceOf[_from] >= _value); require (balanceOf[_to] + _value >= balanceOf[_to]); require(!frozenAccount[_from]); require(!frozenAccount[_to]); balanceOf[_from] -= _value; balanceOf[_to] += _value; emit Transfer(_from, _to, _value); } function transfer(address _to, uint256 _value) public returns (bool success) { _transfer(msg.sender, _to, _value); return true; } function freezeAccount(address target, bool freeze)  public onlyOwner { frozenAccount[target] = freeze; emit FrozenFunds(target, freeze); } function burn(uint256 _value)  public onlyOwner returns (bool success) { require(balanceOf[msg.sender] >= _value); balanceOf[msg.sender] -= _value; totalSupply -= _value; emit Burn(msg.sender, _value); return true; } function mintToken(address target, uint256 mintedAmount)  public onlyOwner { balanceOf[target] += mintedAmount; totalSupply += mintedAmount; } }","import { expect } from ""chai""; import { ethers } from ""hardhat""; describe(""ERCDDAToken reference (ethers v6; deploy may require constructor arguments)"", function () { it(""deploy ERCDDAToken by supplying its REQUIRED constructor arguments (read them from the contract constructor), then call methods and assert; use ethers.parseEther, await (await tx).wait(), and expect(...).to.be.reverted"", async function () { const [owner, addr1, addr2] = await ethers.getSigners(); const Factory = await ethers.getContractFactory(""ERCDDAToken""); const instance = await Factory.deploy(...constructorArgs); await instance.waitForDeployment(); }); });",False,False,"import { expect } from ""chai""; import { ethers } from ""hardhat"";  describe(""ERCDDAToken reference (ethers v6; deploy may require constructor arguments)"", function () {   it(""should revert when non-owner calls burn, but mutant allows it"", async function () {     const [owner, addr1] = await ethers.getSigners();     const initialSupply = 1000;     const tokenName = ""TestToken"";     const tokenSymbol = ""TT"";          const Factory = await ethers.getContractFactory(""ERCDDAToken"");     const instance = await Factory.deploy(initialSupply, tokenName, tokenSymbol);     await instance.waitForDeployment();      // Original contract: only owner can burn. Mutant: anyone can burn.     // addr1 should NOT be able to burn, so we expect revert.     // If the mutant is live (onlyOwner removed), this call will succeed instead of reverting.     await expect(       instance.connect(addr1).burn(100)     ).to.be.reverted;   }); });","""['Error: syntax error']"""
mf4353307,ERCDDAToken,<generic-v6-scaffold>,mintToken,live,"function mintToken(address target, uint256 mintedAmount)  public onlyOwner ","function mintToken(address target, uint256 mintedAmount)  public  ","---| 	function mintToken(address target, uint256 mintedAmount)  public onlyOwner { +++| 	function mintToken(address target, uint256 mintedAmount)  public  {",63,"Mutant mf4353307 of function mintToken replaces function mintToken(address target, uint256 mintedAmount)  public onlyOwner with function mintToken(address target, uint256 mintedAmount)  public","pragma solidity ^0.8.0; contract ERCDDAToken { address public owner; string public name; string public symbol; uint8 public decimals = 0; uint256 public totalSupply; event Transfer(address indexed from, address indexed to, uint256 value); event FrozenFunds(address target, bool frozen); event Burn(address indexed from, uint256 value); mapping (address => uint256) public balanceOf; mapping (address => bool) public frozenAccount; function owned() public { require(msg.sender == owner, ""Only the current owner can change ownership""); } modifier onlyOwner { require(msg.sender == owner); _; } constructor( uint256 initialSupply, string memory tokenName, string memory tokenSymbol) public { owner = payable(msg.sender); totalSupply = initialSupply * 10 ** uint256(decimals); balanceOf[msg.sender] = totalSupply; name = tokenName; symbol = tokenSymbol; } function _transfer(address _from, address _to, uint _value) internal { require (_to != address(0)); require (balanceOf[_from] >= _value); require (balanceOf[_to] + _value >= balanceOf[_to]); require(!frozenAccount[_from]); require(!frozenAccount[_to]); balanceOf[_from] -= _value; balanceOf[_to] += _value; emit Transfer(_from, _to, _value); } function transfer(address _to, uint256 _value) public returns (bool success) { _transfer(msg.sender, _to, _value); return true; } function freezeAccount(address target, bool freeze)  public onlyOwner { frozenAccount[target] = freeze; emit FrozenFunds(target, freeze); } function burn(uint256 _value)  public onlyOwner returns (bool success) { require(balanceOf[msg.sender] >= _value); balanceOf[msg.sender] -= _value; totalSupply -= _value; emit Burn(msg.sender, _value); return true; } function mintToken(address target, uint256 mintedAmount)  public onlyOwner { balanceOf[target] += mintedAmount; totalSupply += mintedAmount; } }","import { expect } from ""chai""; import { ethers } from ""hardhat""; describe(""ERCDDAToken reference (ethers v6; deploy may require constructor arguments)"", function () { it(""deploy ERCDDAToken by supplying its REQUIRED constructor arguments (read them from the contract constructor), then call methods and assert; use ethers.parseEther, await (await tx).wait(), and expect(...).to.be.reverted"", async function () { const [owner, addr1, addr2] = await ethers.getSigners(); const Factory = await ethers.getContractFactory(""ERCDDAToken""); const instance = await Factory.deploy(...constructorArgs); await instance.waitForDeployment(); }); });",False,False,"import { expect } from ""chai""; import { ethers } from ""hardhat"";  describe(""ERCDDAToken mutant kill test"", function () {   it(""should revert when non-owner calls mintToken (mutant removed onlyOwner modifier)"", async function () {     const [owner, addr1, addr2] = await ethers.getSigners();     const Factory = await ethers.getContractFactory(""ERCDDAToken"");     const instance = await Factory.deploy(1000, ""TestToken"", ""TT"");     await instance.waitForDeployment();      // Attempt to call mintToken from a non-owner address - should revert on original, succeed on mutant     await expect(       instance.connect(addr1).mintToken(addr2.address, 500)     ).to.be.reverted;   }); });","""['Error: syntax error']"""
m7cc062c3,ERCDDAToken,<generic-v6-scaffold>,transfer,live,return true;,/* return true; */,---|         return true; +++|,47,Mutant m7cc062c3 of function transfer replaces return true; with ,"pragma solidity ^0.8.0; contract ERCDDAToken { address public owner; string public name; string public symbol; uint8 public decimals = 0; uint256 public totalSupply; event Transfer(address indexed from, address indexed to, uint256 value); event FrozenFunds(address target, bool frozen); event Burn(address indexed from, uint256 value); mapping (address => uint256) public balanceOf; mapping (address => bool) public frozenAccount; function owned() public { require(msg.sender == owner, ""Only the current owner can change ownership""); } modifier onlyOwner { require(msg.sender == owner); _; } constructor( uint256 initialSupply, string memory tokenName, string memory tokenSymbol) public { owner = payable(msg.sender); totalSupply = initialSupply * 10 ** uint256(decimals); balanceOf[msg.sender] = totalSupply; name = tokenName; symbol = tokenSymbol; } function _transfer(address _from, address _to, uint _value) internal { require (_to != address(0)); require (balanceOf[_from] >= _value); require (balanceOf[_to] + _value >= balanceOf[_to]); require(!frozenAccount[_from]); require(!frozenAccount[_to]); balanceOf[_from] -= _value; balanceOf[_to] += _value; emit Transfer(_from, _to, _value); } function transfer(address _to, uint256 _value) public returns (bool success) { _transfer(msg.sender, _to, _value); return true; } function freezeAccount(address target, bool freeze)  public onlyOwner { frozenAccount[target] = freeze; emit FrozenFunds(target, freeze); } function burn(uint256 _value)  public onlyOwner returns (bool success) { require(balanceOf[msg.sender] >= _value); balanceOf[msg.sender] -= _value; totalSupply -= _value; emit Burn(msg.sender, _value); return true; } function mintToken(address target, uint256 mintedAmount)  public onlyOwner { balanceOf[target] += mintedAmount; totalSupply += mintedAmount; } }","import { expect } from ""chai""; import { ethers } from ""hardhat""; describe(""ERCDDAToken reference (ethers v6; deploy may require constructor arguments)"", function () { it(""deploy ERCDDAToken by supplying its REQUIRED constructor arguments (read them from the contract constructor), then call methods and assert; use ethers.parseEther, await (await tx).wait(), and expect(...).to.be.reverted"", async function () { const [owner, addr1, addr2] = await ethers.getSigners(); const Factory = await ethers.getContractFactory(""ERCDDAToken""); const instance = await Factory.deploy(...constructorArgs); await instance.waitForDeployment(); }); });",False,False,"import { expect } from ""chai""; import { ethers } from ""hardhat"";  describe(""ERCDDAToken mutant kill test - m7cc062c3"", function () {   it(""should return true when transfer is successful (mutant removes return true)"", async function () {     const [owner, addr1] = await ethers.getSigners();     const initialSupply = 1000;     const name = ""TestToken"";     const symbol = ""TT"";      const Factory = await ethers.getContractFactory(""ERCDDAToken"");     const instance = await Factory.deploy(initialSupply, name, symbol);     await instance.waitForDeployment();      // Perform a transfer that should succeed     const tx = await instance.connect(owner).transfer(addr1.address, 100);     const receipt = await tx.wait();      // In the original contract, transfer returns true.     // In the mutant, return true; is removed, so the transaction will still succeed     // but the function will not return a boolean value.     // By checking the return value of the function call, we can detect the mutant.     // We need to get the return value from the transaction response.     const returnValue = await instance.connect(owner).callStatic.transfer(addr1.address, 100);     expect(returnValue).to.equal(true);   }); });","""['Error: syntax error']"""
m81d0d710,ERCDDAToken,<generic-v6-scaffold>,burn,live,return true;,/* return true; */,---|         return true; +++|,60,Mutant m81d0d710 of function burn replaces return true; with ,"pragma solidity ^0.8.0; contract ERCDDAToken { address public owner; string public name; string public symbol; uint8 public decimals = 0; uint256 public totalSupply; event Transfer(address indexed from, address indexed to, uint256 value); event FrozenFunds(address target, bool frozen); event Burn(address indexed from, uint256 value); mapping (address => uint256) public balanceOf; mapping (address => bool) public frozenAccount; function owned() public { require(msg.sender == owner, ""Only the current owner can change ownership""); } modifier onlyOwner { require(msg.sender == owner); _; } constructor( uint256 initialSupply, string memory tokenName, string memory tokenSymbol) public { owner = payable(msg.sender); totalSupply = initialSupply * 10 ** uint256(decimals); balanceOf[msg.sender] = totalSupply; name = tokenName; symbol = tokenSymbol; } function _transfer(address _from, address _to, uint _value) internal { require (_to != address(0)); require (balanceOf[_from] >= _value); require (balanceOf[_to] + _value >= balanceOf[_to]); require(!frozenAccount[_from]); require(!frozenAccount[_to]); balanceOf[_from] -= _value; balanceOf[_to] += _value; emit Transfer(_from, _to, _value); } function transfer(address _to, uint256 _value) public returns (bool success) { _transfer(msg.sender, _to, _value); return true; } function freezeAccount(address target, bool freeze)  public onlyOwner { frozenAccount[target] = freeze; emit FrozenFunds(target, freeze); } function burn(uint256 _value)  public onlyOwner returns (bool success) { require(balanceOf[msg.sender] >= _value); balanceOf[msg.sender] -= _value; totalSupply -= _value; emit Burn(msg.sender, _value); return true; } function mintToken(address target, uint256 mintedAmount)  public onlyOwner { balanceOf[target] += mintedAmount; totalSupply += mintedAmount; } }","import { expect } from ""chai""; import { ethers } from ""hardhat""; describe(""ERCDDAToken reference (ethers v6; deploy may require constructor arguments)"", function () { it(""deploy ERCDDAToken by supplying its REQUIRED constructor arguments (read them from the contract constructor), then call methods and assert; use ethers.parseEther, await (await tx).wait(), and expect(...).to.be.reverted"", async function () { const [owner, addr1, addr2] = await ethers.getSigners(); const Factory = await ethers.getContractFactory(""ERCDDAToken""); const instance = await Factory.deploy(...constructorArgs); await instance.waitForDeployment(); }); });",False,False,"import { expect } from ""chai""; import { ethers } from ""hardhat"";  describe(""ERCDDAToken mutant m81d0d710 - burn return value"", function () {   it(""should return true when burn is called by owner with valid amount"", async function () {     const [owner] = await ethers.getSigners();     const initialSupply = 1000;     const Factory = await ethers.getContractFactory(""ERCDDAToken"");     const instance = await Factory.deploy(       initialSupply,       ""TestToken"",       ""TTK""     );     await instance.waitForDeployment();      const burnAmount = 100;     const tx = await instance.burn(burnAmount);     const receipt = await tx.wait();      // The burn function should return true; if mutant removed return true, it will return false     expect(tx).to.emit(instance, ""Burn"").withArgs(owner.address, burnAmount);          // Verify the return value is true by checking the transaction result     // The function returns bool, so we can check it via a static call     const returnValue = await instance.burn.staticCall(burnAmount);     expect(returnValue).to.equal(true);   }); });","""['Error: syntax error']"""
