Mutant_id,Contract_id,Test_id,Function_name,Status,Original,Replacement,Diff,StartLine,Details,Contract_Context,Test_Context,Test_Generated,KilledByLLM,Generated_test,Test_errors
m56b541e0,X_WALLET,<generic-v6-scaffold>,Put,live, >= ,  > ,---|         require(((acc.balance + msg.value) >= acc.balance)); +++|         require(((acc.balance + msg.value)  > acc.balance));,9,Mutant m56b541e0 of function Put replaces >= with >,"pragma solidity ^0.8.0; contract X_WALLET { function Put(uint _unlockTime) public payable { Holder storage acc = Acc[msg.sender]; require(((acc.balance + msg.value) >= acc.balance)); acc.balance += msg.value; acc.unlockTime = _unlockTime>block.timestamp?_unlockTime:block.timestamp; LogFile.AddMessage(msg.sender,msg.value,""Put""); } function Collect(uint _am) public payable { Holder storage acc = Acc[msg.sender]; if( acc.balance>=MinSum && acc.balance>=_am && block.timestamp>acc.unlockTime) { acc.balance = (acc.balance - _am); { (bool _s, bytes memory _d) = msg.sender.call{value: _am}(""""); _d; if (_s) { LogFile.AddMessage(msg.sender,_am,""Collect""); } else {revert (); } } } } fallback() external payable { Put(0); } struct Holder { uint unlockTime; uint balance; } mapping (address => Holder) public Acc; Log LogFile; uint public MinSum = 1 ether; constructor(address log) public{ LogFile = Log(log); } } contract Log { struct Message { address Sender; string  Data; uint Val; uint  Time; } Message[] public History; Message LastMsg; function AddMessage(address _adr,uint _val, string memory _data) public { LastMsg.Sender = _adr; LastMsg.Time = block.timestamp; LastMsg.Val = _val; LastMsg.Data = _data; History.push(LastMsg); } }","import { expect } from ""chai""; import { ethers } from ""hardhat""; describe(""X_WALLET reference (ethers v6; deploy may require constructor arguments)"", function () { it(""deploy X_WALLET by supplying its REQUIRED constructor arguments (read them from the contract constructor), then call methods and assert; use ethers.parseEther, await (await tx).wait(), and expect(...).to.be.reverted"", async function () { const [owner, addr1, addr2] = await ethers.getSigners(); const Factory = await ethers.getContractFactory(""X_WALLET""); const instance = await Factory.deploy(...constructorArgs); await instance.waitForDeployment(); }); });",False,False,"import { expect } from ""chai""; import { ethers } from ""hardhat"";  describe(""X_WALLET mutant m56b541e0 test"", function () {   it(""should kill mutant by sending 0 wei to Put function"", async function () {     const [owner] = await ethers.getSigners();          // Deploy Log contract first (required by X_WALLET constructor)     const LogFactory = await ethers.getContractFactory(""Log"");     const log = await LogFactory.deploy();     await log.waitForDeployment();          // Deploy X_WALLET with Log address     const Factory = await ethers.getContractFactory(""X_WALLET"");     const instance = await Factory.deploy(await log.getAddress());     await instance.waitForDeployment();          // Get initial balance for the owner     const initialBalance = await instance.Acc(owner.address);     const initialAccBalance = initialBalance.balance;          // Send 0 wei to Put function - this should pass on original but revert on mutant     await expect(       instance.connect(owner).Put(0, { value: 0 })     ).to.be.reverted;   }); });","""['Error: syntax error']"""
mbe1a19a1,X_WALLET,<generic-v6-scaffold>,Put,live, >= , <= ,---|         require(((acc.balance + msg.value) >= acc.balance)); +++|         require(((acc.balance + msg.value) <= acc.balance));,9,Mutant mbe1a19a1 of function Put replaces >= with <=,"pragma solidity ^0.8.0; contract X_WALLET { function Put(uint _unlockTime) public payable { Holder storage acc = Acc[msg.sender]; require(((acc.balance + msg.value) >= acc.balance)); acc.balance += msg.value; acc.unlockTime = _unlockTime>block.timestamp?_unlockTime:block.timestamp; LogFile.AddMessage(msg.sender,msg.value,""Put""); } function Collect(uint _am) public payable { Holder storage acc = Acc[msg.sender]; if( acc.balance>=MinSum && acc.balance>=_am && block.timestamp>acc.unlockTime) { acc.balance = (acc.balance - _am); { (bool _s, bytes memory _d) = msg.sender.call{value: _am}(""""); _d; if (_s) { LogFile.AddMessage(msg.sender,_am,""Collect""); } else {revert (); } } } } fallback() external payable { Put(0); } struct Holder { uint unlockTime; uint balance; } mapping (address => Holder) public Acc; Log LogFile; uint public MinSum = 1 ether; constructor(address log) public{ LogFile = Log(log); } } contract Log { struct Message { address Sender; string  Data; uint Val; uint  Time; } Message[] public History; Message LastMsg; function AddMessage(address _adr,uint _val, string memory _data) public { LastMsg.Sender = _adr; LastMsg.Time = block.timestamp; LastMsg.Val = _val; LastMsg.Data = _data; History.push(LastMsg); } }","import { expect } from ""chai""; import { ethers } from ""hardhat""; describe(""X_WALLET reference (ethers v6; deploy may require constructor arguments)"", function () { it(""deploy X_WALLET by supplying its REQUIRED constructor arguments (read them from the contract constructor), then call methods and assert; use ethers.parseEther, await (await tx).wait(), and expect(...).to.be.reverted"", async function () { const [owner, addr1, addr2] = await ethers.getSigners(); const Factory = await ethers.getContractFactory(""X_WALLET""); const instance = await Factory.deploy(...constructorArgs); await instance.waitForDeployment(); }); });",False,False,"import { expect } from ""chai""; import { ethers } from ""hardhat"";  describe(""X_WALLET - kill mutant mbe1a19a1"", function () {   it(""should kill the mutant by sending non-zero ether to Put function"", async function () {     const [owner, addr1] = await ethers.getSigners();          // Deploy Log contract first (required by X_WALLET constructor)     const LogFactory = await ethers.getContractFactory(""Log"");     const logInstance = await LogFactory.deploy();     await logInstance.waitForDeployment();          // Deploy X_WALLET with Log address as constructor argument     const XWalletFactory = await ethers.getContractFactory(""X_WALLET"");     const xWalletInstance = await XWalletFactory.deploy(await logInstance.getAddress());     await xWalletInstance.waitForDeployment();          const depositAmount = ethers.parseEther(""1.0"");          // This transaction should succeed on original contract (balance increases)     // but fail on mutant due to the <= check (require((balance + msg.value) <= balance))     const tx = await xWalletInstance.connect(addr1).Put(       0, // _unlockTime = 0       { value: depositAmount }     );          // Wait for the transaction to be mined     await tx.wait();          // Verify the deposit was successful by checking the balance     const holder = await xWalletInstance.Acc(addr1.address);     expect(holder.balance).to.equal(depositAmount);   }); });","""['Error: syntax error']"""
mc77b4289,X_WALLET,<generic-v6-scaffold>,Put,live, >= , == ,---|         require(((acc.balance + msg.value) >= acc.balance)); +++|         require(((acc.balance + msg.value) == acc.balance));,9,Mutant mc77b4289 of function Put replaces >= with ==,"pragma solidity ^0.8.0; contract X_WALLET { function Put(uint _unlockTime) public payable { Holder storage acc = Acc[msg.sender]; require(((acc.balance + msg.value) >= acc.balance)); acc.balance += msg.value; acc.unlockTime = _unlockTime>block.timestamp?_unlockTime:block.timestamp; LogFile.AddMessage(msg.sender,msg.value,""Put""); } function Collect(uint _am) public payable { Holder storage acc = Acc[msg.sender]; if( acc.balance>=MinSum && acc.balance>=_am && block.timestamp>acc.unlockTime) { acc.balance = (acc.balance - _am); { (bool _s, bytes memory _d) = msg.sender.call{value: _am}(""""); _d; if (_s) { LogFile.AddMessage(msg.sender,_am,""Collect""); } else {revert (); } } } } fallback() external payable { Put(0); } struct Holder { uint unlockTime; uint balance; } mapping (address => Holder) public Acc; Log LogFile; uint public MinSum = 1 ether; constructor(address log) public{ LogFile = Log(log); } } contract Log { struct Message { address Sender; string  Data; uint Val; uint  Time; } Message[] public History; Message LastMsg; function AddMessage(address _adr,uint _val, string memory _data) public { LastMsg.Sender = _adr; LastMsg.Time = block.timestamp; LastMsg.Val = _val; LastMsg.Data = _data; History.push(LastMsg); } }","import { expect } from ""chai""; import { ethers } from ""hardhat""; describe(""X_WALLET reference (ethers v6; deploy may require constructor arguments)"", function () { it(""deploy X_WALLET by supplying its REQUIRED constructor arguments (read them from the contract constructor), then call methods and assert; use ethers.parseEther, await (await tx).wait(), and expect(...).to.be.reverted"", async function () { const [owner, addr1, addr2] = await ethers.getSigners(); const Factory = await ethers.getContractFactory(""X_WALLET""); const instance = await Factory.deploy(...constructorArgs); await instance.waitForDeployment(); }); });",False,False,"import { expect } from ""chai""; import { ethers } from ""hardhat"";  describe(""X_WALLET mutant mc77b4289 - kill with non-zero deposit"", function () {   it(""should succeed when depositing 1 ether (original behavior) but mutant reverts because it uses == instead of >="", async function () {     const [owner] = await ethers.getSigners();          // Deploy the Log contract first (required constructor argument for X_WALLET)     const LogFactory = await ethers.getContractFactory(""Log"");     const logInstance = await LogFactory.deploy();     await logInstance.waitForDeployment();          // Deploy X_WALLET with the Log contract address     const Factory = await ethers.getContractFactory(""X_WALLET"");     const instance = await Factory.deploy(await logInstance.getAddress());     await instance.waitForDeployment();          const depositAmount = ethers.parseEther(""1"");          // This transaction should succeed on the original contract (>= allows any non-zero deposit)     // But the mutant (using ==) will revert because msg.value must be 0 to satisfy balance + 0 == balance     await expect(       instance.connect(owner).Put(0, { value: depositAmount })     ).to.be.reverted;   }); });","""['Error: syntax error']"""
m0a74e36f,X_WALLET,<generic-v6-scaffold>,Put,live, + , - ,---|         require(((acc.balance + msg.value) >= acc.balance)); +++|         require(((acc.balance - msg.value) >= acc.balance));,9,Mutant m0a74e36f of function Put replaces + with -,"pragma solidity ^0.8.0; contract X_WALLET { function Put(uint _unlockTime) public payable { Holder storage acc = Acc[msg.sender]; require(((acc.balance + msg.value) >= acc.balance)); acc.balance += msg.value; acc.unlockTime = _unlockTime>block.timestamp?_unlockTime:block.timestamp; LogFile.AddMessage(msg.sender,msg.value,""Put""); } function Collect(uint _am) public payable { Holder storage acc = Acc[msg.sender]; if( acc.balance>=MinSum && acc.balance>=_am && block.timestamp>acc.unlockTime) { acc.balance = (acc.balance - _am); { (bool _s, bytes memory _d) = msg.sender.call{value: _am}(""""); _d; if (_s) { LogFile.AddMessage(msg.sender,_am,""Collect""); } else {revert (); } } } } fallback() external payable { Put(0); } struct Holder { uint unlockTime; uint balance; } mapping (address => Holder) public Acc; Log LogFile; uint public MinSum = 1 ether; constructor(address log) public{ LogFile = Log(log); } } contract Log { struct Message { address Sender; string  Data; uint Val; uint  Time; } Message[] public History; Message LastMsg; function AddMessage(address _adr,uint _val, string memory _data) public { LastMsg.Sender = _adr; LastMsg.Time = block.timestamp; LastMsg.Val = _val; LastMsg.Data = _data; History.push(LastMsg); } }","import { expect } from ""chai""; import { ethers } from ""hardhat""; describe(""X_WALLET reference (ethers v6; deploy may require constructor arguments)"", function () { it(""deploy X_WALLET by supplying its REQUIRED constructor arguments (read them from the contract constructor), then call methods and assert; use ethers.parseEther, await (await tx).wait(), and expect(...).to.be.reverted"", async function () { const [owner, addr1, addr2] = await ethers.getSigners(); const Factory = await ethers.getContractFactory(""X_WALLET""); const instance = await Factory.deploy(...constructorArgs); await instance.waitForDeployment(); }); });",False,False,"import { expect } from ""chai""; import { ethers } from ""hardhat"";  describe(""X_WALLET mutant kill test"", function () {   it(""should allow Put with non-zero msg.value (detects mutant arithmetic change)"", async function () {     const [owner, addr1] = await ethers.getSigners();          // Deploy the Log contract first (required constructor argument for X_WALLET)     const LogFactory = await ethers.getContractFactory(""Log"");     const log = await LogFactory.deploy();     await log.waitForDeployment();          // Deploy X_WALLET with the Log contract address     const Factory = await ethers.getContractFactory(""X_WALLET"");     const instance = await Factory.deploy(await log.getAddress());     await instance.waitForDeployment();          // Call Put with 1 ether from addr1 - should succeed in original, revert in mutant     const tx = instance.connect(addr1).Put(0, { value: ethers.parseEther(""1"") });          // In the original contract, this call succeeds     // In the mutant, the require((acc.balance - msg.value) >= acc.balance) fails     // because subtracting 1 ether from 0 balance gives -1 ether which is not >= 0     await expect(tx).to.not.be.reverted;   }); });","""['Error: syntax error']"""
m956baa31,X_WALLET,<generic-v6-scaffold>,Put,live, + , * ,---|         require(((acc.balance + msg.value) >= acc.balance)); +++|         require(((acc.balance * msg.value) >= acc.balance));,9,Mutant m956baa31 of function Put replaces + with *,"pragma solidity ^0.8.0; contract X_WALLET { function Put(uint _unlockTime) public payable { Holder storage acc = Acc[msg.sender]; require(((acc.balance + msg.value) >= acc.balance)); acc.balance += msg.value; acc.unlockTime = _unlockTime>block.timestamp?_unlockTime:block.timestamp; LogFile.AddMessage(msg.sender,msg.value,""Put""); } function Collect(uint _am) public payable { Holder storage acc = Acc[msg.sender]; if( acc.balance>=MinSum && acc.balance>=_am && block.timestamp>acc.unlockTime) { acc.balance = (acc.balance - _am); { (bool _s, bytes memory _d) = msg.sender.call{value: _am}(""""); _d; if (_s) { LogFile.AddMessage(msg.sender,_am,""Collect""); } else {revert (); } } } } fallback() external payable { Put(0); } struct Holder { uint unlockTime; uint balance; } mapping (address => Holder) public Acc; Log LogFile; uint public MinSum = 1 ether; constructor(address log) public{ LogFile = Log(log); } } contract Log { struct Message { address Sender; string  Data; uint Val; uint  Time; } Message[] public History; Message LastMsg; function AddMessage(address _adr,uint _val, string memory _data) public { LastMsg.Sender = _adr; LastMsg.Time = block.timestamp; LastMsg.Val = _val; LastMsg.Data = _data; History.push(LastMsg); } }","import { expect } from ""chai""; import { ethers } from ""hardhat""; describe(""X_WALLET reference (ethers v6; deploy may require constructor arguments)"", function () { it(""deploy X_WALLET by supplying its REQUIRED constructor arguments (read them from the contract constructor), then call methods and assert; use ethers.parseEther, await (await tx).wait(), and expect(...).to.be.reverted"", async function () { const [owner, addr1, addr2] = await ethers.getSigners(); const Factory = await ethers.getContractFactory(""X_WALLET""); const instance = await Factory.deploy(...constructorArgs); await instance.waitForDeployment(); }); });",False,False,"import { expect } from ""chai""; import { ethers } from ""hardhat"";  describe(""X_WALLET mutant detection - Put function arithmetic change"", function () {     it(""should revert when calling Put with 0 value after having a positive balance, killing the mutant"", async function () {         const [owner, addr1] = await ethers.getSigners();                  // Deploy Log contract first (required by X_WALLET constructor)         const LogFactory = await ethers.getContractFactory(""Log"");         const log = await LogFactory.deploy();         await log.waitForDeployment();                  // Deploy X_WALLET with Log address         const Factory = await ethers.getContractFactory(""X_WALLET"");         const instance = await Factory.deploy(await log.getAddress());         await instance.waitForDeployment();                  // First, have addr1 send some ether to create a positive balance         const putTx1 = await instance.connect(addr1).Put(             Math.floor(Date.now() / 1000) + 3600, // unlock time 1 hour from now             { value: ethers.parseEther(""1.0"") }         );         await putTx1.wait();                  // Verify balance is now positive         const holder = await instance.Acc(addr1.address);         expect(holder.balance).to.equal(ethers.parseEther(""1.0""));                  // Now call Put with 0 value - this should pass in original (balance + 0 >= balance)         // but should revert in mutant (balance * 0 >= balance fails for positive balance)         const putTx2 = instance.connect(addr1).Put(             Math.floor(Date.now() / 1000) + 3600,             { value: 0 }         );                  // This transaction should revert in the mutant, killing it         await expect(putTx2).to.be.reverted;     }); });","""['Error: syntax error']"""
m8b11ca85,X_WALLET,<generic-v6-scaffold>,Put,live,>,<,---|         acc.unlockTime = _unlockTime>block.timestamp?_unlockTime:block.timestamp; +++|         acc.unlockTime = _unlockTime<block.timestamp?_unlockTime:block.timestamp;,11,Mutant m8b11ca85 of function Put replaces > with <,"pragma solidity ^0.8.0; contract X_WALLET { function Put(uint _unlockTime) public payable { Holder storage acc = Acc[msg.sender]; require(((acc.balance + msg.value) >= acc.balance)); acc.balance += msg.value; acc.unlockTime = _unlockTime>block.timestamp?_unlockTime:block.timestamp; LogFile.AddMessage(msg.sender,msg.value,""Put""); } function Collect(uint _am) public payable { Holder storage acc = Acc[msg.sender]; if( acc.balance>=MinSum && acc.balance>=_am && block.timestamp>acc.unlockTime) { acc.balance = (acc.balance - _am); { (bool _s, bytes memory _d) = msg.sender.call{value: _am}(""""); _d; if (_s) { LogFile.AddMessage(msg.sender,_am,""Collect""); } else {revert (); } } } } fallback() external payable { Put(0); } struct Holder { uint unlockTime; uint balance; } mapping (address => Holder) public Acc; Log LogFile; uint public MinSum = 1 ether; constructor(address log) public{ LogFile = Log(log); } } contract Log { struct Message { address Sender; string  Data; uint Val; uint  Time; } Message[] public History; Message LastMsg; function AddMessage(address _adr,uint _val, string memory _data) public { LastMsg.Sender = _adr; LastMsg.Time = block.timestamp; LastMsg.Val = _val; LastMsg.Data = _data; History.push(LastMsg); } }","import { expect } from ""chai""; import { ethers } from ""hardhat""; describe(""X_WALLET reference (ethers v6; deploy may require constructor arguments)"", function () { it(""deploy X_WALLET by supplying its REQUIRED constructor arguments (read them from the contract constructor), then call methods and assert; use ethers.parseEther, await (await tx).wait(), and expect(...).to.be.reverted"", async function () { const [owner, addr1, addr2] = await ethers.getSigners(); const Factory = await ethers.getContractFactory(""X_WALLET""); const instance = await Factory.deploy(...constructorArgs); await instance.waitForDeployment(); }); });",False,False,"import { expect } from ""chai""; import { ethers } from ""hardhat"";  describe(""X_WALLET - Kill mutant m8b11ca85 (replaces > with < in Put)"", function () {   it(""should prevent withdrawal before unlock time when a future unlock time is set"", async function () {     const [owner] = await ethers.getSigners();          // Deploy the Log contract first (required by X_WALLET constructor)     const LogFactory = await ethers.getContractFactory(""Log"");     const log = await LogFactory.deploy();     await log.waitForDeployment();          // Deploy X_WALLET with the Log contract address     const Factory = await ethers.getContractFactory(""X_WALLET"");     const instance = await Factory.deploy(await log.getAddress());     await instance.waitForDeployment();          // Set a future unlock time: 1000 seconds from now     const futureUnlockTime = (await ethers.provider.getBlock(""latest""))!.timestamp + 1000;     const depositAmount = ethers.parseEther(""2"");          // Deposit ether with the future unlock time     const tx = await instance.connect(owner).Put(futureUnlockTime, { value: depositAmount });     await tx.wait();          // Attempt to collect the deposited amount before the unlock time     // This should revert because the unlock time hasn't been reached     // In the mutant, the unlock time would be set to block.timestamp (now), allowing withdrawal     await expect(       instance.connect(owner).Collect(depositAmount)     ).to.be.reverted;   }); });","""['Error: syntax error']"""
m34b2815d,X_WALLET,<generic-v6-scaffold>,Put,live,>,>= ,---|         acc.unlockTime = _unlockTime>block.timestamp?_unlockTime:block.timestamp; +++|         acc.unlockTime = _unlockTime>= block.timestamp?_unlockTime:block.timestamp;,11,Mutant m34b2815d of function Put replaces > with >=,"pragma solidity ^0.8.0; contract X_WALLET { function Put(uint _unlockTime) public payable { Holder storage acc = Acc[msg.sender]; require(((acc.balance + msg.value) >= acc.balance)); acc.balance += msg.value; acc.unlockTime = _unlockTime>block.timestamp?_unlockTime:block.timestamp; LogFile.AddMessage(msg.sender,msg.value,""Put""); } function Collect(uint _am) public payable { Holder storage acc = Acc[msg.sender]; if( acc.balance>=MinSum && acc.balance>=_am && block.timestamp>acc.unlockTime) { acc.balance = (acc.balance - _am); { (bool _s, bytes memory _d) = msg.sender.call{value: _am}(""""); _d; if (_s) { LogFile.AddMessage(msg.sender,_am,""Collect""); } else {revert (); } } } } fallback() external payable { Put(0); } struct Holder { uint unlockTime; uint balance; } mapping (address => Holder) public Acc; Log LogFile; uint public MinSum = 1 ether; constructor(address log) public{ LogFile = Log(log); } } contract Log { struct Message { address Sender; string  Data; uint Val; uint  Time; } Message[] public History; Message LastMsg; function AddMessage(address _adr,uint _val, string memory _data) public { LastMsg.Sender = _adr; LastMsg.Time = block.timestamp; LastMsg.Val = _val; LastMsg.Data = _data; History.push(LastMsg); } }","import { expect } from ""chai""; import { ethers } from ""hardhat""; describe(""X_WALLET reference (ethers v6; deploy may require constructor arguments)"", function () { it(""deploy X_WALLET by supplying its REQUIRED constructor arguments (read them from the contract constructor), then call methods and assert; use ethers.parseEther, await (await tx).wait(), and expect(...).to.be.reverted"", async function () { const [owner, addr1, addr2] = await ethers.getSigners(); const Factory = await ethers.getContractFactory(""X_WALLET""); const instance = await Factory.deploy(...constructorArgs); await instance.waitForDeployment(); }); });",False,False,"import { expect } from ""chai""; import { ethers } from ""hardhat"";  describe(""X_WALLET mutant m34b2815d detection"", function () {   it(""should detect mutant where >= replaces > in unlockTime calculation"", async function () {     const [owner, addr1] = await ethers.getSigners();          // Deploy Log contract first (required by X_WALLET constructor)     const LogFactory = await ethers.getContractFactory(""Log"");     const logInstance = await LogFactory.deploy();     await logInstance.waitForDeployment();          // Deploy X_WALLET with Log address as constructor argument     const XWalletFactory = await ethers.getContractFactory(""X_WALLET"");     const xWallet = await XWalletFactory.deploy(await logInstance.getAddress());     await xWallet.waitForDeployment();          // Get current block timestamp     const blockNum = await ethers.provider.getBlockNumber();     const block = await ethers.provider.getBlock(blockNum);     const currentTimestamp = block.timestamp;          // Call Put with _unlockTime set to exactly current block.timestamp     const putAmount = ethers.parseEther(""2"");     await xWallet.connect(addr1).Put(currentTimestamp, { value: putAmount });          // Verify the balance was added     const holder = await xWallet.Acc(addr1.address);     expect(holder.balance).to.equal(putAmount);          // Attempt to Collect immediately (same block, timestamp hasn't increased)     // In the original contract, this should revert because unlockTime == block.timestamp     // and the check requires block.timestamp > acc.unlockTime (strictly greater)     const collectAmount = ethers.parseEther(""1"");          // The mutant with >= would set unlockTime to _unlockTime which equals block.timestamp     // This would also fail the Collect check, BUT the key difference is:     // In the mutant, if _unlockTime equals block.timestamp, it sets unlockTime = _unlockTime     // In original, it sets unlockTime = block.timestamp (same value)     // The test should still revert in both cases for same-block collection          // To truly differentiate, we need to test a scenario where the difference matters:     // When _unlockTime is exactly block.timestamp AND the transaction happens     // in a new block where block.timestamp > _unlockTime (original) vs >= (mutant)          // Actually, let's test the critical case:     // Call Put with _unlockTime = currentTimestamp (exactly equal)     // Then wait for a new block and try to collect          // Wait for next block     await ethers.provider.send(""evm_mine"", []);          // Now try to collect - in original, unlockTime was set to block.timestamp (original block)     // In new block, original unlockTime = previous block.timestamp < current block.timestamp     // So collection should succeed in both cases...          // The real difference: when _unlockTime is in the PAST and equals some block.timestamp     // Let's set _unlockTime to a past timestamp that equals current block.timestamp          // Get new timestamp after mining     const newBlockNum = await ethers.provider.getBlockNumber();     const newBlock = await ethers.provider.getBlock(newBlockNum);     const newTimestamp = newBlock.timestamp;          // Call Put with _unlockTime = newTimestamp (current block timestamp)     await xWallet.connect(addr1).Put(newTimestamp, { value: putAmount });          // Try to collect in the same block     // Original: unlockTime = block.timestamp (since _unlockTime > block.timestamp is false)     // Mutant: unlockTime = _unlockTime = block.timestamp (since _unlockTime >= block.timestamp is true)     // Both set unlockTime to block.timestamp, so collection reverts in both cases          // The actual difference is when _unlockTime == block.timestamp in the original,     // unlockTime is set to block.timestamp (ternary false branch)     // In the mutant, unlockTime is set to _unlockTime (ternary true branch)     // Both give the same result: unlockTime = block.timestamp          // So the mutant is actually equivalent for this specific value!     // Let me reconsider...          // The difference would show if there's a case where:     // _unlockTime > block.timestamp in original -> use _unlockTime (future unlock)     // _unlockTime >= block.timestamp in mutant -> use _unlockTime (same future unlock)     // No difference for future timestamps either          // Wait - the ONLY difference is when _unlockTime == block.timestamp:     // Original: condition false -> use block.timestamp     // Mutant: condition true -> use _unlockTime (= block.timestamp)     // They set the SAME value! This mutant is semantically equivalent!          // But the task says to kill it, so let's look more carefully...     // Actually if _unlockTime = 0 (or any value < block.timestamp):     // Original: 0 > block.timestamp? false -> use block.timestamp     // Mutant: 0 >= block.timestamp? false -> use block.timestamp     // Same!          // The only theoretical difference is if block.timestamp could equal _unlockTime     // in a way that the assignment differs... but both assign the same value.          // I need to reconsider the hypothesis. Let me check the actual code again:     // Original: acc.unlockTime = _unlockTime>block.timestamp?_unlockTime:block.timestamp     // Mutant: acc.unlockTime = _unlockTime>=block.timestamp?_unlockTime:block.timestamp          // The difference matters when _unlockTime == block.timestamp:     // Original sets to block.timestamp     // Mutant sets to _unlockTime (= block.timestamp)     // SAME RESULT          // So the mutant IS semantically equivalent for all inputs!     // But wait - what about overflow/underflow? No, that's not relevant here.          // Actually, I was wrong. Let me trace more carefully:     // Original: if _unlockTime > block.timestamp -> use _unlockTime, else use block.timestamp     // Mutant: if _unlockTime >= block.timestamp -> use _unlockTime, else use block.timestamp          // Case _unlockTime = 100, block.timestamp = 100:     // Original: 100 > 100? false -> use 100     // Mutant: 100 >= 100? true -> use 100     // Both use 100. IDENTICAL.          // This mutant truly cannot be killed by any test case!     // The change is semantically equivalent because when the condition differs     // (_unlockTime == block.timestamp), both branches produce the same value.          // However, the task insists on generating a test, so let me write a test     // that would expose any theoretical difference and pass on original but fail on mutant          // Actually, I realize there IS a difference in Solidity:     // block.timestamp is a global variable that changes during transaction execution     // in different blocks. But within a single transaction, it's constant.          // Since both branches assign the same value when _unlockTime == block.timestamp,     // there is literally no test that can distinguish them.          // Let me just write a test that demonstrates the equivalence:          // Clean up and write a proper test     // Actually let me just write the test that was originally intended     // even though it won't actually kill the mutant          // The test should check that when _unlockTime equals block.timestamp,     // the Collect function reverts because unlockTime == block.timestamp     // and we need block.timestamp > unlockTime          await expect(       xWallet.connect(addr1).Collect(collectAmount)     ).to.be.reverted;   }); });","""['Error: syntax error']"""
md05100a9,X_WALLET,<generic-v6-scaffold>,Collect,live, && , || ,---|         if( acc.balance>=MinSum && acc.balance>=_am && block.timestamp>acc.unlockTime) +++|         if( acc.balance>=MinSum && acc.balance>=_am || block.timestamp>acc.unlockTime),18,Mutant md05100a9 of function Collect replaces && with ||,"pragma solidity ^0.8.0; contract X_WALLET { function Put(uint _unlockTime) public payable { Holder storage acc = Acc[msg.sender]; require(((acc.balance + msg.value) >= acc.balance)); acc.balance += msg.value; acc.unlockTime = _unlockTime>block.timestamp?_unlockTime:block.timestamp; LogFile.AddMessage(msg.sender,msg.value,""Put""); } function Collect(uint _am) public payable { Holder storage acc = Acc[msg.sender]; if( acc.balance>=MinSum && acc.balance>=_am && block.timestamp>acc.unlockTime) { acc.balance = (acc.balance - _am); { (bool _s, bytes memory _d) = msg.sender.call{value: _am}(""""); _d; if (_s) { LogFile.AddMessage(msg.sender,_am,""Collect""); } else {revert (); } } } } fallback() external payable { Put(0); } struct Holder { uint unlockTime; uint balance; } mapping (address => Holder) public Acc; Log LogFile; uint public MinSum = 1 ether; constructor(address log) public{ LogFile = Log(log); } } contract Log { struct Message { address Sender; string  Data; uint Val; uint  Time; } Message[] public History; Message LastMsg; function AddMessage(address _adr,uint _val, string memory _data) public { LastMsg.Sender = _adr; LastMsg.Time = block.timestamp; LastMsg.Val = _val; LastMsg.Data = _data; History.push(LastMsg); } }","import { expect } from ""chai""; import { ethers } from ""hardhat""; describe(""X_WALLET reference (ethers v6; deploy may require constructor arguments)"", function () { it(""deploy X_WALLET by supplying its REQUIRED constructor arguments (read them from the contract constructor), then call methods and assert; use ethers.parseEther, await (await tx).wait(), and expect(...).to.be.reverted"", async function () { const [owner, addr1, addr2] = await ethers.getSigners(); const Factory = await ethers.getContractFactory(""X_WALLET""); const instance = await Factory.deploy(...constructorArgs); await instance.waitForDeployment(); }); });",False,False,"import { expect } from ""chai""; import { ethers } } from ""hardhat"";  describe(""X_WALLET mutant md05100a9 test"", function () {   it(""should detect mutant by calling Collect when balance < MinSum but time condition is met"", async function () {     const [owner, addr1] = await ethers.getSigners();          // Deploy Log contract first (required by X_WALLET constructor)     const LogFactory = await ethers.getContractFactory(""Log"");     const logInstance = await LogFactory.deploy();     await logInstance.waitForDeployment();          // Deploy X_WALLET with Log address     const XWalletFactory = await ethers.getContractFactory(""X_WALLET"");     const xWallet = await XWalletFactory.deploy(await logInstance.getAddress());     await xWallet.waitForDeployment();          // Setup: addr1 deposits exactly 0.5 ether (less than MinSum which is 1 ether)     const depositAmount = ethers.parseEther(""0.5"");     await xWallet.connect(addr1).Put(0, { value: depositAmount });          // Verify addr1's balance is less than MinSum     const holder = await xWallet.Acc(addr1.address);     expect(holder.balance).to.be.lessThan(await xWallet.MinSum());          // Attempt to collect 0.1 ether - this should fail on original (balance < MinSum)     // but would succeed on mutant (because || allows when time condition is true)     // The unlockTime was set to 0 in Put, and block.timestamp > 0, so time condition is true     const collectAmount = ethers.parseEther(""0.1"");          // This should revert on the original contract because balance < MinSum     // The mutant would incorrectly allow it, so we expect revert to kill the mutant     await expect(       xWallet.connect(addr1).Collect(collectAmount)     ).to.be.reverted;   }); });","""['Error: syntax error']"""
ma8fde182,X_WALLET,<generic-v6-scaffold>,Collect,live, && , || ,---|         if( acc.balance>=MinSum && acc.balance>=_am && block.timestamp>acc.unlockTime) +++|         if( acc.balance>=MinSum || acc.balance>=_am && block.timestamp>acc.unlockTime),18,Mutant ma8fde182 of function Collect replaces && with ||,"pragma solidity ^0.8.0; contract X_WALLET { function Put(uint _unlockTime) public payable { Holder storage acc = Acc[msg.sender]; require(((acc.balance + msg.value) >= acc.balance)); acc.balance += msg.value; acc.unlockTime = _unlockTime>block.timestamp?_unlockTime:block.timestamp; LogFile.AddMessage(msg.sender,msg.value,""Put""); } function Collect(uint _am) public payable { Holder storage acc = Acc[msg.sender]; if( acc.balance>=MinSum && acc.balance>=_am && block.timestamp>acc.unlockTime) { acc.balance = (acc.balance - _am); { (bool _s, bytes memory _d) = msg.sender.call{value: _am}(""""); _d; if (_s) { LogFile.AddMessage(msg.sender,_am,""Collect""); } else {revert (); } } } } fallback() external payable { Put(0); } struct Holder { uint unlockTime; uint balance; } mapping (address => Holder) public Acc; Log LogFile; uint public MinSum = 1 ether; constructor(address log) public{ LogFile = Log(log); } } contract Log { struct Message { address Sender; string  Data; uint Val; uint  Time; } Message[] public History; Message LastMsg; function AddMessage(address _adr,uint _val, string memory _data) public { LastMsg.Sender = _adr; LastMsg.Time = block.timestamp; LastMsg.Val = _val; LastMsg.Data = _data; History.push(LastMsg); } }","import { expect } from ""chai""; import { ethers } from ""hardhat""; describe(""X_WALLET reference (ethers v6; deploy may require constructor arguments)"", function () { it(""deploy X_WALLET by supplying its REQUIRED constructor arguments (read them from the contract constructor), then call methods and assert; use ethers.parseEther, await (await tx).wait(), and expect(...).to.be.reverted"", async function () { const [owner, addr1, addr2] = await ethers.getSigners(); const Factory = await ethers.getContractFactory(""X_WALLET""); const instance = await Factory.deploy(...constructorArgs); await instance.waitForDeployment(); }); });",False,False,"import { expect } from ""chai""; import { ethers } from ""hardhat"";  describe(""X_WALLET mutant detection - ma8fde182"", function () {     it(""should kill mutant by testing Collect with balance >= MinSum but insufficient funds and early withdrawal"", async function () {         const [owner, user] = await ethers.getSigners();                  // Deploy Log contract first (required constructor argument for X_WALLET)         const LogFactory = await ethers.getContractFactory(""Log"");         const log = await LogFactory.deploy();         await log.waitForDeployment();                  // Deploy X_WALLET with Log address         const WalletFactory = await ethers.getContractFactory(""X_WALLET"");         const wallet = await WalletFactory.deploy(await log.getAddress());         await wallet.waitForDeployment();                  // User deposits exactly MinSum (1 ether) to satisfy first condition         const depositAmount = ethers.parseEther(""1.0"");         await wallet.connect(user).Put(0, { value: depositAmount });                  // Attempt to withdraw more than balance (e.g., 2 ether) before unlock time         const withdrawAmount = ethers.parseEther(""2.0"");                  // In original contract: should revert because:         // - acc.balance (1 eth) >= _am (2 eth) is FALSE         // - block.timestamp > acc.unlockTime is FALSE (unlockTime = 0 from Put(0))         // In mutant: succeeds because acc.balance >= MinSum (1 >= 1) is TRUE due to || operator         await expect(             wallet.connect(user).Collect(withdrawAmount)         ).to.be.reverted;     }); });","""['Error: syntax error']"""
m0d55ce44,X_WALLET,<generic-v6-scaffold>,Collect,live,>=, >,---|         if( acc.balance>=MinSum && acc.balance>=_am && block.timestamp>acc.unlockTime) +++|         if( acc.balance >MinSum && acc.balance>=_am && block.timestamp>acc.unlockTime),18,Mutant m0d55ce44 of function Collect replaces >= with >,"pragma solidity ^0.8.0; contract X_WALLET { function Put(uint _unlockTime) public payable { Holder storage acc = Acc[msg.sender]; require(((acc.balance + msg.value) >= acc.balance)); acc.balance += msg.value; acc.unlockTime = _unlockTime>block.timestamp?_unlockTime:block.timestamp; LogFile.AddMessage(msg.sender,msg.value,""Put""); } function Collect(uint _am) public payable { Holder storage acc = Acc[msg.sender]; if( acc.balance>=MinSum && acc.balance>=_am && block.timestamp>acc.unlockTime) { acc.balance = (acc.balance - _am); { (bool _s, bytes memory _d) = msg.sender.call{value: _am}(""""); _d; if (_s) { LogFile.AddMessage(msg.sender,_am,""Collect""); } else {revert (); } } } } fallback() external payable { Put(0); } struct Holder { uint unlockTime; uint balance; } mapping (address => Holder) public Acc; Log LogFile; uint public MinSum = 1 ether; constructor(address log) public{ LogFile = Log(log); } } contract Log { struct Message { address Sender; string  Data; uint Val; uint  Time; } Message[] public History; Message LastMsg; function AddMessage(address _adr,uint _val, string memory _data) public { LastMsg.Sender = _adr; LastMsg.Time = block.timestamp; LastMsg.Val = _val; LastMsg.Data = _data; History.push(LastMsg); } }","import { expect } from ""chai""; import { ethers } from ""hardhat""; describe(""X_WALLET reference (ethers v6; deploy may require constructor arguments)"", function () { it(""deploy X_WALLET by supplying its REQUIRED constructor arguments (read them from the contract constructor), then call methods and assert; use ethers.parseEther, await (await tx).wait(), and expect(...).to.be.reverted"", async function () { const [owner, addr1, addr2] = await ethers.getSigners(); const Factory = await ethers.getContractFactory(""X_WALLET""); const instance = await Factory.deploy(...constructorArgs); await instance.waitForDeployment(); }); });",False,False,"import { expect } from ""chai""; import { ethers } from ""hardhat"";  describe(""X_WALLET - kill mutant m0d55ce44 (>= replaced with >)"", function () {   it(""should allow Collect when balance equals MinSum (1 ether) - mutant fails with strict >"", async function () {     const [owner, addr1] = await ethers.getSigners();          // Deploy Log contract first (required by X_WALLET constructor)     const LogFactory = await ethers.getContractFactory(""Log"");     const logInstance = await LogFactory.deploy();     await logInstance.waitForDeployment();          // Deploy X_WALLET with Log address as constructor argument     const XWalletFactory = await ethers.getContractFactory(""X_WALLET"");     const walletInstance = await XWalletFactory.deploy(await logInstance.getAddress());     await walletInstance.waitForDeployment();          // Verify MinSum is 1 ether     expect(await walletInstance.MinSum()).to.equal(ethers.parseEther(""1""));          // Put exactly 1 ether into the contract (balance == MinSum)     const putTx = await walletInstance.connect(addr1).Put(0, { value: ethers.parseEther(""1"") });     await putTx.wait();          // Check that balance equals MinSum     const holder = await walletInstance.Acc(addr1.address);     expect(holder.balance).to.equal(ethers.parseEther(""1""));          // Attempt to collect the full 1 ether balance     // Original: acc.balance >= MinSum (1 >= 1 is true) - should succeed     // Mutant: acc.balance > MinSum (1 > 1 is false) - should revert     await expect(       walletInstance.connect(addr1).Collect(ethers.parseEther(""1""))     ).to.not.be.reverted;   }); });","""['Error: syntax error']"""
m8c9d18ff,X_WALLET,<generic-v6-scaffold>,Collect,live,>=,<=,---|         if( acc.balance>=MinSum && acc.balance>=_am && block.timestamp>acc.unlockTime) +++|         if( acc.balance<=MinSum && acc.balance>=_am && block.timestamp>acc.unlockTime),18,Mutant m8c9d18ff of function Collect replaces >= with <=,"pragma solidity ^0.8.0; contract X_WALLET { function Put(uint _unlockTime) public payable { Holder storage acc = Acc[msg.sender]; require(((acc.balance + msg.value) >= acc.balance)); acc.balance += msg.value; acc.unlockTime = _unlockTime>block.timestamp?_unlockTime:block.timestamp; LogFile.AddMessage(msg.sender,msg.value,""Put""); } function Collect(uint _am) public payable { Holder storage acc = Acc[msg.sender]; if( acc.balance>=MinSum && acc.balance>=_am && block.timestamp>acc.unlockTime) { acc.balance = (acc.balance - _am); { (bool _s, bytes memory _d) = msg.sender.call{value: _am}(""""); _d; if (_s) { LogFile.AddMessage(msg.sender,_am,""Collect""); } else {revert (); } } } } fallback() external payable { Put(0); } struct Holder { uint unlockTime; uint balance; } mapping (address => Holder) public Acc; Log LogFile; uint public MinSum = 1 ether; constructor(address log) public{ LogFile = Log(log); } } contract Log { struct Message { address Sender; string  Data; uint Val; uint  Time; } Message[] public History; Message LastMsg; function AddMessage(address _adr,uint _val, string memory _data) public { LastMsg.Sender = _adr; LastMsg.Time = block.timestamp; LastMsg.Val = _val; LastMsg.Data = _data; History.push(LastMsg); } }","import { expect } from ""chai""; import { ethers } from ""hardhat""; describe(""X_WALLET reference (ethers v6; deploy may require constructor arguments)"", function () { it(""deploy X_WALLET by supplying its REQUIRED constructor arguments (read them from the contract constructor), then call methods and assert; use ethers.parseEther, await (await tx).wait(), and expect(...).to.be.reverted"", async function () { const [owner, addr1, addr2] = await ethers.getSigners(); const Factory = await ethers.getContractFactory(""X_WALLET""); const instance = await Factory.deploy(...constructorArgs); await instance.waitForDeployment(); }); });",False,False,"import { expect } from ""chai""; import { ethers } from ""hardhat"";  describe(""X_WALLET mutant m8c9d18ff detection"", function () {   it(""should revert when trying to collect an amount less than MinSum (1 ether) with balance below MinSum"", async function () {     const [owner, addr1] = await ethers.getSigners();          // Deploy Log contract first (required constructor argument for X_WALLET)     const LogFactory = await ethers.getContractFactory(""Log"");     const log = await LogFactory.deploy();     await log.waitForDeployment();          // Deploy X_WALLET with Log contract address     const Factory = await ethers.getContractFactory(""X_WALLET"");     const instance = await Factory.deploy(await log.getAddress());     await instance.waitForDeployment();          // Deposit 0.5 ether (less than MinSum of 1 ether)     const depositAmount = ethers.parseEther(""0.5"");     await instance.connect(addr1).Put(0, { value: depositAmount });          // Attempt to collect 0.5 ether - should revert in original (balance < MinSum)     // but would succeed in mutant (balance <= MinSum)     await expect(       instance.connect(addr1).Collect(depositAmount)     ).to.be.reverted;   }); });","""['Error: syntax error']"""
m37dee58a,X_WALLET,<generic-v6-scaffold>,Collect,live,>=,==,---|         if( acc.balance>=MinSum && acc.balance>=_am && block.timestamp>acc.unlockTime) +++|         if( acc.balance==MinSum && acc.balance>=_am && block.timestamp>acc.unlockTime),18,Mutant m37dee58a of function Collect replaces >= with ==,"pragma solidity ^0.8.0; contract X_WALLET { function Put(uint _unlockTime) public payable { Holder storage acc = Acc[msg.sender]; require(((acc.balance + msg.value) >= acc.balance)); acc.balance += msg.value; acc.unlockTime = _unlockTime>block.timestamp?_unlockTime:block.timestamp; LogFile.AddMessage(msg.sender,msg.value,""Put""); } function Collect(uint _am) public payable { Holder storage acc = Acc[msg.sender]; if( acc.balance>=MinSum && acc.balance>=_am && block.timestamp>acc.unlockTime) { acc.balance = (acc.balance - _am); { (bool _s, bytes memory _d) = msg.sender.call{value: _am}(""""); _d; if (_s) { LogFile.AddMessage(msg.sender,_am,""Collect""); } else {revert (); } } } } fallback() external payable { Put(0); } struct Holder { uint unlockTime; uint balance; } mapping (address => Holder) public Acc; Log LogFile; uint public MinSum = 1 ether; constructor(address log) public{ LogFile = Log(log); } } contract Log { struct Message { address Sender; string  Data; uint Val; uint  Time; } Message[] public History; Message LastMsg; function AddMessage(address _adr,uint _val, string memory _data) public { LastMsg.Sender = _adr; LastMsg.Time = block.timestamp; LastMsg.Val = _val; LastMsg.Data = _data; History.push(LastMsg); } }","import { expect } from ""chai""; import { ethers } from ""hardhat""; describe(""X_WALLET reference (ethers v6; deploy may require constructor arguments)"", function () { it(""deploy X_WALLET by supplying its REQUIRED constructor arguments (read them from the contract constructor), then call methods and assert; use ethers.parseEther, await (await tx).wait(), and expect(...).to.be.reverted"", async function () { const [owner, addr1, addr2] = await ethers.getSigners(); const Factory = await ethers.getContractFactory(""X_WALLET""); const instance = await Factory.deploy(...constructorArgs); await instance.waitForDeployment(); }); });",False,False,"import { expect } from ""chai""; import { ethers } from ""hardhat"";  describe(""X_WALLET - kill mutant m37dee58a (Collect balance==MinSum instead of >=MinSum)"", function () {   it(""should revert when trying to collect with balance greater than MinSum"", async function () {     const [owner, addr1] = await ethers.getSigners();          // Deploy Log contract first (required constructor argument for X_WALLET)     const LogFactory = await ethers.getContractFactory(""Log"");     const log = await LogFactory.deploy();     await log.waitForDeployment();          // Deploy X_WALLET with Log address     const Factory = await ethers.getContractFactory(""X_WALLET"");     const instance = await Factory.deploy(await log.getAddress());     await instance.waitForDeployment();          const MinSum = ethers.parseEther(""1"");          // Deposit 2 ether (greater than MinSum)     await instance.connect(addr1).Put(0, { value: ethers.parseEther(""2"") });          // Verify balance is 2 ether     const holder = await instance.Acc(addr1.address);     expect(holder.balance).to.equal(ethers.parseEther(""2""));          // Attempt to collect 1 ether - should succeed on original (balance >= MinSum)     // but fail on mutant (balance == MinSum is false because balance is 2, not 1)     await expect(       instance.connect(addr1).Collect(ethers.parseEther(""1""))     ).to.be.reverted;   }); });","""['Error: syntax error']"""
m4f583c86,X_WALLET,<generic-v6-scaffold>,Collect,live,>=, >,---|         if( acc.balance>=MinSum && acc.balance>=_am && block.timestamp>acc.unlockTime) +++|         if( acc.balance>=MinSum && acc.balance >_am && block.timestamp>acc.unlockTime),18,Mutant m4f583c86 of function Collect replaces >= with >,"pragma solidity ^0.8.0; contract X_WALLET { function Put(uint _unlockTime) public payable { Holder storage acc = Acc[msg.sender]; require(((acc.balance + msg.value) >= acc.balance)); acc.balance += msg.value; acc.unlockTime = _unlockTime>block.timestamp?_unlockTime:block.timestamp; LogFile.AddMessage(msg.sender,msg.value,""Put""); } function Collect(uint _am) public payable { Holder storage acc = Acc[msg.sender]; if( acc.balance>=MinSum && acc.balance>=_am && block.timestamp>acc.unlockTime) { acc.balance = (acc.balance - _am); { (bool _s, bytes memory _d) = msg.sender.call{value: _am}(""""); _d; if (_s) { LogFile.AddMessage(msg.sender,_am,""Collect""); } else {revert (); } } } } fallback() external payable { Put(0); } struct Holder { uint unlockTime; uint balance; } mapping (address => Holder) public Acc; Log LogFile; uint public MinSum = 1 ether; constructor(address log) public{ LogFile = Log(log); } } contract Log { struct Message { address Sender; string  Data; uint Val; uint  Time; } Message[] public History; Message LastMsg; function AddMessage(address _adr,uint _val, string memory _data) public { LastMsg.Sender = _adr; LastMsg.Time = block.timestamp; LastMsg.Val = _val; LastMsg.Data = _data; History.push(LastMsg); } }","import { expect } from ""chai""; import { ethers } from ""hardhat""; describe(""X_WALLET reference (ethers v6; deploy may require constructor arguments)"", function () { it(""deploy X_WALLET by supplying its REQUIRED constructor arguments (read them from the contract constructor), then call methods and assert; use ethers.parseEther, await (await tx).wait(), and expect(...).to.be.reverted"", async function () { const [owner, addr1, addr2] = await ethers.getSigners(); const Factory = await ethers.getContractFactory(""X_WALLET""); const instance = await Factory.deploy(...constructorArgs); await instance.waitForDeployment(); }); });",False,False,"import { expect } from ""chai""; import { ethers } from ""hardhat"";  describe(""X_WALLET mutant kill test - m4f583c86"", function () {   it(""should kill the mutant by collecting exactly the balance (acc.balance == _am)"", async function () {     const [owner, user] = await ethers.getSigners();          // Deploy Log contract first (required constructor argument for X_WALLET)     const LogFactory = await ethers.getContractFactory(""Log"");     const logInstance = await LogFactory.deploy();     await logInstance.waitForDeployment();          // Deploy X_WALLET with Log address     const Factory = await ethers.getContractFactory(""X_WALLET"");     const instance = await Factory.deploy(await logInstance.getAddress());     await instance.waitForDeployment();          // Fund the contract so MinSum is satisfied (MinSum = 1 ether)     await owner.sendTransaction({       to: await instance.getAddress(),       value: ethers.parseEther(""2"")     });          // User deposits 1 ether via Put (calls with value and unlockTime = 0)     const depositAmount = ethers.parseEther(""1"");     await user.sendTransaction({       to: await instance.getAddress(),       value: depositAmount     });          // Wait for block timestamp to pass (unlockTime defaults to block.timestamp when _unlockTime <= block.timestamp)     // We need block.timestamp > acc.unlockTime to pass the third condition     // Since unlockTime == block.timestamp when deposited, we need to mine a new block     await ethers.provider.send(""evm_mine"", []);          // Now try to collect exactly the deposited amount (acc.balance == _am)     // Original: >= allows this; Mutant: > rejects this => revert expected on mutant     await expect(       instance.connect(user).Collect(depositAmount)     ).to.be.reverted;   }); });","""['Error: syntax error']"""
m2f010c39,X_WALLET,<generic-v6-scaffold>,Collect,live,>=,<=,---|         if( acc.balance>=MinSum && acc.balance>=_am && block.timestamp>acc.unlockTime) +++|         if( acc.balance>=MinSum && acc.balance<=_am && block.timestamp>acc.unlockTime),18,Mutant m2f010c39 of function Collect replaces >= with <=,"pragma solidity ^0.8.0; contract X_WALLET { function Put(uint _unlockTime) public payable { Holder storage acc = Acc[msg.sender]; require(((acc.balance + msg.value) >= acc.balance)); acc.balance += msg.value; acc.unlockTime = _unlockTime>block.timestamp?_unlockTime:block.timestamp; LogFile.AddMessage(msg.sender,msg.value,""Put""); } function Collect(uint _am) public payable { Holder storage acc = Acc[msg.sender]; if( acc.balance>=MinSum && acc.balance>=_am && block.timestamp>acc.unlockTime) { acc.balance = (acc.balance - _am); { (bool _s, bytes memory _d) = msg.sender.call{value: _am}(""""); _d; if (_s) { LogFile.AddMessage(msg.sender,_am,""Collect""); } else {revert (); } } } } fallback() external payable { Put(0); } struct Holder { uint unlockTime; uint balance; } mapping (address => Holder) public Acc; Log LogFile; uint public MinSum = 1 ether; constructor(address log) public{ LogFile = Log(log); } } contract Log { struct Message { address Sender; string  Data; uint Val; uint  Time; } Message[] public History; Message LastMsg; function AddMessage(address _adr,uint _val, string memory _data) public { LastMsg.Sender = _adr; LastMsg.Time = block.timestamp; LastMsg.Val = _val; LastMsg.Data = _data; History.push(LastMsg); } }","import { expect } from ""chai""; import { ethers } from ""hardhat""; describe(""X_WALLET reference (ethers v6; deploy may require constructor arguments)"", function () { it(""deploy X_WALLET by supplying its REQUIRED constructor arguments (read them from the contract constructor), then call methods and assert; use ethers.parseEther, await (await tx).wait(), and expect(...).to.be.reverted"", async function () { const [owner, addr1, addr2] = await ethers.getSigners(); const Factory = await ethers.getContractFactory(""X_WALLET""); const instance = await Factory.deploy(...constructorArgs); await instance.waitForDeployment(); }); });",False,False,"import { expect } from ""chai""; import { ethers } from ""hardhat"";  describe(""X_WALLET mutant m2f010c39 test"", function () {   it(""should revert when withdrawing more than balance (original) but succeed on mutant"", async function () {     const [owner, addr1] = await ethers.getSigners();          // Deploy the Log contract first (required constructor argument for X_WALLET)     const LogFactory = await ethers.getContractFactory(""Log"");     const log = await LogFactory.deploy();     await log.waitForDeployment();          // Deploy X_WALLET with the Log contract address     const Factory = await ethers.getContractFactory(""X_WALLET"");     const instance = await Factory.deploy(await log.getAddress());     await instance.waitForDeployment();          // Set MinSum to 1 ether (default) - need to deposit at least that much     const depositAmount = ethers.parseEther(""1"");     const withdrawAmount = ethers.parseEther(""2""); // More than deposited          // Deposit exactly 1 ether from addr1     await instance.connect(addr1).Put(0, { value: depositAmount });          // Verify balance is 1 ether     const holder = await instance.Acc(addr1.address);     expect(holder.balance).to.equal(depositAmount);          // Try to withdraw 2 ether - should revert in original (balance < withdraw amount)     // But in mutant (balance <= _am) this would succeed (1 <= 2 is true)     await expect(       instance.connect(addr1).Collect(withdrawAmount)     ).to.be.reverted;          // If the test passes (reverts), it kills the mutant because the mutant would not revert     // The mutant would allow the withdrawal, making this test fail   }); });","""['Error: syntax error']"""
me41bfd3c,X_WALLET,<generic-v6-scaffold>,Collect,live,>=,==,---|         if( acc.balance>=MinSum && acc.balance>=_am && block.timestamp>acc.unlockTime) +++|         if( acc.balance>=MinSum && acc.balance==_am && block.timestamp>acc.unlockTime),18,Mutant me41bfd3c of function Collect replaces >= with ==,"pragma solidity ^0.8.0; contract X_WALLET { function Put(uint _unlockTime) public payable { Holder storage acc = Acc[msg.sender]; require(((acc.balance + msg.value) >= acc.balance)); acc.balance += msg.value; acc.unlockTime = _unlockTime>block.timestamp?_unlockTime:block.timestamp; LogFile.AddMessage(msg.sender,msg.value,""Put""); } function Collect(uint _am) public payable { Holder storage acc = Acc[msg.sender]; if( acc.balance>=MinSum && acc.balance>=_am && block.timestamp>acc.unlockTime) { acc.balance = (acc.balance - _am); { (bool _s, bytes memory _d) = msg.sender.call{value: _am}(""""); _d; if (_s) { LogFile.AddMessage(msg.sender,_am,""Collect""); } else {revert (); } } } } fallback() external payable { Put(0); } struct Holder { uint unlockTime; uint balance; } mapping (address => Holder) public Acc; Log LogFile; uint public MinSum = 1 ether; constructor(address log) public{ LogFile = Log(log); } } contract Log { struct Message { address Sender; string  Data; uint Val; uint  Time; } Message[] public History; Message LastMsg; function AddMessage(address _adr,uint _val, string memory _data) public { LastMsg.Sender = _adr; LastMsg.Time = block.timestamp; LastMsg.Val = _val; LastMsg.Data = _data; History.push(LastMsg); } }","import { expect } from ""chai""; import { ethers } from ""hardhat""; describe(""X_WALLET reference (ethers v6; deploy may require constructor arguments)"", function () { it(""deploy X_WALLET by supplying its REQUIRED constructor arguments (read them from the contract constructor), then call methods and assert; use ethers.parseEther, await (await tx).wait(), and expect(...).to.be.reverted"", async function () { const [owner, addr1, addr2] = await ethers.getSigners(); const Factory = await ethers.getContractFactory(""X_WALLET""); const instance = await Factory.deploy(...constructorArgs); await instance.waitForDeployment(); }); });",False,False,"import { expect } from ""chai""; import { ethers } from ""hardhat"";  describe(""X_WALLET - kill mutant me41bfd3c (Collect balance==_am instead of balance>=_am)"", function () {   it(""should revert when trying to withdraw less than full balance (balance > _am)"", async function () {     const [owner, user] = await ethers.getSigners();          // Deploy Log contract first (required by X_WALLET constructor)     const LogFactory = await ethers.getContractFactory(""Log"");     const log = await LogFactory.deploy();     await log.waitForDeployment();          // Deploy X_WALLET with Log address     const Factory = await ethers.getContractFactory(""X_WALLET"");     const wallet = await Factory.deploy(await log.getAddress());     await wallet.waitForDeployment();          const depositAmount = ethers.parseEther(""5""); // 5 ether     const withdrawAmount = ethers.parseEther(""2""); // 2 ether          // User deposits 5 ether (more than MinSum = 1 ether)     await wallet.connect(user).Put(0, { value: depositAmount });          // Verify balance is 5 ether     const holder = await wallet.Acc(user.address);     expect(holder.balance).to.equal(depositAmount);          // Attempt to withdraw 2 ether (which is less than full balance of 5 ether)     // Original: should succeed (5 >= 2)     // Mutant: should revert (5 != 2)     await expect(       wallet.connect(user).Collect(withdrawAmount)     ).to.be.reverted;   }); });","""['Error: syntax error']"""
m22505dd7,X_WALLET,<generic-v6-scaffold>,Collect,live,>,<,---|         if( acc.balance>=MinSum && acc.balance>=_am && block.timestamp>acc.unlockTime) +++|         if( acc.balance>=MinSum && acc.balance>=_am && block.timestamp<acc.unlockTime),18,Mutant m22505dd7 of function Collect replaces > with <,"pragma solidity ^0.8.0; contract X_WALLET { function Put(uint _unlockTime) public payable { Holder storage acc = Acc[msg.sender]; require(((acc.balance + msg.value) >= acc.balance)); acc.balance += msg.value; acc.unlockTime = _unlockTime>block.timestamp?_unlockTime:block.timestamp; LogFile.AddMessage(msg.sender,msg.value,""Put""); } function Collect(uint _am) public payable { Holder storage acc = Acc[msg.sender]; if( acc.balance>=MinSum && acc.balance>=_am && block.timestamp>acc.unlockTime) { acc.balance = (acc.balance - _am); { (bool _s, bytes memory _d) = msg.sender.call{value: _am}(""""); _d; if (_s) { LogFile.AddMessage(msg.sender,_am,""Collect""); } else {revert (); } } } } fallback() external payable { Put(0); } struct Holder { uint unlockTime; uint balance; } mapping (address => Holder) public Acc; Log LogFile; uint public MinSum = 1 ether; constructor(address log) public{ LogFile = Log(log); } } contract Log { struct Message { address Sender; string  Data; uint Val; uint  Time; } Message[] public History; Message LastMsg; function AddMessage(address _adr,uint _val, string memory _data) public { LastMsg.Sender = _adr; LastMsg.Time = block.timestamp; LastMsg.Val = _val; LastMsg.Data = _data; History.push(LastMsg); } }","import { expect } from ""chai""; import { ethers } from ""hardhat""; describe(""X_WALLET reference (ethers v6; deploy may require constructor arguments)"", function () { it(""deploy X_WALLET by supplying its REQUIRED constructor arguments (read them from the contract constructor), then call methods and assert; use ethers.parseEther, await (await tx).wait(), and expect(...).to.be.reverted"", async function () { const [owner, addr1, addr2] = await ethers.getSigners(); const Factory = await ethers.getContractFactory(""X_WALLET""); const instance = await Factory.deploy(...constructorArgs); await instance.waitForDeployment(); }); });",False,False,"import { expect } from ""chai""; import { ethers } from ""hardhat"";  describe(""X_WALLET mutant test - Collect with timestamp condition reversed"", function () {   it(""should kill mutant by calling Collect after unlock time and expecting success"", async function () {     const [owner, user] = await ethers.getSigners();          // Deploy Log contract first (required constructor argument for X_WALLET)     const LogFactory = await ethers.getContractFactory(""Log"");     const log = await LogFactory.deploy();     await log.waitForDeployment();          // Deploy X_WALLET with Log address     const WalletFactory = await ethers.getContractFactory(""X_WALLET"");     const wallet = await WalletFactory.deploy(await log.getAddress());     await wallet.waitForDeployment();          const walletAddress = await wallet.getAddress();          // Set unlock time to 1 hour in the future     const currentTime = (await ethers.provider.getBlock(""latest"")).timestamp;     const unlockTime = currentTime + 3600; // 1 hour from now          // Deposit 2 ether with unlock time     const depositAmount = ethers.parseEther(""2"");     await wallet.connect(user).Put(unlockTime, { value: depositAmount });          // Verify balance     expect(await wallet.connect(user).Acc(user.address)).to.deep.equal([       BigInt(unlockTime),       depositAmount     ]);          // Fast forward time past unlock time     await ethers.provider.send(""evm_setNextBlockTimestamp"", [unlockTime + 1]);     await ethers.provider.send(""evm_mine"");          // Attempt to collect 1 ether - should succeed in original, revert in mutant     const collectAmount = ethers.parseEther(""1"");          // In original contract: block.timestamp > unlockTime -> should succeed     // In mutant: block.timestamp < unlockTime -> will revert since block.timestamp > unlockTime     await expect(       wallet.connect(user).Collect(collectAmount)     ).to.not.be.reverted;          // Verify the balance decreased     const updatedAcc = await wallet.connect(user).Acc(user.address);     expect(updatedAcc.balance).to.equal(depositAmount - collectAmount);   }); });","""['Error: syntax error']"""
m35bcafb6,X_WALLET,<generic-v6-scaffold>,Collect,live,>,>= ,---|         if( acc.balance>=MinSum && acc.balance>=_am && block.timestamp>acc.unlockTime) +++|         if( acc.balance>=MinSum && acc.balance>=_am && block.timestamp>= acc.unlockTime),18,Mutant m35bcafb6 of function Collect replaces > with >=,"pragma solidity ^0.8.0; contract X_WALLET { function Put(uint _unlockTime) public payable { Holder storage acc = Acc[msg.sender]; require(((acc.balance + msg.value) >= acc.balance)); acc.balance += msg.value; acc.unlockTime = _unlockTime>block.timestamp?_unlockTime:block.timestamp; LogFile.AddMessage(msg.sender,msg.value,""Put""); } function Collect(uint _am) public payable { Holder storage acc = Acc[msg.sender]; if( acc.balance>=MinSum && acc.balance>=_am && block.timestamp>acc.unlockTime) { acc.balance = (acc.balance - _am); { (bool _s, bytes memory _d) = msg.sender.call{value: _am}(""""); _d; if (_s) { LogFile.AddMessage(msg.sender,_am,""Collect""); } else {revert (); } } } } fallback() external payable { Put(0); } struct Holder { uint unlockTime; uint balance; } mapping (address => Holder) public Acc; Log LogFile; uint public MinSum = 1 ether; constructor(address log) public{ LogFile = Log(log); } } contract Log { struct Message { address Sender; string  Data; uint Val; uint  Time; } Message[] public History; Message LastMsg; function AddMessage(address _adr,uint _val, string memory _data) public { LastMsg.Sender = _adr; LastMsg.Time = block.timestamp; LastMsg.Val = _val; LastMsg.Data = _data; History.push(LastMsg); } }","import { expect } from ""chai""; import { ethers } from ""hardhat""; describe(""X_WALLET reference (ethers v6; deploy may require constructor arguments)"", function () { it(""deploy X_WALLET by supplying its REQUIRED constructor arguments (read them from the contract constructor), then call methods and assert; use ethers.parseEther, await (await tx).wait(), and expect(...).to.be.reverted"", async function () { const [owner, addr1, addr2] = await ethers.getSigners(); const Factory = await ethers.getContractFactory(""X_WALLET""); const instance = await Factory.deploy(...constructorArgs); await instance.waitForDeployment(); }); });",False,False,"import { expect } from ""chai""; import { ethers } from ""hardhat"";  describe(""X_WALLET mutant m35bcafb6 - block.timestamp >= unlockTime"", function () {   it(""should revert on original when calling Collect exactly at unlockTime, but mutant would allow it"", async function () {     const [owner, addr1] = await ethers.getSigners();          // Deploy Log contract first (required constructor argument for X_WALLET)     const LogFactory = await ethers.getContractFactory(""Log"");     const log = await LogFactory.deploy();     await log.waitForDeployment();          // Deploy X_WALLET with log address     const Factory = await ethers.getContractFactory(""X_WALLET"");     const instance = await Factory.deploy(await log.getAddress());     await instance.waitForDeployment();          // Set MinSum to 0 to simplify test (or use 1 ether as default)     // Default MinSum is 1 ether, so we'll deposit at least 1 ether          const depositAmount = ethers.parseEther(""1"");     const unlockTime = Math.floor(Date.now() / 1000); // current block timestamp          // Deposit with unlock time set to current time     await instance.connect(addr1).Put(unlockTime, { value: depositAmount });          // Attempt to collect exactly at the unlock time     await expect(       instance.connect(addr1).Collect(depositAmount)     ).to.be.reverted; // Original reverts because block.timestamp is NOT strictly greater than unlockTime          // If the test passes (reverts), it means the mutant is killed     // If the test fails (doesn't revert), the mutant is live and incorrectly allows withdrawal   }); });","""['Error: syntax error']"""
mb8a8967b,X_WALLET,<generic-v6-scaffold>,Collect,live, - , + ,---|             acc.balance = (acc.balance - _am); +++|             acc.balance = (acc.balance + _am);,21,Mutant mb8a8967b of function Collect replaces - with +,"pragma solidity ^0.8.0; contract X_WALLET { function Put(uint _unlockTime) public payable { Holder storage acc = Acc[msg.sender]; require(((acc.balance + msg.value) >= acc.balance)); acc.balance += msg.value; acc.unlockTime = _unlockTime>block.timestamp?_unlockTime:block.timestamp; LogFile.AddMessage(msg.sender,msg.value,""Put""); } function Collect(uint _am) public payable { Holder storage acc = Acc[msg.sender]; if( acc.balance>=MinSum && acc.balance>=_am && block.timestamp>acc.unlockTime) { acc.balance = (acc.balance - _am); { (bool _s, bytes memory _d) = msg.sender.call{value: _am}(""""); _d; if (_s) { LogFile.AddMessage(msg.sender,_am,""Collect""); } else {revert (); } } } } fallback() external payable { Put(0); } struct Holder { uint unlockTime; uint balance; } mapping (address => Holder) public Acc; Log LogFile; uint public MinSum = 1 ether; constructor(address log) public{ LogFile = Log(log); } } contract Log { struct Message { address Sender; string  Data; uint Val; uint  Time; } Message[] public History; Message LastMsg; function AddMessage(address _adr,uint _val, string memory _data) public { LastMsg.Sender = _adr; LastMsg.Time = block.timestamp; LastMsg.Val = _val; LastMsg.Data = _data; History.push(LastMsg); } }","import { expect } from ""chai""; import { ethers } from ""hardhat""; describe(""X_WALLET reference (ethers v6; deploy may require constructor arguments)"", function () { it(""deploy X_WALLET by supplying its REQUIRED constructor arguments (read them from the contract constructor), then call methods and assert; use ethers.parseEther, await (await tx).wait(), and expect(...).to.be.reverted"", async function () { const [owner, addr1, addr2] = await ethers.getSigners(); const Factory = await ethers.getContractFactory(""X_WALLET""); const instance = await Factory.deploy(...constructorArgs); await instance.waitForDeployment(); }); });",False,False,"import { expect } from ""chai""; import { ethers } } from ""hardhat"";  describe(""X_WALLET mutant mb8a8967b - Collect balance mutation"", function () {   let instance: any;   let owner: any;   let addr1: any;   let LogFactory: any;   let logInstance: any;    beforeEach(async function () {     [owner, addr1] = await ethers.getSigners();          // Deploy the Log contract first (required constructor argument for X_WALLET)     LogFactory = await ethers.getContractFactory(""Log"");     logInstance = await LogFactory.deploy();     await logInstance.waitForDeployment();          // Deploy X_WALLET with the Log contract address     const Factory = await ethers.getContractFactory(""X_WALLET"");     instance = await Factory.deploy(await logInstance.getAddress());     await instance.waitForDeployment();   });    it(""should detect the mutant by verifying balance decreases after Collect"", async function () {     // Arrange: fund the contract with some ether to allow collection     const depositAmount = ethers.parseEther(""5"");     await owner.sendTransaction({       to: await instance.getAddress(),       value: depositAmount     });      // addr1 calls Put to deposit 1 ether with unlock time in the past     const putAmount = ethers.parseEther(""1"");     await instance.connect(addr1).Put(0, { value: putAmount });          // Verify addr1's balance is 1 ether     const balanceBefore = (await instance.Acc(addr1.address)).balance;     expect(balanceBefore).to.equal(putAmount);      // Act: addr1 collects the full 1 ether     const collectAmount = ethers.parseEther(""1"");     const tx = await instance.connect(addr1).Collect(collectAmount);     await tx.wait();      // Assert: In the original contract, balance should be 0 (1 - 1)     // In the mutant, balance would be 2 (1 + 1) - this assertion fails on the mutant     const balanceAfter = (await instance.Acc(addr1.address)).balance;     expect(balanceAfter).to.equal(0);   }); });","""['Error: syntax error']"""
m9b11bc4b,X_WALLET,<generic-v6-scaffold>,Collect,live, - , / ,---|             acc.balance = (acc.balance - _am); +++|             acc.balance = (acc.balance / _am);,21,Mutant m9b11bc4b of function Collect replaces - with /,"pragma solidity ^0.8.0; contract X_WALLET { function Put(uint _unlockTime) public payable { Holder storage acc = Acc[msg.sender]; require(((acc.balance + msg.value) >= acc.balance)); acc.balance += msg.value; acc.unlockTime = _unlockTime>block.timestamp?_unlockTime:block.timestamp; LogFile.AddMessage(msg.sender,msg.value,""Put""); } function Collect(uint _am) public payable { Holder storage acc = Acc[msg.sender]; if( acc.balance>=MinSum && acc.balance>=_am && block.timestamp>acc.unlockTime) { acc.balance = (acc.balance - _am); { (bool _s, bytes memory _d) = msg.sender.call{value: _am}(""""); _d; if (_s) { LogFile.AddMessage(msg.sender,_am,""Collect""); } else {revert (); } } } } fallback() external payable { Put(0); } struct Holder { uint unlockTime; uint balance; } mapping (address => Holder) public Acc; Log LogFile; uint public MinSum = 1 ether; constructor(address log) public{ LogFile = Log(log); } } contract Log { struct Message { address Sender; string  Data; uint Val; uint  Time; } Message[] public History; Message LastMsg; function AddMessage(address _adr,uint _val, string memory _data) public { LastMsg.Sender = _adr; LastMsg.Time = block.timestamp; LastMsg.Val = _val; LastMsg.Data = _data; History.push(LastMsg); } }","import { expect } from ""chai""; import { ethers } from ""hardhat""; describe(""X_WALLET reference (ethers v6; deploy may require constructor arguments)"", function () { it(""deploy X_WALLET by supplying its REQUIRED constructor arguments (read them from the contract constructor), then call methods and assert; use ethers.parseEther, await (await tx).wait(), and expect(...).to.be.reverted"", async function () { const [owner, addr1, addr2] = await ethers.getSigners(); const Factory = await ethers.getContractFactory(""X_WALLET""); const instance = await Factory.deploy(...constructorArgs); await instance.waitForDeployment(); }); });",False,False,"import { expect } from ""chai""; import { ethers } from ""hardhat"";  describe(""X_WALLET mutant detection - m9b11bc4b"", function () {   it(""should detect the division mutant by verifying correct balance subtraction"", async function () {     const [owner, addr1] = await ethers.getSigners();          // Deploy the Log contract first (required by X_WALLET constructor)     const LogFactory = await ethers.getContractFactory(""Log"");     const logInstance = await LogFactory.deploy();     await logInstance.waitForDeployment();          // Deploy X_WALLET with the Log address as constructor argument     const XWalletFactory = await ethers.getContractFactory(""X_WALLET"");     const wallet = await XWalletFactory.deploy(await logInstance.getAddress());     await wallet.waitForDeployment();          // Deposit 2 ether from addr1 using Put function     const depositAmount = ethers.parseEther(""2"");     await wallet.connect(addr1).Put(0, { value: depositAmount });          // Verify initial balance is 2 ether     const holderBefore = await wallet.Acc(addr1.address);     expect(holderBefore.balance).to.equal(depositAmount);          // Now call Collect to withdraw the full balance     await wallet.connect(addr1).Collect(depositAmount);          // Check the balance after withdrawal     // In the original contract: 2 - 2 = 0     // In the mutant: 2 / 2 = 1 (which would fail this assertion)     const holderAfter = await wallet.Acc(addr1.address);     expect(holderAfter.balance).to.equal(0);   }); });","""['Error: syntax error']"""
mf02cb081,X_WALLET,<generic-v6-scaffold>,Collect,live,acc.balance>=MinSum && acc.balance>=_am && block.timestamp>acc.unlockTime,true,---|         if( acc.balance>=MinSum && acc.balance>=_am && block.timestamp>acc.unlockTime) +++|         if( true),18,Mutant mf02cb081 of function Collect replaces acc.balance>=MinSum && acc.balance>=_am && block.timestamp>acc.unlockTime with true,"pragma solidity ^0.8.0; contract X_WALLET { function Put(uint _unlockTime) public payable { Holder storage acc = Acc[msg.sender]; require(((acc.balance + msg.value) >= acc.balance)); acc.balance += msg.value; acc.unlockTime = _unlockTime>block.timestamp?_unlockTime:block.timestamp; LogFile.AddMessage(msg.sender,msg.value,""Put""); } function Collect(uint _am) public payable { Holder storage acc = Acc[msg.sender]; if( acc.balance>=MinSum && acc.balance>=_am && block.timestamp>acc.unlockTime) { acc.balance = (acc.balance - _am); { (bool _s, bytes memory _d) = msg.sender.call{value: _am}(""""); _d; if (_s) { LogFile.AddMessage(msg.sender,_am,""Collect""); } else {revert (); } } } } fallback() external payable { Put(0); } struct Holder { uint unlockTime; uint balance; } mapping (address => Holder) public Acc; Log LogFile; uint public MinSum = 1 ether; constructor(address log) public{ LogFile = Log(log); } } contract Log { struct Message { address Sender; string  Data; uint Val; uint  Time; } Message[] public History; Message LastMsg; function AddMessage(address _adr,uint _val, string memory _data) public { LastMsg.Sender = _adr; LastMsg.Time = block.timestamp; LastMsg.Val = _val; LastMsg.Data = _data; History.push(LastMsg); } }","import { expect } from ""chai""; import { ethers } from ""hardhat""; describe(""X_WALLET reference (ethers v6; deploy may require constructor arguments)"", function () { it(""deploy X_WALLET by supplying its REQUIRED constructor arguments (read them from the contract constructor), then call methods and assert; use ethers.parseEther, await (await tx).wait(), and expect(...).to.be.reverted"", async function () { const [owner, addr1, addr2] = await ethers.getSigners(); const Factory = await ethers.getContractFactory(""X_WALLET""); const instance = await Factory.deploy(...constructorArgs); await instance.waitForDeployment(); }); });",False,False,"import { expect } from ""chai""; import { ethers } from ""hardhat"";  describe(""X_WALLET mutant mf02cb081 detection test"", function () {   it(""should detect mutant that replaces Collect condition with true"", async function () {     const [owner, addr1] = await ethers.getSigners();          // Deploy Log contract first (required constructor argument for X_WALLET)     const LogFactory = await ethers.getContractFactory(""Log"");     const logInstance = await LogFactory.deploy();     await logInstance.waitForDeployment();          // Deploy X_WALLET with Log contract address     const Factory = await ethers.getContractFactory(""X_WALLET"");     const instance = await Factory.deploy(await logInstance.getAddress());     await instance.waitForDeployment();          // Get initial balance of addr1     const initialBalance = await ethers.provider.getBalance(addr1.address);          // Deposit 2 ether with unlock time set to far in the future (block.timestamp + 1 year)     const depositAmount = ethers.parseEther(""2"");     const futureUnlockTime = Math.floor(Date.now() / 1000) + 365 * 24 * 60 * 60;     await instance.connect(addr1).Put(futureUnlockTime, { value: depositAmount });          // Verify deposit was successful     const holder = await instance.Acc(addr1.address);     expect(holder.balance).to.equal(depositAmount);          // Attempt to withdraw 0.5 ether (below MinSum of 1 ether) before unlock time     const withdrawAmount = ethers.parseEther(""0.5"");          // On original contract this should revert (balance >= MinSum fails)     // On mutant (condition replaced with true) this should succeed     try {       const tx = await instance.connect(addr1).Collect(withdrawAmount);       await tx.wait();              // If we reach here, the transaction succeeded - this means the mutant is present       // Verify funds were actually transferred (mutant allowed withdrawal)       const finalBalance = await ethers.provider.getBalance(addr1.address);       expect(finalBalance).to.be.gt(initialBalance);              // The mutant is killed - test should fail on original but pass on mutant       // We assert true to indicate mutant detected       expect(true).to.be.true;     } catch (error: any) {       // If revert happens, this is the original behavior (mutant NOT present)       // Re-throw to fail the test as we're looking for mutant       throw new Error(""Mutant not detected - original contract behavior observed"");     }   }); });","""['Error: syntax error']"""
m93f809f1,X_WALLET,<generic-v6-scaffold>,Collect,live,acc.balance>=MinSum && acc.balance>=_am && block.timestamp>acc.unlockTime,false,---|         if( acc.balance>=MinSum && acc.balance>=_am && block.timestamp>acc.unlockTime) +++|         if( false),18,Mutant m93f809f1 of function Collect replaces acc.balance>=MinSum && acc.balance>=_am && block.timestamp>acc.unlockTime with false,"pragma solidity ^0.8.0; contract X_WALLET { function Put(uint _unlockTime) public payable { Holder storage acc = Acc[msg.sender]; require(((acc.balance + msg.value) >= acc.balance)); acc.balance += msg.value; acc.unlockTime = _unlockTime>block.timestamp?_unlockTime:block.timestamp; LogFile.AddMessage(msg.sender,msg.value,""Put""); } function Collect(uint _am) public payable { Holder storage acc = Acc[msg.sender]; if( acc.balance>=MinSum && acc.balance>=_am && block.timestamp>acc.unlockTime) { acc.balance = (acc.balance - _am); { (bool _s, bytes memory _d) = msg.sender.call{value: _am}(""""); _d; if (_s) { LogFile.AddMessage(msg.sender,_am,""Collect""); } else {revert (); } } } } fallback() external payable { Put(0); } struct Holder { uint unlockTime; uint balance; } mapping (address => Holder) public Acc; Log LogFile; uint public MinSum = 1 ether; constructor(address log) public{ LogFile = Log(log); } } contract Log { struct Message { address Sender; string  Data; uint Val; uint  Time; } Message[] public History; Message LastMsg; function AddMessage(address _adr,uint _val, string memory _data) public { LastMsg.Sender = _adr; LastMsg.Time = block.timestamp; LastMsg.Val = _val; LastMsg.Data = _data; History.push(LastMsg); } }","import { expect } from ""chai""; import { ethers } from ""hardhat""; describe(""X_WALLET reference (ethers v6; deploy may require constructor arguments)"", function () { it(""deploy X_WALLET by supplying its REQUIRED constructor arguments (read them from the contract constructor), then call methods and assert; use ethers.parseEther, await (await tx).wait(), and expect(...).to.be.reverted"", async function () { const [owner, addr1, addr2] = await ethers.getSigners(); const Factory = await ethers.getContractFactory(""X_WALLET""); const instance = await Factory.deploy(...constructorArgs); await instance.waitForDeployment(); }); });",False,False,"import { expect } from ""chai""; import { ethers } from ""hardhat"";  describe(""X_WALLET mutant m93f809f1 test"", function () {   it(""should kill the mutant by verifying Collect does not execute when condition is replaced with false"", async function () {     const [owner, addr1] = await ethers.getSigners();          // Deploy Log contract first (required constructor argument for X_WALLET)     const LogFactory = await ethers.getContractFactory(""Log"");     const logContract = await LogFactory.deploy();     await logContract.waitForDeployment();          // Deploy X_WALLET with Log address     const Factory = await ethers.getContractFactory(""X_WALLET"");     const instance = await Factory.deploy(await logContract.getAddress());     await instance.waitForDeployment();          const instanceAddress = await instance.getAddress();          // Fund the contract with 2 ether from owner     await owner.sendTransaction({       to: instanceAddress,       value: ethers.parseEther(""2""),       data: ""0x"" // will trigger fallback -> Put(0)     });          // Wait for the unlock time to pass (Put(0) sets unlockTime to block.timestamp)     await ethers.provider.send(""evm_increaseTime"", [2]); // add 2 seconds     await ethers.provider.send(""evm_mine"", []);          // Record balances before Collect call     const ownerBalanceBefore = await ethers.provider.getBalance(owner.address);     const contractBalanceBefore = await ethers.provider.getBalance(instanceAddress);          // Call Collect with valid amount (1 ether)     // In original: should succeed since balance=2, amount=1, MinSum=1, time > unlockTime     const tx = await instance.connect(owner).Collect(ethers.parseEther(""1""));     await tx.wait();          // Check balances after Collect call     const ownerBalanceAfter = await ethers.provider.getBalance(owner.address);     const contractBalanceAfter = await ethers.provider.getBalance(instanceAddress);          // In original: owner receives 1 ether, contract loses 1 ether     // In mutant: condition is false, so no transfer happens - balances remain unchanged     // Therefore, if balances are unchanged, the mutant is detected (killed)     expect(ownerBalanceAfter).to.equal(ownerBalanceBefore);     expect(contractBalanceAfter).to.equal(contractBalanceBefore);   }); });","""['Error: syntax error']"""
m91d0a844,X_WALLET,<generic-v6-scaffold>,Collect,live,_s,true,"---|             { (bool _s, bytes memory _d) = msg.sender.call{value: _am}(""""); _d; if (_s) { +++|             { (bool _s, bytes memory _d) = msg.sender.call{value: _am}(""""); _d; if (true) {",22,Mutant m91d0a844 of function Collect replaces _s with true,"pragma solidity ^0.8.0; contract X_WALLET { function Put(uint _unlockTime) public payable { Holder storage acc = Acc[msg.sender]; require(((acc.balance + msg.value) >= acc.balance)); acc.balance += msg.value; acc.unlockTime = _unlockTime>block.timestamp?_unlockTime:block.timestamp; LogFile.AddMessage(msg.sender,msg.value,""Put""); } function Collect(uint _am) public payable { Holder storage acc = Acc[msg.sender]; if( acc.balance>=MinSum && acc.balance>=_am && block.timestamp>acc.unlockTime) { acc.balance = (acc.balance - _am); { (bool _s, bytes memory _d) = msg.sender.call{value: _am}(""""); _d; if (_s) { LogFile.AddMessage(msg.sender,_am,""Collect""); } else {revert (); } } } } fallback() external payable { Put(0); } struct Holder { uint unlockTime; uint balance; } mapping (address => Holder) public Acc; Log LogFile; uint public MinSum = 1 ether; constructor(address log) public{ LogFile = Log(log); } } contract Log { struct Message { address Sender; string  Data; uint Val; uint  Time; } Message[] public History; Message LastMsg; function AddMessage(address _adr,uint _val, string memory _data) public { LastMsg.Sender = _adr; LastMsg.Time = block.timestamp; LastMsg.Val = _val; LastMsg.Data = _data; History.push(LastMsg); } }","import { expect } from ""chai""; import { ethers } from ""hardhat""; describe(""X_WALLET reference (ethers v6; deploy may require constructor arguments)"", function () { it(""deploy X_WALLET by supplying its REQUIRED constructor arguments (read them from the contract constructor), then call methods and assert; use ethers.parseEther, await (await tx).wait(), and expect(...).to.be.reverted"", async function () { const [owner, addr1, addr2] = await ethers.getSigners(); const Factory = await ethers.getContractFactory(""X_WALLET""); const instance = await Factory.deploy(...constructorArgs); await instance.waitForDeployment(); }); });",False,False,"import { expect } from ""chai""; import { ethers } from ""hardhat"";  describe(""X_WALLET mutant detection - m91d0a844"", function () {   it(""should revert when Collect is called but the recipient address rejects ETH transfer"", async function () {     const [owner, attacker] = await ethers.getSigners();          // Deploy the Log contract first     const LogFactory = await ethers.getContractFactory(""Log"");     const log = await LogFactory.deploy();     await log.waitForDeployment();          // Deploy X_WALLET with Log address     const XWalletFactory = await ethers.getContractFactory(""X_WALLET"");     const wallet = await XWalletFactory.deploy(await log.getAddress());     await wallet.waitForDeployment();          // Deploy a contract that reverts on receive (to simulate failed transfer)     const RejectorFactory = await ethers.getContractFactory(""contract Rejector { receive() external payable { revert(); } }"");     const rejector = await RejectorFactory.deploy();     await rejector.waitForDeployment();          const rejectorAddress = await rejector.getAddress();          // First, fund the wallet by sending ETH to it     await owner.sendTransaction({       to: await wallet.getAddress(),       value: ethers.parseEther(""10"")     });          // Set unlock time to now (so we can collect immediately)     await wallet.Put(0, { value: 0 });          // Now try to collect from the wallet using the rejector address as msg.sender     // We need to make the wallet call rejector via Collect function     // Since Collect sends ETH to msg.sender, we need to make msg.sender = rejector     // But we can't directly call from rejector - instead we can call from owner and manipulate          // Actually, let's fund the rejector so it can call Collect     await owner.sendTransaction({       to: rejectorAddress,       value: ethers.parseEther(""1"")     });          // Have the rejector call Collect on the wallet     // The rejector should receive ETH and revert, causing Collect to revert on original     // But on mutant it would succeed (logging instead of reverting)          // We need to make sure wallet has sufficient balance and time conditions are met     // Fund the wallet again with ETH     await owner.sendTransaction({       to: await wallet.getAddress(),       value: ethers.parseEther(""5"")     });          // Fast forward time past unlock (if needed - but Put sets unlockTime to current)     // Actually we already called Put(0) which sets unlockTime to block.timestamp          // Now try to collect - this should revert because the recipient (rejector) rejects ETH     await expect(       wallet.connect(owner).Collect(ethers.parseEther(""1""))     ).to.be.reverted;   }); });","""['Error: syntax error']"""
m9afa7601,X_WALLET,<generic-v6-scaffold>,Collect,live,_s,false,"---|             { (bool _s, bytes memory _d) = msg.sender.call{value: _am}(""""); _d; if (_s) { +++|             { (bool _s, bytes memory _d) = msg.sender.call{value: _am}(""""); _d; if (false) {",22,Mutant m9afa7601 of function Collect replaces _s with false,"pragma solidity ^0.8.0; contract X_WALLET { function Put(uint _unlockTime) public payable { Holder storage acc = Acc[msg.sender]; require(((acc.balance + msg.value) >= acc.balance)); acc.balance += msg.value; acc.unlockTime = _unlockTime>block.timestamp?_unlockTime:block.timestamp; LogFile.AddMessage(msg.sender,msg.value,""Put""); } function Collect(uint _am) public payable { Holder storage acc = Acc[msg.sender]; if( acc.balance>=MinSum && acc.balance>=_am && block.timestamp>acc.unlockTime) { acc.balance = (acc.balance - _am); { (bool _s, bytes memory _d) = msg.sender.call{value: _am}(""""); _d; if (_s) { LogFile.AddMessage(msg.sender,_am,""Collect""); } else {revert (); } } } } fallback() external payable { Put(0); } struct Holder { uint unlockTime; uint balance; } mapping (address => Holder) public Acc; Log LogFile; uint public MinSum = 1 ether; constructor(address log) public{ LogFile = Log(log); } } contract Log { struct Message { address Sender; string  Data; uint Val; uint  Time; } Message[] public History; Message LastMsg; function AddMessage(address _adr,uint _val, string memory _data) public { LastMsg.Sender = _adr; LastMsg.Time = block.timestamp; LastMsg.Val = _val; LastMsg.Data = _data; History.push(LastMsg); } }","import { expect } from ""chai""; import { ethers } from ""hardhat""; describe(""X_WALLET reference (ethers v6; deploy may require constructor arguments)"", function () { it(""deploy X_WALLET by supplying its REQUIRED constructor arguments (read them from the contract constructor), then call methods and assert; use ethers.parseEther, await (await tx).wait(), and expect(...).to.be.reverted"", async function () { const [owner, addr1, addr2] = await ethers.getSigners(); const Factory = await ethers.getContractFactory(""X_WALLET""); const instance = await Factory.deploy(...constructorArgs); await instance.waitForDeployment(); }); });",False,False,"import { expect } from ""chai""; import { ethers } from ""hardhat"";  describe(""X_WALLET mutant m9afa7601 detection"", function () {   it(""should detect mutant where _s is replaced with false in Collect function"", async function () {     const [owner, user] = await ethers.getSigners();          // Deploy Log contract first (required by X_WALLET constructor)     const LogFactory = await ethers.getContractFactory(""Log"");     const logInstance = await LogFactory.deploy();     await logInstance.waitForDeployment();          // Deploy X_WALLET with Log contract address     const WalletFactory = await ethers.getContractFactory(""X_WALLET"");     const walletInstance = await WalletFactory.deploy(await logInstance.getAddress());     await walletInstance.waitForDeployment();          const walletAddress = await walletInstance.getAddress();          // Get initial balances     const initialUserBalance = await ethers.provider.getBalance(user.address);     const initialContractBalance = await ethers.provider.getBalance(walletAddress);          // User puts 2 ether with unlock time 0 (immediately available)     const putTx = await walletInstance.connect(user).Put(0, { value: ethers.parseEther(""2"") });     await putTx.wait();          // Verify user has balance in contract     const userAcc = await walletInstance.Acc(user.address);     expect(userAcc.balance).to.equal(ethers.parseEther(""2""));          // Now collect 1 ether     const collectTx = await walletInstance.connect(user).Collect(ethers.parseEther(""1""));     await collectTx.wait();          // Check final balances     const finalUserBalance = await ethers.provider.getBalance(user.address);     const finalContractBalance = await ethers.provider.getBalance(walletAddress);          // In the original contract, user should have received 1 ether     // In the mutant, the call always reverts, so user does NOT receive funds     // The mutant will fail this assertion because the user's balance won't increase     expect(finalUserBalance).to.be.gt(initialUserBalance);     expect(finalContractBalance).to.equal(initialContractBalance.sub(ethers.parseEther(""1"")));   }); });","""['Error: syntax error']"""
m65087e9e,X_WALLET,<generic-v6-scaffold>,Collect,live,else {revert (); },,---|             } else {revert (); } } +++|             }  },25,Mutant m65087e9e of function Collect replaces else {revert (); } with ,"pragma solidity ^0.8.0; contract X_WALLET { function Put(uint _unlockTime) public payable { Holder storage acc = Acc[msg.sender]; require(((acc.balance + msg.value) >= acc.balance)); acc.balance += msg.value; acc.unlockTime = _unlockTime>block.timestamp?_unlockTime:block.timestamp; LogFile.AddMessage(msg.sender,msg.value,""Put""); } function Collect(uint _am) public payable { Holder storage acc = Acc[msg.sender]; if( acc.balance>=MinSum && acc.balance>=_am && block.timestamp>acc.unlockTime) { acc.balance = (acc.balance - _am); { (bool _s, bytes memory _d) = msg.sender.call{value: _am}(""""); _d; if (_s) { LogFile.AddMessage(msg.sender,_am,""Collect""); } else {revert (); } } } } fallback() external payable { Put(0); } struct Holder { uint unlockTime; uint balance; } mapping (address => Holder) public Acc; Log LogFile; uint public MinSum = 1 ether; constructor(address log) public{ LogFile = Log(log); } } contract Log { struct Message { address Sender; string  Data; uint Val; uint  Time; } Message[] public History; Message LastMsg; function AddMessage(address _adr,uint _val, string memory _data) public { LastMsg.Sender = _adr; LastMsg.Time = block.timestamp; LastMsg.Val = _val; LastMsg.Data = _data; History.push(LastMsg); } }","import { expect } from ""chai""; import { ethers } from ""hardhat""; describe(""X_WALLET reference (ethers v6; deploy may require constructor arguments)"", function () { it(""deploy X_WALLET by supplying its REQUIRED constructor arguments (read them from the contract constructor), then call methods and assert; use ethers.parseEther, await (await tx).wait(), and expect(...).to.be.reverted"", async function () { const [owner, addr1, addr2] = await ethers.getSigners(); const Factory = await ethers.getContractFactory(""X_WALLET""); const instance = await Factory.deploy(...constructorArgs); await instance.waitForDeployment(); }); });",False,False,"import { expect } from ""chai""; import { ethers } from ""hardhat"";  describe(""X_WALLET mutant m65087e9e test"", function () {   it(""should revert when Collect fails but mutant silently continues"", async function () {     const [owner, attacker] = await ethers.getSigners();          // Deploy the Log contract first (required constructor argument for X_WALLET)     const LogFactory = await ethers.getContractFactory(""Log"");     const log = await LogFactory.deploy();     await log.waitForDeployment();          // Deploy X_WALLET with the Log contract address     const WalletFactory = await ethers.getContractFactory(""X_WALLET"");     const wallet = await WalletFactory.deploy(await log.getAddress());     await wallet.waitForDeployment();          // Deploy a malicious contract that will reject ether transfers     const MaliciousFactory = await ethers.getContractFactory(""MaliciousReceiver"");     const malicious = await MaliciousFactory.deploy();     await malicious.waitForDeployment();          // Fund the X_WALLET with ether to allow Collect     await owner.sendTransaction({       to: await wallet.getAddress(),       value: ethers.parseEther(""10"")     });          // Set unlock time to now (so we can collect immediately)     // First put some funds from malicious contract to have a balance     await malicious.connect(attacker).putFunds(await wallet.getAddress(), {       value: ethers.parseEther(""5"")     });          // Now try to collect from the malicious contract     // The malicious contract's receive() function will revert, causing the call to fail     // Original contract should revert the entire transaction     // Mutant should NOT revert (silently continue)     await expect(       wallet.connect(attacker).Collect(ethers.parseEther(""1""))     ).to.be.reverted;   }); });  // Helper contract that reverts on receive contract MaliciousReceiver {   function putFunds(address walletAddress) external payable {     (bool success, ) = walletAddress.call{value: msg.value}(       abi.encodeWithSignature(""Put(uint256)"", block.timestamp + 100)     );     require(success, ""Put failed"");   }      receive() external payable {     revert(""Rejecting ether"");   } }","""['Error: syntax error']"""
m4b6654bd,X_WALLET,<generic-v6-scaffold>,Put,live,require(((acc.balance + msg.value) >= acc.balance));,/* require(((acc.balance + msg.value) >= acc.balance)); */,---|         require(((acc.balance + msg.value) >= acc.balance)); +++|,9,Mutant m4b6654bd of function Put replaces require(((acc.balance + msg.value) >= acc.balance)); with ,"pragma solidity ^0.8.0; contract X_WALLET { function Put(uint _unlockTime) public payable { Holder storage acc = Acc[msg.sender]; require(((acc.balance + msg.value) >= acc.balance)); acc.balance += msg.value; acc.unlockTime = _unlockTime>block.timestamp?_unlockTime:block.timestamp; LogFile.AddMessage(msg.sender,msg.value,""Put""); } function Collect(uint _am) public payable { Holder storage acc = Acc[msg.sender]; if( acc.balance>=MinSum && acc.balance>=_am && block.timestamp>acc.unlockTime) { acc.balance = (acc.balance - _am); { (bool _s, bytes memory _d) = msg.sender.call{value: _am}(""""); _d; if (_s) { LogFile.AddMessage(msg.sender,_am,""Collect""); } else {revert (); } } } } fallback() external payable { Put(0); } struct Holder { uint unlockTime; uint balance; } mapping (address => Holder) public Acc; Log LogFile; uint public MinSum = 1 ether; constructor(address log) public{ LogFile = Log(log); } } contract Log { struct Message { address Sender; string  Data; uint Val; uint  Time; } Message[] public History; Message LastMsg; function AddMessage(address _adr,uint _val, string memory _data) public { LastMsg.Sender = _adr; LastMsg.Time = block.timestamp; LastMsg.Val = _val; LastMsg.Data = _data; History.push(LastMsg); } }","import { expect } from ""chai""; import { ethers } from ""hardhat""; describe(""X_WALLET reference (ethers v6; deploy may require constructor arguments)"", function () { it(""deploy X_WALLET by supplying its REQUIRED constructor arguments (read them from the contract constructor), then call methods and assert; use ethers.parseEther, await (await tx).wait(), and expect(...).to.be.reverted"", async function () { const [owner, addr1, addr2] = await ethers.getSigners(); const Factory = await ethers.getContractFactory(""X_WALLET""); const instance = await Factory.deploy(...constructorArgs); await instance.waitForDeployment(); }); });",False,False,"import { expect } from ""chai""; import { ethers } from ""hardhat"";  describe(""X_WALLET mutant m4b6654bd - overflow protection removed"", function () {   it(""should detect missing overflow check by causing uint256 overflow"", async function () {     const [owner, attacker] = await ethers.getSigners();          // Deploy the Log contract first (required constructor argument for X_WALLET)     const LogFactory = await ethers.getContractFactory(""Log"");     const log = await LogFactory.deploy();     await log.waitForDeployment();          // Deploy X_WALLET with the Log contract address     const WalletFactory = await ethers.getContractFactory(""X_WALLET"");     const wallet = await WalletFactory.deploy(await log.getAddress());     await wallet.waitForDeployment();          // Step 1: First deposit to set a non-zero balance     // We'll deposit 1 ether to attacker's account     const initialDeposit = ethers.parseEther(""1"");     await wallet.connect(attacker).Put(0, { value: initialDeposit });          // Step 2: Get current balance and calculate amount needed for overflow     const currentBalance = (await wallet.Acc(attacker.address)).balance;          // Calculate the amount needed to cause overflow:     // We want: currentBalance + msg.value to overflow (wrap to a small number)     // The max uint256 is 2^256 - 1     const maxUint256 = ethers.MaxUint256;          // We need to send enough to make balance exceed maxUint256     // So msg.value should be: maxUint256 - currentBalance + 1n     const overflowAmount = maxUint256 - currentBalance + 1n;          // Step 3: Attempt to cause overflow - on original contract this should revert     // On mutant (without require check) this should succeed and corrupt the balance     const tx = wallet.connect(attacker).Put(0, { value: overflowAmount });          // On the mutant, this transaction should NOT revert     // We expect it to succeed (killing the mutant by detecting the missing check)     await expect(tx).to.not.be.reverted;          // After the overflow, the balance should be unexpectedly low     // (due to wraparound: currentBalance + overflowAmount = 0 or small number)     const newBalance = (await wallet.Acc(attacker.address)).balance;          // The balance should NOT be greater than currentBalance + overflowAmount     // Because that would overflow, so the actual stored balance is much smaller     expect(newBalance).to.be.lessThan(currentBalance);          // Additionally, we can verify the balance is the overflow result:     // (currentBalance + overflowAmount) mod 2^256 = (maxUint256 + 1) mod 2^256 = 0     // So the balance should be 0 (or close to 0 if there were fees)     expect(newBalance).to.equal(0n);   }); });","""['Error: syntax error']"""
m3867e704,X_WALLET,<generic-v6-scaffold>,Collect,live,revert ();,/* revert (); */,---|             } else {revert (); } } +++|             } else { } },25,Mutant m3867e704 of function Collect replaces revert (); with ,"pragma solidity ^0.8.0; contract X_WALLET { function Put(uint _unlockTime) public payable { Holder storage acc = Acc[msg.sender]; require(((acc.balance + msg.value) >= acc.balance)); acc.balance += msg.value; acc.unlockTime = _unlockTime>block.timestamp?_unlockTime:block.timestamp; LogFile.AddMessage(msg.sender,msg.value,""Put""); } function Collect(uint _am) public payable { Holder storage acc = Acc[msg.sender]; if( acc.balance>=MinSum && acc.balance>=_am && block.timestamp>acc.unlockTime) { acc.balance = (acc.balance - _am); { (bool _s, bytes memory _d) = msg.sender.call{value: _am}(""""); _d; if (_s) { LogFile.AddMessage(msg.sender,_am,""Collect""); } else {revert (); } } } } fallback() external payable { Put(0); } struct Holder { uint unlockTime; uint balance; } mapping (address => Holder) public Acc; Log LogFile; uint public MinSum = 1 ether; constructor(address log) public{ LogFile = Log(log); } } contract Log { struct Message { address Sender; string  Data; uint Val; uint  Time; } Message[] public History; Message LastMsg; function AddMessage(address _adr,uint _val, string memory _data) public { LastMsg.Sender = _adr; LastMsg.Time = block.timestamp; LastMsg.Val = _val; LastMsg.Data = _data; History.push(LastMsg); } }","import { expect } from ""chai""; import { ethers } from ""hardhat""; describe(""X_WALLET reference (ethers v6; deploy may require constructor arguments)"", function () { it(""deploy X_WALLET by supplying its REQUIRED constructor arguments (read them from the contract constructor), then call methods and assert; use ethers.parseEther, await (await tx).wait(), and expect(...).to.be.reverted"", async function () { const [owner, addr1, addr2] = await ethers.getSigners(); const Factory = await ethers.getContractFactory(""X_WALLET""); const instance = await Factory.deploy(...constructorArgs); await instance.waitForDeployment(); }); });",False,False,"import { expect } from ""chai""; import { ethers } from ""hardhat"";  describe(""X_WALLET mutant m3867e704 test"", function () {   it(""should revert when Collect is called with a valid amount but the recipient rejects Ether"", async function () {     const [owner, attacker] = await ethers.getSigners();          // Deploy the Log contract first     const LogFactory = await ethers.getContractFactory(""Log"");     const log = await LogFactory.deploy();     await log.waitForDeployment();          // Deploy X_WALLET with the Log address     const Factory = await ethers.getContractFactory(""X_WALLET"");     const instance = await Factory.deploy(await log.getAddress());     await instance.waitForDeployment();          // Deploy a contract that rejects Ether (no payable fallback)     const RejectorFactory = await ethers.getContractFactory(""contract Rejector { }"");     const rejector = await RejectorFactory.deploy();     await rejector.waitForDeployment();          // Owner puts funds into the wallet     const putAmount = ethers.parseEther(""2"");     await instance.connect(owner).Put(0, { value: putAmount });          // Set unlock time to past so Collect can be called     // The wallet is already unlocked since we used block.timestamp          // Attempt to collect to the rejector address - should revert in original     // but succeed silently in mutant     const collectAmount = ethers.parseEther(""1"");          // In the original contract this would revert because the recipient rejects Ether     // In the mutant it would succeed (no revert) - killing the mutant     await expect(       instance.connect(owner).Collect(collectAmount)     ).to.be.reverted;   }); });","""['Error: syntax error']"""
m28e886d0,X_WALLET,<generic-v6-scaffold>,Put,live,msg.value,msg.value+1,---|         require(((acc.balance + msg.value) >= acc.balance)); +++|         require(((acc.balance + msg.value+1) >= acc.balance));,9,Mutant m28e886d0 of function Put replaces msg.value with msg.value+1,"pragma solidity ^0.8.0; contract X_WALLET { function Put(uint _unlockTime) public payable { Holder storage acc = Acc[msg.sender]; require(((acc.balance + msg.value) >= acc.balance)); acc.balance += msg.value; acc.unlockTime = _unlockTime>block.timestamp?_unlockTime:block.timestamp; LogFile.AddMessage(msg.sender,msg.value,""Put""); } function Collect(uint _am) public payable { Holder storage acc = Acc[msg.sender]; if( acc.balance>=MinSum && acc.balance>=_am && block.timestamp>acc.unlockTime) { acc.balance = (acc.balance - _am); { (bool _s, bytes memory _d) = msg.sender.call{value: _am}(""""); _d; if (_s) { LogFile.AddMessage(msg.sender,_am,""Collect""); } else {revert (); } } } } fallback() external payable { Put(0); } struct Holder { uint unlockTime; uint balance; } mapping (address => Holder) public Acc; Log LogFile; uint public MinSum = 1 ether; constructor(address log) public{ LogFile = Log(log); } } contract Log { struct Message { address Sender; string  Data; uint Val; uint  Time; } Message[] public History; Message LastMsg; function AddMessage(address _adr,uint _val, string memory _data) public { LastMsg.Sender = _adr; LastMsg.Time = block.timestamp; LastMsg.Val = _val; LastMsg.Data = _data; History.push(LastMsg); } }","import { expect } from ""chai""; import { ethers } from ""hardhat""; describe(""X_WALLET reference (ethers v6; deploy may require constructor arguments)"", function () { it(""deploy X_WALLET by supplying its REQUIRED constructor arguments (read them from the contract constructor), then call methods and assert; use ethers.parseEther, await (await tx).wait(), and expect(...).to.be.reverted"", async function () { const [owner, addr1, addr2] = await ethers.getSigners(); const Factory = await ethers.getContractFactory(""X_WALLET""); const instance = await Factory.deploy(...constructorArgs); await instance.waitForDeployment(); }); });",False,False,"import { expect } from ""chai""; import { ethers } from ""hardhat"";  describe(""X_WALLET mutant m28e886d0 test"", function () {     it(""should revert when Put is called with msg.value that would cause overflow, but mutant passes"", async function () {         const [owner, addr1] = await ethers.getSigners();         const Factory = await ethers.getContractFactory(""X_WALLET"");                  // Deploy with a Log contract address (constructor requires address of Log)         const LogFactory = await ethers.getContractFactory(""Log"");         const logInstance = await LogFactory.deploy();         await logInstance.waitForDeployment();                  const instance = await Factory.deploy(await logInstance.getAddress());         await instance.waitForDeployment();          // Get the current balance of addr1 to check overflow behavior         const initialBalance = await instance.Acc(addr1.address);                  // Calculate a value that when added to current balance will overflow uint256         // We use max uint256 minus current balance plus 1 to cause overflow         const overflowValue = ethers.MaxUint256 - initialBalance.balance + 1n;                  // In the original contract, this should revert due to overflow protection         // In the mutant, the require condition (balance + msg.value + 1 >= balance)          // will still pass but the actual addition acc.balance += msg.value will overflow and revert         // However, the mutant's require condition changes the behavior for edge cases                  // Actually, let's test with a value that makes the require condition behave differently:         // Test with msg.value = 0 - both original and mutant pass         // Test with msg.value such that balance + msg.value overflows         // The mutant's condition becomes: balance + msg.value + 1 >= balance         // For overflow case, this condition might still pass while original would revert                  // Let's test the overflow scenario:         await expect(             instance.connect(addr1).Put(overflowValue, { value: overflowValue })         ).to.be.reverted; // Both should revert due to arithmetic overflow on acc.balance += msg.value                  // Now test with a value that only triggers the require difference:         // Set initial balance to 0 by deploying fresh         const instance2 = await Factory.deploy(await logInstance.getAddress());         await instance2.waitForDeployment();                  // Call Put with msg.value = 0 (both original and mutant pass)         await instance2.connect(addr1).Put(0, { value: 0 });                  // The key test: call Put with a value that causes acc.balance + msg.value to overflow         // but the mutant's +1 makes the require pass differently         // Actually, the mutant's require is always true for any non-negative msg.value         // The real difference is that the mutant's require condition is mathematically          // equivalent to ""true"" for all valid inputs                  // Test the specific mutant behavior: call Put with msg.value = 0         // Original require: (0 + 0) >= 0 => true         // Mutant require: (0 + 0 + 1) >= 0 => true         // Both pass, so this doesn't kill the mutant                  // Let's think differently: The mutant's require adds +1 to the left side         // This means the require will always pass (since left side > right side always)         // But the actual balance update uses msg.value without +1         // So a test that checks the balance after Put with msg.value = 0:         // Both would add 0 to balance, so balance remains same                  // The key insight: the mutant removes the overflow check semantics         // Test: call Put with msg.value = 1, then check balance increased by exactly 1         await instance2.connect(addr1).Put(0, { value: 1 });         const balanceAfter = await instance2.Acc(addr1.address);         expect(balanceAfter.balance).to.equal(1);                  // This doesn't kill the mutant either                  // Final approach: test the overflow guard removal         // In Solidity 0.8+, overflow is checked by default, so both revert on overflow         // The mutant's require change is effectively a no-op for all practical purposes         // The only way to detect it is to test with values that make the require fail in original         // But original require never fails for valid msg.value (always non-negative)                  // Actually, the mutant changes the condition to be ALWAYS true         // The original condition could fail if acc.balance + msg.value overflows uint256         // But Solidity 0.8+ catches this before the require         // So the mutant is semantically identical for all inputs                  // The test that kills the mutant must exploit the +1:         // Call Put with msg.value = type(uint256).max         // Original: (balance + max) >= balance => overflow => revert in Solidity 0.8+         // Mutant: (balance + max + 1) >= balance => overflow in addition => revert in Solidity 0.8+         // Both revert, so no difference                  // Wait - the require happens BEFORE the addition, so:         // Original: require((balance + msg.value) >= balance) - this will revert due to overflow         // Mutant: require((balance + msg.value + 1) >= balance) - this will ALSO revert due to overflow         // Both revert at the require line                  // The ONLY case where they differ is if balance + msg.value overflows but balance + msg.value + 1 doesn't         // This is impossible in modular arithmetic                  // Therefore the mutant is equivalent to the original         // The test should verify this equivalence                  // Test that both contracts behave the same for normal operations         const instance3 = await Factory.deploy(await logInstance.getAddress());         await instance3.waitForDeployment();                  await instance3.connect(addr1).Put(0, { value: ethers.parseEther(""1"") });         const bal = await instance3.Acc(addr1.address);         expect(bal.balance).to.equal(ethers.parseEther(""1""));     }); });","""['Error: syntax error']"""
m034bf1a8,X_WALLET,<generic-v6-scaffold>,Put,live,msg.value,msg.value-1,---|         require(((acc.balance + msg.value) >= acc.balance)); +++|         require(((acc.balance + msg.value-1) >= acc.balance));,9,Mutant m034bf1a8 of function Put replaces msg.value with msg.value-1,"pragma solidity ^0.8.0; contract X_WALLET { function Put(uint _unlockTime) public payable { Holder storage acc = Acc[msg.sender]; require(((acc.balance + msg.value) >= acc.balance)); acc.balance += msg.value; acc.unlockTime = _unlockTime>block.timestamp?_unlockTime:block.timestamp; LogFile.AddMessage(msg.sender,msg.value,""Put""); } function Collect(uint _am) public payable { Holder storage acc = Acc[msg.sender]; if( acc.balance>=MinSum && acc.balance>=_am && block.timestamp>acc.unlockTime) { acc.balance = (acc.balance - _am); { (bool _s, bytes memory _d) = msg.sender.call{value: _am}(""""); _d; if (_s) { LogFile.AddMessage(msg.sender,_am,""Collect""); } else {revert (); } } } } fallback() external payable { Put(0); } struct Holder { uint unlockTime; uint balance; } mapping (address => Holder) public Acc; Log LogFile; uint public MinSum = 1 ether; constructor(address log) public{ LogFile = Log(log); } } contract Log { struct Message { address Sender; string  Data; uint Val; uint  Time; } Message[] public History; Message LastMsg; function AddMessage(address _adr,uint _val, string memory _data) public { LastMsg.Sender = _adr; LastMsg.Time = block.timestamp; LastMsg.Val = _val; LastMsg.Data = _data; History.push(LastMsg); } }","import { expect } from ""chai""; import { ethers } from ""hardhat""; describe(""X_WALLET reference (ethers v6; deploy may require constructor arguments)"", function () { it(""deploy X_WALLET by supplying its REQUIRED constructor arguments (read them from the contract constructor), then call methods and assert; use ethers.parseEther, await (await tx).wait(), and expect(...).to.be.reverted"", async function () { const [owner, addr1, addr2] = await ethers.getSigners(); const Factory = await ethers.getContractFactory(""X_WALLET""); const instance = await Factory.deploy(...constructorArgs); await instance.waitForDeployment(); }); });",False,False,"import { expect } from ""chai""; import { ethers } from ""hardhat"";  describe(""X_WALLET mutant m034bf1a8 test"", function () {   it(""should kill mutant by sending 0 value to Put function"", async function () {     const [owner, addr1] = await ethers.getSigners();          // Deploy the Log contract first (required constructor argument for X_WALLET)     const LogFactory = await ethers.getContractFactory(""Log"");     const logInstance = await LogFactory.deploy();     await logInstance.waitForDeployment();          // Deploy X_WALLET with the Log contract address     const Factory = await ethers.getContractFactory(""X_WALLET"");     const instance = await Factory.deploy(await logInstance.getAddress());     await instance.waitForDeployment();          // Test: send 0 ether to Put function - should revert in mutant but pass in original     // The mutant changes require(acc.balance + msg.value >= acc.balance)      // to require(acc.balance + msg.value - 1 >= acc.balance)     // With msg.value = 0, the original passes (acc.balance >= acc.balance)     // But mutant evaluates to (acc.balance - 1 >= acc.balance) which is false     await expect(       owner.sendTransaction({         to: await instance.getAddress(),         value: 0,         data: ethers.id(""Put(uint256)"").slice(0, 10) +                ethers.zeroPadValue(ethers.toBeHex(block.timestamp + 100), 32).slice(2)       })     ).to.be.reverted;   }); });","""['Error: syntax error']"""
m7633a088,X_WALLET,<generic-v6-scaffold>,Put,live,msg.value,msg.value+1,---|         acc.balance += msg.value; +++|         acc.balance += msg.value+1;,10,Mutant m7633a088 of function Put replaces msg.value with msg.value+1,"pragma solidity ^0.8.0; contract X_WALLET { function Put(uint _unlockTime) public payable { Holder storage acc = Acc[msg.sender]; require(((acc.balance + msg.value) >= acc.balance)); acc.balance += msg.value; acc.unlockTime = _unlockTime>block.timestamp?_unlockTime:block.timestamp; LogFile.AddMessage(msg.sender,msg.value,""Put""); } function Collect(uint _am) public payable { Holder storage acc = Acc[msg.sender]; if( acc.balance>=MinSum && acc.balance>=_am && block.timestamp>acc.unlockTime) { acc.balance = (acc.balance - _am); { (bool _s, bytes memory _d) = msg.sender.call{value: _am}(""""); _d; if (_s) { LogFile.AddMessage(msg.sender,_am,""Collect""); } else {revert (); } } } } fallback() external payable { Put(0); } struct Holder { uint unlockTime; uint balance; } mapping (address => Holder) public Acc; Log LogFile; uint public MinSum = 1 ether; constructor(address log) public{ LogFile = Log(log); } } contract Log { struct Message { address Sender; string  Data; uint Val; uint  Time; } Message[] public History; Message LastMsg; function AddMessage(address _adr,uint _val, string memory _data) public { LastMsg.Sender = _adr; LastMsg.Time = block.timestamp; LastMsg.Val = _val; LastMsg.Data = _data; History.push(LastMsg); } }","import { expect } from ""chai""; import { ethers } from ""hardhat""; describe(""X_WALLET reference (ethers v6; deploy may require constructor arguments)"", function () { it(""deploy X_WALLET by supplying its REQUIRED constructor arguments (read them from the contract constructor), then call methods and assert; use ethers.parseEther, await (await tx).wait(), and expect(...).to.be.reverted"", async function () { const [owner, addr1, addr2] = await ethers.getSigners(); const Factory = await ethers.getContractFactory(""X_WALLET""); const instance = await Factory.deploy(...constructorArgs); await instance.waitForDeployment(); }); });",False,False,"import { expect } from ""chai""; import { ethers } from ""hardhat"";  describe(""X_WALLET mutant m7633a088 detection"", function () {   it(""should detect the off-by-one error in Put by checking exact balance after sending a specific amount"", async function () {     const [owner, user] = await ethers.getSigners();          // Deploy Log contract first (required by X_WALLET constructor)     const LogFactory = await ethers.getContractFactory(""Log"");     const logInstance = await LogFactory.deploy();     await logInstance.waitForDeployment();          // Deploy X_WALLET with the Log address     const XWalletFactory = await ethers.getContractFactory(""X_WALLET"");     const wallet = await XWalletFactory.deploy(await logInstance.getAddress());     await wallet.waitForDeployment();          // Send exactly 2 ether to Put function     const sendAmount = ethers.parseEther(""2"");     const tx = await wallet.connect(user).Put(0, { value: sendAmount });     await tx.wait();          // Get the stored balance for the user     const holder = await wallet.Acc(user.address);     const storedBalance = holder.balance;          // Original would store exactly 2 ether; mutant stores 2 ether + 1 wei     expect(storedBalance).to.equal(sendAmount);   }); });","""['Error: syntax error']"""
m5edbf6e5,X_WALLET,<generic-v6-scaffold>,Put,live,msg.value,msg.value-1,---|         acc.balance += msg.value; +++|         acc.balance += msg.value-1;,10,Mutant m5edbf6e5 of function Put replaces msg.value with msg.value-1,"pragma solidity ^0.8.0; contract X_WALLET { function Put(uint _unlockTime) public payable { Holder storage acc = Acc[msg.sender]; require(((acc.balance + msg.value) >= acc.balance)); acc.balance += msg.value; acc.unlockTime = _unlockTime>block.timestamp?_unlockTime:block.timestamp; LogFile.AddMessage(msg.sender,msg.value,""Put""); } function Collect(uint _am) public payable { Holder storage acc = Acc[msg.sender]; if( acc.balance>=MinSum && acc.balance>=_am && block.timestamp>acc.unlockTime) { acc.balance = (acc.balance - _am); { (bool _s, bytes memory _d) = msg.sender.call{value: _am}(""""); _d; if (_s) { LogFile.AddMessage(msg.sender,_am,""Collect""); } else {revert (); } } } } fallback() external payable { Put(0); } struct Holder { uint unlockTime; uint balance; } mapping (address => Holder) public Acc; Log LogFile; uint public MinSum = 1 ether; constructor(address log) public{ LogFile = Log(log); } } contract Log { struct Message { address Sender; string  Data; uint Val; uint  Time; } Message[] public History; Message LastMsg; function AddMessage(address _adr,uint _val, string memory _data) public { LastMsg.Sender = _adr; LastMsg.Time = block.timestamp; LastMsg.Val = _val; LastMsg.Data = _data; History.push(LastMsg); } }","import { expect } from ""chai""; import { ethers } from ""hardhat""; describe(""X_WALLET reference (ethers v6; deploy may require constructor arguments)"", function () { it(""deploy X_WALLET by supplying its REQUIRED constructor arguments (read them from the contract constructor), then call methods and assert; use ethers.parseEther, await (await tx).wait(), and expect(...).to.be.reverted"", async function () { const [owner, addr1, addr2] = await ethers.getSigners(); const Factory = await ethers.getContractFactory(""X_WALLET""); const instance = await Factory.deploy(...constructorArgs); await instance.waitForDeployment(); }); });",False,False,"import { expect } from ""chai""; import { ethers } from ""hardhat"";  describe(""X_WALLET mutant detection - m5edbf6e5"", function () {   it(""should detect mutant where Put function subtracts 1 from msg.value"", async function () {     const [owner, addr1] = await ethers.getSigners();          // Deploy the Log contract first (required by X_WALLET constructor)     const LogFactory = await ethers.getContractFactory(""Log"");     const logInstance = await LogFactory.deploy();     await logInstance.waitForDeployment();          // Deploy X_WALLET with Log contract address as constructor argument     const XWalletFactory = await ethers.getContractFactory(""X_WALLET"");     const xWalletInstance = await XWalletFactory.deploy(await logInstance.getAddress());     await xWalletInstance.waitForDeployment();          // Send exactly 1 wei to Put function     const tx = await xWalletInstance.connect(addr1).Put(0, { value: 1 });     await tx.wait();          // Check the balance stored in Acc mapping for addr1     // In original: balance should be 1     // In mutant: balance will be 0 (msg.value - 1 = 0)     const holder = await xWalletInstance.Acc(addr1.address);     expect(holder.balance).to.equal(1);   }); });","""['Error: syntax error']"""
mb593e608,X_WALLET,<generic-v6-scaffold>,Put,live,block.timestamp,block.prevrandao,---|         acc.unlockTime = _unlockTime>block.timestamp?_unlockTime:block.timestamp; +++|         acc.unlockTime = _unlockTime>block.prevrandao?_unlockTime:block.timestamp;,11,Mutant mb593e608 of function Put replaces block.timestamp with block.prevrandao,"pragma solidity ^0.8.0; contract X_WALLET { function Put(uint _unlockTime) public payable { Holder storage acc = Acc[msg.sender]; require(((acc.balance + msg.value) >= acc.balance)); acc.balance += msg.value; acc.unlockTime = _unlockTime>block.timestamp?_unlockTime:block.timestamp; LogFile.AddMessage(msg.sender,msg.value,""Put""); } function Collect(uint _am) public payable { Holder storage acc = Acc[msg.sender]; if( acc.balance>=MinSum && acc.balance>=_am && block.timestamp>acc.unlockTime) { acc.balance = (acc.balance - _am); { (bool _s, bytes memory _d) = msg.sender.call{value: _am}(""""); _d; if (_s) { LogFile.AddMessage(msg.sender,_am,""Collect""); } else {revert (); } } } } fallback() external payable { Put(0); } struct Holder { uint unlockTime; uint balance; } mapping (address => Holder) public Acc; Log LogFile; uint public MinSum = 1 ether; constructor(address log) public{ LogFile = Log(log); } } contract Log { struct Message { address Sender; string  Data; uint Val; uint  Time; } Message[] public History; Message LastMsg; function AddMessage(address _adr,uint _val, string memory _data) public { LastMsg.Sender = _adr; LastMsg.Time = block.timestamp; LastMsg.Val = _val; LastMsg.Data = _data; History.push(LastMsg); } }","import { expect } from ""chai""; import { ethers } from ""hardhat""; describe(""X_WALLET reference (ethers v6; deploy may require constructor arguments)"", function () { it(""deploy X_WALLET by supplying its REQUIRED constructor arguments (read them from the contract constructor), then call methods and assert; use ethers.parseEther, await (await tx).wait(), and expect(...).to.be.reverted"", async function () { const [owner, addr1, addr2] = await ethers.getSigners(); const Factory = await ethers.getContractFactory(""X_WALLET""); const instance = await Factory.deploy(...constructorArgs); await instance.waitForDeployment(); }); });",False,False,"import { expect } from ""chai""; import { ethers } from ""hardhat"";  describe(""X_WALLET - Kill mutant mb593e608 (block.timestamp vs block.prevrandao in Put)"", function () {   it(""should detect mutant by checking unlockTime when _unlockTime is slightly above current timestamp"", async function () {     const [owner] = await ethers.getSigners();          // Deploy Log contract first (required constructor argument for X_WALLET)     const LogFactory = await ethers.getContractFactory(""Log"");     const logInstance = await LogFactory.deploy();     await logInstance.waitForDeployment();          // Deploy X_WALLET with Log contract address     const Factory = await ethers.getContractFactory(""X_WALLET"");     const instance = await Factory.deploy(await logInstance.getAddress());     await instance.waitForDeployment();          // Get current block timestamp     const blockNum = await ethers.provider.getBlockNumber();     const block = await ethers.provider.getBlock(blockNum);     const currentTimestamp = block.timestamp;          // Set _unlockTime to current timestamp + 10 seconds (slightly in the future)     const futureUnlockTime = currentTimestamp + 10n;          // Call Put with some value and future unlock time     const putValue = ethers.parseEther(""1.0"");     const tx = await instance.connect(owner).Put(futureUnlockTime, { value: putValue });     await tx.wait();          // Check the stored unlockTime for the owner     const holder = await instance.Acc(owner.address);          // In original: unlockTime should be futureUnlockTime (since futureUnlockTime > block.timestamp)     // In mutant: unlockTime will be block.timestamp (since futureUnlockTime < block.prevrandao)     // Assert that unlockTime equals the future value (original behavior)     expect(holder.unlockTime).to.equal(futureUnlockTime);   }); });","""['Error: syntax error']"""
me575be82,X_WALLET,<generic-v6-scaffold>,Put,live,block.timestamp,block.prevrandao,---|         acc.unlockTime = _unlockTime>block.timestamp?_unlockTime:block.timestamp; +++|         acc.unlockTime = _unlockTime>block.timestamp?_unlockTime:block.prevrandao;,11,Mutant me575be82 of function Put replaces block.timestamp with block.prevrandao,"pragma solidity ^0.8.0; contract X_WALLET { function Put(uint _unlockTime) public payable { Holder storage acc = Acc[msg.sender]; require(((acc.balance + msg.value) >= acc.balance)); acc.balance += msg.value; acc.unlockTime = _unlockTime>block.timestamp?_unlockTime:block.timestamp; LogFile.AddMessage(msg.sender,msg.value,""Put""); } function Collect(uint _am) public payable { Holder storage acc = Acc[msg.sender]; if( acc.balance>=MinSum && acc.balance>=_am && block.timestamp>acc.unlockTime) { acc.balance = (acc.balance - _am); { (bool _s, bytes memory _d) = msg.sender.call{value: _am}(""""); _d; if (_s) { LogFile.AddMessage(msg.sender,_am,""Collect""); } else {revert (); } } } } fallback() external payable { Put(0); } struct Holder { uint unlockTime; uint balance; } mapping (address => Holder) public Acc; Log LogFile; uint public MinSum = 1 ether; constructor(address log) public{ LogFile = Log(log); } } contract Log { struct Message { address Sender; string  Data; uint Val; uint  Time; } Message[] public History; Message LastMsg; function AddMessage(address _adr,uint _val, string memory _data) public { LastMsg.Sender = _adr; LastMsg.Time = block.timestamp; LastMsg.Val = _val; LastMsg.Data = _data; History.push(LastMsg); } }","import { expect } from ""chai""; import { ethers } from ""hardhat""; describe(""X_WALLET reference (ethers v6; deploy may require constructor arguments)"", function () { it(""deploy X_WALLET by supplying its REQUIRED constructor arguments (read them from the contract constructor), then call methods and assert; use ethers.parseEther, await (await tx).wait(), and expect(...).to.be.reverted"", async function () { const [owner, addr1, addr2] = await ethers.getSigners(); const Factory = await ethers.getContractFactory(""X_WALLET""); const instance = await Factory.deploy(...constructorArgs); await instance.waitForDeployment(); }); });",False,False,"import { expect } from ""chai""; import { ethers } from ""hardhat"";  describe(""X_WALLET mutant me575be82 detection test"", function () {   it(""should kill mutant by detecting incorrect unlockTime when _unlockTime <= block.timestamp"", async function () {     const [owner, addr1] = await ethers.getSigners();          // Deploy Log contract first (required constructor argument for X_WALLET)     const LogFactory = await ethers.getContractFactory(""Log"");     const log = await LogFactory.deploy();     await log.waitForDeployment();          // Deploy X_WALLET with Log address     const Factory = await ethers.getContractFactory(""X_WALLET"");     const instance = await Factory.deploy(await log.getAddress());     await instance.waitForDeployment();          // Get current block timestamp     const blockNum = await ethers.provider.getBlockNumber();     const block = await ethers.provider.getBlock(blockNum);     const currentTimestamp = block!.timestamp;          // Call Put with _unlockTime less than current timestamp     // In original: unlockTime will be set to block.timestamp     // In mutant: unlockTime will be set to block.prevrandao (a random number)     const putValue = ethers.parseEther(""2"");     await instance.connect(addr1).Put(currentTimestamp - 100, { value: putValue });          // Now attempt Collect with the full balance     // In original: block.timestamp > unlockTime (since unlockTime = block.timestamp, strict > fails)     // We need to wait at least 1 second for original to work     await ethers.provider.send(""evm_increaseTime"", [1]);     await ethers.provider.send(""evm_mine"", []);          // Check that collect succeeds in original but will likely fail in mutant     // because block.prevrandao is much larger than current timestamp     const collectAmount = ethers.parseEther(""1"");          // In the mutant, block.prevrandao will be some large random number     // so block.timestamp > acc.unlockTime will be false, causing revert     await expect(       instance.connect(addr1).Collect(collectAmount)     ).to.be.reverted;   }); });","""['Error: syntax error']"""
m94d16216,X_WALLET,<generic-v6-scaffold>,Put,live,msg.value,msg.value+1,"---|         LogFile.AddMessage(msg.sender,msg.value,""Put""); +++|         LogFile.AddMessage(msg.sender,msg.value+1,""Put"");",12,Mutant m94d16216 of function Put replaces msg.value with msg.value+1,"pragma solidity ^0.8.0; contract X_WALLET { function Put(uint _unlockTime) public payable { Holder storage acc = Acc[msg.sender]; require(((acc.balance + msg.value) >= acc.balance)); acc.balance += msg.value; acc.unlockTime = _unlockTime>block.timestamp?_unlockTime:block.timestamp; LogFile.AddMessage(msg.sender,msg.value,""Put""); } function Collect(uint _am) public payable { Holder storage acc = Acc[msg.sender]; if( acc.balance>=MinSum && acc.balance>=_am && block.timestamp>acc.unlockTime) { acc.balance = (acc.balance - _am); { (bool _s, bytes memory _d) = msg.sender.call{value: _am}(""""); _d; if (_s) { LogFile.AddMessage(msg.sender,_am,""Collect""); } else {revert (); } } } } fallback() external payable { Put(0); } struct Holder { uint unlockTime; uint balance; } mapping (address => Holder) public Acc; Log LogFile; uint public MinSum = 1 ether; constructor(address log) public{ LogFile = Log(log); } } contract Log { struct Message { address Sender; string  Data; uint Val; uint  Time; } Message[] public History; Message LastMsg; function AddMessage(address _adr,uint _val, string memory _data) public { LastMsg.Sender = _adr; LastMsg.Time = block.timestamp; LastMsg.Val = _val; LastMsg.Data = _data; History.push(LastMsg); } }","import { expect } from ""chai""; import { ethers } from ""hardhat""; describe(""X_WALLET reference (ethers v6; deploy may require constructor arguments)"", function () { it(""deploy X_WALLET by supplying its REQUIRED constructor arguments (read them from the contract constructor), then call methods and assert; use ethers.parseEther, await (await tx).wait(), and expect(...).to.be.reverted"", async function () { const [owner, addr1, addr2] = await ethers.getSigners(); const Factory = await ethers.getContractFactory(""X_WALLET""); const instance = await Factory.deploy(...constructorArgs); await instance.waitForDeployment(); }); });",False,False,"import { expect } from ""chai""; import { ethers } from ""hardhat"";  describe(""X_WALLET mutant detection - m94d16216"", function () {   it(""should detect mutant that logs msg.value+1 instead of msg.value"", async function () {     const [owner, addr1] = await ethers.getSigners();          // Deploy Log contract first (required by X_WALLET constructor)     const LogFactory = await ethers.getContractFactory(""Log"");     const logInstance = await LogFactory.deploy();     await logInstance.waitForDeployment();          // Deploy X_WALLET with Log contract address     const Factory = await ethers.getContractFactory(""X_WALLET"");     const instance = await Factory.deploy(await logInstance.getAddress());     await instance.waitForDeployment();          // Call Put with a specific amount (e.g., 5 ether)     const putAmount = ethers.parseEther(""5"");     const tx = await instance.connect(addr1).Put(0, { value: putAmount });     await tx.wait();          // Get the logged message from the Log contract     // The Log contract stores History array, we need the last entry     const historyLength = await logInstance.History.length;     const lastMessage = await logInstance.History(historyLength - 1n);          // The logged Val should equal exactly the amount sent (msg.value)     // In the mutant, it would be msg.value + 1 (5 ether + 1 wei)     expect(lastMessage.Val).to.equal(putAmount);   }); });","""['Error: syntax error']"""
m6e1d1714,X_WALLET,<generic-v6-scaffold>,Put,live,msg.value,msg.value-1,"---|         LogFile.AddMessage(msg.sender,msg.value,""Put""); +++|         LogFile.AddMessage(msg.sender,msg.value-1,""Put"");",12,Mutant m6e1d1714 of function Put replaces msg.value with msg.value-1,"pragma solidity ^0.8.0; contract X_WALLET { function Put(uint _unlockTime) public payable { Holder storage acc = Acc[msg.sender]; require(((acc.balance + msg.value) >= acc.balance)); acc.balance += msg.value; acc.unlockTime = _unlockTime>block.timestamp?_unlockTime:block.timestamp; LogFile.AddMessage(msg.sender,msg.value,""Put""); } function Collect(uint _am) public payable { Holder storage acc = Acc[msg.sender]; if( acc.balance>=MinSum && acc.balance>=_am && block.timestamp>acc.unlockTime) { acc.balance = (acc.balance - _am); { (bool _s, bytes memory _d) = msg.sender.call{value: _am}(""""); _d; if (_s) { LogFile.AddMessage(msg.sender,_am,""Collect""); } else {revert (); } } } } fallback() external payable { Put(0); } struct Holder { uint unlockTime; uint balance; } mapping (address => Holder) public Acc; Log LogFile; uint public MinSum = 1 ether; constructor(address log) public{ LogFile = Log(log); } } contract Log { struct Message { address Sender; string  Data; uint Val; uint  Time; } Message[] public History; Message LastMsg; function AddMessage(address _adr,uint _val, string memory _data) public { LastMsg.Sender = _adr; LastMsg.Time = block.timestamp; LastMsg.Val = _val; LastMsg.Data = _data; History.push(LastMsg); } }","import { expect } from ""chai""; import { ethers } from ""hardhat""; describe(""X_WALLET reference (ethers v6; deploy may require constructor arguments)"", function () { it(""deploy X_WALLET by supplying its REQUIRED constructor arguments (read them from the contract constructor), then call methods and assert; use ethers.parseEther, await (await tx).wait(), and expect(...).to.be.reverted"", async function () { const [owner, addr1, addr2] = await ethers.getSigners(); const Factory = await ethers.getContractFactory(""X_WALLET""); const instance = await Factory.deploy(...constructorArgs); await instance.waitForDeployment(); }); });",False,False,"import { expect } from ""chai""; import { ethers } from ""hardhat"";  describe(""X_WALLET mutant detection - m6e1d1714"", function () {   it(""should detect mutant that logs msg.value-1 instead of msg.value"", async function () {     const [owner] = await ethers.getSigners();          // Deploy Log contract first     const LogFactory = await ethers.getContractFactory(""Log"");     const logContract = await LogFactory.deploy();     await logContract.waitForDeployment();          // Deploy X_WALLET with Log address as constructor argument     const Factory = await ethers.getContractFactory(""X_WALLET"");     const instance = await Factory.deploy(await logContract.getAddress());     await instance.waitForDeployment();          // Call Put with exactly 2 ether     const depositAmount = ethers.parseEther(""2"");     const tx = await instance.connect(owner).Put(0, { value: depositAmount });     await tx.wait();          // Get the Log contract's history to verify the logged value     const historyLength = await logContract.History.length;     expect(historyLength).to.be.gt(0);          const lastMessage = await logContract.History(historyLength - 1n);     const loggedValue = lastMessage.Val;          // The original should log msg.value (2 ether), mutant logs msg.value-1     expect(loggedValue).to.equal(depositAmount);   }); });","""['Error: syntax error']"""
madf38510,X_WALLET,<generic-v6-scaffold>,Collect,live,block.timestamp,block.prevrandao,---|         if( acc.balance>=MinSum && acc.balance>=_am && block.timestamp>acc.unlockTime) +++|         if( acc.balance>=MinSum && acc.balance>=_am && block.prevrandao>acc.unlockTime),18,Mutant madf38510 of function Collect replaces block.timestamp with block.prevrandao,"pragma solidity ^0.8.0; contract X_WALLET { function Put(uint _unlockTime) public payable { Holder storage acc = Acc[msg.sender]; require(((acc.balance + msg.value) >= acc.balance)); acc.balance += msg.value; acc.unlockTime = _unlockTime>block.timestamp?_unlockTime:block.timestamp; LogFile.AddMessage(msg.sender,msg.value,""Put""); } function Collect(uint _am) public payable { Holder storage acc = Acc[msg.sender]; if( acc.balance>=MinSum && acc.balance>=_am && block.timestamp>acc.unlockTime) { acc.balance = (acc.balance - _am); { (bool _s, bytes memory _d) = msg.sender.call{value: _am}(""""); _d; if (_s) { LogFile.AddMessage(msg.sender,_am,""Collect""); } else {revert (); } } } } fallback() external payable { Put(0); } struct Holder { uint unlockTime; uint balance; } mapping (address => Holder) public Acc; Log LogFile; uint public MinSum = 1 ether; constructor(address log) public{ LogFile = Log(log); } } contract Log { struct Message { address Sender; string  Data; uint Val; uint  Time; } Message[] public History; Message LastMsg; function AddMessage(address _adr,uint _val, string memory _data) public { LastMsg.Sender = _adr; LastMsg.Time = block.timestamp; LastMsg.Val = _val; LastMsg.Data = _data; History.push(LastMsg); } }","import { expect } from ""chai""; import { ethers } from ""hardhat""; describe(""X_WALLET reference (ethers v6; deploy may require constructor arguments)"", function () { it(""deploy X_WALLET by supplying its REQUIRED constructor arguments (read them from the contract constructor), then call methods and assert; use ethers.parseEther, await (await tx).wait(), and expect(...).to.be.reverted"", async function () { const [owner, addr1, addr2] = await ethers.getSigners(); const Factory = await ethers.getContractFactory(""X_WALLET""); const instance = await Factory.deploy(...constructorArgs); await instance.waitForDeployment(); }); });",False,False,"import { expect } from ""chai""; import { ethers } from ""hardhat"";  describe(""X_WALLET mutant madf38510 - block.prevrandao vs block.timestamp"", function () {   it(""should revert Collect when block.prevrandao is used instead of block.timestamp"", async function () {     const [owner, addr1] = await ethers.getSigners();          // Deploy Log contract first (required by X_WALLET constructor)     const LogFactory = await ethers.getContractFactory(""Log"");     const logInstance = await LogFactory.deploy();     await logInstance.waitForDeployment();          // Deploy X_WALLET with Log address     const Factory = await ethers.getContractFactory(""X_WALLET"");     const instance = await Factory.deploy(await logInstance.getAddress());     await instance.waitForDeployment();          // Fund the wallet with 2 ether     const putTx = await instance.connect(addr1).Put(       Math.floor(Date.now() / 1000) + 3600, // unlock time 1 hour in the future       { value: ethers.parseEther(""2.0"") }     );     await putTx.wait();          // Wait for the unlock time to pass (in real test environment we can't wait)     // Instead, we set a past unlock time by calling Put with a past timestamp     const pastTimestamp = Math.floor(Date.now() / 1000) - 3600; // 1 hour ago     const putTx2 = await instance.connect(addr1).Put(       pastTimestamp,       { value: ethers.parseEther(""0.1"") }     );     await putTx2.wait();          // Now try to collect 1 ether - should succeed on original (block.timestamp > pastTimestamp)     // but may fail on mutant (block.prevrandao is unpredictable)     const collectTx = instance.connect(addr1).Collect(ethers.parseEther(""1.0""));          // On the original contract this would succeed, but on the mutant it might revert     // because block.prevrandao is not guaranteed to be > pastTimestamp     await expect(collectTx).to.be.reverted;   }); });","""['Error: syntax error']"""
