Mutant_id,Contract_id,Test_id,Function_name,Status,Original,Replacement,Diff,StartLine,Details,Contract_Context,Test_Context,Test_Generated,KilledByLLM,Generated_test,Test_errors
m92a0c61b,PRIVATE_ETH_CELL,<generic-v6-scaffold>,Deposit,killed, >= ,  > ,---|         require(((balances[msg.sender] + msg.value) >= balances[msg.sender])); +++|         require(((balances[msg.sender] + msg.value)  > balances[msg.sender]));,38,Mutant m92a0c61b of function Deposit replaces >= with >,"pragma solidity ^0.8.0; contract PRIVATE_ETH_CELL { mapping (address=>uint256) public balances; uint public MinSum; LogFile Log; bool intitalized; function SetMinSum(uint _val) public { require(!intitalized); MinSum = _val; } function SetLogFile(address _log) public { require(!intitalized); Log = LogFile(_log); } function Initialized() public { intitalized = true; } function Deposit() public payable { require(((balances[msg.sender] + msg.value) >= balances[msg.sender])); balances[msg.sender]+= msg.value; Log.AddMessage(msg.sender,msg.value,""Put""); } function Collect(uint _am) public payable { if(balances[msg.sender]>=MinSum && balances[msg.sender]>=_am) { balances[msg.sender] = (balances[msg.sender] - _am); (bool _veri_ok,) = msg.sender.call{value: _am}(""""); if(_veri_ok) { Log.AddMessage(msg.sender,_am,""Collect""); } else {revert (); } } } receive() external payable { Deposit(); } } contract LogFile { struct Message { address Sender; string  Data; uint Val; uint  Time; } Message[] public History; Message LastMsg; function AddMessage(address _adr,uint _val,string memory _data) public { LastMsg.Sender = _adr; LastMsg.Time = block.timestamp; LastMsg.Val = _val; LastMsg.Data = _data; History.push(LastMsg); } }","import { expect } from ""chai""; import { ethers } from ""hardhat""; describe(""PRIVATE_ETH_CELL reference (ethers v6; deploy may require constructor arguments)"", function () { it(""deploy PRIVATE_ETH_CELL by supplying its REQUIRED constructor arguments (read them from the contract constructor), then call methods and assert; use ethers.parseEther, await (await tx).wait(), and expect(...).to.be.reverted"", async function () { const [owner, addr1, addr2] = await ethers.getSigners(); const Factory = await ethers.getContractFactory(""PRIVATE_ETH_CELL""); const instance = await Factory.deploy(...constructorArgs); await instance.waitForDeployment(); }); });",False,True,"import { expect } from ""chai""; import { ethers } from ""hardhat"";  describe(""PRIVATE_ETH_CELL mutant m92a0c61b test"", function () {   it(""should allow zero-value deposit (kill mutant that uses > instead of >=)"", async function () {     const [owner] = await ethers.getSigners();     const Factory = await ethers.getContractFactory(""PRIVATE_ETH_CELL"");     const instance = await Factory.deploy();     await instance.waitForDeployment();      // Set MinSum and LogFile to allow the contract to be initialized     const LogFactory = await ethers.getContractFactory(""LogFile"");     const logInstance = await LogFactory.deploy();     await logInstance.waitForDeployment();          await instance.SetMinSum(0);     await instance.SetLogFile(await logInstance.getAddress());     await instance.Initialized();      // Attempt a zero-value deposit - should succeed in original but revert in mutant     await expect(instance.Deposit({ value: 0 })).to.not.be.reverted;          // Also verify the balance wasn't changed (remains 0)     const balance = await instance.balances(owner.address);     expect(balance).to.equal(0);   }); });",compiled correctly
md798dc0d,PRIVATE_ETH_CELL,<generic-v6-scaffold>,Deposit,live, >= , <= ,---|         require(((balances[msg.sender] + msg.value) >= balances[msg.sender])); +++|         require(((balances[msg.sender] + msg.value) <= balances[msg.sender]));,38,Mutant md798dc0d of function Deposit replaces >= with <=,"pragma solidity ^0.8.0; contract PRIVATE_ETH_CELL { mapping (address=>uint256) public balances; uint public MinSum; LogFile Log; bool intitalized; function SetMinSum(uint _val) public { require(!intitalized); MinSum = _val; } function SetLogFile(address _log) public { require(!intitalized); Log = LogFile(_log); } function Initialized() public { intitalized = true; } function Deposit() public payable { require(((balances[msg.sender] + msg.value) >= balances[msg.sender])); balances[msg.sender]+= msg.value; Log.AddMessage(msg.sender,msg.value,""Put""); } function Collect(uint _am) public payable { if(balances[msg.sender]>=MinSum && balances[msg.sender]>=_am) { balances[msg.sender] = (balances[msg.sender] - _am); (bool _veri_ok,) = msg.sender.call{value: _am}(""""); if(_veri_ok) { Log.AddMessage(msg.sender,_am,""Collect""); } else {revert (); } } } receive() external payable { Deposit(); } } contract LogFile { struct Message { address Sender; string  Data; uint Val; uint  Time; } Message[] public History; Message LastMsg; function AddMessage(address _adr,uint _val,string memory _data) public { LastMsg.Sender = _adr; LastMsg.Time = block.timestamp; LastMsg.Val = _val; LastMsg.Data = _data; History.push(LastMsg); } }","import { expect } from ""chai""; import { ethers } from ""hardhat""; describe(""PRIVATE_ETH_CELL reference (ethers v6; deploy may require constructor arguments)"", function () { it(""deploy PRIVATE_ETH_CELL by supplying its REQUIRED constructor arguments (read them from the contract constructor), then call methods and assert; use ethers.parseEther, await (await tx).wait(), and expect(...).to.be.reverted"", async function () { const [owner, addr1, addr2] = await ethers.getSigners(); const Factory = await ethers.getContractFactory(""PRIVATE_ETH_CELL""); const instance = await Factory.deploy(...constructorArgs); await instance.waitForDeployment(); }); });",False,False,"import { expect } from ""chai""; import { ethers } from ""hardhat"";  describe(""PRIVATE_ETH_CELL mutant detection"", function () {   it(""should detect mutant md798dc0d by reverting on valid deposit"", async function () {     const [owner, user] = await ethers.getSigners();          // Deploy LogFile first (required by PRIVATE_ETH_CELL constructor)     const LogFileFactory = await ethers.getContractFactory(""LogFile"");     const logFile = await LogFileFactory.deploy();     await logFile.waitForDeployment();          // Deploy PRIVATE_ETH_CELL - no constructor arguments needed (contract has no constructor)     const Factory = await ethers.getContractFactory(""PRIVATE_ETH_CELL"");     const instance = await Factory.deploy();     await instance.waitForDeployment();          // Set up the contract: set MinSum, set LogFile, initialize     await instance.SetMinSum(1);     await instance.SetLogFile(await logFile.getAddress());     await instance.Initialized();          // Send a valid deposit - should succeed on original, fail on mutant     const depositAmount = ethers.parseEther(""1"");          // The mutant's require condition `<=` will revert because      // (balance + msg.value) is always > balance for positive msg.value     await expect(       instance.connect(user).Deposit({ value: depositAmount })     ).to.be.reverted;   }); });","""['Error: syntax error']"""
m3e78966b,PRIVATE_ETH_CELL,<generic-v6-scaffold>,Deposit,live, >= , == ,---|         require(((balances[msg.sender] + msg.value) >= balances[msg.sender])); +++|         require(((balances[msg.sender] + msg.value) == balances[msg.sender]));,38,Mutant m3e78966b of function Deposit replaces >= with ==,"pragma solidity ^0.8.0; contract PRIVATE_ETH_CELL { mapping (address=>uint256) public balances; uint public MinSum; LogFile Log; bool intitalized; function SetMinSum(uint _val) public { require(!intitalized); MinSum = _val; } function SetLogFile(address _log) public { require(!intitalized); Log = LogFile(_log); } function Initialized() public { intitalized = true; } function Deposit() public payable { require(((balances[msg.sender] + msg.value) >= balances[msg.sender])); balances[msg.sender]+= msg.value; Log.AddMessage(msg.sender,msg.value,""Put""); } function Collect(uint _am) public payable { if(balances[msg.sender]>=MinSum && balances[msg.sender]>=_am) { balances[msg.sender] = (balances[msg.sender] - _am); (bool _veri_ok,) = msg.sender.call{value: _am}(""""); if(_veri_ok) { Log.AddMessage(msg.sender,_am,""Collect""); } else {revert (); } } } receive() external payable { Deposit(); } } contract LogFile { struct Message { address Sender; string  Data; uint Val; uint  Time; } Message[] public History; Message LastMsg; function AddMessage(address _adr,uint _val,string memory _data) public { LastMsg.Sender = _adr; LastMsg.Time = block.timestamp; LastMsg.Val = _val; LastMsg.Data = _data; History.push(LastMsg); } }","import { expect } from ""chai""; import { ethers } from ""hardhat""; describe(""PRIVATE_ETH_CELL reference (ethers v6; deploy may require constructor arguments)"", function () { it(""deploy PRIVATE_ETH_CELL by supplying its REQUIRED constructor arguments (read them from the contract constructor), then call methods and assert; use ethers.parseEther, await (await tx).wait(), and expect(...).to.be.reverted"", async function () { const [owner, addr1, addr2] = await ethers.getSigners(); const Factory = await ethers.getContractFactory(""PRIVATE_ETH_CELL""); const instance = await Factory.deploy(...constructorArgs); await instance.waitForDeployment(); }); });",False,False,"import { expect } from ""chai""; import { ethers } from ""hardhat"";  describe(""PRIVATE_ETH_CELL mutant m3e78966b - Deposit require change"", function () {   it(""should revert when depositing non-zero ether due to == instead of >="", async function () {     const [owner, addr1] = await ethers.getSigners();     const Factory = await ethers.getContractFactory(""PRIVATE_ETH_CELL"");     const instance = await Factory.deploy();     await instance.waitForDeployment();      // Deploy LogFile separately as it's not part of the constructor     const LogFileFactory = await ethers.getContractFactory(""LogFile"");     const logFile = await LogFileFactory.deploy();     await logFile.waitForDeployment();      // Initialize the contract     await instance.connect(owner).SetLogFile(await logFile.getAddress());     await instance.connect(owner).SetMinSum(1);     await instance.connect(owner).Initialized();      // Try to deposit 1 wei - should revert with the mutant     await expect(       instance.connect(addr1).Deposit({ value: ethers.parseEther(""0.001"") })     ).to.be.reverted;   }); });","""['Error: syntax error']"""
m178aa09a,PRIVATE_ETH_CELL,<generic-v6-scaffold>,Deposit,live, + , - ,---|         require(((balances[msg.sender] + msg.value) >= balances[msg.sender])); +++|         require(((balances[msg.sender] - msg.value) >= balances[msg.sender]));,38,Mutant m178aa09a of function Deposit replaces + with -,"pragma solidity ^0.8.0; contract PRIVATE_ETH_CELL { mapping (address=>uint256) public balances; uint public MinSum; LogFile Log; bool intitalized; function SetMinSum(uint _val) public { require(!intitalized); MinSum = _val; } function SetLogFile(address _log) public { require(!intitalized); Log = LogFile(_log); } function Initialized() public { intitalized = true; } function Deposit() public payable { require(((balances[msg.sender] + msg.value) >= balances[msg.sender])); balances[msg.sender]+= msg.value; Log.AddMessage(msg.sender,msg.value,""Put""); } function Collect(uint _am) public payable { if(balances[msg.sender]>=MinSum && balances[msg.sender]>=_am) { balances[msg.sender] = (balances[msg.sender] - _am); (bool _veri_ok,) = msg.sender.call{value: _am}(""""); if(_veri_ok) { Log.AddMessage(msg.sender,_am,""Collect""); } else {revert (); } } } receive() external payable { Deposit(); } } contract LogFile { struct Message { address Sender; string  Data; uint Val; uint  Time; } Message[] public History; Message LastMsg; function AddMessage(address _adr,uint _val,string memory _data) public { LastMsg.Sender = _adr; LastMsg.Time = block.timestamp; LastMsg.Val = _val; LastMsg.Data = _data; History.push(LastMsg); } }","import { expect } from ""chai""; import { ethers } from ""hardhat""; describe(""PRIVATE_ETH_CELL reference (ethers v6; deploy may require constructor arguments)"", function () { it(""deploy PRIVATE_ETH_CELL by supplying its REQUIRED constructor arguments (read them from the contract constructor), then call methods and assert; use ethers.parseEther, await (await tx).wait(), and expect(...).to.be.reverted"", async function () { const [owner, addr1, addr2] = await ethers.getSigners(); const Factory = await ethers.getContractFactory(""PRIVATE_ETH_CELL""); const instance = await Factory.deploy(...constructorArgs); await instance.waitForDeployment(); }); });",False,False,"import { expect } from ""chai""; import { ethers } from ""hardhat"";  describe(""PRIVATE_ETH_CELL mutant m178aa09a test"", function () {   it(""should successfully deposit Ether (original behavior) but mutant reverts due to subtraction overflow check"", async function () {     const [owner, addr1] = await ethers.getSigners();          // Deploy LogFile first (needed as constructor argument for PRIVATE_ETH_CELL)     const LogFileFactory = await ethers.getContractFactory(""LogFile"");     const logFile = await LogFileFactory.deploy();     await logFile.waitForDeployment();          // Deploy PRIVATE_ETH_CELL     const Factory = await ethers.getContractFactory(""PRIVATE_ETH_CELL"");     const instance = await Factory.deploy();     await instance.waitForDeployment();          // Initialize the contract by setting MinSum and Log, then mark as initialized     await instance.connect(owner).SetMinSum(ethers.parseEther(""1""));     await instance.connect(owner).SetLogFile(await logFile.getAddress());     await instance.connect(owner).Initialized();          // Attempt to deposit a non-zero amount - this should revert on the mutant     // because the mutated require statement checks (balance - msg.value >= balance)     // which is always false for any positive msg.value     const depositAmount = ethers.parseEther(""1"");          await expect(       instance.connect(addr1).Deposit({ value: depositAmount })     ).to.be.reverted;   }); });","""['Error: syntax error']"""
me9bf8ce5,PRIVATE_ETH_CELL,<generic-v6-scaffold>,Deposit,live, + , * ,---|         require(((balances[msg.sender] + msg.value) >= balances[msg.sender])); +++|         require(((balances[msg.sender] * msg.value) >= balances[msg.sender]));,38,Mutant me9bf8ce5 of function Deposit replaces + with *,"pragma solidity ^0.8.0; contract PRIVATE_ETH_CELL { mapping (address=>uint256) public balances; uint public MinSum; LogFile Log; bool intitalized; function SetMinSum(uint _val) public { require(!intitalized); MinSum = _val; } function SetLogFile(address _log) public { require(!intitalized); Log = LogFile(_log); } function Initialized() public { intitalized = true; } function Deposit() public payable { require(((balances[msg.sender] + msg.value) >= balances[msg.sender])); balances[msg.sender]+= msg.value; Log.AddMessage(msg.sender,msg.value,""Put""); } function Collect(uint _am) public payable { if(balances[msg.sender]>=MinSum && balances[msg.sender]>=_am) { balances[msg.sender] = (balances[msg.sender] - _am); (bool _veri_ok,) = msg.sender.call{value: _am}(""""); if(_veri_ok) { Log.AddMessage(msg.sender,_am,""Collect""); } else {revert (); } } } receive() external payable { Deposit(); } } contract LogFile { struct Message { address Sender; string  Data; uint Val; uint  Time; } Message[] public History; Message LastMsg; function AddMessage(address _adr,uint _val,string memory _data) public { LastMsg.Sender = _adr; LastMsg.Time = block.timestamp; LastMsg.Val = _val; LastMsg.Data = _data; History.push(LastMsg); } }","import { expect } from ""chai""; import { ethers } from ""hardhat""; describe(""PRIVATE_ETH_CELL reference (ethers v6; deploy may require constructor arguments)"", function () { it(""deploy PRIVATE_ETH_CELL by supplying its REQUIRED constructor arguments (read them from the contract constructor), then call methods and assert; use ethers.parseEther, await (await tx).wait(), and expect(...).to.be.reverted"", async function () { const [owner, addr1, addr2] = await ethers.getSigners(); const Factory = await ethers.getContractFactory(""PRIVATE_ETH_CELL""); const instance = await Factory.deploy(...constructorArgs); await instance.waitForDeployment(); }); });",False,False,"import { expect } from ""chai""; import { ethers } from ""hardhat"";  describe(""PRIVATE_ETH_CELL mutant detection - me9bf8ce5"", function () {   it(""should revert on zero-value deposit when balance is non-zero (kills multiplication mutant)"", async function () {     const [owner, addr1] = await ethers.getSigners();          // Deploy LogFile first (no constructor arguments)     const LogFileFactory = await ethers.getContractFactory(""LogFile"");     const logFile = await LogFileFactory.deploy();     await logFile.waitForDeployment();          // Deploy PRIVATE_ETH_CELL (no constructor arguments)     const Factory = await ethers.getContractFactory(""PRIVATE_ETH_CELL"");     const instance = await Factory.deploy();     await instance.waitForDeployment();          // Set MinSum to 0 for convenience     await instance.SetMinSum(0);     // Set LogFile address     await instance.SetLogFile(await logFile.getAddress());     // Initialize the contract     await instance.Initialized();          // First, make a deposit with a positive value to create non-zero balance     const depositAmount = ethers.parseEther(""1.0"");     await instance.connect(addr1).Deposit({ value: depositAmount });          // Now attempt a zero-value deposit - this should fail on the mutant     // because balance * 0 = 0 which is not >= balance (1 ether)     await expect(       instance.connect(addr1).Deposit({ value: 0 })     ).to.be.reverted;   }); });","""['Error: syntax error']"""
mfadec1c0,PRIVATE_ETH_CELL,<generic-v6-scaffold>,Collect,live, && , || ,---|         if(balances[msg.sender]>=MinSum && balances[msg.sender]>=_am) +++|         if(balances[msg.sender]>=MinSum || balances[msg.sender]>=_am),47,Mutant mfadec1c0 of function Collect replaces && with ||,"pragma solidity ^0.8.0; contract PRIVATE_ETH_CELL { mapping (address=>uint256) public balances; uint public MinSum; LogFile Log; bool intitalized; function SetMinSum(uint _val) public { require(!intitalized); MinSum = _val; } function SetLogFile(address _log) public { require(!intitalized); Log = LogFile(_log); } function Initialized() public { intitalized = true; } function Deposit() public payable { require(((balances[msg.sender] + msg.value) >= balances[msg.sender])); balances[msg.sender]+= msg.value; Log.AddMessage(msg.sender,msg.value,""Put""); } function Collect(uint _am) public payable { if(balances[msg.sender]>=MinSum && balances[msg.sender]>=_am) { balances[msg.sender] = (balances[msg.sender] - _am); (bool _veri_ok,) = msg.sender.call{value: _am}(""""); if(_veri_ok) { Log.AddMessage(msg.sender,_am,""Collect""); } else {revert (); } } } receive() external payable { Deposit(); } } contract LogFile { struct Message { address Sender; string  Data; uint Val; uint  Time; } Message[] public History; Message LastMsg; function AddMessage(address _adr,uint _val,string memory _data) public { LastMsg.Sender = _adr; LastMsg.Time = block.timestamp; LastMsg.Val = _val; LastMsg.Data = _data; History.push(LastMsg); } }","import { expect } from ""chai""; import { ethers } from ""hardhat""; describe(""PRIVATE_ETH_CELL reference (ethers v6; deploy may require constructor arguments)"", function () { it(""deploy PRIVATE_ETH_CELL by supplying its REQUIRED constructor arguments (read them from the contract constructor), then call methods and assert; use ethers.parseEther, await (await tx).wait(), and expect(...).to.be.reverted"", async function () { const [owner, addr1, addr2] = await ethers.getSigners(); const Factory = await ethers.getContractFactory(""PRIVATE_ETH_CELL""); const instance = await Factory.deploy(...constructorArgs); await instance.waitForDeployment(); }); });",False,False,"import { expect } from ""chai""; import { ethers } from ""hardhat"";  describe(""PRIVATE_ETH_CELL mutant kill test (mfadec1c0)"", function () {   it(""should kill mutant that uses || instead of && in Collect"", async function () {     const [owner, user] = await ethers.getSigners();          // Deploy LogFile contract first (needed for PRIVATE_ETH_CELL)     const LogFileFactory = await ethers.getContractFactory(""LogFile"");     const logFile = await LogFileFactory.deploy();     await logFile.waitForDeployment();          // Deploy PRIVATE_ETH_CELL (no constructor arguments)     const Factory = await ethers.getContractFactory(""PRIVATE_ETH_CELL"");     const instance = await Factory.deploy();     await instance.waitForDeployment();          // Set up the contract     await instance.connect(owner).SetLogFile(await logFile.getAddress());     await instance.connect(owner).SetMinSum(ethers.parseEther(""10""));     await instance.connect(owner).Initialized();          // User deposits 5 ETH (less than MinSum of 10 ETH)     const depositAmount = ethers.parseEther(""5"");     await instance.connect(user).Deposit({ value: depositAmount });          // Verify balance is 5 ETH     expect(await instance.balances(user.address)).to.equal(depositAmount);          // Try to collect 3 ETH - should fail on original (balance 5 < MinSum 10)     // but would succeed on mutant (balance 5 >= _am 3 due to ||)     const collectAmount = ethers.parseEther(""3"");          // The mutant allows the call because balances[user] >= _am is true     // even though balances[user] < MinSum. Original would revert.     // Since we're testing the mutant, expect success instead of revert     const tx = instance.connect(user).Collect(collectAmount);          // If this succeeds, it kills the mutant (mutant allows when it shouldn't)     await expect(tx).to.not.be.reverted;          // Verify balance decreased (mutant allowed withdrawal)     expect(await instance.balances(user.address)).to.equal(depositAmount - collectAmount);   }); });","""['Error: syntax error']"""
m6225ed09,PRIVATE_ETH_CELL,<generic-v6-scaffold>,Collect,live,>=, >,---|         if(balances[msg.sender]>=MinSum && balances[msg.sender]>=_am) +++|         if(balances[msg.sender] >MinSum && balances[msg.sender]>=_am),47,Mutant m6225ed09 of function Collect replaces >= with >,"pragma solidity ^0.8.0; contract PRIVATE_ETH_CELL { mapping (address=>uint256) public balances; uint public MinSum; LogFile Log; bool intitalized; function SetMinSum(uint _val) public { require(!intitalized); MinSum = _val; } function SetLogFile(address _log) public { require(!intitalized); Log = LogFile(_log); } function Initialized() public { intitalized = true; } function Deposit() public payable { require(((balances[msg.sender] + msg.value) >= balances[msg.sender])); balances[msg.sender]+= msg.value; Log.AddMessage(msg.sender,msg.value,""Put""); } function Collect(uint _am) public payable { if(balances[msg.sender]>=MinSum && balances[msg.sender]>=_am) { balances[msg.sender] = (balances[msg.sender] - _am); (bool _veri_ok,) = msg.sender.call{value: _am}(""""); if(_veri_ok) { Log.AddMessage(msg.sender,_am,""Collect""); } else {revert (); } } } receive() external payable { Deposit(); } } contract LogFile { struct Message { address Sender; string  Data; uint Val; uint  Time; } Message[] public History; Message LastMsg; function AddMessage(address _adr,uint _val,string memory _data) public { LastMsg.Sender = _adr; LastMsg.Time = block.timestamp; LastMsg.Val = _val; LastMsg.Data = _data; History.push(LastMsg); } }","import { expect } from ""chai""; import { ethers } from ""hardhat""; describe(""PRIVATE_ETH_CELL reference (ethers v6; deploy may require constructor arguments)"", function () { it(""deploy PRIVATE_ETH_CELL by supplying its REQUIRED constructor arguments (read them from the contract constructor), then call methods and assert; use ethers.parseEther, await (await tx).wait(), and expect(...).to.be.reverted"", async function () { const [owner, addr1, addr2] = await ethers.getSigners(); const Factory = await ethers.getContractFactory(""PRIVATE_ETH_CELL""); const instance = await Factory.deploy(...constructorArgs); await instance.waitForDeployment(); }); });",False,False,"import { expect } from ""chai""; import { ethers } from ""hardhat"";  describe(""PRIVATE_ETH_CELL mutant test - m6225ed09"", function () {   it(""should detect mutant where >= MinSum changed to > MinSum"", async function () {     const [owner, user] = await ethers.getSigners();          // Deploy LogFile first (required by PRIVATE_ETH_CELL)     const LogFileFactory = await ethers.getContractFactory(""LogFile"");     const logFile = await LogFileFactory.deploy();     await logFile.waitForDeployment();          // Deploy PRIVATE_ETH_CELL (no constructor arguments)     const Factory = await ethers.getContractFactory(""PRIVATE_ETH_CELL"");     const instance = await Factory.deploy();     await instance.waitForDeployment();          // Initialize the contract     await instance.connect(owner).SetLogFile(await logFile.getAddress());     await instance.connect(owner).SetMinSum(ethers.parseEther(""10""));     await instance.connect(owner).Initialized();          // User deposits exactly MinSum (10 ETH)     const depositTx = await instance.connect(user).Deposit({ value: ethers.parseEther(""10"") });     await depositTx.wait();          // Verify balance is exactly MinSum     const balance = await instance.balances(await user.getAddress());     expect(balance).to.equal(ethers.parseEther(""10""));          // Attempt to collect 5 ETH (balance equals MinSum, should succeed in original)     const collectTx = instance.connect(user).Collect(ethers.parseEther(""5""));          // In the mutant, this will revert because balance > MinSum is false when balance == MinSum     // In the original, this should succeed     await expect(collectTx).to.be.reverted;   }); });","""['Error: syntax error']"""
mcf48bc58,PRIVATE_ETH_CELL,<generic-v6-scaffold>,Collect,live,>=,<=,---|         if(balances[msg.sender]>=MinSum && balances[msg.sender]>=_am) +++|         if(balances[msg.sender]<=MinSum && balances[msg.sender]>=_am),47,Mutant mcf48bc58 of function Collect replaces >= with <=,"pragma solidity ^0.8.0; contract PRIVATE_ETH_CELL { mapping (address=>uint256) public balances; uint public MinSum; LogFile Log; bool intitalized; function SetMinSum(uint _val) public { require(!intitalized); MinSum = _val; } function SetLogFile(address _log) public { require(!intitalized); Log = LogFile(_log); } function Initialized() public { intitalized = true; } function Deposit() public payable { require(((balances[msg.sender] + msg.value) >= balances[msg.sender])); balances[msg.sender]+= msg.value; Log.AddMessage(msg.sender,msg.value,""Put""); } function Collect(uint _am) public payable { if(balances[msg.sender]>=MinSum && balances[msg.sender]>=_am) { balances[msg.sender] = (balances[msg.sender] - _am); (bool _veri_ok,) = msg.sender.call{value: _am}(""""); if(_veri_ok) { Log.AddMessage(msg.sender,_am,""Collect""); } else {revert (); } } } receive() external payable { Deposit(); } } contract LogFile { struct Message { address Sender; string  Data; uint Val; uint  Time; } Message[] public History; Message LastMsg; function AddMessage(address _adr,uint _val,string memory _data) public { LastMsg.Sender = _adr; LastMsg.Time = block.timestamp; LastMsg.Val = _val; LastMsg.Data = _data; History.push(LastMsg); } }","import { expect } from ""chai""; import { ethers } from ""hardhat""; describe(""PRIVATE_ETH_CELL reference (ethers v6; deploy may require constructor arguments)"", function () { it(""deploy PRIVATE_ETH_CELL by supplying its REQUIRED constructor arguments (read them from the contract constructor), then call methods and assert; use ethers.parseEther, await (await tx).wait(), and expect(...).to.be.reverted"", async function () { const [owner, addr1, addr2] = await ethers.getSigners(); const Factory = await ethers.getContractFactory(""PRIVATE_ETH_CELL""); const instance = await Factory.deploy(...constructorArgs); await instance.waitForDeployment(); }); });",False,False,"import { expect } from ""chai""; import { ethers } from ""hardhat"";  describe(""PRIVATE_ETH_CELL mutant kill test - mcf48bc58"", function () {   it(""should kill mutant where Collect condition uses <= instead of >="", async function () {     const [owner, user] = await ethers.getSigners();          // Deploy LogFile first (needed by PRIVATE_ETH_CELL)     const LogFileFactory = await ethers.getContractFactory(""LogFile"");     const logFile = await LogFileFactory.deploy();     await logFile.waitForDeployment();          // Deploy PRIVATE_ETH_CELL (no constructor arguments needed)     const Factory = await ethers.getContractFactory(""PRIVATE_ETH_CELL"");     const instance = await Factory.deploy();     await instance.waitForDeployment();          // Initialize the contract     await instance.connect(owner).SetLogFile(await logFile.getAddress());     await instance.connect(owner).SetMinSum(ethers.parseEther(""10""));     await instance.connect(owner).Initialized();          // User deposits 5 ETH (less than MinSum of 10)     await instance.connect(user).Deposit({ value: ethers.parseEther(""5"") });          // Verify balance is 5 ETH     expect(await instance.balances(user.address)).to.equal(ethers.parseEther(""5""));          // In the ORIGINAL contract, this Collect call would revert because     // balances[user] (5) < MinSum (10), so the >= condition fails.     // In the MUTANT, the condition becomes <=, which is true (5 <= 10),     // so the transaction would succeed - killing the mutant.     await expect(       instance.connect(user).Collect(ethers.parseEther(""3""))     ).to.be.reverted;   }); });","""['Error: syntax error']"""
m0ed94428,PRIVATE_ETH_CELL,<generic-v6-scaffold>,Collect,live,>=,==,---|         if(balances[msg.sender]>=MinSum && balances[msg.sender]>=_am) +++|         if(balances[msg.sender]==MinSum && balances[msg.sender]>=_am),47,Mutant m0ed94428 of function Collect replaces >= with ==,"pragma solidity ^0.8.0; contract PRIVATE_ETH_CELL { mapping (address=>uint256) public balances; uint public MinSum; LogFile Log; bool intitalized; function SetMinSum(uint _val) public { require(!intitalized); MinSum = _val; } function SetLogFile(address _log) public { require(!intitalized); Log = LogFile(_log); } function Initialized() public { intitalized = true; } function Deposit() public payable { require(((balances[msg.sender] + msg.value) >= balances[msg.sender])); balances[msg.sender]+= msg.value; Log.AddMessage(msg.sender,msg.value,""Put""); } function Collect(uint _am) public payable { if(balances[msg.sender]>=MinSum && balances[msg.sender]>=_am) { balances[msg.sender] = (balances[msg.sender] - _am); (bool _veri_ok,) = msg.sender.call{value: _am}(""""); if(_veri_ok) { Log.AddMessage(msg.sender,_am,""Collect""); } else {revert (); } } } receive() external payable { Deposit(); } } contract LogFile { struct Message { address Sender; string  Data; uint Val; uint  Time; } Message[] public History; Message LastMsg; function AddMessage(address _adr,uint _val,string memory _data) public { LastMsg.Sender = _adr; LastMsg.Time = block.timestamp; LastMsg.Val = _val; LastMsg.Data = _data; History.push(LastMsg); } }","import { expect } from ""chai""; import { ethers } from ""hardhat""; describe(""PRIVATE_ETH_CELL reference (ethers v6; deploy may require constructor arguments)"", function () { it(""deploy PRIVATE_ETH_CELL by supplying its REQUIRED constructor arguments (read them from the contract constructor), then call methods and assert; use ethers.parseEther, await (await tx).wait(), and expect(...).to.be.reverted"", async function () { const [owner, addr1, addr2] = await ethers.getSigners(); const Factory = await ethers.getContractFactory(""PRIVATE_ETH_CELL""); const instance = await Factory.deploy(...constructorArgs); await instance.waitForDeployment(); }); });",False,False,"import { expect } from ""chai""; import { ethers } from ""hardhat"";  describe(""PRIVATE_ETH_CELL mutant kill test"", function () {   it(""should kill mutant m0ed94428 by calling Collect with balance > MinSum"", async function () {     const [owner, addr1] = await ethers.getSigners();     const Factory = await ethers.getContractFactory(""PRIVATE_ETH_CELL"");     const instance = await Factory.deploy();     await instance.waitForDeployment();      // Setup: set MinSum and initialize     const minSum = ethers.parseEther(""1.0"");     await instance.SetMinSum(minSum);     await instance.Initialized();      // Deploy LogFile for logging     const LogFactory = await ethers.getContractFactory(""LogFile"");     const logInstance = await LogFactory.deploy();     await logInstance.waitForDeployment();     await instance.SetLogFile(await logInstance.getAddress());      // Deposit 2 ETH (balance > MinSum)     const depositAmount = ethers.parseEther(""2.0"");     await instance.connect(addr1).Deposit({ value: depositAmount });      // Attempt Collect with 1 ETH (balance is 2, MinSum is 1, so balance > MinSum)     const collectAmount = ethers.parseEther(""1.0"");          // Original would succeed, mutant reverts because balance != MinSum     await expect(       instance.connect(addr1).Collect(collectAmount)     ).to.not.be.reverted;      // Verify balance decreased     const finalBalance = await instance.balances(addr1.address);     expect(finalBalance).to.equal(ethers.parseEther(""1.0""));   }); });","""['Error: syntax error']"""
mfe6805c6,PRIVATE_ETH_CELL,<generic-v6-scaffold>,Collect,live,>=, >,---|         if(balances[msg.sender]>=MinSum && balances[msg.sender]>=_am) +++|         if(balances[msg.sender]>=MinSum && balances[msg.sender] >_am),47,Mutant mfe6805c6 of function Collect replaces >= with >,"pragma solidity ^0.8.0; contract PRIVATE_ETH_CELL { mapping (address=>uint256) public balances; uint public MinSum; LogFile Log; bool intitalized; function SetMinSum(uint _val) public { require(!intitalized); MinSum = _val; } function SetLogFile(address _log) public { require(!intitalized); Log = LogFile(_log); } function Initialized() public { intitalized = true; } function Deposit() public payable { require(((balances[msg.sender] + msg.value) >= balances[msg.sender])); balances[msg.sender]+= msg.value; Log.AddMessage(msg.sender,msg.value,""Put""); } function Collect(uint _am) public payable { if(balances[msg.sender]>=MinSum && balances[msg.sender]>=_am) { balances[msg.sender] = (balances[msg.sender] - _am); (bool _veri_ok,) = msg.sender.call{value: _am}(""""); if(_veri_ok) { Log.AddMessage(msg.sender,_am,""Collect""); } else {revert (); } } } receive() external payable { Deposit(); } } contract LogFile { struct Message { address Sender; string  Data; uint Val; uint  Time; } Message[] public History; Message LastMsg; function AddMessage(address _adr,uint _val,string memory _data) public { LastMsg.Sender = _adr; LastMsg.Time = block.timestamp; LastMsg.Val = _val; LastMsg.Data = _data; History.push(LastMsg); } }","import { expect } from ""chai""; import { ethers } from ""hardhat""; describe(""PRIVATE_ETH_CELL reference (ethers v6; deploy may require constructor arguments)"", function () { it(""deploy PRIVATE_ETH_CELL by supplying its REQUIRED constructor arguments (read them from the contract constructor), then call methods and assert; use ethers.parseEther, await (await tx).wait(), and expect(...).to.be.reverted"", async function () { const [owner, addr1, addr2] = await ethers.getSigners(); const Factory = await ethers.getContractFactory(""PRIVATE_ETH_CELL""); const instance = await Factory.deploy(...constructorArgs); await instance.waitForDeployment(); }); });",False,False,"import { expect } from ""chai""; import { ethers } from ""hardhat"";  describe(""PRIVATE_ETH_CELL - Kill mutant mfe6805c6"", function () {   it(""should revert when Collect is called with _am equal to sender's balance (mutant uses > instead of >=)"", async function () {     const [owner, addr1] = await ethers.getSigners();          // Deploy LogFile first (no constructor arguments)     const LogFileFactory = await ethers.getContractFactory(""LogFile"");     const logFile = await LogFileFactory.deploy();     await logFile.waitForDeployment();          // Deploy PRIVATE_ETH_CELL (no constructor arguments)     const Factory = await ethers.getContractFactory(""PRIVATE_ETH_CELL"");     const instance = await Factory.deploy();     await instance.waitForDeployment();          // Set up the contract: initialize and set MinSum to 0 for simplicity     await instance.connect(owner).SetLogFile(await logFile.getAddress());     await instance.connect(owner).SetMinSum(0);     await instance.connect(owner).Initialized();          // Deposit exactly 1 ETH from addr1     const depositAmount = ethers.parseEther(""1"");     await instance.connect(addr1).Deposit({ value: depositAmount });          // Verify balance is exactly 1 ETH     expect(await instance.balances(addr1.address)).to.equal(depositAmount);          // Attempt to collect exactly 1 ETH (balance == _am)     // Original allows this (>=), mutant rejects it (>) so should revert     await expect(       instance.connect(addr1).Collect(depositAmount)     ).to.be.reverted;   }); });","""['Error: syntax error']"""
mcf187911,PRIVATE_ETH_CELL,<generic-v6-scaffold>,Collect,live,>=,<=,---|         if(balances[msg.sender]>=MinSum && balances[msg.sender]>=_am) +++|         if(balances[msg.sender]>=MinSum && balances[msg.sender]<=_am),47,Mutant mcf187911 of function Collect replaces >= with <=,"pragma solidity ^0.8.0; contract PRIVATE_ETH_CELL { mapping (address=>uint256) public balances; uint public MinSum; LogFile Log; bool intitalized; function SetMinSum(uint _val) public { require(!intitalized); MinSum = _val; } function SetLogFile(address _log) public { require(!intitalized); Log = LogFile(_log); } function Initialized() public { intitalized = true; } function Deposit() public payable { require(((balances[msg.sender] + msg.value) >= balances[msg.sender])); balances[msg.sender]+= msg.value; Log.AddMessage(msg.sender,msg.value,""Put""); } function Collect(uint _am) public payable { if(balances[msg.sender]>=MinSum && balances[msg.sender]>=_am) { balances[msg.sender] = (balances[msg.sender] - _am); (bool _veri_ok,) = msg.sender.call{value: _am}(""""); if(_veri_ok) { Log.AddMessage(msg.sender,_am,""Collect""); } else {revert (); } } } receive() external payable { Deposit(); } } contract LogFile { struct Message { address Sender; string  Data; uint Val; uint  Time; } Message[] public History; Message LastMsg; function AddMessage(address _adr,uint _val,string memory _data) public { LastMsg.Sender = _adr; LastMsg.Time = block.timestamp; LastMsg.Val = _val; LastMsg.Data = _data; History.push(LastMsg); } }","import { expect } from ""chai""; import { ethers } from ""hardhat""; describe(""PRIVATE_ETH_CELL reference (ethers v6; deploy may require constructor arguments)"", function () { it(""deploy PRIVATE_ETH_CELL by supplying its REQUIRED constructor arguments (read them from the contract constructor), then call methods and assert; use ethers.parseEther, await (await tx).wait(), and expect(...).to.be.reverted"", async function () { const [owner, addr1, addr2] = await ethers.getSigners(); const Factory = await ethers.getContractFactory(""PRIVATE_ETH_CELL""); const instance = await Factory.deploy(...constructorArgs); await instance.waitForDeployment(); }); });",False,False,"import { expect } from ""chai""; import { ethers } from ""hardhat"";  describe(""PRIVATE_ETH_CELL mutant test - mcf187911"", function () {   it(""should revert when user tries to withdraw less than balance (mutant fails)"", async function () {     const [owner, addr1] = await ethers.getSigners();          // Deploy LogFile first (no constructor args)     const LogFileFactory = await ethers.getContractFactory(""LogFile"");     const logFile = await LogFileFactory.deploy();     await logFile.waitForDeployment();          // Deploy PRIVATE_ETH_CELL (no constructor args)     const Factory = await ethers.getContractFactory(""PRIVATE_ETH_CELL"");     const instance = await Factory.deploy();     await instance.waitForDeployment();          // Setup: set MinSum, set LogFile address, initialize     await instance.connect(owner).SetMinSum(1);     await instance.connect(owner).SetLogFile(await logFile.getAddress());     await instance.connect(owner).Initialized();          // Deposit 2 ETH from addr1 (balance becomes 2)     const depositAmount = ethers.parseEther(""2"");     await instance.connect(addr1).Deposit({ value: depositAmount });          // Try to collect 1 ETH (less than balance of 2)     // Original: should succeed (balance 2 >= 1)     // Mutant: should revert because 2 <= 1 is false     const collectAmount = ethers.parseEther(""1"");     await expect(       instance.connect(addr1).Collect(collectAmount)     ).to.be.reverted;   }); });","""['Error: syntax error']"""
mc46e19d5,PRIVATE_ETH_CELL,<generic-v6-scaffold>,Collect,live,>=,==,---|         if(balances[msg.sender]>=MinSum && balances[msg.sender]>=_am) +++|         if(balances[msg.sender]>=MinSum && balances[msg.sender]==_am),47,Mutant mc46e19d5 of function Collect replaces >= with ==,"pragma solidity ^0.8.0; contract PRIVATE_ETH_CELL { mapping (address=>uint256) public balances; uint public MinSum; LogFile Log; bool intitalized; function SetMinSum(uint _val) public { require(!intitalized); MinSum = _val; } function SetLogFile(address _log) public { require(!intitalized); Log = LogFile(_log); } function Initialized() public { intitalized = true; } function Deposit() public payable { require(((balances[msg.sender] + msg.value) >= balances[msg.sender])); balances[msg.sender]+= msg.value; Log.AddMessage(msg.sender,msg.value,""Put""); } function Collect(uint _am) public payable { if(balances[msg.sender]>=MinSum && balances[msg.sender]>=_am) { balances[msg.sender] = (balances[msg.sender] - _am); (bool _veri_ok,) = msg.sender.call{value: _am}(""""); if(_veri_ok) { Log.AddMessage(msg.sender,_am,""Collect""); } else {revert (); } } } receive() external payable { Deposit(); } } contract LogFile { struct Message { address Sender; string  Data; uint Val; uint  Time; } Message[] public History; Message LastMsg; function AddMessage(address _adr,uint _val,string memory _data) public { LastMsg.Sender = _adr; LastMsg.Time = block.timestamp; LastMsg.Val = _val; LastMsg.Data = _data; History.push(LastMsg); } }","import { expect } from ""chai""; import { ethers } from ""hardhat""; describe(""PRIVATE_ETH_CELL reference (ethers v6; deploy may require constructor arguments)"", function () { it(""deploy PRIVATE_ETH_CELL by supplying its REQUIRED constructor arguments (read them from the contract constructor), then call methods and assert; use ethers.parseEther, await (await tx).wait(), and expect(...).to.be.reverted"", async function () { const [owner, addr1, addr2] = await ethers.getSigners(); const Factory = await ethers.getContractFactory(""PRIVATE_ETH_CELL""); const instance = await Factory.deploy(...constructorArgs); await instance.waitForDeployment(); }); });",False,False,"import { expect } from ""chai""; import { ethers } } from ""hardhat"";  describe(""PRIVATE_ETH_CELL mutant test for mc46e19d5"", function () {   it(""should kill mutant by withdrawing less than balance (balance > amount) after meeting MinSum"", async function () {     const [owner, user] = await ethers.getSigners();          // Deploy PRIVATE_ETH_CELL (no constructor arguments needed)     const Factory = await ethers.getContractFactory(""PRIVATE_ETH_CELL"");     const instance = await Factory.deploy();     await instance.waitForDeployment();          // Deploy LogFile (no constructor arguments needed)     const LogFactory = await ethers.getContractFactory(""LogFile"");     const logInstance = await LogFactory.deploy();     await logInstance.waitForDeployment();          // Initialize the contract     await instance.connect(owner).SetLogFile(await logInstance.getAddress());     await instance.connect(owner).SetMinSum(100); // Set MinSum to 100 wei     await instance.connect(owner).Initialized();          // User deposits 200 wei     await instance.connect(user).Deposit({ value: ethers.parseEther(""0.0000000000000002"") }); // 200 wei          // Attempt to withdraw 150 wei (balance 200 > amount 150, should pass on original, fail on mutant)     await expect(       instance.connect(user).Collect(ethers.parseEther(""0.00000000000000015"")) // 150 wei     ).to.be.reverted; // Mutant reverts because balance(200) != amount(150), while original would succeed   }); });","""['Error: syntax error']"""
m0f8fa0a7,PRIVATE_ETH_CELL,<generic-v6-scaffold>,Collect,live, - , + ,---|             balances[msg.sender] = (balances[msg.sender] - _am); +++|             balances[msg.sender] = (balances[msg.sender] + _am);,50,Mutant m0f8fa0a7 of function Collect replaces - with +,"pragma solidity ^0.8.0; contract PRIVATE_ETH_CELL { mapping (address=>uint256) public balances; uint public MinSum; LogFile Log; bool intitalized; function SetMinSum(uint _val) public { require(!intitalized); MinSum = _val; } function SetLogFile(address _log) public { require(!intitalized); Log = LogFile(_log); } function Initialized() public { intitalized = true; } function Deposit() public payable { require(((balances[msg.sender] + msg.value) >= balances[msg.sender])); balances[msg.sender]+= msg.value; Log.AddMessage(msg.sender,msg.value,""Put""); } function Collect(uint _am) public payable { if(balances[msg.sender]>=MinSum && balances[msg.sender]>=_am) { balances[msg.sender] = (balances[msg.sender] - _am); (bool _veri_ok,) = msg.sender.call{value: _am}(""""); if(_veri_ok) { Log.AddMessage(msg.sender,_am,""Collect""); } else {revert (); } } } receive() external payable { Deposit(); } } contract LogFile { struct Message { address Sender; string  Data; uint Val; uint  Time; } Message[] public History; Message LastMsg; function AddMessage(address _adr,uint _val,string memory _data) public { LastMsg.Sender = _adr; LastMsg.Time = block.timestamp; LastMsg.Val = _val; LastMsg.Data = _data; History.push(LastMsg); } }","import { expect } from ""chai""; import { ethers } from ""hardhat""; describe(""PRIVATE_ETH_CELL reference (ethers v6; deploy may require constructor arguments)"", function () { it(""deploy PRIVATE_ETH_CELL by supplying its REQUIRED constructor arguments (read them from the contract constructor), then call methods and assert; use ethers.parseEther, await (await tx).wait(), and expect(...).to.be.reverted"", async function () { const [owner, addr1, addr2] = await ethers.getSigners(); const Factory = await ethers.getContractFactory(""PRIVATE_ETH_CELL""); const instance = await Factory.deploy(...constructorArgs); await instance.waitForDeployment(); }); });",False,False,"import { expect } from ""chai""; import { ethers } from ""hardhat"";  describe(""PRIVATE_ETH_CELL mutant detection"", function () {   it(""should detect mutant m0f8fa0a7 by verifying balance decreases after Collect"", async function () {     const [owner, user] = await ethers.getSigners();          // Deploy LogFile first (no constructor arguments needed)     const LogFileFactory = await ethers.getContractFactory(""LogFile"");     const logFile = await LogFileFactory.deploy();     await logFile.waitForDeployment();          // Deploy PRIVATE_ETH_CELL (no constructor arguments needed)     const Factory = await ethers.getContractFactory(""PRIVATE_ETH_CELL"");     const instance = await Factory.deploy();     await instance.waitForDeployment();          // Initialize the contract     await instance.connect(owner).SetLogFile(await logFile.getAddress());     await instance.connect(owner).SetMinSum(ethers.parseEther(""0.1""));     await instance.connect(owner).Initialized();          // Deposit 1 ETH from user     const depositAmount = ethers.parseEther(""1"");     await instance.connect(user).Deposit({ value: depositAmount });          // Check balance before Collect     const balanceBefore = await instance.balances(user.address);          // Collect 0.5 ETH (valid amount, meets MinSum)     const collectAmount = ethers.parseEther(""0.5"");     await instance.connect(user).Collect(collectAmount);          // Check balance after Collect     const balanceAfter = await instance.balances(user.address);          // In original: balance decreases by collectAmount     // In mutant: balance increases by collectAmount     // Assert balance decreased (original behavior) - mutant will fail this assertion     expect(balanceAfter).to.equal(balanceBefore - collectAmount);   }); });","""['Error: syntax error']"""
m959e9852,PRIVATE_ETH_CELL,<generic-v6-scaffold>,Collect,live, - , / ,---|             balances[msg.sender] = (balances[msg.sender] - _am); +++|             balances[msg.sender] = (balances[msg.sender] / _am);,50,Mutant m959e9852 of function Collect replaces - with /,"pragma solidity ^0.8.0; contract PRIVATE_ETH_CELL { mapping (address=>uint256) public balances; uint public MinSum; LogFile Log; bool intitalized; function SetMinSum(uint _val) public { require(!intitalized); MinSum = _val; } function SetLogFile(address _log) public { require(!intitalized); Log = LogFile(_log); } function Initialized() public { intitalized = true; } function Deposit() public payable { require(((balances[msg.sender] + msg.value) >= balances[msg.sender])); balances[msg.sender]+= msg.value; Log.AddMessage(msg.sender,msg.value,""Put""); } function Collect(uint _am) public payable { if(balances[msg.sender]>=MinSum && balances[msg.sender]>=_am) { balances[msg.sender] = (balances[msg.sender] - _am); (bool _veri_ok,) = msg.sender.call{value: _am}(""""); if(_veri_ok) { Log.AddMessage(msg.sender,_am,""Collect""); } else {revert (); } } } receive() external payable { Deposit(); } } contract LogFile { struct Message { address Sender; string  Data; uint Val; uint  Time; } Message[] public History; Message LastMsg; function AddMessage(address _adr,uint _val,string memory _data) public { LastMsg.Sender = _adr; LastMsg.Time = block.timestamp; LastMsg.Val = _val; LastMsg.Data = _data; History.push(LastMsg); } }","import { expect } from ""chai""; import { ethers } from ""hardhat""; describe(""PRIVATE_ETH_CELL reference (ethers v6; deploy may require constructor arguments)"", function () { it(""deploy PRIVATE_ETH_CELL by supplying its REQUIRED constructor arguments (read them from the contract constructor), then call methods and assert; use ethers.parseEther, await (await tx).wait(), and expect(...).to.be.reverted"", async function () { const [owner, addr1, addr2] = await ethers.getSigners(); const Factory = await ethers.getContractFactory(""PRIVATE_ETH_CELL""); const instance = await Factory.deploy(...constructorArgs); await instance.waitForDeployment(); }); });",False,False,"import { expect } from ""chai""; import { ethers } from ""hardhat"";  describe(""PRIVATE_ETH_CELL mutant m959e9852 test"", function () {   it(""should detect division mutation in Collect by checking balance after withdrawal"", async function () {     const [owner, addr1] = await ethers.getSigners();     const Factory = await ethers.getContractFactory(""PRIVATE_ETH_CELL"");     const instance = await Factory.deploy();     await instance.waitForDeployment();      // Initialize the contract     await instance.connect(owner).SetMinSum(10);     await instance.connect(owner).SetLogFile(ethers.ZeroAddress);     await instance.connect(owner).Initialized();      // Deposit 100 wei from addr1     const depositAmount = ethers.parseEther(""100"");     await instance.connect(addr1).Deposit({ value: depositAmount });      // Get initial balance     const initialBalance = await instance.balances(addr1.address);     expect(initialBalance).to.equal(depositAmount);      // Collect 30 wei (not a divisor of 100)     const collectAmount = ethers.parseEther(""30"");     await instance.connect(addr1).Collect(collectAmount, { value: 0 });      // In original: balance = 100 - 30 = 70     // In mutant: balance = 100 / 30 = 3 (integer division)     const finalBalance = await instance.balances(addr1.address);     expect(finalBalance).to.equal(ethers.parseEther(""70""));   }); });","""['Error: syntax error']"""
m75ba32d2,PRIVATE_ETH_CELL,<generic-v6-scaffold>,Collect,live,balances[msg.sender]>=MinSum && balances[msg.sender]>=_am,true,---|         if(balances[msg.sender]>=MinSum && balances[msg.sender]>=_am) +++|         if(true),47,Mutant m75ba32d2 of function Collect replaces balances[msg.sender]>=MinSum && balances[msg.sender]>=_am with true,"pragma solidity ^0.8.0; contract PRIVATE_ETH_CELL { mapping (address=>uint256) public balances; uint public MinSum; LogFile Log; bool intitalized; function SetMinSum(uint _val) public { require(!intitalized); MinSum = _val; } function SetLogFile(address _log) public { require(!intitalized); Log = LogFile(_log); } function Initialized() public { intitalized = true; } function Deposit() public payable { require(((balances[msg.sender] + msg.value) >= balances[msg.sender])); balances[msg.sender]+= msg.value; Log.AddMessage(msg.sender,msg.value,""Put""); } function Collect(uint _am) public payable { if(balances[msg.sender]>=MinSum && balances[msg.sender]>=_am) { balances[msg.sender] = (balances[msg.sender] - _am); (bool _veri_ok,) = msg.sender.call{value: _am}(""""); if(_veri_ok) { Log.AddMessage(msg.sender,_am,""Collect""); } else {revert (); } } } receive() external payable { Deposit(); } } contract LogFile { struct Message { address Sender; string  Data; uint Val; uint  Time; } Message[] public History; Message LastMsg; function AddMessage(address _adr,uint _val,string memory _data) public { LastMsg.Sender = _adr; LastMsg.Time = block.timestamp; LastMsg.Val = _val; LastMsg.Data = _data; History.push(LastMsg); } }","import { expect } from ""chai""; import { ethers } from ""hardhat""; describe(""PRIVATE_ETH_CELL reference (ethers v6; deploy may require constructor arguments)"", function () { it(""deploy PRIVATE_ETH_CELL by supplying its REQUIRED constructor arguments (read them from the contract constructor), then call methods and assert; use ethers.parseEther, await (await tx).wait(), and expect(...).to.be.reverted"", async function () { const [owner, addr1, addr2] = await ethers.getSigners(); const Factory = await ethers.getContractFactory(""PRIVATE_ETH_CELL""); const instance = await Factory.deploy(...constructorArgs); await instance.waitForDeployment(); }); });",False,False,"import { expect } from ""chai""; import { ethers } from ""hardhat"";  describe(""PRIVATE_ETH_CELL mutant test for m75ba32d2"", function () {   it(""should revert when Collect is called with balance less than MinSum"", async function () {     const [owner, addr1] = await ethers.getSigners();     const Factory = await ethers.getContractFactory(""PRIVATE_ETH_CELL"");     const instance = await Factory.deploy();     await instance.waitForDeployment();      // Initialize the contract     await instance.setMinSum(ethers.parseEther(""10""));     await instance.setLogFile(ethers.parseEther(""0"")); // dummy address, required for initialization     await instance.initialized();      // Give addr1 some balance but less than MinSum     await instance.connect(addr1).deposit({ value: ethers.parseEther(""5"") });          // Try to collect an amount less than MinSum     await expect(       instance.connect(addr1).collect(ethers.parseEther(""1""))     ).to.be.reverted;   }); });","""['Error: syntax error']"""
mba3b7f98,PRIVATE_ETH_CELL,<generic-v6-scaffold>,Collect,live,balances[msg.sender]>=MinSum && balances[msg.sender]>=_am,false,---|         if(balances[msg.sender]>=MinSum && balances[msg.sender]>=_am) +++|         if(false),47,Mutant mba3b7f98 of function Collect replaces balances[msg.sender]>=MinSum && balances[msg.sender]>=_am with false,"pragma solidity ^0.8.0; contract PRIVATE_ETH_CELL { mapping (address=>uint256) public balances; uint public MinSum; LogFile Log; bool intitalized; function SetMinSum(uint _val) public { require(!intitalized); MinSum = _val; } function SetLogFile(address _log) public { require(!intitalized); Log = LogFile(_log); } function Initialized() public { intitalized = true; } function Deposit() public payable { require(((balances[msg.sender] + msg.value) >= balances[msg.sender])); balances[msg.sender]+= msg.value; Log.AddMessage(msg.sender,msg.value,""Put""); } function Collect(uint _am) public payable { if(balances[msg.sender]>=MinSum && balances[msg.sender]>=_am) { balances[msg.sender] = (balances[msg.sender] - _am); (bool _veri_ok,) = msg.sender.call{value: _am}(""""); if(_veri_ok) { Log.AddMessage(msg.sender,_am,""Collect""); } else {revert (); } } } receive() external payable { Deposit(); } } contract LogFile { struct Message { address Sender; string  Data; uint Val; uint  Time; } Message[] public History; Message LastMsg; function AddMessage(address _adr,uint _val,string memory _data) public { LastMsg.Sender = _adr; LastMsg.Time = block.timestamp; LastMsg.Val = _val; LastMsg.Data = _data; History.push(LastMsg); } }","import { expect } from ""chai""; import { ethers } from ""hardhat""; describe(""PRIVATE_ETH_CELL reference (ethers v6; deploy may require constructor arguments)"", function () { it(""deploy PRIVATE_ETH_CELL by supplying its REQUIRED constructor arguments (read them from the contract constructor), then call methods and assert; use ethers.parseEther, await (await tx).wait(), and expect(...).to.be.reverted"", async function () { const [owner, addr1, addr2] = await ethers.getSigners(); const Factory = await ethers.getContractFactory(""PRIVATE_ETH_CELL""); const instance = await Factory.deploy(...constructorArgs); await instance.waitForDeployment(); }); });",False,False,"import { expect } from ""chai""; import { ethers } from ""hardhat"";  describe(""PRIVATE_ETH_CELL mutant kill test"", function () {   it(""should allow a user with sufficient balance to collect funds when condition is met"", async function () {     const [owner, user] = await ethers.getSigners();          // Deploy contracts - LogFile has no constructor, PRIVATE_ETH_CELL has no constructor     const LogFactory = await ethers.getContractFactory(""LogFile"");     const log = await LogFactory.deploy();     await log.waitForDeployment();          const CellFactory = await ethers.getContractFactory(""PRIVATE_ETH_CELL"");     const cell = await CellFactory.deploy();     await cell.waitForDeployment();          // Setup: Set MinSum and LogFile, then initialize     await cell.SetMinSum(ethers.parseEther(""1""));     await cell.SetLogFile(await log.getAddress());     await cell.Initialized();          // User deposits 2 ETH (above MinSum of 1 ETH)     const depositAmount = ethers.parseEther(""2"");     await cell.connect(user).Deposit({ value: depositAmount });          // User tries to collect 1 ETH (balances >= MinSum and balances >= _am)     const collectAmount = ethers.parseEther(""1"");     const userBalanceBefore = await cell.balances(user.address);          // This should succeed on original, fail on mutant (mutant always reverts)     await expect(cell.connect(user).Collect(collectAmount)).to.not.be.reverted;          // Verify balance decreased correctly     const userBalanceAfter = await cell.balances(user.address);     expect(userBalanceAfter).to.equal(userBalanceBefore - collectAmount);   }); });","""['Error: syntax error']"""
mf939aa52,PRIVATE_ETH_CELL,<generic-v6-scaffold>,Collect,live,_veri_ok,true,---|             if(_veri_ok) +++|             if(true),52,Mutant mf939aa52 of function Collect replaces _veri_ok with true,"pragma solidity ^0.8.0; contract PRIVATE_ETH_CELL { mapping (address=>uint256) public balances; uint public MinSum; LogFile Log; bool intitalized; function SetMinSum(uint _val) public { require(!intitalized); MinSum = _val; } function SetLogFile(address _log) public { require(!intitalized); Log = LogFile(_log); } function Initialized() public { intitalized = true; } function Deposit() public payable { require(((balances[msg.sender] + msg.value) >= balances[msg.sender])); balances[msg.sender]+= msg.value; Log.AddMessage(msg.sender,msg.value,""Put""); } function Collect(uint _am) public payable { if(balances[msg.sender]>=MinSum && balances[msg.sender]>=_am) { balances[msg.sender] = (balances[msg.sender] - _am); (bool _veri_ok,) = msg.sender.call{value: _am}(""""); if(_veri_ok) { Log.AddMessage(msg.sender,_am,""Collect""); } else {revert (); } } } receive() external payable { Deposit(); } } contract LogFile { struct Message { address Sender; string  Data; uint Val; uint  Time; } Message[] public History; Message LastMsg; function AddMessage(address _adr,uint _val,string memory _data) public { LastMsg.Sender = _adr; LastMsg.Time = block.timestamp; LastMsg.Val = _val; LastMsg.Data = _data; History.push(LastMsg); } }","import { expect } from ""chai""; import { ethers } from ""hardhat""; describe(""PRIVATE_ETH_CELL reference (ethers v6; deploy may require constructor arguments)"", function () { it(""deploy PRIVATE_ETH_CELL by supplying its REQUIRED constructor arguments (read them from the contract constructor), then call methods and assert; use ethers.parseEther, await (await tx).wait(), and expect(...).to.be.reverted"", async function () { const [owner, addr1, addr2] = await ethers.getSigners(); const Factory = await ethers.getContractFactory(""PRIVATE_ETH_CELL""); const instance = await Factory.deploy(...constructorArgs); await instance.waitForDeployment(); }); });",False,False,"import { expect } from ""chai""; import { ethers } from ""hardhat"";  describe(""PRIVATE_ETH_CELL mutant detection - mf939aa52"", function () {     it(""should revert when Collect is called by a contract that rejects ETH, but mutant incorrectly succeeds"", async function () {         const [owner] = await ethers.getSigners();                  // Deploy the PRIVATE_ETH_CELL contract (no constructor arguments)         const CellFactory = await ethers.getContractFactory(""PRIVATE_ETH_CELL"");         const cell = await CellFactory.deploy();         await cell.waitForDeployment();                  // Deploy a malicious receiver contract that reverts on receive         const RejectorFactory = await ethers.getContractFactory(""contract Rejector { receive() external payable { revert(); } }"");         const rejector = await RejectorFactory.deploy();         await rejector.waitForDeployment();                  // Initialize the contract         await cell.connect(owner).SetMinSum(0);         await cell.connect(owner).SetLogFile(owner.address); // dummy log address         await cell.connect(owner).Initialized();                  // Fund the rejector contract via deposit         const depositAmount = ethers.parseEther(""1.0"");         await owner.sendTransaction({             to: await cell.getAddress(),             value: depositAmount         });                  // Now call Collect from the rejector contract (which will revert on receive)         await expect(             cell.connect(rejector).Collect(depositAmount)         ).to.be.reverted;                  // Verify balance remains unchanged (mutant would have deducted it)         const balanceAfter = await cell.balances(await rejector.getAddress());         expect(balanceAfter).to.equal(depositAmount);     }); });","""['Error: syntax error']"""
m2f3097d7,PRIVATE_ETH_CELL,<generic-v6-scaffold>,Collect,live,_veri_ok,false,---|             if(_veri_ok) +++|             if(false),52,Mutant m2f3097d7 of function Collect replaces _veri_ok with false,"pragma solidity ^0.8.0; contract PRIVATE_ETH_CELL { mapping (address=>uint256) public balances; uint public MinSum; LogFile Log; bool intitalized; function SetMinSum(uint _val) public { require(!intitalized); MinSum = _val; } function SetLogFile(address _log) public { require(!intitalized); Log = LogFile(_log); } function Initialized() public { intitalized = true; } function Deposit() public payable { require(((balances[msg.sender] + msg.value) >= balances[msg.sender])); balances[msg.sender]+= msg.value; Log.AddMessage(msg.sender,msg.value,""Put""); } function Collect(uint _am) public payable { if(balances[msg.sender]>=MinSum && balances[msg.sender]>=_am) { balances[msg.sender] = (balances[msg.sender] - _am); (bool _veri_ok,) = msg.sender.call{value: _am}(""""); if(_veri_ok) { Log.AddMessage(msg.sender,_am,""Collect""); } else {revert (); } } } receive() external payable { Deposit(); } } contract LogFile { struct Message { address Sender; string  Data; uint Val; uint  Time; } Message[] public History; Message LastMsg; function AddMessage(address _adr,uint _val,string memory _data) public { LastMsg.Sender = _adr; LastMsg.Time = block.timestamp; LastMsg.Val = _val; LastMsg.Data = _data; History.push(LastMsg); } }","import { expect } from ""chai""; import { ethers } from ""hardhat""; describe(""PRIVATE_ETH_CELL reference (ethers v6; deploy may require constructor arguments)"", function () { it(""deploy PRIVATE_ETH_CELL by supplying its REQUIRED constructor arguments (read them from the contract constructor), then call methods and assert; use ethers.parseEther, await (await tx).wait(), and expect(...).to.be.reverted"", async function () { const [owner, addr1, addr2] = await ethers.getSigners(); const Factory = await ethers.getContractFactory(""PRIVATE_ETH_CELL""); const instance = await Factory.deploy(...constructorArgs); await instance.waitForDeployment(); }); });",False,False,"import { expect } from ""chai""; import { ethers } from ""hardhat"";  describe(""PRIVATE_ETH_CELL mutant kill test - m2f3097d7"", function () {   it(""should detect mutant that replaces _veri_ok with false in Collect function"", async function () {     const [owner, user] = await ethers.getSigners();          // Deploy LogFile first (no constructor arguments)     const LogFileFactory = await ethers.getContractFactory(""LogFile"");     const logFile = await LogFileFactory.deploy();     await logFile.waitForDeployment();          // Deploy PRIVATE_ETH_CELL (no constructor arguments)     const CellFactory = await ethers.getContractFactory(""PRIVATE_ETH_CELL"");     const cell = await CellFactory.deploy();     await cell.waitForDeployment();          // Set up the contract     await cell.connect(owner).SetLogFile(await logFile.getAddress());     await cell.connect(owner).SetMinSum(ethers.parseEther(""0.1""));     await cell.connect(owner).Initialized();          // Deposit funds for user     const depositAmount = ethers.parseEther(""1"");     await cell.connect(user).Deposit({ value: depositAmount });          // Verify deposit     const balance = await cell.balances(user.address);     expect(balance).to.equal(depositAmount);          // Attempt Collect - should succeed in original, revert in mutant     const collectAmount = ethers.parseEther(""0.5"");          // In original: Collect should succeed and add message to LogFile     // In mutant: Collect will always revert because if(false) causes revert()     await expect(       cell.connect(user).Collect(collectAmount)     ).to.be.reverted;          // If the mutant is present, the revert is expected (fails the test because original doesn't revert)     // If no revert happens, the mutant is killed (test passes meaning original behavior)   }); });","""['Error: syntax error']"""
m03ae21e5,PRIVATE_ETH_CELL,<generic-v6-scaffold>,Collect,live,else {revert (); },,---|             } else {revert (); } +++|             },56,Mutant m03ae21e5 of function Collect replaces else {revert (); } with ,"pragma solidity ^0.8.0; contract PRIVATE_ETH_CELL { mapping (address=>uint256) public balances; uint public MinSum; LogFile Log; bool intitalized; function SetMinSum(uint _val) public { require(!intitalized); MinSum = _val; } function SetLogFile(address _log) public { require(!intitalized); Log = LogFile(_log); } function Initialized() public { intitalized = true; } function Deposit() public payable { require(((balances[msg.sender] + msg.value) >= balances[msg.sender])); balances[msg.sender]+= msg.value; Log.AddMessage(msg.sender,msg.value,""Put""); } function Collect(uint _am) public payable { if(balances[msg.sender]>=MinSum && balances[msg.sender]>=_am) { balances[msg.sender] = (balances[msg.sender] - _am); (bool _veri_ok,) = msg.sender.call{value: _am}(""""); if(_veri_ok) { Log.AddMessage(msg.sender,_am,""Collect""); } else {revert (); } } } receive() external payable { Deposit(); } } contract LogFile { struct Message { address Sender; string  Data; uint Val; uint  Time; } Message[] public History; Message LastMsg; function AddMessage(address _adr,uint _val,string memory _data) public { LastMsg.Sender = _adr; LastMsg.Time = block.timestamp; LastMsg.Val = _val; LastMsg.Data = _data; History.push(LastMsg); } }","import { expect } from ""chai""; import { ethers } from ""hardhat""; describe(""PRIVATE_ETH_CELL reference (ethers v6; deploy may require constructor arguments)"", function () { it(""deploy PRIVATE_ETH_CELL by supplying its REQUIRED constructor arguments (read them from the contract constructor), then call methods and assert; use ethers.parseEther, await (await tx).wait(), and expect(...).to.be.reverted"", async function () { const [owner, addr1, addr2] = await ethers.getSigners(); const Factory = await ethers.getContractFactory(""PRIVATE_ETH_CELL""); const instance = await Factory.deploy(...constructorArgs); await instance.waitForDeployment(); }); });",False,False,"import { expect } from ""chai""; import { ethers } } from ""hardhat"";  describe(""PRIVATE_ETH_CELL mutant kill test for m03ae21e5"", function () {   it(""should revert when Collect fails due to recipient contract rejecting ether"", async function () {     const [owner, addr1, addr2] = await ethers.getSigners();          // Deploy LogFile first since PRIVATE_ETH_CELL needs it     const LogFileFactory = await ethers.getContractFactory(""LogFile"");     const logFile = await LogFileFactory.deploy();     await logFile.waitForDeployment();          // Deploy PRIVATE_ETH_CELL     const Factory = await ethers.getContractFactory(""PRIVATE_ETH_CELL"");     const instance = await Factory.deploy();     await instance.waitForDeployment();          // Initialize the contract     await instance.connect(owner).SetMinSum(ethers.parseEther(""0.1""));     await instance.connect(owner).SetLogFile(await logFile.getAddress());     await instance.connect(owner).Initialized();          // Fund addr1 with sufficient balance     await instance.connect(addr1).Deposit({ value: ethers.parseEther(""1"") });          // Create a contract that will reject ether     const RejectorFactory = await ethers.getContractFactory(""Rejector"");     const rejector = await RejectorFactory.deploy();     await rejector.waitForDeployment();          // Attempt Collect to the rejecting contract - should revert in original     await expect(       instance.connect(addr1).Collect(ethers.parseEther(""0.5""), {         value: 0,         to: await rejector.getAddress()       })     ).to.be.reverted;          // Verify balance was NOT deducted (would be deducted in mutant)     const balanceAfter = await instance.balances(addr1.address);     expect(balanceAfter).to.equal(ethers.parseEther(""1""));   }); });  // Helper contract that rejects ether contract Rejector {   receive() external payable {     revert(""I reject ether"");   } }","""['Error: syntax error']"""
m8f119920,PRIVATE_ETH_CELL,<generic-v6-scaffold>,SetMinSum,live,require(!intitalized);,/* require(!intitalized); */,---|         require(!intitalized); +++|,17,Mutant m8f119920 of function SetMinSum replaces require(!intitalized); with ,"pragma solidity ^0.8.0; contract PRIVATE_ETH_CELL { mapping (address=>uint256) public balances; uint public MinSum; LogFile Log; bool intitalized; function SetMinSum(uint _val) public { require(!intitalized); MinSum = _val; } function SetLogFile(address _log) public { require(!intitalized); Log = LogFile(_log); } function Initialized() public { intitalized = true; } function Deposit() public payable { require(((balances[msg.sender] + msg.value) >= balances[msg.sender])); balances[msg.sender]+= msg.value; Log.AddMessage(msg.sender,msg.value,""Put""); } function Collect(uint _am) public payable { if(balances[msg.sender]>=MinSum && balances[msg.sender]>=_am) { balances[msg.sender] = (balances[msg.sender] - _am); (bool _veri_ok,) = msg.sender.call{value: _am}(""""); if(_veri_ok) { Log.AddMessage(msg.sender,_am,""Collect""); } else {revert (); } } } receive() external payable { Deposit(); } } contract LogFile { struct Message { address Sender; string  Data; uint Val; uint  Time; } Message[] public History; Message LastMsg; function AddMessage(address _adr,uint _val,string memory _data) public { LastMsg.Sender = _adr; LastMsg.Time = block.timestamp; LastMsg.Val = _val; LastMsg.Data = _data; History.push(LastMsg); } }","import { expect } from ""chai""; import { ethers } from ""hardhat""; describe(""PRIVATE_ETH_CELL reference (ethers v6; deploy may require constructor arguments)"", function () { it(""deploy PRIVATE_ETH_CELL by supplying its REQUIRED constructor arguments (read them from the contract constructor), then call methods and assert; use ethers.parseEther, await (await tx).wait(), and expect(...).to.be.reverted"", async function () { const [owner, addr1, addr2] = await ethers.getSigners(); const Factory = await ethers.getContractFactory(""PRIVATE_ETH_CELL""); const instance = await Factory.deploy(...constructorArgs); await instance.waitForDeployment(); }); });",False,False,"import { expect } from ""chai""; import { ethers } from ""hardhat"";  describe(""PRIVATE_ETH_CELL mutant m8f119920 test"", function () {   it(""should revert SetMinSum after initialization, killing the mutant that removes the require check"", async function () {     const [owner] = await ethers.getSigners();     const Factory = await ethers.getContractFactory(""PRIVATE_ETH_CELL"");     const instance = await Factory.deploy();     await instance.waitForDeployment();      // First initialize the contract     await instance.Initialized();      // Attempt to call SetMinSum after initialization - should revert in original     await expect(       instance.SetMinSum(100)     ).to.be.reverted;   }); });","""['Error: syntax error']"""
m9b82e683,PRIVATE_ETH_CELL,<generic-v6-scaffold>,SetLogFile,live,require(!intitalized);,/* require(!intitalized); */,---|         require(!intitalized); +++|,24,Mutant m9b82e683 of function SetLogFile replaces require(!intitalized); with ,"pragma solidity ^0.8.0; contract PRIVATE_ETH_CELL { mapping (address=>uint256) public balances; uint public MinSum; LogFile Log; bool intitalized; function SetMinSum(uint _val) public { require(!intitalized); MinSum = _val; } function SetLogFile(address _log) public { require(!intitalized); Log = LogFile(_log); } function Initialized() public { intitalized = true; } function Deposit() public payable { require(((balances[msg.sender] + msg.value) >= balances[msg.sender])); balances[msg.sender]+= msg.value; Log.AddMessage(msg.sender,msg.value,""Put""); } function Collect(uint _am) public payable { if(balances[msg.sender]>=MinSum && balances[msg.sender]>=_am) { balances[msg.sender] = (balances[msg.sender] - _am); (bool _veri_ok,) = msg.sender.call{value: _am}(""""); if(_veri_ok) { Log.AddMessage(msg.sender,_am,""Collect""); } else {revert (); } } } receive() external payable { Deposit(); } } contract LogFile { struct Message { address Sender; string  Data; uint Val; uint  Time; } Message[] public History; Message LastMsg; function AddMessage(address _adr,uint _val,string memory _data) public { LastMsg.Sender = _adr; LastMsg.Time = block.timestamp; LastMsg.Val = _val; LastMsg.Data = _data; History.push(LastMsg); } }","import { expect } from ""chai""; import { ethers } from ""hardhat""; describe(""PRIVATE_ETH_CELL reference (ethers v6; deploy may require constructor arguments)"", function () { it(""deploy PRIVATE_ETH_CELL by supplying its REQUIRED constructor arguments (read them from the contract constructor), then call methods and assert; use ethers.parseEther, await (await tx).wait(), and expect(...).to.be.reverted"", async function () { const [owner, addr1, addr2] = await ethers.getSigners(); const Factory = await ethers.getContractFactory(""PRIVATE_ETH_CELL""); const instance = await Factory.deploy(...constructorArgs); await instance.waitForDeployment(); }); });",False,False,"import { expect } from ""chai""; import { ethers } from ""hardhat"";  describe(""PRIVATE_ETH_CELL mutant kill test for m9b82e683"", function () {   it(""should revert SetLogFile after initialization in original, but succeed in mutant"", async function () {     const [owner] = await ethers.getSigners();          // Deploy contract (no constructor arguments needed)     const Factory = await ethers.getContractFactory(""PRIVATE_ETH_CELL"");     const instance = await Factory.deploy();     await instance.waitForDeployment();      // First initialize the contract     await (await instance.Initialized()).wait();      // Try to call SetLogFile after initialization - should revert in original     // In mutant (without require), it would succeed     await expect(       instance.SetLogFile(owner.address)     ).to.be.reverted;   }); });","""['Error: syntax error']"""
ma6882dcd,PRIVATE_ETH_CELL,<generic-v6-scaffold>,Deposit,live,require(((balances[msg.sender] + msg.value) >= balances[msg.sender]));,/* require(((balances[msg.sender] + msg.value) >= balances[msg.sender])); */,---|         require(((balances[msg.sender] + msg.value) >= balances[msg.sender])); +++|,38,Mutant ma6882dcd of function Deposit replaces require(((balances[msg.sender] + msg.value) >= balances[msg.sender])); with ,"pragma solidity ^0.8.0; contract PRIVATE_ETH_CELL { mapping (address=>uint256) public balances; uint public MinSum; LogFile Log; bool intitalized; function SetMinSum(uint _val) public { require(!intitalized); MinSum = _val; } function SetLogFile(address _log) public { require(!intitalized); Log = LogFile(_log); } function Initialized() public { intitalized = true; } function Deposit() public payable { require(((balances[msg.sender] + msg.value) >= balances[msg.sender])); balances[msg.sender]+= msg.value; Log.AddMessage(msg.sender,msg.value,""Put""); } function Collect(uint _am) public payable { if(balances[msg.sender]>=MinSum && balances[msg.sender]>=_am) { balances[msg.sender] = (balances[msg.sender] - _am); (bool _veri_ok,) = msg.sender.call{value: _am}(""""); if(_veri_ok) { Log.AddMessage(msg.sender,_am,""Collect""); } else {revert (); } } } receive() external payable { Deposit(); } } contract LogFile { struct Message { address Sender; string  Data; uint Val; uint  Time; } Message[] public History; Message LastMsg; function AddMessage(address _adr,uint _val,string memory _data) public { LastMsg.Sender = _adr; LastMsg.Time = block.timestamp; LastMsg.Val = _val; LastMsg.Data = _data; History.push(LastMsg); } }","import { expect } from ""chai""; import { ethers } from ""hardhat""; describe(""PRIVATE_ETH_CELL reference (ethers v6; deploy may require constructor arguments)"", function () { it(""deploy PRIVATE_ETH_CELL by supplying its REQUIRED constructor arguments (read them from the contract constructor), then call methods and assert; use ethers.parseEther, await (await tx).wait(), and expect(...).to.be.reverted"", async function () { const [owner, addr1, addr2] = await ethers.getSigners(); const Factory = await ethers.getContractFactory(""PRIVATE_ETH_CELL""); const instance = await Factory.deploy(...constructorArgs); await instance.waitForDeployment(); }); });",False,False,"import { expect } from ""chai""; import { ethers } from ""hardhat"";  describe(""PRIVATE_ETH_CELL mutant detection - overflow protection removal"", function () {   it(""should detect mutant that removes overflow check in Deposit"", async function () {     const [owner, addr1] = await ethers.getSigners();          // Deploy PRIVATE_ETH_CELL - no constructor arguments needed     const Factory = await ethers.getContractFactory(""PRIVATE_ETH_CELL"");     const instance = await Factory.deploy();     await instance.waitForDeployment();          // First initialize the contract to enable deposits     await instance.Initialized();          // Calculate a value that when added to addr1's current balance (0) would overflow uint256     // Since addr1 starts with 0 balance, we need msg.value = max uint256 + 1 to overflow     // But msg.value is limited by ether balance, so we use max uint256 which is 2^256 - 1     const overflowValue = ethers.MaxUint256;          // Attempt deposit with max uint256 value - this should revert in original due to overflow check     // In mutant without the require, it would silently overflow     await expect(       instance.connect(addr1).Deposit({ value: overflowValue })     ).to.be.reverted;          // Also verify that balance remains unchanged (should be 0 if reverted)     const balance = await instance.balances(addr1.address);     expect(balance).to.equal(0);   }); });","""['Error: syntax error']"""
mf6561abf,PRIVATE_ETH_CELL,<generic-v6-scaffold>,Collect,live,revert ();,/* revert (); */,---|             } else {revert (); } +++|             } else { },56,Mutant mf6561abf of function Collect replaces revert (); with ,"pragma solidity ^0.8.0; contract PRIVATE_ETH_CELL { mapping (address=>uint256) public balances; uint public MinSum; LogFile Log; bool intitalized; function SetMinSum(uint _val) public { require(!intitalized); MinSum = _val; } function SetLogFile(address _log) public { require(!intitalized); Log = LogFile(_log); } function Initialized() public { intitalized = true; } function Deposit() public payable { require(((balances[msg.sender] + msg.value) >= balances[msg.sender])); balances[msg.sender]+= msg.value; Log.AddMessage(msg.sender,msg.value,""Put""); } function Collect(uint _am) public payable { if(balances[msg.sender]>=MinSum && balances[msg.sender]>=_am) { balances[msg.sender] = (balances[msg.sender] - _am); (bool _veri_ok,) = msg.sender.call{value: _am}(""""); if(_veri_ok) { Log.AddMessage(msg.sender,_am,""Collect""); } else {revert (); } } } receive() external payable { Deposit(); } } contract LogFile { struct Message { address Sender; string  Data; uint Val; uint  Time; } Message[] public History; Message LastMsg; function AddMessage(address _adr,uint _val,string memory _data) public { LastMsg.Sender = _adr; LastMsg.Time = block.timestamp; LastMsg.Val = _val; LastMsg.Data = _data; History.push(LastMsg); } }","import { expect } from ""chai""; import { ethers } from ""hardhat""; describe(""PRIVATE_ETH_CELL reference (ethers v6; deploy may require constructor arguments)"", function () { it(""deploy PRIVATE_ETH_CELL by supplying its REQUIRED constructor arguments (read them from the contract constructor), then call methods and assert; use ethers.parseEther, await (await tx).wait(), and expect(...).to.be.reverted"", async function () { const [owner, addr1, addr2] = await ethers.getSigners(); const Factory = await ethers.getContractFactory(""PRIVATE_ETH_CELL""); const instance = await Factory.deploy(...constructorArgs); await instance.waitForDeployment(); }); });",False,False,"import { expect } from ""chai""; import { ethers } from ""hardhat"";  describe(""PRIVATE_ETH_CELL - Kill mutant mf6561abf"", function () {   it(""should revert when Collect ETH transfer fails (mutant removes revert)"", async function () {     const [owner, attacker] = await ethers.getSigners();          // Deploy the RejectingContract that will reject incoming ETH     const RejectFactory = await ethers.getContractFactory(""RejectingContract"");     const rejectContract = await RejectFactory.deploy();     await rejectContract.waitForDeployment();          // Deploy PRIVATE_ETH_CELL (no constructor arguments needed)     const Factory = await ethers.getContractFactory(""PRIVATE_ETH_CELL"");     const instance = await Factory.deploy();     await instance.waitForDeployment();          // Setup: Initialize the contract and set MinSum     await instance.SetMinSum(ethers.parseEther(""0.1""));     await instance.SetLogFile(ethers.getAddress(""0x0000000000000000000000000000000000000001""));     await instance.Initialized();          // Fund the contract with ETH     await owner.sendTransaction({       to: await instance.getAddress(),       value: ethers.parseEther(""10"")     });          // Fund the rejecting contract so it has balance     await owner.sendTransaction({       to: await rejectContract.getAddress(),       value: ethers.parseEther(""1"")     });          // Have rejecting contract deposit ETH into PRIVATE_ETH_CELL to have balance >= MinSum     await rejectContract.depositTo(await instance.getAddress(), {       value: ethers.parseEther(""1"")     });          // Now call Collect from the rejecting contract - should revert because transfer fails     // The rejecting contract's receive() will revert on incoming ETH     await expect(       rejectContract.collectFrom(await instance.getAddress(), ethers.parseEther(""0.5""))     ).to.be.reverted;          // Also verify that balance was NOT deducted from rejecting contract in PRIVATE_ETH_CELL     const balanceAfter = await instance.balances(await rejectContract.getAddress());     expect(balanceAfter).to.equal(ethers.parseEther(""1""));   }); });  // Helper contract that rejects incoming ETH and has deposit/collect functions contract RejectingContract {   receive() external payable {     revert(""ETH transfer rejected"");   }      function depositTo(address target) external payable {     (bool success, ) = target.call{value: msg.value}("""");     require(success, ""Deposit failed"");   }      function collectFrom(address target, uint256 amount) external {     (bool success, ) = target.call(       abi.encodeWithSignature(""Collect(uint256)"", amount)     );     require(success, ""Collect call failed"");   } }","""['Error: syntax error']"""
m29788511,PRIVATE_ETH_CELL,<generic-v6-scaffold>,Deposit,live,msg.value,msg.value+1,---|         require(((balances[msg.sender] + msg.value) >= balances[msg.sender])); +++|         require(((balances[msg.sender] + msg.value+1) >= balances[msg.sender]));,38,Mutant m29788511 of function Deposit replaces msg.value with msg.value+1,"pragma solidity ^0.8.0; contract PRIVATE_ETH_CELL { mapping (address=>uint256) public balances; uint public MinSum; LogFile Log; bool intitalized; function SetMinSum(uint _val) public { require(!intitalized); MinSum = _val; } function SetLogFile(address _log) public { require(!intitalized); Log = LogFile(_log); } function Initialized() public { intitalized = true; } function Deposit() public payable { require(((balances[msg.sender] + msg.value) >= balances[msg.sender])); balances[msg.sender]+= msg.value; Log.AddMessage(msg.sender,msg.value,""Put""); } function Collect(uint _am) public payable { if(balances[msg.sender]>=MinSum && balances[msg.sender]>=_am) { balances[msg.sender] = (balances[msg.sender] - _am); (bool _veri_ok,) = msg.sender.call{value: _am}(""""); if(_veri_ok) { Log.AddMessage(msg.sender,_am,""Collect""); } else {revert (); } } } receive() external payable { Deposit(); } } contract LogFile { struct Message { address Sender; string  Data; uint Val; uint  Time; } Message[] public History; Message LastMsg; function AddMessage(address _adr,uint _val,string memory _data) public { LastMsg.Sender = _adr; LastMsg.Time = block.timestamp; LastMsg.Val = _val; LastMsg.Data = _data; History.push(LastMsg); } }","import { expect } from ""chai""; import { ethers } from ""hardhat""; describe(""PRIVATE_ETH_CELL reference (ethers v6; deploy may require constructor arguments)"", function () { it(""deploy PRIVATE_ETH_CELL by supplying its REQUIRED constructor arguments (read them from the contract constructor), then call methods and assert; use ethers.parseEther, await (await tx).wait(), and expect(...).to.be.reverted"", async function () { const [owner, addr1, addr2] = await ethers.getSigners(); const Factory = await ethers.getContractFactory(""PRIVATE_ETH_CELL""); const instance = await Factory.deploy(...constructorArgs); await instance.waitForDeployment(); }); });",False,False,"import { expect } from ""chai""; import { ethers } from ""hardhat"";  describe(""PRIVATE_ETH_CELL mutant kill test"", function () {   it(""should revert when deposit would cause overflow on original but not on mutant"", async function () {     const [owner, addr1] = await ethers.getSigners();          // Deploy PRIVATE_ETH_CELL (no constructor arguments)     const Factory = await ethers.getContractFactory(""PRIVATE_ETH_CELL"");     const instance = await Factory.deploy();     await instance.waitForDeployment();          // Deploy a mock LogFile so Deposit doesn't fail     const LogFileFactory = await ethers.getContractFactory(""LogFile"");     const logFile = await LogFileFactory.deploy();     await logFile.waitForDeployment();          // Set MinSum to 0 to avoid issues with Collect     await instance.connect(owner).SetMinSum(0);          // Set the LogFile address     await instance.connect(owner).SetLogFile(await logFile.getAddress());          // Initialize the contract     await instance.connect(owner).Initialized();          // Calculate a value that when added to 0 overflows uint256     // We need balances[addr1] + msg.value to overflow, so msg.value > type(uint256).max - balances[addr1]     // Starting balance is 0, so we need msg.value > type(uint256).max     const maxUint256 = ethers.MaxUint256;     const overflowValue = maxUint256; // This alone overflows when added to 0          // On the original contract, this should revert due to overflow check     // On the mutant, the check uses msg.value+1 which changes the arithmetic     await expect(       instance.connect(addr1).Deposit({ value: overflowValue })     ).to.be.reverted;   }); });","""['Error: syntax error']"""
mf57869ed,PRIVATE_ETH_CELL,<generic-v6-scaffold>,Deposit,live,msg.value,msg.value-1,---|         require(((balances[msg.sender] + msg.value) >= balances[msg.sender])); +++|         require(((balances[msg.sender] + msg.value-1) >= balances[msg.sender]));,38,Mutant mf57869ed of function Deposit replaces msg.value with msg.value-1,"pragma solidity ^0.8.0; contract PRIVATE_ETH_CELL { mapping (address=>uint256) public balances; uint public MinSum; LogFile Log; bool intitalized; function SetMinSum(uint _val) public { require(!intitalized); MinSum = _val; } function SetLogFile(address _log) public { require(!intitalized); Log = LogFile(_log); } function Initialized() public { intitalized = true; } function Deposit() public payable { require(((balances[msg.sender] + msg.value) >= balances[msg.sender])); balances[msg.sender]+= msg.value; Log.AddMessage(msg.sender,msg.value,""Put""); } function Collect(uint _am) public payable { if(balances[msg.sender]>=MinSum && balances[msg.sender]>=_am) { balances[msg.sender] = (balances[msg.sender] - _am); (bool _veri_ok,) = msg.sender.call{value: _am}(""""); if(_veri_ok) { Log.AddMessage(msg.sender,_am,""Collect""); } else {revert (); } } } receive() external payable { Deposit(); } } contract LogFile { struct Message { address Sender; string  Data; uint Val; uint  Time; } Message[] public History; Message LastMsg; function AddMessage(address _adr,uint _val,string memory _data) public { LastMsg.Sender = _adr; LastMsg.Time = block.timestamp; LastMsg.Val = _val; LastMsg.Data = _data; History.push(LastMsg); } }","import { expect } from ""chai""; import { ethers } from ""hardhat""; describe(""PRIVATE_ETH_CELL reference (ethers v6; deploy may require constructor arguments)"", function () { it(""deploy PRIVATE_ETH_CELL by supplying its REQUIRED constructor arguments (read them from the contract constructor), then call methods and assert; use ethers.parseEther, await (await tx).wait(), and expect(...).to.be.reverted"", async function () { const [owner, addr1, addr2] = await ethers.getSigners(); const Factory = await ethers.getContractFactory(""PRIVATE_ETH_CELL""); const instance = await Factory.deploy(...constructorArgs); await instance.waitForDeployment(); }); });",False,False,"import { expect } from ""chai""; import { ethers } from ""hardhat"";  describe(""PRIVATE_ETH_CELL mutant detection - mf57869ed"", function () {   it(""should allow deposit of 0 wei when balance is non-zero (mutant would revert)"", async function () {     const [owner, addr1] = await ethers.getSigners();          // Deploy LogFile first (required by PRIVATE_ETH_CELL constructor)     const LogFileFactory = await ethers.getContractFactory(""LogFile"");     const logFile = await LogFileFactory.deploy();     await logFile.waitForDeployment();          // Deploy PRIVATE_ETH_CELL with LogFile address and initial MinSum value     const Factory = await ethers.getContractFactory(""PRIVATE_ETH_CELL"");     const instance = await Factory.deploy();     await instance.waitForDeployment();          // Set up the contract - set MinSum and LogFile, then initialize     await instance.SetMinSum(1);     await instance.SetLogFile(await logFile.getAddress());     await instance.Initialized();          // First deposit some ETH to addr1 to create a non-zero balance     const depositAmount = ethers.parseEther(""1.0"");     await instance.connect(addr1).Deposit({ value: depositAmount });          // Now attempt to deposit 0 wei - this should succeed in the original contract     // but the mutant would revert due to the ""msg.value - 1"" underflow check     await expect(       instance.connect(addr1).Deposit({ value: 0 })     ).to.not.be.reverted;          // Verify the balance hasn't changed (0 wei deposit)     const balance = await instance.balances(addr1.address);     expect(balance).to.equal(depositAmount);   }); });","""['Error: syntax error']"""
m8378eca9,PRIVATE_ETH_CELL,<generic-v6-scaffold>,Deposit,live,msg.value,msg.value+1,---|         balances[msg.sender]+= msg.value; +++|         balances[msg.sender]+= msg.value+1;,39,Mutant m8378eca9 of function Deposit replaces msg.value with msg.value+1,"pragma solidity ^0.8.0; contract PRIVATE_ETH_CELL { mapping (address=>uint256) public balances; uint public MinSum; LogFile Log; bool intitalized; function SetMinSum(uint _val) public { require(!intitalized); MinSum = _val; } function SetLogFile(address _log) public { require(!intitalized); Log = LogFile(_log); } function Initialized() public { intitalized = true; } function Deposit() public payable { require(((balances[msg.sender] + msg.value) >= balances[msg.sender])); balances[msg.sender]+= msg.value; Log.AddMessage(msg.sender,msg.value,""Put""); } function Collect(uint _am) public payable { if(balances[msg.sender]>=MinSum && balances[msg.sender]>=_am) { balances[msg.sender] = (balances[msg.sender] - _am); (bool _veri_ok,) = msg.sender.call{value: _am}(""""); if(_veri_ok) { Log.AddMessage(msg.sender,_am,""Collect""); } else {revert (); } } } receive() external payable { Deposit(); } } contract LogFile { struct Message { address Sender; string  Data; uint Val; uint  Time; } Message[] public History; Message LastMsg; function AddMessage(address _adr,uint _val,string memory _data) public { LastMsg.Sender = _adr; LastMsg.Time = block.timestamp; LastMsg.Val = _val; LastMsg.Data = _data; History.push(LastMsg); } }","import { expect } from ""chai""; import { ethers } from ""hardhat""; describe(""PRIVATE_ETH_CELL reference (ethers v6; deploy may require constructor arguments)"", function () { it(""deploy PRIVATE_ETH_CELL by supplying its REQUIRED constructor arguments (read them from the contract constructor), then call methods and assert; use ethers.parseEther, await (await tx).wait(), and expect(...).to.be.reverted"", async function () { const [owner, addr1, addr2] = await ethers.getSigners(); const Factory = await ethers.getContractFactory(""PRIVATE_ETH_CELL""); const instance = await Factory.deploy(...constructorArgs); await instance.waitForDeployment(); }); });",False,False,"import { expect } from ""chai""; import { ethers } from ""hardhat"";  describe(""PRIVATE_ETH_CELL mutant detection test"", function () {   it(""should detect mutant m8378eca9 by verifying exact balance after deposit and collect"", async function () {     const [owner, addr1] = await ethers.getSigners();     const Factory = await ethert.getContractFactory(""PRIVATE_ETH_CELL"");     const instance = await Factory.deploy();     await instance.waitForDeployment();      // Setup: initialize the contract and set MinSum to 0     await instance.SetMinSum(0);     const logFactory = await ethers.getContractFactory(""LogFile"");     const logInstance = await logFactory.deploy();     await logInstance.waitForDeployment();     await instance.SetLogFile(await logInstance.getAddress());     await instance.Initialized();      // Deposit exactly 100 wei     const depositAmount = ethers.parseEther(""0.0000000000000001""); // 100 wei     const tx = await instance.connect(addr1).Deposit({ value: depositAmount });     await tx.wait();      // Collect exactly the deposited amount     const collectTx = await instance.connect(addr1).Collect(depositAmount);     await collectTx.wait();      // Check that addr1's balance in the contract is zero     const balance = await instance.balances(addr1.address);     expect(balance).to.equal(0);      // Also check that the contract's ETH balance is zero (all funds withdrawn)     const contractBalance = await ethers.provider.getBalance(instance.getAddress());     expect(contractBalance).to.equal(0);   }); });","""['Error: syntax error']"""
m319414ab,PRIVATE_ETH_CELL,<generic-v6-scaffold>,Deposit,live,msg.value,msg.value-1,---|         balances[msg.sender]+= msg.value; +++|         balances[msg.sender]+= msg.value-1;,39,Mutant m319414ab of function Deposit replaces msg.value with msg.value-1,"pragma solidity ^0.8.0; contract PRIVATE_ETH_CELL { mapping (address=>uint256) public balances; uint public MinSum; LogFile Log; bool intitalized; function SetMinSum(uint _val) public { require(!intitalized); MinSum = _val; } function SetLogFile(address _log) public { require(!intitalized); Log = LogFile(_log); } function Initialized() public { intitalized = true; } function Deposit() public payable { require(((balances[msg.sender] + msg.value) >= balances[msg.sender])); balances[msg.sender]+= msg.value; Log.AddMessage(msg.sender,msg.value,""Put""); } function Collect(uint _am) public payable { if(balances[msg.sender]>=MinSum && balances[msg.sender]>=_am) { balances[msg.sender] = (balances[msg.sender] - _am); (bool _veri_ok,) = msg.sender.call{value: _am}(""""); if(_veri_ok) { Log.AddMessage(msg.sender,_am,""Collect""); } else {revert (); } } } receive() external payable { Deposit(); } } contract LogFile { struct Message { address Sender; string  Data; uint Val; uint  Time; } Message[] public History; Message LastMsg; function AddMessage(address _adr,uint _val,string memory _data) public { LastMsg.Sender = _adr; LastMsg.Time = block.timestamp; LastMsg.Val = _val; LastMsg.Data = _data; History.push(LastMsg); } }","import { expect } from ""chai""; import { ethers } from ""hardhat""; describe(""PRIVATE_ETH_CELL reference (ethers v6; deploy may require constructor arguments)"", function () { it(""deploy PRIVATE_ETH_CELL by supplying its REQUIRED constructor arguments (read them from the contract constructor), then call methods and assert; use ethers.parseEther, await (await tx).wait(), and expect(...).to.be.reverted"", async function () { const [owner, addr1, addr2] = await ethers.getSigners(); const Factory = await ethers.getContractFactory(""PRIVATE_ETH_CELL""); const instance = await Factory.deploy(...constructorArgs); await instance.waitForDeployment(); }); });",False,False,"import { expect } from ""chai""; import { ethers } from ""hardhat"";  describe(""PRIVATE_ETH_CELL mutant detection"", function () {   it(""should detect mutant m319414ab where Deposit adds msg.value-1 instead of msg.value"", async function () {     const [owner, depositor] = await ethers.getSigners();          // Deploy the contract (no constructor arguments needed)     const Factory = await ethers.getContractFactory(""PRIVATE_ETH_CELL"");     const instance = await Factory.deploy();     await instance.waitForDeployment();          // Initialize the contract (required for Deposit to work properly)     await instance.connect(owner).Initialized();          // Deposit exactly 1 wei     const depositAmount = ethers.parseEther(""1"");     const tx = await instance.connect(depositor).Deposit({ value: depositAmount });     await tx.wait();          // Check the recorded balance - mutant would store msg.value-1 = 1 ether - 1 wei     const recordedBalance = await instance.balances(depositor.address);     expect(recordedBalance).to.equal(depositAmount);   }); });","""['Error: syntax error']"""
mb061f0e6,PRIVATE_ETH_CELL,<generic-v6-scaffold>,Deposit,live,msg.value,msg.value+1,"---|         Log.AddMessage(msg.sender,msg.value,""Put""); +++|         Log.AddMessage(msg.sender,msg.value+1,""Put"");",40,Mutant mb061f0e6 of function Deposit replaces msg.value with msg.value+1,"pragma solidity ^0.8.0; contract PRIVATE_ETH_CELL { mapping (address=>uint256) public balances; uint public MinSum; LogFile Log; bool intitalized; function SetMinSum(uint _val) public { require(!intitalized); MinSum = _val; } function SetLogFile(address _log) public { require(!intitalized); Log = LogFile(_log); } function Initialized() public { intitalized = true; } function Deposit() public payable { require(((balances[msg.sender] + msg.value) >= balances[msg.sender])); balances[msg.sender]+= msg.value; Log.AddMessage(msg.sender,msg.value,""Put""); } function Collect(uint _am) public payable { if(balances[msg.sender]>=MinSum && balances[msg.sender]>=_am) { balances[msg.sender] = (balances[msg.sender] - _am); (bool _veri_ok,) = msg.sender.call{value: _am}(""""); if(_veri_ok) { Log.AddMessage(msg.sender,_am,""Collect""); } else {revert (); } } } receive() external payable { Deposit(); } } contract LogFile { struct Message { address Sender; string  Data; uint Val; uint  Time; } Message[] public History; Message LastMsg; function AddMessage(address _adr,uint _val,string memory _data) public { LastMsg.Sender = _adr; LastMsg.Time = block.timestamp; LastMsg.Val = _val; LastMsg.Data = _data; History.push(LastMsg); } }","import { expect } from ""chai""; import { ethers } from ""hardhat""; describe(""PRIVATE_ETH_CELL reference (ethers v6; deploy may require constructor arguments)"", function () { it(""deploy PRIVATE_ETH_CELL by supplying its REQUIRED constructor arguments (read them from the contract constructor), then call methods and assert; use ethers.parseEther, await (await tx).wait(), and expect(...).to.be.reverted"", async function () { const [owner, addr1, addr2] = await ethers.getSigners(); const Factory = await ethers.getContractFactory(""PRIVATE_ETH_CELL""); const instance = await Factory.deploy(...constructorArgs); await instance.waitForDeployment(); }); });",False,False,"import { expect } from ""chai""; import { ethers } from ""hardhat"";  describe(""PRIVATE_ETH_CELL mutant kill test - mb061f0e6"", function () {   it(""should detect that Log.AddMessage logs msg.value+1 instead of msg.value"", async function () {     const [owner, depositor] = await ethers.getSigners();          // Deploy LogFile first (no constructor args needed)     const LogFileFactory = await ethers.getContractFactory(""LogFile"");     const logFile = await LogFileFactory.deploy();     await logFile.waitForDeployment();          // Deploy PRIVATE_ETH_CELL (no constructor args needed)     const CellFactory = await ethers.getContractFactory(""PRIVATE_ETH_CELL"");     const cell = await CellFactory.deploy();     await cell.waitForDeployment();          // Initialize the contract: set MinSum, LogFile, and finalize initialization     await cell.SetMinSum(0);     await cell.SetLogFile(await logFile.getAddress());     await cell.Initialized();          // Deposit exactly 1 ether     const depositAmount = ethers.parseEther(""1"");     const tx = await cell.connect(depositor).Deposit({ value: depositAmount });     await tx.wait();          // Get the last message from LogFile history     const historyLength = await logFile.History.length;     const lastMessage = await logFile.History(historyLength - 1n);          // The logged Val should equal the deposited amount (1 ether)     // Mutant would log msg.value+1 = 1 ether + 1 wei     // Original would log msg.value = 1 ether     expect(lastMessage.Val).to.equal(depositAmount);   }); });","""['Error: syntax error']"""
m4952f63c,PRIVATE_ETH_CELL,<generic-v6-scaffold>,Deposit,live,msg.value,msg.value-1,"---|         Log.AddMessage(msg.sender,msg.value,""Put""); +++|         Log.AddMessage(msg.sender,msg.value-1,""Put"");",40,Mutant m4952f63c of function Deposit replaces msg.value with msg.value-1,"pragma solidity ^0.8.0; contract PRIVATE_ETH_CELL { mapping (address=>uint256) public balances; uint public MinSum; LogFile Log; bool intitalized; function SetMinSum(uint _val) public { require(!intitalized); MinSum = _val; } function SetLogFile(address _log) public { require(!intitalized); Log = LogFile(_log); } function Initialized() public { intitalized = true; } function Deposit() public payable { require(((balances[msg.sender] + msg.value) >= balances[msg.sender])); balances[msg.sender]+= msg.value; Log.AddMessage(msg.sender,msg.value,""Put""); } function Collect(uint _am) public payable { if(balances[msg.sender]>=MinSum && balances[msg.sender]>=_am) { balances[msg.sender] = (balances[msg.sender] - _am); (bool _veri_ok,) = msg.sender.call{value: _am}(""""); if(_veri_ok) { Log.AddMessage(msg.sender,_am,""Collect""); } else {revert (); } } } receive() external payable { Deposit(); } } contract LogFile { struct Message { address Sender; string  Data; uint Val; uint  Time; } Message[] public History; Message LastMsg; function AddMessage(address _adr,uint _val,string memory _data) public { LastMsg.Sender = _adr; LastMsg.Time = block.timestamp; LastMsg.Val = _val; LastMsg.Data = _data; History.push(LastMsg); } }","import { expect } from ""chai""; import { ethers } from ""hardhat""; describe(""PRIVATE_ETH_CELL reference (ethers v6; deploy may require constructor arguments)"", function () { it(""deploy PRIVATE_ETH_CELL by supplying its REQUIRED constructor arguments (read them from the contract constructor), then call methods and assert; use ethers.parseEther, await (await tx).wait(), and expect(...).to.be.reverted"", async function () { const [owner, addr1, addr2] = await ethers.getSigners(); const Factory = await ethers.getContractFactory(""PRIVATE_ETH_CELL""); const instance = await Factory.deploy(...constructorArgs); await instance.waitForDeployment(); }); });",False,False,"import { expect } from ""chai""; import { ethers } from ""hardhat"";  describe(""PRIVATE_ETH_CELL mutant kill test for m4952f63c"", function () {   it(""should detect that AddMessage logs msg.value-1 instead of msg.value"", async function () {     const [owner, depositor] = await ethers.getSigners();          // Deploy PRIVATE_ETH_CELL (no constructor arguments)     const CellFactory = await ethers.getContractFactory(""PRIVATE_ETH_CELL"");     const cell = await CellFactory.deploy();     await cell.waitForDeployment();          // Deploy LogFile (no constructor arguments)     const LogFactory = await ethers.getContractFactory(""LogFile"");     const log = await LogFactory.deploy();     await log.waitForDeployment();          // Initialize the cell with the log address     await cell.connect(owner).SetLogFile(await log.getAddress());     await cell.connect(owner).SetMinSum(0);     await cell.connect(owner).Initialized();          // Deposit exactly 1 wei     const depositAmount = ethers.parseEther(""0.000000000000000001""); // 1 wei     const tx = await cell.connect(depositor).Deposit({ value: depositAmount });     await tx.wait();          // Get the last message from LogFile history     const historyLength = await log.History.length;     const lastMessage = await log.History(historyLength - 1n);          // The logged value should be exactly 1 wei (msg.value), not 0 wei (msg.value-1)     expect(lastMessage.Val).to.equal(depositAmount);   }); });","""['Error: syntax error']"""
