Mutant_id,Contract_id,Test_id,Function_name,Status,Original,Replacement,Diff,StartLine,Details,Contract_Context,Test_Context,Test_Generated,KilledByLLM,Generated_test,Test_errors
m3066fa16,ERCDDAToken,<generic-v6-scaffold>,owned,live, == , != ,"---|     require(msg.sender == owner, ""Only the current owner can change ownership""); +++|     require(msg.sender != owner, ""Only the current owner can change ownership"");",17,Mutant m3066fa16 of function owned replaces == with !=,"pragma solidity ^0.8.0; contract ERCDDAToken { address public owner; string public name; string public symbol; uint8 public decimals = 0; uint256 public totalSupply; event Transfer(address indexed from, address indexed to, uint256 value); event FrozenFunds(address target, bool frozen); event Burn(address indexed from, uint256 value); mapping (address => uint256) public balanceOf; mapping (address => bool) public frozenAccount; function owned() public { require(msg.sender == owner, ""Only the current owner can change ownership""); } modifier onlyOwner { require(msg.sender == owner); _; } constructor( uint256 initialSupply, string memory tokenName, string memory tokenSymbol) public { owner = payable(msg.sender); totalSupply = initialSupply * 10 ** uint256(decimals); balanceOf[msg.sender] = totalSupply; name = tokenName; symbol = tokenSymbol; } function _transfer(address _from, address _to, uint _value) internal { require (_to != address(0)); require (balanceOf[_from] >= _value); require (balanceOf[_to] + _value >= balanceOf[_to]); require(!frozenAccount[_from]); require(!frozenAccount[_to]); balanceOf[_from] -= _value; balanceOf[_to] += _value; emit Transfer(_from, _to, _value); } function transfer(address _to, uint256 _value) public returns (bool success) { _transfer(msg.sender, _to, _value); return true; } function freezeAccount(address target, bool freeze)  public onlyOwner { frozenAccount[target] = freeze; emit FrozenFunds(target, freeze); } function burn(uint256 _value)  public onlyOwner returns (bool success) { require(balanceOf[msg.sender] >= _value); balanceOf[msg.sender] -= _value; totalSupply -= _value; emit Burn(msg.sender, _value); return true; } function mintToken(address target, uint256 mintedAmount)  public onlyOwner { balanceOf[target] += mintedAmount; totalSupply += mintedAmount; } }","import { expect } from ""chai""; import { ethers } from ""hardhat""; describe(""ERCDDAToken reference (ethers v6; deploy may require constructor arguments)"", function () { it(""deploy ERCDDAToken by supplying its REQUIRED constructor arguments (read them from the contract constructor), then call methods and assert; use ethers.parseEther, await (await tx).wait(), and expect(...).to.be.reverted"", async function () { const [owner, addr1, addr2] = await ethers.getSigners(); const Factory = await ethers.getContractFactory(""ERCDDAToken""); const instance = await Factory.deploy(...constructorArgs); await instance.waitForDeployment(); }); });",False,False,"import { expect } from ""chai""; import { ethers } } from ""hardhat"";  describe(""ERCDDAToken reference (ethers v6; deploy may require constructor arguments)"", function () {   it(""should kill mutant m3066fa16 by calling owned() from owner and expecting success"", async function () {     const [owner, addr1] = await ethers.getSigners();     const Factory = await ethers.getContractFactory(""ERCDDAToken"");     const instance = await Factory.deploy(1000, ""TestToken"", ""TT"");     await instance.waitForDeployment();      // The owned() function is public and only has a require statement.     // In the original, it passes when msg.sender == owner.     // In the mutant, it reverts when msg.sender == owner (because != is used).     // Calling from the owner should succeed on the original, but fail on the mutant.     await expect(       instance.connect(owner).owned()     ).to.not.be.reverted;   }); });","""['Error: syntax error']"""
m5552774e,ERCDDAToken,<generic-v6-scaffold>,modifier:onlyOwner,live, == , != ,---|         require(msg.sender == owner); +++|         require(msg.sender != owner);,21,Mutant m5552774e of function modifier:onlyOwner replaces == with !=,"pragma solidity ^0.8.0; contract ERCDDAToken { address public owner; string public name; string public symbol; uint8 public decimals = 0; uint256 public totalSupply; event Transfer(address indexed from, address indexed to, uint256 value); event FrozenFunds(address target, bool frozen); event Burn(address indexed from, uint256 value); mapping (address => uint256) public balanceOf; mapping (address => bool) public frozenAccount; function owned() public { require(msg.sender == owner, ""Only the current owner can change ownership""); } modifier onlyOwner { require(msg.sender == owner); _; } constructor( uint256 initialSupply, string memory tokenName, string memory tokenSymbol) public { owner = payable(msg.sender); totalSupply = initialSupply * 10 ** uint256(decimals); balanceOf[msg.sender] = totalSupply; name = tokenName; symbol = tokenSymbol; } function _transfer(address _from, address _to, uint _value) internal { require (_to != address(0)); require (balanceOf[_from] >= _value); require (balanceOf[_to] + _value >= balanceOf[_to]); require(!frozenAccount[_from]); require(!frozenAccount[_to]); balanceOf[_from] -= _value; balanceOf[_to] += _value; emit Transfer(_from, _to, _value); } function transfer(address _to, uint256 _value) public returns (bool success) { _transfer(msg.sender, _to, _value); return true; } function freezeAccount(address target, bool freeze)  public onlyOwner { frozenAccount[target] = freeze; emit FrozenFunds(target, freeze); } function burn(uint256 _value)  public onlyOwner returns (bool success) { require(balanceOf[msg.sender] >= _value); balanceOf[msg.sender] -= _value; totalSupply -= _value; emit Burn(msg.sender, _value); return true; } function mintToken(address target, uint256 mintedAmount)  public onlyOwner { balanceOf[target] += mintedAmount; totalSupply += mintedAmount; } }","import { expect } from ""chai""; import { ethers } from ""hardhat""; describe(""ERCDDAToken reference (ethers v6; deploy may require constructor arguments)"", function () { it(""deploy ERCDDAToken by supplying its REQUIRED constructor arguments (read them from the contract constructor), then call methods and assert; use ethers.parseEther, await (await tx).wait(), and expect(...).to.be.reverted"", async function () { const [owner, addr1, addr2] = await ethers.getSigners(); const Factory = await ethers.getContractFactory(""ERCDDAToken""); const instance = await Factory.deploy(...constructorArgs); await instance.waitForDeployment(); }); });",False,False,"import { expect } from ""chai""; import { ethers } from ""hardhat"";  describe(""ERCDDAToken mutant kill test for onlyOwner modifier"", function () {   it(""should revert when owner calls onlyOwner function if modifier uses != instead of =="", async function () {     const [owner, addr1] = await ethers.getSigners();     const initialSupply = 1000;     const tokenName = ""TestToken"";     const tokenSymbol = ""TT"";      const Factory = await ethers.getContractFactory(""ERCDDAToken"");     const instance = await Factory.deploy(initialSupply, tokenName, tokenSymbol);     await instance.waitForDeployment();      // The mutant changes require(msg.sender == owner) to require(msg.sender != owner)     // Therefore, when the owner calls an onlyOwner function, it should revert     // The original contract would succeed, the mutant will fail (revert)     await expect(       instance.connect(owner).freezeAccount(addr1.address, true)     ).to.be.reverted;   }); });","""['Error: syntax error']"""
m940b13aa,ERCDDAToken,<generic-v6-scaffold>,constructor,live, * , + ,---|         totalSupply = initialSupply * 10 ** uint256(decimals); +++|         totalSupply = initialSupply + 10 ** uint256(decimals);,28,Mutant m940b13aa of function constructor replaces * with +,"pragma solidity ^0.8.0; contract ERCDDAToken { address public owner; string public name; string public symbol; uint8 public decimals = 0; uint256 public totalSupply; event Transfer(address indexed from, address indexed to, uint256 value); event FrozenFunds(address target, bool frozen); event Burn(address indexed from, uint256 value); mapping (address => uint256) public balanceOf; mapping (address => bool) public frozenAccount; function owned() public { require(msg.sender == owner, ""Only the current owner can change ownership""); } modifier onlyOwner { require(msg.sender == owner); _; } constructor( uint256 initialSupply, string memory tokenName, string memory tokenSymbol) public { owner = payable(msg.sender); totalSupply = initialSupply * 10 ** uint256(decimals); balanceOf[msg.sender] = totalSupply; name = tokenName; symbol = tokenSymbol; } function _transfer(address _from, address _to, uint _value) internal { require (_to != address(0)); require (balanceOf[_from] >= _value); require (balanceOf[_to] + _value >= balanceOf[_to]); require(!frozenAccount[_from]); require(!frozenAccount[_to]); balanceOf[_from] -= _value; balanceOf[_to] += _value; emit Transfer(_from, _to, _value); } function transfer(address _to, uint256 _value) public returns (bool success) { _transfer(msg.sender, _to, _value); return true; } function freezeAccount(address target, bool freeze)  public onlyOwner { frozenAccount[target] = freeze; emit FrozenFunds(target, freeze); } function burn(uint256 _value)  public onlyOwner returns (bool success) { require(balanceOf[msg.sender] >= _value); balanceOf[msg.sender] -= _value; totalSupply -= _value; emit Burn(msg.sender, _value); return true; } function mintToken(address target, uint256 mintedAmount)  public onlyOwner { balanceOf[target] += mintedAmount; totalSupply += mintedAmount; } }","import { expect } from ""chai""; import { ethers } from ""hardhat""; describe(""ERCDDAToken reference (ethers v6; deploy may require constructor arguments)"", function () { it(""deploy ERCDDAToken by supplying its REQUIRED constructor arguments (read them from the contract constructor), then call methods and assert; use ethers.parseEther, await (await tx).wait(), and expect(...).to.be.reverted"", async function () { const [owner, addr1, addr2] = await ethers.getSigners(); const Factory = await ethers.getContractFactory(""ERCDDAToken""); const instance = await Factory.deploy(...constructorArgs); await instance.waitForDeployment(); }); });",False,False,"import { expect } from ""chai""; import { ethers } from ""hardhat"";  describe(""ERCDDAToken mutant detection - m940b13aa"", function () {   it(""should detect constructor arithmetic mutation from * to +"", async function () {     const [owner] = await ethers.getSigners();     const Factory = await ethers.getContractFactory(""ERCDDAToken"");          // Deploy with a specific initialSupply, e.g., 1000 tokens     const initialSupply = 1000;     const tokenName = ""TestToken"";     const tokenSymbol = ""TT"";          const instance = await Factory.deploy(initialSupply, tokenName, tokenSymbol);     await instance.waitForDeployment();          // In the original: totalSupply = initialSupply * 10**0 = initialSupply * 1 = initialSupply     // In the mutant: totalSupply = initialSupply + 10**0 = initialSupply + 1     // So for initialSupply=1000, original gives 1000, mutant gives 1001     const expectedTotalSupply = initialSupply; // 1000     const actualTotalSupply = await instance.totalSupply();          expect(actualTotalSupply).to.equal(expectedTotalSupply);   }); });","""['Error: syntax error']"""
m89bf5f42,ERCDDAToken,<generic-v6-scaffold>,constructor,live, * , ** ,---|         totalSupply = initialSupply * 10 ** uint256(decimals); +++|         totalSupply = initialSupply ** 10 ** uint256(decimals);,28,Mutant m89bf5f42 of function constructor replaces * with **,"pragma solidity ^0.8.0; contract ERCDDAToken { address public owner; string public name; string public symbol; uint8 public decimals = 0; uint256 public totalSupply; event Transfer(address indexed from, address indexed to, uint256 value); event FrozenFunds(address target, bool frozen); event Burn(address indexed from, uint256 value); mapping (address => uint256) public balanceOf; mapping (address => bool) public frozenAccount; function owned() public { require(msg.sender == owner, ""Only the current owner can change ownership""); } modifier onlyOwner { require(msg.sender == owner); _; } constructor( uint256 initialSupply, string memory tokenName, string memory tokenSymbol) public { owner = payable(msg.sender); totalSupply = initialSupply * 10 ** uint256(decimals); balanceOf[msg.sender] = totalSupply; name = tokenName; symbol = tokenSymbol; } function _transfer(address _from, address _to, uint _value) internal { require (_to != address(0)); require (balanceOf[_from] >= _value); require (balanceOf[_to] + _value >= balanceOf[_to]); require(!frozenAccount[_from]); require(!frozenAccount[_to]); balanceOf[_from] -= _value; balanceOf[_to] += _value; emit Transfer(_from, _to, _value); } function transfer(address _to, uint256 _value) public returns (bool success) { _transfer(msg.sender, _to, _value); return true; } function freezeAccount(address target, bool freeze)  public onlyOwner { frozenAccount[target] = freeze; emit FrozenFunds(target, freeze); } function burn(uint256 _value)  public onlyOwner returns (bool success) { require(balanceOf[msg.sender] >= _value); balanceOf[msg.sender] -= _value; totalSupply -= _value; emit Burn(msg.sender, _value); return true; } function mintToken(address target, uint256 mintedAmount)  public onlyOwner { balanceOf[target] += mintedAmount; totalSupply += mintedAmount; } }","import { expect } from ""chai""; import { ethers } from ""hardhat""; describe(""ERCDDAToken reference (ethers v6; deploy may require constructor arguments)"", function () { it(""deploy ERCDDAToken by supplying its REQUIRED constructor arguments (read them from the contract constructor), then call methods and assert; use ethers.parseEther, await (await tx).wait(), and expect(...).to.be.reverted"", async function () { const [owner, addr1, addr2] = await ethers.getSigners(); const Factory = await ethers.getContractFactory(""ERCDDAToken""); const instance = await Factory.deploy(...constructorArgs); await instance.waitForDeployment(); }); });",False,False,"import { expect } from ""chai""; import { ethers } from ""hardhat"";  describe(""ERCDDAToken reference (ethers v6; deploy may require constructor arguments)"", function () {   it(""should detect mutant m89bf5f42 by verifying totalSupply calculation with non-zero decimals"", async function () {     const [owner, addr1] = await ethers.getSigners();     const Factory = await ethers.getContractFactory(""ERCDDAToken"");          // Deploy with initialSupply = 10, name = ""Test"", symbol = ""TST""     const initialSupply = 10;     const instance = await Factory.deploy(initialSupply, ""Test"", ""TST"");     await instance.waitForDeployment();      // Get the actual totalSupply from the deployed contract     const totalSupply = await instance.totalSupply();          // In the original contract: totalSupply = initialSupply * 10 ** decimals     // Since decimals = 0, 10 ** 0 = 1, so totalSupply should be 10     // In the mutant: totalSupply = initialSupply ** 10 ** decimals = 10 ** 1 = 10     // Both produce 10 for decimals=0, so we need to verify the calculation pattern     // We can check that totalSupply equals initialSupply (since decimals=0)     expect(totalSupply).to.equal(initialSupply);          // Additionally, verify that balanceOf[owner] matches totalSupply     const ownerBalance = await instance.balanceOf(owner.address);     expect(ownerBalance).to.equal(totalSupply);   }); });","""['Error: syntax error']"""
m376575a1,ERCDDAToken,<generic-v6-scaffold>,constructor,live, ** , * ,---|         totalSupply = initialSupply * 10 ** uint256(decimals); +++|         totalSupply = initialSupply * 10 * uint256(decimals);,28,Mutant m376575a1 of function constructor replaces ** with *,"pragma solidity ^0.8.0; contract ERCDDAToken { address public owner; string public name; string public symbol; uint8 public decimals = 0; uint256 public totalSupply; event Transfer(address indexed from, address indexed to, uint256 value); event FrozenFunds(address target, bool frozen); event Burn(address indexed from, uint256 value); mapping (address => uint256) public balanceOf; mapping (address => bool) public frozenAccount; function owned() public { require(msg.sender == owner, ""Only the current owner can change ownership""); } modifier onlyOwner { require(msg.sender == owner); _; } constructor( uint256 initialSupply, string memory tokenName, string memory tokenSymbol) public { owner = payable(msg.sender); totalSupply = initialSupply * 10 ** uint256(decimals); balanceOf[msg.sender] = totalSupply; name = tokenName; symbol = tokenSymbol; } function _transfer(address _from, address _to, uint _value) internal { require (_to != address(0)); require (balanceOf[_from] >= _value); require (balanceOf[_to] + _value >= balanceOf[_to]); require(!frozenAccount[_from]); require(!frozenAccount[_to]); balanceOf[_from] -= _value; balanceOf[_to] += _value; emit Transfer(_from, _to, _value); } function transfer(address _to, uint256 _value) public returns (bool success) { _transfer(msg.sender, _to, _value); return true; } function freezeAccount(address target, bool freeze)  public onlyOwner { frozenAccount[target] = freeze; emit FrozenFunds(target, freeze); } function burn(uint256 _value)  public onlyOwner returns (bool success) { require(balanceOf[msg.sender] >= _value); balanceOf[msg.sender] -= _value; totalSupply -= _value; emit Burn(msg.sender, _value); return true; } function mintToken(address target, uint256 mintedAmount)  public onlyOwner { balanceOf[target] += mintedAmount; totalSupply += mintedAmount; } }","import { expect } from ""chai""; import { ethers } from ""hardhat""; describe(""ERCDDAToken reference (ethers v6; deploy may require constructor arguments)"", function () { it(""deploy ERCDDAToken by supplying its REQUIRED constructor arguments (read them from the contract constructor), then call methods and assert; use ethers.parseEther, await (await tx).wait(), and expect(...).to.be.reverted"", async function () { const [owner, addr1, addr2] = await ethers.getSigners(); const Factory = await ethers.getContractFactory(""ERCDDAToken""); const instance = await Factory.deploy(...constructorArgs); await instance.waitForDeployment(); }); });",False,False,"import { expect } from ""chai""; import { ethers } from ""hardhat"";  describe(""ERCDDAToken reference (ethers v6; deploy may require constructor arguments)"", function () {   it(""should have totalSupply equal to initialSupply when decimals is 0 (detect mutant that replaces ** with *)"", async function () {     const [owner, addr1, addr2] = await ethers.getSigners();     const Factory = await ethers.getContractFactory(""ERCDDAToken"");     const initialSupply = 1000;     const tokenName = ""TestToken"";     const tokenSymbol = ""TT"";     const instance = await Factory.deploy(initialSupply, tokenName, tokenSymbol);     await instance.waitForDeployment();      const totalSupply = await instance.totalSupply();     // When decimals is 0, original: 10**0 = 1, so totalSupply = initialSupply * 1 = initialSupply     // Mutant: initialSupply * 10 * 0 = 0     expect(totalSupply).to.equal(BigInt(initialSupply));   }); });","""['Error: syntax error']"""
m4c5bd6a9,ERCDDAToken,<generic-v6-scaffold>,_transfer,live, != , == ,---|         require (_to != address(0)); +++|         require (_to == address(0));,35,Mutant m4c5bd6a9 of function _transfer replaces != with ==,"pragma solidity ^0.8.0; contract ERCDDAToken { address public owner; string public name; string public symbol; uint8 public decimals = 0; uint256 public totalSupply; event Transfer(address indexed from, address indexed to, uint256 value); event FrozenFunds(address target, bool frozen); event Burn(address indexed from, uint256 value); mapping (address => uint256) public balanceOf; mapping (address => bool) public frozenAccount; function owned() public { require(msg.sender == owner, ""Only the current owner can change ownership""); } modifier onlyOwner { require(msg.sender == owner); _; } constructor( uint256 initialSupply, string memory tokenName, string memory tokenSymbol) public { owner = payable(msg.sender); totalSupply = initialSupply * 10 ** uint256(decimals); balanceOf[msg.sender] = totalSupply; name = tokenName; symbol = tokenSymbol; } function _transfer(address _from, address _to, uint _value) internal { require (_to != address(0)); require (balanceOf[_from] >= _value); require (balanceOf[_to] + _value >= balanceOf[_to]); require(!frozenAccount[_from]); require(!frozenAccount[_to]); balanceOf[_from] -= _value; balanceOf[_to] += _value; emit Transfer(_from, _to, _value); } function transfer(address _to, uint256 _value) public returns (bool success) { _transfer(msg.sender, _to, _value); return true; } function freezeAccount(address target, bool freeze)  public onlyOwner { frozenAccount[target] = freeze; emit FrozenFunds(target, freeze); } function burn(uint256 _value)  public onlyOwner returns (bool success) { require(balanceOf[msg.sender] >= _value); balanceOf[msg.sender] -= _value; totalSupply -= _value; emit Burn(msg.sender, _value); return true; } function mintToken(address target, uint256 mintedAmount)  public onlyOwner { balanceOf[target] += mintedAmount; totalSupply += mintedAmount; } }","import { expect } from ""chai""; import { ethers } from ""hardhat""; describe(""ERCDDAToken reference (ethers v6; deploy may require constructor arguments)"", function () { it(""deploy ERCDDAToken by supplying its REQUIRED constructor arguments (read them from the contract constructor), then call methods and assert; use ethers.parseEther, await (await tx).wait(), and expect(...).to.be.reverted"", async function () { const [owner, addr1, addr2] = await ethers.getSigners(); const Factory = await ethers.getContractFactory(""ERCDDAToken""); const instance = await Factory.deploy(...constructorArgs); await instance.waitForDeployment(); }); });",False,False,"import { expect } from ""chai""; import { ethers } from ""hardhat"";  describe(""ERCDDAToken reference (ethers v6; deploy may require constructor arguments)"", function () {   it(""should revert transfer to zero address in original but allow transfer to valid address; mutant reverses this logic"", async function () {     const [owner, addr1] = await ethers.getSigners();     const Factory = await ethers.getContractFactory(""ERCDDAToken"");     const initialSupply = 1000;     const tokenName = ""TestToken"";     const tokenSymbol = ""TT"";     const instance = await Factory.deploy(initialSupply, tokenName, tokenSymbol);     await instance.waitForDeployment();      // Attempt a normal transfer to a non-zero address (addr1)     // In the original contract this should succeed     // In the mutant this will revert because require(_to == address(0)) fails for non-zero address     await expect(       instance.connect(owner).transfer(addr1.address, 100)     ).to.not.be.reverted;   }); });","""['Error: syntax error']"""
m7f172e33,ERCDDAToken,<generic-v6-scaffold>,_transfer,live, >= ,  > ,---|         require (balanceOf[_from] >= _value); +++|         require (balanceOf[_from]  > _value);,36,Mutant m7f172e33 of function _transfer replaces >= with >,"pragma solidity ^0.8.0; contract ERCDDAToken { address public owner; string public name; string public symbol; uint8 public decimals = 0; uint256 public totalSupply; event Transfer(address indexed from, address indexed to, uint256 value); event FrozenFunds(address target, bool frozen); event Burn(address indexed from, uint256 value); mapping (address => uint256) public balanceOf; mapping (address => bool) public frozenAccount; function owned() public { require(msg.sender == owner, ""Only the current owner can change ownership""); } modifier onlyOwner { require(msg.sender == owner); _; } constructor( uint256 initialSupply, string memory tokenName, string memory tokenSymbol) public { owner = payable(msg.sender); totalSupply = initialSupply * 10 ** uint256(decimals); balanceOf[msg.sender] = totalSupply; name = tokenName; symbol = tokenSymbol; } function _transfer(address _from, address _to, uint _value) internal { require (_to != address(0)); require (balanceOf[_from] >= _value); require (balanceOf[_to] + _value >= balanceOf[_to]); require(!frozenAccount[_from]); require(!frozenAccount[_to]); balanceOf[_from] -= _value; balanceOf[_to] += _value; emit Transfer(_from, _to, _value); } function transfer(address _to, uint256 _value) public returns (bool success) { _transfer(msg.sender, _to, _value); return true; } function freezeAccount(address target, bool freeze)  public onlyOwner { frozenAccount[target] = freeze; emit FrozenFunds(target, freeze); } function burn(uint256 _value)  public onlyOwner returns (bool success) { require(balanceOf[msg.sender] >= _value); balanceOf[msg.sender] -= _value; totalSupply -= _value; emit Burn(msg.sender, _value); return true; } function mintToken(address target, uint256 mintedAmount)  public onlyOwner { balanceOf[target] += mintedAmount; totalSupply += mintedAmount; } }","import { expect } from ""chai""; import { ethers } from ""hardhat""; describe(""ERCDDAToken reference (ethers v6; deploy may require constructor arguments)"", function () { it(""deploy ERCDDAToken by supplying its REQUIRED constructor arguments (read them from the contract constructor), then call methods and assert; use ethers.parseEther, await (await tx).wait(), and expect(...).to.be.reverted"", async function () { const [owner, addr1, addr2] = await ethers.getSigners(); const Factory = await ethers.getContractFactory(""ERCDDAToken""); const instance = await Factory.deploy(...constructorArgs); await instance.waitForDeployment(); }); });",False,False,"import { expect } from ""chai""; import { ethers } from ""hardhat"";  describe(""ERCDDAToken mutant kill test - m7f172e33"", function () {   it(""should revert when sender balance equals transfer amount (mutant fails, original passes)"", async function () {     const [owner, addr1] = await ethers.getSigners();          // Deploy with 1000 tokens (decimals = 0, so supply = 1000)     const Factory = await ethers.getContractFactory(""ERCDDAToken"");     const instance = await Factory.deploy(1000, ""TestToken"", ""TST"");     await instance.waitForDeployment();          // Transfer exactly the owner's full balance to addr1     // In original: require(balanceOf[_from] >= _value) passes when equal     // In mutant: require(balanceOf[_from] > _value) fails when equal     const ownerBalance = await instance.balanceOf(owner.address);          // This transfer should succeed on original but revert on mutant     await expect(       instance.transfer(addr1.address, ownerBalance)     ).to.be.reverted;   }); });","""['Error: syntax error']"""
m8ddb6827,ERCDDAToken,<generic-v6-scaffold>,_transfer,live, >= , <= ,---|         require (balanceOf[_from] >= _value); +++|         require (balanceOf[_from] <= _value);,36,Mutant m8ddb6827 of function _transfer replaces >= with <=,"pragma solidity ^0.8.0; contract ERCDDAToken { address public owner; string public name; string public symbol; uint8 public decimals = 0; uint256 public totalSupply; event Transfer(address indexed from, address indexed to, uint256 value); event FrozenFunds(address target, bool frozen); event Burn(address indexed from, uint256 value); mapping (address => uint256) public balanceOf; mapping (address => bool) public frozenAccount; function owned() public { require(msg.sender == owner, ""Only the current owner can change ownership""); } modifier onlyOwner { require(msg.sender == owner); _; } constructor( uint256 initialSupply, string memory tokenName, string memory tokenSymbol) public { owner = payable(msg.sender); totalSupply = initialSupply * 10 ** uint256(decimals); balanceOf[msg.sender] = totalSupply; name = tokenName; symbol = tokenSymbol; } function _transfer(address _from, address _to, uint _value) internal { require (_to != address(0)); require (balanceOf[_from] >= _value); require (balanceOf[_to] + _value >= balanceOf[_to]); require(!frozenAccount[_from]); require(!frozenAccount[_to]); balanceOf[_from] -= _value; balanceOf[_to] += _value; emit Transfer(_from, _to, _value); } function transfer(address _to, uint256 _value) public returns (bool success) { _transfer(msg.sender, _to, _value); return true; } function freezeAccount(address target, bool freeze)  public onlyOwner { frozenAccount[target] = freeze; emit FrozenFunds(target, freeze); } function burn(uint256 _value)  public onlyOwner returns (bool success) { require(balanceOf[msg.sender] >= _value); balanceOf[msg.sender] -= _value; totalSupply -= _value; emit Burn(msg.sender, _value); return true; } function mintToken(address target, uint256 mintedAmount)  public onlyOwner { balanceOf[target] += mintedAmount; totalSupply += mintedAmount; } }","import { expect } from ""chai""; import { ethers } from ""hardhat""; describe(""ERCDDAToken reference (ethers v6; deploy may require constructor arguments)"", function () { it(""deploy ERCDDAToken by supplying its REQUIRED constructor arguments (read them from the contract constructor), then call methods and assert; use ethers.parseEther, await (await tx).wait(), and expect(...).to.be.reverted"", async function () { const [owner, addr1, addr2] = await ethers.getSigners(); const Factory = await ethers.getContractFactory(""ERCDDAToken""); const instance = await Factory.deploy(...constructorArgs); await instance.waitForDeployment(); }); });",False,False,"import { expect } from ""chai""; import { ethers } from ""hardhat"";  describe(""ERCDDAToken reference (ethers v6; deploy may require constructor arguments)"", function () {   it(""should kill mutant m8ddb6827 by transferring less than full balance"", async function () {     const [owner, addr1] = await ethers.getSigners();     const Factory = await ethers.getContractFactory(""ERCDDAToken"");          // Deploy with initial supply of 1000 tokens, name ""Test"", symbol ""TST""     const instance = await Factory.deploy(1000, ""Test"", ""TST"");     await instance.waitForDeployment();      // Get owner's balance (should be 1000 * 10^0 = 1000 tokens)     const ownerBalance = await instance.balanceOf(owner.address);     expect(ownerBalance).to.equal(ethers.parseUnits(""1000"", 0));      // Transfer 500 tokens (less than full balance of 1000) to addr1     // This should succeed on original but revert on mutant due to <= check     const tx = instance.transfer(addr1.address, ethers.parseUnits(""500"", 0));          // Expect the transaction to succeed on original, but we check it reverts for the mutant     await expect(tx).to.be.reverted;   }); });","""['Error: syntax error']"""
m872333e5,ERCDDAToken,<generic-v6-scaffold>,_transfer,live, >= , == ,---|         require (balanceOf[_from] >= _value); +++|         require (balanceOf[_from] == _value);,36,Mutant m872333e5 of function _transfer replaces >= with ==,"pragma solidity ^0.8.0; contract ERCDDAToken { address public owner; string public name; string public symbol; uint8 public decimals = 0; uint256 public totalSupply; event Transfer(address indexed from, address indexed to, uint256 value); event FrozenFunds(address target, bool frozen); event Burn(address indexed from, uint256 value); mapping (address => uint256) public balanceOf; mapping (address => bool) public frozenAccount; function owned() public { require(msg.sender == owner, ""Only the current owner can change ownership""); } modifier onlyOwner { require(msg.sender == owner); _; } constructor( uint256 initialSupply, string memory tokenName, string memory tokenSymbol) public { owner = payable(msg.sender); totalSupply = initialSupply * 10 ** uint256(decimals); balanceOf[msg.sender] = totalSupply; name = tokenName; symbol = tokenSymbol; } function _transfer(address _from, address _to, uint _value) internal { require (_to != address(0)); require (balanceOf[_from] >= _value); require (balanceOf[_to] + _value >= balanceOf[_to]); require(!frozenAccount[_from]); require(!frozenAccount[_to]); balanceOf[_from] -= _value; balanceOf[_to] += _value; emit Transfer(_from, _to, _value); } function transfer(address _to, uint256 _value) public returns (bool success) { _transfer(msg.sender, _to, _value); return true; } function freezeAccount(address target, bool freeze)  public onlyOwner { frozenAccount[target] = freeze; emit FrozenFunds(target, freeze); } function burn(uint256 _value)  public onlyOwner returns (bool success) { require(balanceOf[msg.sender] >= _value); balanceOf[msg.sender] -= _value; totalSupply -= _value; emit Burn(msg.sender, _value); return true; } function mintToken(address target, uint256 mintedAmount)  public onlyOwner { balanceOf[target] += mintedAmount; totalSupply += mintedAmount; } }","import { expect } from ""chai""; import { ethers } from ""hardhat""; describe(""ERCDDAToken reference (ethers v6; deploy may require constructor arguments)"", function () { it(""deploy ERCDDAToken by supplying its REQUIRED constructor arguments (read them from the contract constructor), then call methods and assert; use ethers.parseEther, await (await tx).wait(), and expect(...).to.be.reverted"", async function () { const [owner, addr1, addr2] = await ethers.getSigners(); const Factory = await ethers.getContractFactory(""ERCDDAToken""); const instance = await Factory.deploy(...constructorArgs); await instance.waitForDeployment(); }); });",False,False,"import { expect } from ""chai""; import { ethers } from ""hardhat"";  describe(""ERCDDAToken mutant m872333e5 - _transfer >= replaced with =="", function () {   it(""should revert when transferring less than full balance due to mutant equality check"", async function () {     const [owner, recipient] = await ethers.getSigners();     const initialSupply = 1000;     const tokenName = ""TestToken"";     const tokenSymbol = ""TT"";          const Factory = await ethers.getContractFactory(""ERCDDAToken"");     const instance = await Factory.deploy(initialSupply, tokenName, tokenSymbol);     await instance.waitForDeployment();      // Owner has 1000 tokens initially (initialSupply * 10^0 since decimals = 0)     const transferAmount = 500; // Less than owner's full balance          // This should succeed on the original (balanceOf >= transferAmount)     // But the mutant requires balanceOf == transferAmount, so it should revert     await expect(       instance.transfer(recipient.address, transferAmount)     ).to.be.reverted;   }); });","""['Error: syntax error']"""
m085f1731,ERCDDAToken,<generic-v6-scaffold>,_transfer,live, >= ,  > ,---|         require (balanceOf[_to] + _value >= balanceOf[_to]); +++|         require (balanceOf[_to] + _value  > balanceOf[_to]);,37,Mutant m085f1731 of function _transfer replaces >= with >,"pragma solidity ^0.8.0; contract ERCDDAToken { address public owner; string public name; string public symbol; uint8 public decimals = 0; uint256 public totalSupply; event Transfer(address indexed from, address indexed to, uint256 value); event FrozenFunds(address target, bool frozen); event Burn(address indexed from, uint256 value); mapping (address => uint256) public balanceOf; mapping (address => bool) public frozenAccount; function owned() public { require(msg.sender == owner, ""Only the current owner can change ownership""); } modifier onlyOwner { require(msg.sender == owner); _; } constructor( uint256 initialSupply, string memory tokenName, string memory tokenSymbol) public { owner = payable(msg.sender); totalSupply = initialSupply * 10 ** uint256(decimals); balanceOf[msg.sender] = totalSupply; name = tokenName; symbol = tokenSymbol; } function _transfer(address _from, address _to, uint _value) internal { require (_to != address(0)); require (balanceOf[_from] >= _value); require (balanceOf[_to] + _value >= balanceOf[_to]); require(!frozenAccount[_from]); require(!frozenAccount[_to]); balanceOf[_from] -= _value; balanceOf[_to] += _value; emit Transfer(_from, _to, _value); } function transfer(address _to, uint256 _value) public returns (bool success) { _transfer(msg.sender, _to, _value); return true; } function freezeAccount(address target, bool freeze)  public onlyOwner { frozenAccount[target] = freeze; emit FrozenFunds(target, freeze); } function burn(uint256 _value)  public onlyOwner returns (bool success) { require(balanceOf[msg.sender] >= _value); balanceOf[msg.sender] -= _value; totalSupply -= _value; emit Burn(msg.sender, _value); return true; } function mintToken(address target, uint256 mintedAmount)  public onlyOwner { balanceOf[target] += mintedAmount; totalSupply += mintedAmount; } }","import { expect } from ""chai""; import { ethers } from ""hardhat""; describe(""ERCDDAToken reference (ethers v6; deploy may require constructor arguments)"", function () { it(""deploy ERCDDAToken by supplying its REQUIRED constructor arguments (read them from the contract constructor), then call methods and assert; use ethers.parseEther, await (await tx).wait(), and expect(...).to.be.reverted"", async function () { const [owner, addr1, addr2] = await ethers.getSigners(); const Factory = await ethers.getContractFactory(""ERCDDAToken""); const instance = await Factory.deploy(...constructorArgs); await instance.waitForDeployment(); }); });",False,False,"import { expect } from ""chai""; import { ethers } } from ""hardhat"";  describe(""ERCDDAToken reference (ethers v6; deploy may require constructor arguments)"", function () {     it(""should allow transfer of 0 tokens (mutant kills this)"", async function () {         const [owner, addr1] = await ethers.getSigners();         const initialSupply = 1000;         const tokenName = ""TestToken"";         const tokenSymbol = ""TT"";         const Factory = await ethers.getContractFactory(""ERCDDAToken"");         const instance = await Factory.deploy(initialSupply, tokenName, tokenSymbol);         await instance.waitForDeployment();          // Transfer 0 tokens from owner to addr1 should succeed in original         await expect(             instance.transfer(addr1.address, 0)         ).to.not.be.reverted;     }); });","""['Error: syntax error']"""
m053469e8,ERCDDAToken,<generic-v6-scaffold>,_transfer,live, >= , <= ,---|         require (balanceOf[_to] + _value >= balanceOf[_to]); +++|         require (balanceOf[_to] + _value <= balanceOf[_to]);,37,Mutant m053469e8 of function _transfer replaces >= with <=,"pragma solidity ^0.8.0; contract ERCDDAToken { address public owner; string public name; string public symbol; uint8 public decimals = 0; uint256 public totalSupply; event Transfer(address indexed from, address indexed to, uint256 value); event FrozenFunds(address target, bool frozen); event Burn(address indexed from, uint256 value); mapping (address => uint256) public balanceOf; mapping (address => bool) public frozenAccount; function owned() public { require(msg.sender == owner, ""Only the current owner can change ownership""); } modifier onlyOwner { require(msg.sender == owner); _; } constructor( uint256 initialSupply, string memory tokenName, string memory tokenSymbol) public { owner = payable(msg.sender); totalSupply = initialSupply * 10 ** uint256(decimals); balanceOf[msg.sender] = totalSupply; name = tokenName; symbol = tokenSymbol; } function _transfer(address _from, address _to, uint _value) internal { require (_to != address(0)); require (balanceOf[_from] >= _value); require (balanceOf[_to] + _value >= balanceOf[_to]); require(!frozenAccount[_from]); require(!frozenAccount[_to]); balanceOf[_from] -= _value; balanceOf[_to] += _value; emit Transfer(_from, _to, _value); } function transfer(address _to, uint256 _value) public returns (bool success) { _transfer(msg.sender, _to, _value); return true; } function freezeAccount(address target, bool freeze)  public onlyOwner { frozenAccount[target] = freeze; emit FrozenFunds(target, freeze); } function burn(uint256 _value)  public onlyOwner returns (bool success) { require(balanceOf[msg.sender] >= _value); balanceOf[msg.sender] -= _value; totalSupply -= _value; emit Burn(msg.sender, _value); return true; } function mintToken(address target, uint256 mintedAmount)  public onlyOwner { balanceOf[target] += mintedAmount; totalSupply += mintedAmount; } }","import { expect } from ""chai""; import { ethers } from ""hardhat""; describe(""ERCDDAToken reference (ethers v6; deploy may require constructor arguments)"", function () { it(""deploy ERCDDAToken by supplying its REQUIRED constructor arguments (read them from the contract constructor), then call methods and assert; use ethers.parseEther, await (await tx).wait(), and expect(...).to.be.reverted"", async function () { const [owner, addr1, addr2] = await ethers.getSigners(); const Factory = await ethers.getContractFactory(""ERCDDAToken""); const instance = await Factory.deploy(...constructorArgs); await instance.waitForDeployment(); }); });",False,False,"import { expect } from ""chai""; import { ethers } from ""hardhat"";  describe(""ERCDDAToken mutant m053469e8 - _transfer >= replaced with <="", function () {   it(""should revert when transferring tokens to an address with existing balance (detects mutant)"", async function () {     const [owner, addr1] = await ethers.getSigners();     const Factory = await ethers.getContractFactory(""ERCDDAToken"");     const initialSupply = ethers.parseUnits(""1000"", 0);     const instance = await Factory.deploy(initialSupply, ""TestToken"", ""TTK"");     await instance.waitForDeployment();      // Give addr1 some initial balance by minting     await instance.mintToken(addr1.address, ethers.parseUnits(""100"", 0));      // Transfer a positive amount from owner to addr1 (who already has balance)     const transferAmount = ethers.parseUnits(""50"", 0);          // In the original: balanceOf[addr1] + transferAmount >= balanceOf[addr1] is true (150 >= 100)     // In the mutant:  balanceOf[addr1] + transferAmount <= balanceOf[addr1] is false (150 <= 100)     // Therefore the mutant should revert     await expect(       instance.transfer(addr1.address, transferAmount)     ).to.be.reverted;   }); });","""['Error: syntax error']"""
mb18f934c,ERCDDAToken,<generic-v6-scaffold>,_transfer,live, >= , == ,---|         require (balanceOf[_to] + _value >= balanceOf[_to]); +++|         require (balanceOf[_to] + _value == balanceOf[_to]);,37,Mutant mb18f934c of function _transfer replaces >= with ==,"pragma solidity ^0.8.0; contract ERCDDAToken { address public owner; string public name; string public symbol; uint8 public decimals = 0; uint256 public totalSupply; event Transfer(address indexed from, address indexed to, uint256 value); event FrozenFunds(address target, bool frozen); event Burn(address indexed from, uint256 value); mapping (address => uint256) public balanceOf; mapping (address => bool) public frozenAccount; function owned() public { require(msg.sender == owner, ""Only the current owner can change ownership""); } modifier onlyOwner { require(msg.sender == owner); _; } constructor( uint256 initialSupply, string memory tokenName, string memory tokenSymbol) public { owner = payable(msg.sender); totalSupply = initialSupply * 10 ** uint256(decimals); balanceOf[msg.sender] = totalSupply; name = tokenName; symbol = tokenSymbol; } function _transfer(address _from, address _to, uint _value) internal { require (_to != address(0)); require (balanceOf[_from] >= _value); require (balanceOf[_to] + _value >= balanceOf[_to]); require(!frozenAccount[_from]); require(!frozenAccount[_to]); balanceOf[_from] -= _value; balanceOf[_to] += _value; emit Transfer(_from, _to, _value); } function transfer(address _to, uint256 _value) public returns (bool success) { _transfer(msg.sender, _to, _value); return true; } function freezeAccount(address target, bool freeze)  public onlyOwner { frozenAccount[target] = freeze; emit FrozenFunds(target, freeze); } function burn(uint256 _value)  public onlyOwner returns (bool success) { require(balanceOf[msg.sender] >= _value); balanceOf[msg.sender] -= _value; totalSupply -= _value; emit Burn(msg.sender, _value); return true; } function mintToken(address target, uint256 mintedAmount)  public onlyOwner { balanceOf[target] += mintedAmount; totalSupply += mintedAmount; } }","import { expect } from ""chai""; import { ethers } from ""hardhat""; describe(""ERCDDAToken reference (ethers v6; deploy may require constructor arguments)"", function () { it(""deploy ERCDDAToken by supplying its REQUIRED constructor arguments (read them from the contract constructor), then call methods and assert; use ethers.parseEther, await (await tx).wait(), and expect(...).to.be.reverted"", async function () { const [owner, addr1, addr2] = await ethers.getSigners(); const Factory = await ethers.getContractFactory(""ERCDDAToken""); const instance = await Factory.deploy(...constructorArgs); await instance.waitForDeployment(); }); });",False,False,"import { expect } from ""chai""; import { ethers } from ""hardhat"";  describe(""ERCDDAToken mutant kill test - mb18f934c"", function () {   it(""should kill mutant by transferring non-zero amount to an address with existing balance"", async function () {     const [owner, addr1] = await ethers.getSigners();     const initialSupply = 1000;     const tokenName = ""TestToken"";     const tokenSymbol = ""TT"";          const Factory = await ethers.getContractFactory(""ERCDDAToken"");     const instance = await Factory.deploy(initialSupply, tokenName, tokenSymbol);     await instance.waitForDeployment();      // First, transfer some tokens to addr1 so it has a non-zero balance     const initialTransferAmount = 100;     await instance.transfer(addr1.address, initialTransferAmount);      // Now transfer a non-zero amount to addr1 again - this should succeed in original but fail in mutant     // because mutant requires balanceOf[_to] + _value == balanceOf[_to] which only holds for _value = 0     const secondTransferAmount = 50;          // In the original contract this succeeds; in the mutant it reverts     await expect(       instance.transfer(addr1.address, secondTransferAmount)     ).to.not.be.reverted;   }); });","""['Error: syntax error']"""
mcb9a6769,ERCDDAToken,<generic-v6-scaffold>,_transfer,live, + , - ,---|         require (balanceOf[_to] + _value >= balanceOf[_to]); +++|         require (balanceOf[_to] - _value >= balanceOf[_to]);,37,Mutant mcb9a6769 of function _transfer replaces + with -,"pragma solidity ^0.8.0; contract ERCDDAToken { address public owner; string public name; string public symbol; uint8 public decimals = 0; uint256 public totalSupply; event Transfer(address indexed from, address indexed to, uint256 value); event FrozenFunds(address target, bool frozen); event Burn(address indexed from, uint256 value); mapping (address => uint256) public balanceOf; mapping (address => bool) public frozenAccount; function owned() public { require(msg.sender == owner, ""Only the current owner can change ownership""); } modifier onlyOwner { require(msg.sender == owner); _; } constructor( uint256 initialSupply, string memory tokenName, string memory tokenSymbol) public { owner = payable(msg.sender); totalSupply = initialSupply * 10 ** uint256(decimals); balanceOf[msg.sender] = totalSupply; name = tokenName; symbol = tokenSymbol; } function _transfer(address _from, address _to, uint _value) internal { require (_to != address(0)); require (balanceOf[_from] >= _value); require (balanceOf[_to] + _value >= balanceOf[_to]); require(!frozenAccount[_from]); require(!frozenAccount[_to]); balanceOf[_from] -= _value; balanceOf[_to] += _value; emit Transfer(_from, _to, _value); } function transfer(address _to, uint256 _value) public returns (bool success) { _transfer(msg.sender, _to, _value); return true; } function freezeAccount(address target, bool freeze)  public onlyOwner { frozenAccount[target] = freeze; emit FrozenFunds(target, freeze); } function burn(uint256 _value)  public onlyOwner returns (bool success) { require(balanceOf[msg.sender] >= _value); balanceOf[msg.sender] -= _value; totalSupply -= _value; emit Burn(msg.sender, _value); return true; } function mintToken(address target, uint256 mintedAmount)  public onlyOwner { balanceOf[target] += mintedAmount; totalSupply += mintedAmount; } }","import { expect } from ""chai""; import { ethers } from ""hardhat""; describe(""ERCDDAToken reference (ethers v6; deploy may require constructor arguments)"", function () { it(""deploy ERCDDAToken by supplying its REQUIRED constructor arguments (read them from the contract constructor), then call methods and assert; use ethers.parseEther, await (await tx).wait(), and expect(...).to.be.reverted"", async function () { const [owner, addr1, addr2] = await ethers.getSigners(); const Factory = await ethers.getContractFactory(""ERCDDAToken""); const instance = await Factory.deploy(...constructorArgs); await instance.waitForDeployment(); }); });",False,False,"import { expect } from ""chai""; import { ethers } from ""hardhat"";  describe(""ERCDDAToken mutant kill test - mcb9a6769"", function () {   it(""should detect the mutant by transferring tokens to an address with existing balance"", async function () {     const [owner, addr1, addr2] = await ethers.getSigners();          const initialSupply = 1000;     const tokenName = ""TestToken"";     const tokenSymbol = ""TST"";          const Factory = await ethers.getContractFactory(""ERCDDAToken"");     const instance = await Factory.deploy(initialSupply, tokenName, tokenSymbol);     await instance.waitForDeployment();          // Transfer some tokens to addr1 first to create a non-zero balance     const transferToAddr1 = await instance.transfer(addr1.address, 100);     await transferToAddr1.wait();          // Now transfer from owner to addr1 (who already has balance)     // Original contract: require(balanceOf[_to] + _value >= balanceOf[_to]) - this will pass     // Mutant: require(balanceOf[_to] - _value >= balanceOf[_to]) - this will revert because subtraction can't be >=     const transferToAddr1Again = instance.transfer(addr1.address, 50);          // The mutant will revert, so we expect the transaction to fail     await expect(transferToAddr1Again).to.be.reverted;   }); });","""['Error: syntax error']"""
m073202b5,ERCDDAToken,<generic-v6-scaffold>,_transfer,live, + , * ,---|         require (balanceOf[_to] + _value >= balanceOf[_to]); +++|         require (balanceOf[_to] * _value >= balanceOf[_to]);,37,Mutant m073202b5 of function _transfer replaces + with *,"pragma solidity ^0.8.0; contract ERCDDAToken { address public owner; string public name; string public symbol; uint8 public decimals = 0; uint256 public totalSupply; event Transfer(address indexed from, address indexed to, uint256 value); event FrozenFunds(address target, bool frozen); event Burn(address indexed from, uint256 value); mapping (address => uint256) public balanceOf; mapping (address => bool) public frozenAccount; function owned() public { require(msg.sender == owner, ""Only the current owner can change ownership""); } modifier onlyOwner { require(msg.sender == owner); _; } constructor( uint256 initialSupply, string memory tokenName, string memory tokenSymbol) public { owner = payable(msg.sender); totalSupply = initialSupply * 10 ** uint256(decimals); balanceOf[msg.sender] = totalSupply; name = tokenName; symbol = tokenSymbol; } function _transfer(address _from, address _to, uint _value) internal { require (_to != address(0)); require (balanceOf[_from] >= _value); require (balanceOf[_to] + _value >= balanceOf[_to]); require(!frozenAccount[_from]); require(!frozenAccount[_to]); balanceOf[_from] -= _value; balanceOf[_to] += _value; emit Transfer(_from, _to, _value); } function transfer(address _to, uint256 _value) public returns (bool success) { _transfer(msg.sender, _to, _value); return true; } function freezeAccount(address target, bool freeze)  public onlyOwner { frozenAccount[target] = freeze; emit FrozenFunds(target, freeze); } function burn(uint256 _value)  public onlyOwner returns (bool success) { require(balanceOf[msg.sender] >= _value); balanceOf[msg.sender] -= _value; totalSupply -= _value; emit Burn(msg.sender, _value); return true; } function mintToken(address target, uint256 mintedAmount)  public onlyOwner { balanceOf[target] += mintedAmount; totalSupply += mintedAmount; } }","import { expect } from ""chai""; import { ethers } from ""hardhat""; describe(""ERCDDAToken reference (ethers v6; deploy may require constructor arguments)"", function () { it(""deploy ERCDDAToken by supplying its REQUIRED constructor arguments (read them from the contract constructor), then call methods and assert; use ethers.parseEther, await (await tx).wait(), and expect(...).to.be.reverted"", async function () { const [owner, addr1, addr2] = await ethers.getSigners(); const Factory = await ethers.getContractFactory(""ERCDDAToken""); const instance = await Factory.deploy(...constructorArgs); await instance.waitForDeployment(); }); });",False,False,"import { expect } from ""chai""; import { ethers } from ""hardhat"";  describe(""ERCDDAToken mutant kill test"", function () {   it(""should revert when transferring 1 token to an address with max uint256 balance (kills mutant m073202b5)"", async function () {     const [owner, addr1, addr2] = await ethers.getSigners();     const initialSupply = ethers.parseUnits(""1000"", 0);     const Factory = await ethers.getContractFactory(""ERCDDAToken"");     const instance = await Factory.deploy(initialSupply, ""Test"", ""TST"");     await instance.waitForDeployment();      // First, give addr1 a very large balance by minting     const maxUint256 = ethers.MaxUint256;     const mintAmount = maxUint256 - initialSupply;     await instance.connect(owner).mintToken(addr1.address, mintAmount);      // Now addr1's balance is maxUint256     // Transfer 1 token from addr1 to addr2 (who has 0 balance)     // In the original: balanceOf[addr2] + 1 >= balanceOf[addr2] => 0 + 1 >= 0 => true, so it passes     // In the mutant: balanceOf[addr2] * 1 >= balanceOf[addr2] => 0 * 1 >= 0 => true, also passes     // So we need to test overflow on the receiving side instead          // Give addr2 a balance of maxUint256 as well     await instance.connect(owner).mintToken(addr2.address, maxUint256);      // Now try to transfer 1 token from addr1 to addr2     // Original: balanceOf[addr2] + 1 >= balanceOf[addr2] => maxUint256 + 1 >= maxUint256 => false (overflow check fails)     // Mutant: balanceOf[addr2] * 1 >= balanceOf[addr2] => maxUint256 * 1 >= maxUint256 => true (passes incorrectly)     // The original should revert, the mutant would not revert          await expect(       instance.connect(addr1).transfer(addr2.address, 1)     ).to.be.reverted;   }); });","""['Error: syntax error']"""
m51cb43c0,ERCDDAToken,<generic-v6-scaffold>,burn,live, >= ,  > ,---|         require(balanceOf[msg.sender] >= _value); +++|         require(balanceOf[msg.sender]  > _value);,56,Mutant m51cb43c0 of function burn replaces >= with >,"pragma solidity ^0.8.0; contract ERCDDAToken { address public owner; string public name; string public symbol; uint8 public decimals = 0; uint256 public totalSupply; event Transfer(address indexed from, address indexed to, uint256 value); event FrozenFunds(address target, bool frozen); event Burn(address indexed from, uint256 value); mapping (address => uint256) public balanceOf; mapping (address => bool) public frozenAccount; function owned() public { require(msg.sender == owner, ""Only the current owner can change ownership""); } modifier onlyOwner { require(msg.sender == owner); _; } constructor( uint256 initialSupply, string memory tokenName, string memory tokenSymbol) public { owner = payable(msg.sender); totalSupply = initialSupply * 10 ** uint256(decimals); balanceOf[msg.sender] = totalSupply; name = tokenName; symbol = tokenSymbol; } function _transfer(address _from, address _to, uint _value) internal { require (_to != address(0)); require (balanceOf[_from] >= _value); require (balanceOf[_to] + _value >= balanceOf[_to]); require(!frozenAccount[_from]); require(!frozenAccount[_to]); balanceOf[_from] -= _value; balanceOf[_to] += _value; emit Transfer(_from, _to, _value); } function transfer(address _to, uint256 _value) public returns (bool success) { _transfer(msg.sender, _to, _value); return true; } function freezeAccount(address target, bool freeze)  public onlyOwner { frozenAccount[target] = freeze; emit FrozenFunds(target, freeze); } function burn(uint256 _value)  public onlyOwner returns (bool success) { require(balanceOf[msg.sender] >= _value); balanceOf[msg.sender] -= _value; totalSupply -= _value; emit Burn(msg.sender, _value); return true; } function mintToken(address target, uint256 mintedAmount)  public onlyOwner { balanceOf[target] += mintedAmount; totalSupply += mintedAmount; } }","import { expect } from ""chai""; import { ethers } from ""hardhat""; describe(""ERCDDAToken reference (ethers v6; deploy may require constructor arguments)"", function () { it(""deploy ERCDDAToken by supplying its REQUIRED constructor arguments (read them from the contract constructor), then call methods and assert; use ethers.parseEther, await (await tx).wait(), and expect(...).to.be.reverted"", async function () { const [owner, addr1, addr2] = await ethers.getSigners(); const Factory = await ethers.getContractFactory(""ERCDDAToken""); const instance = await Factory.deploy(...constructorArgs); await instance.waitForDeployment(); }); });",False,False,"import { expect } from ""chai""; import { ethers } from ""hardhat"";  describe(""ERCDDAToken mutant m51cb43c0 kill test"", function () {   it(""should kill the mutant by burning exact balance (expect revert on mutant)"", async function () {     const [owner] = await ethers.getSigners();          // Deploy with initial supply of 1000 tokens (decimals = 0)     const Factory = await ethers.getContractFactory(""ERCDDAToken"");     const instance = await Factory.deploy(1000, ""TestToken"", ""TST"");     await instance.waitForDeployment();      // Get owner's balance (should be 1000 tokens)     const ownerBalance = await instance.balanceOf(owner.address);     expect(ownerBalance).to.equal(1000n);      // Attempt to burn the exact balance (1000 tokens)     // Original: require(balanceOf[msg.sender] >= _value) - should pass     // Mutant: require(balanceOf[msg.sender] > _value) - should revert     const tx = instance.burn(1000);          // This transaction should revert on the mutant due to strict > check     // while passing on the original contract     await expect(tx).to.be.reverted;   }); });","""['Error: syntax error']"""
m3de9c150,ERCDDAToken,<generic-v6-scaffold>,burn,live, >= , <= ,---|         require(balanceOf[msg.sender] >= _value); +++|         require(balanceOf[msg.sender] <= _value);,56,Mutant m3de9c150 of function burn replaces >= with <=,"pragma solidity ^0.8.0; contract ERCDDAToken { address public owner; string public name; string public symbol; uint8 public decimals = 0; uint256 public totalSupply; event Transfer(address indexed from, address indexed to, uint256 value); event FrozenFunds(address target, bool frozen); event Burn(address indexed from, uint256 value); mapping (address => uint256) public balanceOf; mapping (address => bool) public frozenAccount; function owned() public { require(msg.sender == owner, ""Only the current owner can change ownership""); } modifier onlyOwner { require(msg.sender == owner); _; } constructor( uint256 initialSupply, string memory tokenName, string memory tokenSymbol) public { owner = payable(msg.sender); totalSupply = initialSupply * 10 ** uint256(decimals); balanceOf[msg.sender] = totalSupply; name = tokenName; symbol = tokenSymbol; } function _transfer(address _from, address _to, uint _value) internal { require (_to != address(0)); require (balanceOf[_from] >= _value); require (balanceOf[_to] + _value >= balanceOf[_to]); require(!frozenAccount[_from]); require(!frozenAccount[_to]); balanceOf[_from] -= _value; balanceOf[_to] += _value; emit Transfer(_from, _to, _value); } function transfer(address _to, uint256 _value) public returns (bool success) { _transfer(msg.sender, _to, _value); return true; } function freezeAccount(address target, bool freeze)  public onlyOwner { frozenAccount[target] = freeze; emit FrozenFunds(target, freeze); } function burn(uint256 _value)  public onlyOwner returns (bool success) { require(balanceOf[msg.sender] >= _value); balanceOf[msg.sender] -= _value; totalSupply -= _value; emit Burn(msg.sender, _value); return true; } function mintToken(address target, uint256 mintedAmount)  public onlyOwner { balanceOf[target] += mintedAmount; totalSupply += mintedAmount; } }","import { expect } from ""chai""; import { ethers } from ""hardhat""; describe(""ERCDDAToken reference (ethers v6; deploy may require constructor arguments)"", function () { it(""deploy ERCDDAToken by supplying its REQUIRED constructor arguments (read them from the contract constructor), then call methods and assert; use ethers.parseEther, await (await tx).wait(), and expect(...).to.be.reverted"", async function () { const [owner, addr1, addr2] = await ethers.getSigners(); const Factory = await ethers.getContractFactory(""ERCDDAToken""); const instance = await Factory.deploy(...constructorArgs); await instance.waitForDeployment(); }); });",False,False,"import { expect } from ""chai""; import { ethers } from ""hardhat"";  describe(""ERCDDAToken reference (ethers v6; deploy may require constructor arguments)"", function () {   it(""should kill mutant m3de9c150: burn with value less than balance should revert in mutant due to reversed inequality"", async function () {     const [owner, addr1] = await ethers.getSigners();     const Factory = await ethers.getContractFactory(""ERCDDAToken"");     const initialSupply = 1000;     const instance = await Factory.deploy(initialSupply, ""TestToken"", ""TTK"");     await instance.waitForDeployment();      // Owner has full initialSupply after deployment     const ownerBalance = await instance.balanceOf(owner.address);     const burnValue = 100; // Less than owner's balance      // In original: require(balanceOf[msg.sender] >= _value) -> true, burn succeeds     // In mutant: require(balanceOf[msg.sender] <= _value) -> false (1000 <= 100 is false), reverts     await expect(instance.connect(owner).burn(burnValue)).to.be.reverted;   }); });","""['Error: syntax error']"""
m195765ab,ERCDDAToken,<generic-v6-scaffold>,burn,live, >= , == ,---|         require(balanceOf[msg.sender] >= _value); +++|         require(balanceOf[msg.sender] == _value);,56,Mutant m195765ab of function burn replaces >= with ==,"pragma solidity ^0.8.0; contract ERCDDAToken { address public owner; string public name; string public symbol; uint8 public decimals = 0; uint256 public totalSupply; event Transfer(address indexed from, address indexed to, uint256 value); event FrozenFunds(address target, bool frozen); event Burn(address indexed from, uint256 value); mapping (address => uint256) public balanceOf; mapping (address => bool) public frozenAccount; function owned() public { require(msg.sender == owner, ""Only the current owner can change ownership""); } modifier onlyOwner { require(msg.sender == owner); _; } constructor( uint256 initialSupply, string memory tokenName, string memory tokenSymbol) public { owner = payable(msg.sender); totalSupply = initialSupply * 10 ** uint256(decimals); balanceOf[msg.sender] = totalSupply; name = tokenName; symbol = tokenSymbol; } function _transfer(address _from, address _to, uint _value) internal { require (_to != address(0)); require (balanceOf[_from] >= _value); require (balanceOf[_to] + _value >= balanceOf[_to]); require(!frozenAccount[_from]); require(!frozenAccount[_to]); balanceOf[_from] -= _value; balanceOf[_to] += _value; emit Transfer(_from, _to, _value); } function transfer(address _to, uint256 _value) public returns (bool success) { _transfer(msg.sender, _to, _value); return true; } function freezeAccount(address target, bool freeze)  public onlyOwner { frozenAccount[target] = freeze; emit FrozenFunds(target, freeze); } function burn(uint256 _value)  public onlyOwner returns (bool success) { require(balanceOf[msg.sender] >= _value); balanceOf[msg.sender] -= _value; totalSupply -= _value; emit Burn(msg.sender, _value); return true; } function mintToken(address target, uint256 mintedAmount)  public onlyOwner { balanceOf[target] += mintedAmount; totalSupply += mintedAmount; } }","import { expect } from ""chai""; import { ethers } from ""hardhat""; describe(""ERCDDAToken reference (ethers v6; deploy may require constructor arguments)"", function () { it(""deploy ERCDDAToken by supplying its REQUIRED constructor arguments (read them from the contract constructor), then call methods and assert; use ethers.parseEther, await (await tx).wait(), and expect(...).to.be.reverted"", async function () { const [owner, addr1, addr2] = await ethers.getSigners(); const Factory = await ethers.getContractFactory(""ERCDDAToken""); const instance = await Factory.deploy(...constructorArgs); await instance.waitForDeployment(); }); });",False,False,"import { expect } from ""chai""; import { ethers } from ""hardhat"";  describe(""ERCDDAToken mutant kill test - burn with less than full balance"", function () {   it(""should revert when burning less than full balance on mutant (== check)"", async function () {     const [owner, addr1] = await ethers.getSigners();     const initialSupply = 1000;     const name = ""TestToken"";     const symbol = ""TT"";          const Factory = await ethers.getContractFactory(""ERCDDAToken"");     const instance = await Factory.deploy(initialSupply, name, symbol);     await instance.waitForDeployment();      // Transfer some tokens to addr1 so they have a partial balance     const transferAmount = 500;     await instance.connect(owner).transfer(addr1.address, transferAmount);      // addr1 tries to burn only 100 tokens (less than their full balance of 500)     // On original: succeeds with >= check     // On mutant: reverts with == check because 100 != 500     await expect(       instance.connect(addr1).burn(100)     ).to.be.reverted;   }); });","""['Error: syntax error']"""
m61a3c614,ERCDDAToken,<generic-v6-scaffold>,_transfer,live,"emit Transfer(_from, _to, _value);","/* emit Transfer(_from, _to, _value); */","---|         emit Transfer(_from, _to, _value); +++|",42,"Mutant m61a3c614 of function _transfer replaces emit Transfer(_from, _to, _value); with ","pragma solidity ^0.8.0; contract ERCDDAToken { address public owner; string public name; string public symbol; uint8 public decimals = 0; uint256 public totalSupply; event Transfer(address indexed from, address indexed to, uint256 value); event FrozenFunds(address target, bool frozen); event Burn(address indexed from, uint256 value); mapping (address => uint256) public balanceOf; mapping (address => bool) public frozenAccount; function owned() public { require(msg.sender == owner, ""Only the current owner can change ownership""); } modifier onlyOwner { require(msg.sender == owner); _; } constructor( uint256 initialSupply, string memory tokenName, string memory tokenSymbol) public { owner = payable(msg.sender); totalSupply = initialSupply * 10 ** uint256(decimals); balanceOf[msg.sender] = totalSupply; name = tokenName; symbol = tokenSymbol; } function _transfer(address _from, address _to, uint _value) internal { require (_to != address(0)); require (balanceOf[_from] >= _value); require (balanceOf[_to] + _value >= balanceOf[_to]); require(!frozenAccount[_from]); require(!frozenAccount[_to]); balanceOf[_from] -= _value; balanceOf[_to] += _value; emit Transfer(_from, _to, _value); } function transfer(address _to, uint256 _value) public returns (bool success) { _transfer(msg.sender, _to, _value); return true; } function freezeAccount(address target, bool freeze)  public onlyOwner { frozenAccount[target] = freeze; emit FrozenFunds(target, freeze); } function burn(uint256 _value)  public onlyOwner returns (bool success) { require(balanceOf[msg.sender] >= _value); balanceOf[msg.sender] -= _value; totalSupply -= _value; emit Burn(msg.sender, _value); return true; } function mintToken(address target, uint256 mintedAmount)  public onlyOwner { balanceOf[target] += mintedAmount; totalSupply += mintedAmount; } }","import { expect } from ""chai""; import { ethers } from ""hardhat""; describe(""ERCDDAToken reference (ethers v6; deploy may require constructor arguments)"", function () { it(""deploy ERCDDAToken by supplying its REQUIRED constructor arguments (read them from the contract constructor), then call methods and assert; use ethers.parseEther, await (await tx).wait(), and expect(...).to.be.reverted"", async function () { const [owner, addr1, addr2] = await ethers.getSigners(); const Factory = await ethers.getContractFactory(""ERCDDAToken""); const instance = await Factory.deploy(...constructorArgs); await instance.waitForDeployment(); }); });",False,False,"import { expect } from ""chai""; import { ethers } from ""hardhat"";  describe(""ERCDDAToken mutant test - Transfer event emission"", function () {   it(""should emit Transfer event on successful transfer"", async function () {     const [owner, addr1] = await ethers.getSigners();     const initialSupply = ethers.parseEther(""100"");     const Factory = await ethers.getContractFactory(""ERCDDAToken"");     const instance = await Factory.deploy(initialSupply, ""TestToken"", ""TT"");     await instance.waitForDeployment();      const transferAmount = ethers.parseEther(""10"");     const tx = await instance.transfer(addr1.address, transferAmount);     const receipt = await tx.wait();      // Expect Transfer event to be emitted with correct parameters     await expect(tx)       .to.emit(instance, ""Transfer"")       .withArgs(owner.address, addr1.address, transferAmount);   }); });","""['Error: syntax error']"""
mc2c6a4dc,ERCDDAToken,<generic-v6-scaffold>,freezeAccount,live,"emit FrozenFunds(target, freeze);","/* emit FrozenFunds(target, freeze); */","---|         emit FrozenFunds(target, freeze); +++|",52,"Mutant mc2c6a4dc of function freezeAccount replaces emit FrozenFunds(target, freeze); with ","pragma solidity ^0.8.0; contract ERCDDAToken { address public owner; string public name; string public symbol; uint8 public decimals = 0; uint256 public totalSupply; event Transfer(address indexed from, address indexed to, uint256 value); event FrozenFunds(address target, bool frozen); event Burn(address indexed from, uint256 value); mapping (address => uint256) public balanceOf; mapping (address => bool) public frozenAccount; function owned() public { require(msg.sender == owner, ""Only the current owner can change ownership""); } modifier onlyOwner { require(msg.sender == owner); _; } constructor( uint256 initialSupply, string memory tokenName, string memory tokenSymbol) public { owner = payable(msg.sender); totalSupply = initialSupply * 10 ** uint256(decimals); balanceOf[msg.sender] = totalSupply; name = tokenName; symbol = tokenSymbol; } function _transfer(address _from, address _to, uint _value) internal { require (_to != address(0)); require (balanceOf[_from] >= _value); require (balanceOf[_to] + _value >= balanceOf[_to]); require(!frozenAccount[_from]); require(!frozenAccount[_to]); balanceOf[_from] -= _value; balanceOf[_to] += _value; emit Transfer(_from, _to, _value); } function transfer(address _to, uint256 _value) public returns (bool success) { _transfer(msg.sender, _to, _value); return true; } function freezeAccount(address target, bool freeze)  public onlyOwner { frozenAccount[target] = freeze; emit FrozenFunds(target, freeze); } function burn(uint256 _value)  public onlyOwner returns (bool success) { require(balanceOf[msg.sender] >= _value); balanceOf[msg.sender] -= _value; totalSupply -= _value; emit Burn(msg.sender, _value); return true; } function mintToken(address target, uint256 mintedAmount)  public onlyOwner { balanceOf[target] += mintedAmount; totalSupply += mintedAmount; } }","import { expect } from ""chai""; import { ethers } from ""hardhat""; describe(""ERCDDAToken reference (ethers v6; deploy may require constructor arguments)"", function () { it(""deploy ERCDDAToken by supplying its REQUIRED constructor arguments (read them from the contract constructor), then call methods and assert; use ethers.parseEther, await (await tx).wait(), and expect(...).to.be.reverted"", async function () { const [owner, addr1, addr2] = await ethers.getSigners(); const Factory = await ethers.getContractFactory(""ERCDDAToken""); const instance = await Factory.deploy(...constructorArgs); await instance.waitForDeployment(); }); });",False,False,"import { expect } from ""chai""; import { ethers } from ""hardhat"";  describe(""ERCDDAToken mutant test - freezeAccount event emission"", function () {   it(""should emit FrozenFunds event when freezeAccount is called"", async function () {     const [owner, target] = await ethers.getSigners();     const Factory = await ethers.getContractFactory(""ERCDDAToken"");     const initialSupply = 1000;     const name = ""TestToken"";     const symbol = ""TT"";     const instance = await Factory.deploy(initialSupply, name, symbol);     await instance.waitForDeployment();      // Freeze the target account and check for the FrozenFunds event     await expect(instance.connect(owner).freezeAccount(target.address, true))       .to.emit(instance, ""FrozenFunds"")       .withArgs(target.address, true);   }); });","""['Error: syntax error']"""
m47d8c138,ERCDDAToken,<generic-v6-scaffold>,burn,live,"emit Burn(msg.sender, _value);","/* emit Burn(msg.sender, _value); */","---|         emit Burn(msg.sender, _value); +++|",59,"Mutant m47d8c138 of function burn replaces emit Burn(msg.sender, _value); with ","pragma solidity ^0.8.0; contract ERCDDAToken { address public owner; string public name; string public symbol; uint8 public decimals = 0; uint256 public totalSupply; event Transfer(address indexed from, address indexed to, uint256 value); event FrozenFunds(address target, bool frozen); event Burn(address indexed from, uint256 value); mapping (address => uint256) public balanceOf; mapping (address => bool) public frozenAccount; function owned() public { require(msg.sender == owner, ""Only the current owner can change ownership""); } modifier onlyOwner { require(msg.sender == owner); _; } constructor( uint256 initialSupply, string memory tokenName, string memory tokenSymbol) public { owner = payable(msg.sender); totalSupply = initialSupply * 10 ** uint256(decimals); balanceOf[msg.sender] = totalSupply; name = tokenName; symbol = tokenSymbol; } function _transfer(address _from, address _to, uint _value) internal { require (_to != address(0)); require (balanceOf[_from] >= _value); require (balanceOf[_to] + _value >= balanceOf[_to]); require(!frozenAccount[_from]); require(!frozenAccount[_to]); balanceOf[_from] -= _value; balanceOf[_to] += _value; emit Transfer(_from, _to, _value); } function transfer(address _to, uint256 _value) public returns (bool success) { _transfer(msg.sender, _to, _value); return true; } function freezeAccount(address target, bool freeze)  public onlyOwner { frozenAccount[target] = freeze; emit FrozenFunds(target, freeze); } function burn(uint256 _value)  public onlyOwner returns (bool success) { require(balanceOf[msg.sender] >= _value); balanceOf[msg.sender] -= _value; totalSupply -= _value; emit Burn(msg.sender, _value); return true; } function mintToken(address target, uint256 mintedAmount)  public onlyOwner { balanceOf[target] += mintedAmount; totalSupply += mintedAmount; } }","import { expect } from ""chai""; import { ethers } from ""hardhat""; describe(""ERCDDAToken reference (ethers v6; deploy may require constructor arguments)"", function () { it(""deploy ERCDDAToken by supplying its REQUIRED constructor arguments (read them from the contract constructor), then call methods and assert; use ethers.parseEther, await (await tx).wait(), and expect(...).to.be.reverted"", async function () { const [owner, addr1, addr2] = await ethers.getSigners(); const Factory = await ethers.getContractFactory(""ERCDDAToken""); const instance = await Factory.deploy(...constructorArgs); await instance.waitForDeployment(); }); });",False,False,"import { expect } from ""chai""; import { ethers } from ""hardhat"";  describe(""ERCDDAToken mutant test - Burn event emission"", function () {   it(""should emit Burn event when burn is called by owner"", async function () {     const [owner] = await ethers.getSigners();     const initialSupply = 1000;     const tokenName = ""TestToken"";     const tokenSymbol = ""TT"";          const Factory = await ethers.getContractFactory(""ERCDDAToken"");     const instance = await Factory.deploy(initialSupply, tokenName, tokenSymbol);     await instance.waitForDeployment();      const burnAmount = 100;          // Expect the Burn event to be emitted with correct parameters     await expect(instance.burn(burnAmount))       .to.emit(instance, ""Burn"")       .withArgs(owner.address, burnAmount);   }); });","""['Error: syntax error']"""
mea73f135,ERCDDAToken,<generic-v6-scaffold>,owned,live,"require(msg.sender == owner, ""Only the current owner can change ownership"");","/* require(msg.sender == owner, ""Only the current owner can change ownership""); */","---|     require(msg.sender == owner, ""Only the current owner can change ownership""); +++|",17,"Mutant mea73f135 of function owned replaces require(msg.sender == owner, ""Only the current owner can change ownership""); with ","pragma solidity ^0.8.0; contract ERCDDAToken { address public owner; string public name; string public symbol; uint8 public decimals = 0; uint256 public totalSupply; event Transfer(address indexed from, address indexed to, uint256 value); event FrozenFunds(address target, bool frozen); event Burn(address indexed from, uint256 value); mapping (address => uint256) public balanceOf; mapping (address => bool) public frozenAccount; function owned() public { require(msg.sender == owner, ""Only the current owner can change ownership""); } modifier onlyOwner { require(msg.sender == owner); _; } constructor( uint256 initialSupply, string memory tokenName, string memory tokenSymbol) public { owner = payable(msg.sender); totalSupply = initialSupply * 10 ** uint256(decimals); balanceOf[msg.sender] = totalSupply; name = tokenName; symbol = tokenSymbol; } function _transfer(address _from, address _to, uint _value) internal { require (_to != address(0)); require (balanceOf[_from] >= _value); require (balanceOf[_to] + _value >= balanceOf[_to]); require(!frozenAccount[_from]); require(!frozenAccount[_to]); balanceOf[_from] -= _value; balanceOf[_to] += _value; emit Transfer(_from, _to, _value); } function transfer(address _to, uint256 _value) public returns (bool success) { _transfer(msg.sender, _to, _value); return true; } function freezeAccount(address target, bool freeze)  public onlyOwner { frozenAccount[target] = freeze; emit FrozenFunds(target, freeze); } function burn(uint256 _value)  public onlyOwner returns (bool success) { require(balanceOf[msg.sender] >= _value); balanceOf[msg.sender] -= _value; totalSupply -= _value; emit Burn(msg.sender, _value); return true; } function mintToken(address target, uint256 mintedAmount)  public onlyOwner { balanceOf[target] += mintedAmount; totalSupply += mintedAmount; } }","import { expect } from ""chai""; import { ethers } from ""hardhat""; describe(""ERCDDAToken reference (ethers v6; deploy may require constructor arguments)"", function () { it(""deploy ERCDDAToken by supplying its REQUIRED constructor arguments (read them from the contract constructor), then call methods and assert; use ethers.parseEther, await (await tx).wait(), and expect(...).to.be.reverted"", async function () { const [owner, addr1, addr2] = await ethers.getSigners(); const Factory = await ethers.getContractFactory(""ERCDDAToken""); const instance = await Factory.deploy(...constructorArgs); await instance.waitForDeployment(); }); });",False,False,"import { expect } from ""chai""; import { ethers } } from ""hardhat"";  describe(""ERCDDAToken reference (ethers v6; deploy may require constructor arguments)"", function () {   it(""should revert when non-owner calls owned() in original, but mutant would not revert"", async function () {     const [owner, addr1] = await ethers.getSigners();     const Factory = await ethers.getContractFactory(""ERCDDAToken"");     const instance = await Factory.deploy(1000, ""TestToken"", ""TTK"");     await instance.waitForDeployment();      // The owned() function in the original contract requires msg.sender == owner     // The mutant removes this require statement, so calling from non-owner would not revert     // This test expects a revert when called from a non-owner address     await expect(       instance.connect(addr1).owned()     ).to.be.revertedWith(""Only the current owner can change ownership"");   }); });","""['Error: syntax error']"""
m5183008a,ERCDDAToken,<generic-v6-scaffold>,modifier:onlyOwner,live,require(msg.sender == owner);,/* require(msg.sender == owner); */,---|         require(msg.sender == owner); +++|,21,Mutant m5183008a of function modifier:onlyOwner replaces require(msg.sender == owner); with ,"pragma solidity ^0.8.0; contract ERCDDAToken { address public owner; string public name; string public symbol; uint8 public decimals = 0; uint256 public totalSupply; event Transfer(address indexed from, address indexed to, uint256 value); event FrozenFunds(address target, bool frozen); event Burn(address indexed from, uint256 value); mapping (address => uint256) public balanceOf; mapping (address => bool) public frozenAccount; function owned() public { require(msg.sender == owner, ""Only the current owner can change ownership""); } modifier onlyOwner { require(msg.sender == owner); _; } constructor( uint256 initialSupply, string memory tokenName, string memory tokenSymbol) public { owner = payable(msg.sender); totalSupply = initialSupply * 10 ** uint256(decimals); balanceOf[msg.sender] = totalSupply; name = tokenName; symbol = tokenSymbol; } function _transfer(address _from, address _to, uint _value) internal { require (_to != address(0)); require (balanceOf[_from] >= _value); require (balanceOf[_to] + _value >= balanceOf[_to]); require(!frozenAccount[_from]); require(!frozenAccount[_to]); balanceOf[_from] -= _value; balanceOf[_to] += _value; emit Transfer(_from, _to, _value); } function transfer(address _to, uint256 _value) public returns (bool success) { _transfer(msg.sender, _to, _value); return true; } function freezeAccount(address target, bool freeze)  public onlyOwner { frozenAccount[target] = freeze; emit FrozenFunds(target, freeze); } function burn(uint256 _value)  public onlyOwner returns (bool success) { require(balanceOf[msg.sender] >= _value); balanceOf[msg.sender] -= _value; totalSupply -= _value; emit Burn(msg.sender, _value); return true; } function mintToken(address target, uint256 mintedAmount)  public onlyOwner { balanceOf[target] += mintedAmount; totalSupply += mintedAmount; } }","import { expect } from ""chai""; import { ethers } from ""hardhat""; describe(""ERCDDAToken reference (ethers v6; deploy may require constructor arguments)"", function () { it(""deploy ERCDDAToken by supplying its REQUIRED constructor arguments (read them from the contract constructor), then call methods and assert; use ethers.parseEther, await (await tx).wait(), and expect(...).to.be.reverted"", async function () { const [owner, addr1, addr2] = await ethers.getSigners(); const Factory = await ethers.getContractFactory(""ERCDDAToken""); const instance = await Factory.deploy(...constructorArgs); await instance.waitForDeployment(); }); });",False,False,"import { expect } from ""chai""; import { ethers } from ""hardhat"";  describe(""ERCDDAToken mutant test - onlyOwner modifier removal"", function () {   it(""should revert when non-owner calls freezeAccount (tests onlyOwner modifier)"", async function () {     const [owner, addr1] = await ethers.getSigners();     const initialSupply = 1000;     const tokenName = ""TestToken"";     const tokenSymbol = ""TT"";          const Factory = await ethers.getContractFactory(""ERCDDAToken"");     const instance = await Factory.deploy(initialSupply, tokenName, tokenSymbol);     await instance.waitForDeployment();      // Attempt to call freezeAccount from a non-owner address     await expect(       instance.connect(addr1).freezeAccount(addr1.address, true)     ).to.be.reverted;   }); });","""['Error: syntax error']"""
mffbccf95,ERCDDAToken,<generic-v6-scaffold>,_transfer,live,require (_to != address(0));,/* require (_to != address(0)); */,---|         require (_to != address(0)); +++|,35,Mutant mffbccf95 of function _transfer replaces require (_to != address(0)); with ,"pragma solidity ^0.8.0; contract ERCDDAToken { address public owner; string public name; string public symbol; uint8 public decimals = 0; uint256 public totalSupply; event Transfer(address indexed from, address indexed to, uint256 value); event FrozenFunds(address target, bool frozen); event Burn(address indexed from, uint256 value); mapping (address => uint256) public balanceOf; mapping (address => bool) public frozenAccount; function owned() public { require(msg.sender == owner, ""Only the current owner can change ownership""); } modifier onlyOwner { require(msg.sender == owner); _; } constructor( uint256 initialSupply, string memory tokenName, string memory tokenSymbol) public { owner = payable(msg.sender); totalSupply = initialSupply * 10 ** uint256(decimals); balanceOf[msg.sender] = totalSupply; name = tokenName; symbol = tokenSymbol; } function _transfer(address _from, address _to, uint _value) internal { require (_to != address(0)); require (balanceOf[_from] >= _value); require (balanceOf[_to] + _value >= balanceOf[_to]); require(!frozenAccount[_from]); require(!frozenAccount[_to]); balanceOf[_from] -= _value; balanceOf[_to] += _value; emit Transfer(_from, _to, _value); } function transfer(address _to, uint256 _value) public returns (bool success) { _transfer(msg.sender, _to, _value); return true; } function freezeAccount(address target, bool freeze)  public onlyOwner { frozenAccount[target] = freeze; emit FrozenFunds(target, freeze); } function burn(uint256 _value)  public onlyOwner returns (bool success) { require(balanceOf[msg.sender] >= _value); balanceOf[msg.sender] -= _value; totalSupply -= _value; emit Burn(msg.sender, _value); return true; } function mintToken(address target, uint256 mintedAmount)  public onlyOwner { balanceOf[target] += mintedAmount; totalSupply += mintedAmount; } }","import { expect } from ""chai""; import { ethers } from ""hardhat""; describe(""ERCDDAToken reference (ethers v6; deploy may require constructor arguments)"", function () { it(""deploy ERCDDAToken by supplying its REQUIRED constructor arguments (read them from the contract constructor), then call methods and assert; use ethers.parseEther, await (await tx).wait(), and expect(...).to.be.reverted"", async function () { const [owner, addr1, addr2] = await ethers.getSigners(); const Factory = await ethers.getContractFactory(""ERCDDAToken""); const instance = await Factory.deploy(...constructorArgs); await instance.waitForDeployment(); }); });",False,False,"import { expect } from ""chai""; import { ethers } from ""hardhat"";  describe(""ERCDDAToken reference (ethers v6; deploy may require constructor arguments)"", function () {   it(""should revert when transferring tokens to zero address (kill mutant that removes zero address check)"", async function () {     const [owner, addr1] = await ethers.getSigners();     const initialSupply = ethers.parseUnits(""1000"", 0);     const Factory = await ethers.getContractFactory(""ERCDDAToken"");     const instance = await Factory.deploy(initialSupply, ""TestToken"", ""TST"");     await instance.waitForDeployment();      // Transfer some tokens to addr1 first so addr1 can attempt transfer     await instance.connect(owner).transfer(addr1.address, ethers.parseUnits(""100"", 0));      // Attempt to transfer from addr1 to zero address - should revert in original, pass in mutant     await expect(       instance.connect(addr1).transfer(ethers.ZeroAddress, ethers.parseUnits(""10"", 0))     ).to.be.reverted;   }); });","""['Error: syntax error']"""
md21f04e1,ERCDDAToken,<generic-v6-scaffold>,_transfer,live,require (balanceOf[_from] >= _value);,/* require (balanceOf[_from] >= _value); */,---|         require (balanceOf[_from] >= _value); +++|,36,Mutant md21f04e1 of function _transfer replaces require (balanceOf[_from] >= _value); with ,"pragma solidity ^0.8.0; contract ERCDDAToken { address public owner; string public name; string public symbol; uint8 public decimals = 0; uint256 public totalSupply; event Transfer(address indexed from, address indexed to, uint256 value); event FrozenFunds(address target, bool frozen); event Burn(address indexed from, uint256 value); mapping (address => uint256) public balanceOf; mapping (address => bool) public frozenAccount; function owned() public { require(msg.sender == owner, ""Only the current owner can change ownership""); } modifier onlyOwner { require(msg.sender == owner); _; } constructor( uint256 initialSupply, string memory tokenName, string memory tokenSymbol) public { owner = payable(msg.sender); totalSupply = initialSupply * 10 ** uint256(decimals); balanceOf[msg.sender] = totalSupply; name = tokenName; symbol = tokenSymbol; } function _transfer(address _from, address _to, uint _value) internal { require (_to != address(0)); require (balanceOf[_from] >= _value); require (balanceOf[_to] + _value >= balanceOf[_to]); require(!frozenAccount[_from]); require(!frozenAccount[_to]); balanceOf[_from] -= _value; balanceOf[_to] += _value; emit Transfer(_from, _to, _value); } function transfer(address _to, uint256 _value) public returns (bool success) { _transfer(msg.sender, _to, _value); return true; } function freezeAccount(address target, bool freeze)  public onlyOwner { frozenAccount[target] = freeze; emit FrozenFunds(target, freeze); } function burn(uint256 _value)  public onlyOwner returns (bool success) { require(balanceOf[msg.sender] >= _value); balanceOf[msg.sender] -= _value; totalSupply -= _value; emit Burn(msg.sender, _value); return true; } function mintToken(address target, uint256 mintedAmount)  public onlyOwner { balanceOf[target] += mintedAmount; totalSupply += mintedAmount; } }","import { expect } from ""chai""; import { ethers } from ""hardhat""; describe(""ERCDDAToken reference (ethers v6; deploy may require constructor arguments)"", function () { it(""deploy ERCDDAToken by supplying its REQUIRED constructor arguments (read them from the contract constructor), then call methods and assert; use ethers.parseEther, await (await tx).wait(), and expect(...).to.be.reverted"", async function () { const [owner, addr1, addr2] = await ethers.getSigners(); const Factory = await ethers.getContractFactory(""ERCDDAToken""); const instance = await Factory.deploy(...constructorArgs); await instance.waitForDeployment(); }); });",False,False,"import { expect } from ""chai""; import { ethers } from ""hardhat"";  describe(""ERCDDAToken mutant test - md21f04e1"", function () {   it(""should revert when transferring more tokens than sender balance (mutant removes balance check)"", async function () {     const [owner, addr1, addr2] = await ethers.getSigners();          // Deploy with initial supply of 1000 tokens (0 decimals)     const initialSupply = 1000;     const Factory = await ethers.getContractFactory(""ERCDDAToken"");     const instance = await Factory.deploy(       initialSupply,       ""TestToken"",       ""TT""     );     await instance.waitForDeployment();      // Transfer some tokens to addr1 so they have a balance, but less than what we'll try to transfer     await instance.connect(owner).transfer(addr1.address, 100);          // Attempt to transfer more tokens than addr1 has (200 > 100)     // Original contract should revert due to balance check     // Mutant without the check would allow this, breaking token accounting     await expect(       instance.connect(addr1).transfer(addr2.address, 200)     ).to.be.reverted;   }); });","""['Error: syntax error']"""
m90f7e4d8,ERCDDAToken,<generic-v6-scaffold>,_transfer,live,require (balanceOf[_to] + _value >= balanceOf[_to]);,/* require (balanceOf[_to] + _value >= balanceOf[_to]); */,---|         require (balanceOf[_to] + _value >= balanceOf[_to]); +++|,37,Mutant m90f7e4d8 of function _transfer replaces require (balanceOf[_to] + _value >= balanceOf[_to]); with ,"pragma solidity ^0.8.0; contract ERCDDAToken { address public owner; string public name; string public symbol; uint8 public decimals = 0; uint256 public totalSupply; event Transfer(address indexed from, address indexed to, uint256 value); event FrozenFunds(address target, bool frozen); event Burn(address indexed from, uint256 value); mapping (address => uint256) public balanceOf; mapping (address => bool) public frozenAccount; function owned() public { require(msg.sender == owner, ""Only the current owner can change ownership""); } modifier onlyOwner { require(msg.sender == owner); _; } constructor( uint256 initialSupply, string memory tokenName, string memory tokenSymbol) public { owner = payable(msg.sender); totalSupply = initialSupply * 10 ** uint256(decimals); balanceOf[msg.sender] = totalSupply; name = tokenName; symbol = tokenSymbol; } function _transfer(address _from, address _to, uint _value) internal { require (_to != address(0)); require (balanceOf[_from] >= _value); require (balanceOf[_to] + _value >= balanceOf[_to]); require(!frozenAccount[_from]); require(!frozenAccount[_to]); balanceOf[_from] -= _value; balanceOf[_to] += _value; emit Transfer(_from, _to, _value); } function transfer(address _to, uint256 _value) public returns (bool success) { _transfer(msg.sender, _to, _value); return true; } function freezeAccount(address target, bool freeze)  public onlyOwner { frozenAccount[target] = freeze; emit FrozenFunds(target, freeze); } function burn(uint256 _value)  public onlyOwner returns (bool success) { require(balanceOf[msg.sender] >= _value); balanceOf[msg.sender] -= _value; totalSupply -= _value; emit Burn(msg.sender, _value); return true; } function mintToken(address target, uint256 mintedAmount)  public onlyOwner { balanceOf[target] += mintedAmount; totalSupply += mintedAmount; } }","import { expect } from ""chai""; import { ethers } from ""hardhat""; describe(""ERCDDAToken reference (ethers v6; deploy may require constructor arguments)"", function () { it(""deploy ERCDDAToken by supplying its REQUIRED constructor arguments (read them from the contract constructor), then call methods and assert; use ethers.parseEther, await (await tx).wait(), and expect(...).to.be.reverted"", async function () { const [owner, addr1, addr2] = await ethers.getSigners(); const Factory = await ethers.getContractFactory(""ERCDDAToken""); const instance = await Factory.deploy(...constructorArgs); await instance.waitForDeployment(); }); });",False,False,"import { expect } from ""chai""; import { ethers } from ""hardhat"";  describe(""ERCDDAToken mutant m90f7e4d8 - overflow protection"", function () {   it(""should revert when transfer causes overflow in recipient balance, but mutant allows it"", async function () {     const [owner, addr1, addr2] = await ethers.getSigners();          // Deploy with initial supply that allows overflow testing     const initialSupply = ethers.parseUnits(""1"", 0); // 1 token (decimals = 0)     const Factory = await ethers.getContractFactory(""ERCDDAToken"");     const instance = await Factory.deploy(initialSupply, ""Test"", ""TST"");     await instance.waitForDeployment();          // Transfer all tokens to addr1 first     await instance.connect(owner).transfer(addr1.address, initialSupply);          // Now addr1 has all tokens. We'll try to transfer to addr2 which already has 0 balance.     // To cause overflow, we need to transfer a value that when added to addr2's balance exceeds uint256 max     // addr2's balance is 0, so we need _value > type(uint256).max - 0 = type(uint256).max     // But we only have initialSupply tokens. We'll use a different approach:     // Have addr1 transfer a large amount to addr2 such that addr2's balance overflows          // First, give addr2 some tokens to make the overflow test more realistic     await instance.connect(addr1).transfer(addr2.address, 1);          // Now addr2 has 1 token. We'll try to transfer a value that causes overflow when added to addr2's balance     // Overflow occurs when: 1 + _value > type(uint256).max     // So _value = type(uint256).max - 1 + 1 = type(uint256).max     const maxUint256 = ethers.MaxUint256;     const overflowValue = maxUint256 - 1n + 1n; // This is type(uint256).max          // But we don't have that many tokens. Let's use a different strategy:     // Since the mutant removes the overflow check, we need to see if it reverts on overflow or not     // The original would revert due to overflow check, mutant would allow overflow          // Transfer from addr1 to addr2 - this should revert in original but not in mutant     // We need to ensure addr1 has enough balance     // Let's transfer back some tokens to owner to make addr1 have sufficient balance     await instance.connect(addr2).transfer(addr1.address, 1);          // Now addr1 has all tokens (initialSupply)     // Transfer a value that causes addr2's balance to overflow     // Since addr2 balance = 0, we need _value > type(uint256).max - 0 = type(uint256).max     // But we can't have that many tokens. Instead, let's check if the contract allows overflow at all.          // Actually, the correct approach: the overflow check prevents balanceOf[_to] + _value from wrapping around.     // Since addr2 has 0 balance, any _value up to type(uint256).max would pass the check.     // The overflow only happens when _value > type(uint256).max - balanceOf[_to].          // Let's set up a scenario where overflow would occur:     // Give addr2 a large balance close to max, then transfer a value that pushes it over     // But we can't mint arbitrarily large amounts. Let's use the mintToken function.          // Mint a very large amount to addr2     const hugeAmount = ethers.MaxUint256 / 2n + 1n;     await instance.connect(owner).mintToken(addr2.address, hugeAmount);          // Now addr2 has hugeAmount + 1 tokens. We need to transfer a value that causes overflow     // addr2's balance = hugeAmount + 1 = maxUint256/2 + 2     // We need to transfer value such that: hugeAmount + 1 + value > maxUint256     // So value > maxUint256 - (hugeAmount + 1) = maxUint256 - maxUint256/2 - 2 = maxUint256/2 - 2     const transferValue = maxUint256 / 2n; // This should cause overflow          // Now test: transfer from addr2 to owner with the overflow value     // In the original contract, this should revert due to the overflow check     // In the mutant, it should succeed (overflow silently wraps around)          // We expect the original to revert, but since we're testing the mutant,     // the test should pass if the transaction succeeds (mutant behavior)     try {       const tx = await instance.connect(addr2).transfer(owner.address, transferValue);       await tx.wait();       // If we get here, the mutant allowed overflow - test passes (kills mutant)       expect(true).to.be.true;     } catch (error) {       // If it reverted, the original behavior is present - test fails       expect.fail(""Mutant should have allowed overflow but reverted"");     }   }); });","""['Error: syntax error']"""
m2655b4a2,ERCDDAToken,<generic-v6-scaffold>,_transfer,live,require(!frozenAccount[_from]);,/* require(!frozenAccount[_from]); */,---|         require(!frozenAccount[_from]); +++|,38,Mutant m2655b4a2 of function _transfer replaces require(!frozenAccount[_from]); with ,"pragma solidity ^0.8.0; contract ERCDDAToken { address public owner; string public name; string public symbol; uint8 public decimals = 0; uint256 public totalSupply; event Transfer(address indexed from, address indexed to, uint256 value); event FrozenFunds(address target, bool frozen); event Burn(address indexed from, uint256 value); mapping (address => uint256) public balanceOf; mapping (address => bool) public frozenAccount; function owned() public { require(msg.sender == owner, ""Only the current owner can change ownership""); } modifier onlyOwner { require(msg.sender == owner); _; } constructor( uint256 initialSupply, string memory tokenName, string memory tokenSymbol) public { owner = payable(msg.sender); totalSupply = initialSupply * 10 ** uint256(decimals); balanceOf[msg.sender] = totalSupply; name = tokenName; symbol = tokenSymbol; } function _transfer(address _from, address _to, uint _value) internal { require (_to != address(0)); require (balanceOf[_from] >= _value); require (balanceOf[_to] + _value >= balanceOf[_to]); require(!frozenAccount[_from]); require(!frozenAccount[_to]); balanceOf[_from] -= _value; balanceOf[_to] += _value; emit Transfer(_from, _to, _value); } function transfer(address _to, uint256 _value) public returns (bool success) { _transfer(msg.sender, _to, _value); return true; } function freezeAccount(address target, bool freeze)  public onlyOwner { frozenAccount[target] = freeze; emit FrozenFunds(target, freeze); } function burn(uint256 _value)  public onlyOwner returns (bool success) { require(balanceOf[msg.sender] >= _value); balanceOf[msg.sender] -= _value; totalSupply -= _value; emit Burn(msg.sender, _value); return true; } function mintToken(address target, uint256 mintedAmount)  public onlyOwner { balanceOf[target] += mintedAmount; totalSupply += mintedAmount; } }","import { expect } from ""chai""; import { ethers } from ""hardhat""; describe(""ERCDDAToken reference (ethers v6; deploy may require constructor arguments)"", function () { it(""deploy ERCDDAToken by supplying its REQUIRED constructor arguments (read them from the contract constructor), then call methods and assert; use ethers.parseEther, await (await tx).wait(), and expect(...).to.be.reverted"", async function () { const [owner, addr1, addr2] = await ethers.getSigners(); const Factory = await ethers.getContractFactory(""ERCDDAToken""); const instance = await Factory.deploy(...constructorArgs); await instance.waitForDeployment(); }); });",False,False,"import { expect } from ""chai""; import { ethers } from ""hardhat"";  describe(""ERCDDAToken reference (ethers v6; deploy may require constructor arguments)"", function () {   it(""should revert transfer from frozen account (mutant m2655b4a2 kill)"", async function () {     const [owner, addr1, addr2] = await ethers.getSigners();          const initialSupply = 1000;     const tokenName = ""TestToken"";     const tokenSymbol = ""TT"";          const Factory = await ethers.getContractFactory(""ERCDDAToken"");     const instance = await Factory.deploy(initialSupply, tokenName, tokenSymbol);     await instance.waitForDeployment();          // Transfer some tokens to addr1 first so they have a balance     const transferAmount = 100;     await instance.connect(owner).transfer(addr1.address, transferAmount);          // Freeze addr1's account     await instance.connect(owner).freezeAccount(addr1.address, true);          // Attempt to transfer from frozen addr1 - should revert     await expect(       instance.connect(addr1).transfer(addr2.address, 50)     ).to.be.reverted;   }); });","""['Error: syntax error']"""
m13bb4a40,ERCDDAToken,<generic-v6-scaffold>,_transfer,live,require(!frozenAccount[_to]);,/* require(!frozenAccount[_to]); */,---|         require(!frozenAccount[_to]); +++|,39,Mutant m13bb4a40 of function _transfer replaces require(!frozenAccount[_to]); with ,"pragma solidity ^0.8.0; contract ERCDDAToken { address public owner; string public name; string public symbol; uint8 public decimals = 0; uint256 public totalSupply; event Transfer(address indexed from, address indexed to, uint256 value); event FrozenFunds(address target, bool frozen); event Burn(address indexed from, uint256 value); mapping (address => uint256) public balanceOf; mapping (address => bool) public frozenAccount; function owned() public { require(msg.sender == owner, ""Only the current owner can change ownership""); } modifier onlyOwner { require(msg.sender == owner); _; } constructor( uint256 initialSupply, string memory tokenName, string memory tokenSymbol) public { owner = payable(msg.sender); totalSupply = initialSupply * 10 ** uint256(decimals); balanceOf[msg.sender] = totalSupply; name = tokenName; symbol = tokenSymbol; } function _transfer(address _from, address _to, uint _value) internal { require (_to != address(0)); require (balanceOf[_from] >= _value); require (balanceOf[_to] + _value >= balanceOf[_to]); require(!frozenAccount[_from]); require(!frozenAccount[_to]); balanceOf[_from] -= _value; balanceOf[_to] += _value; emit Transfer(_from, _to, _value); } function transfer(address _to, uint256 _value) public returns (bool success) { _transfer(msg.sender, _to, _value); return true; } function freezeAccount(address target, bool freeze)  public onlyOwner { frozenAccount[target] = freeze; emit FrozenFunds(target, freeze); } function burn(uint256 _value)  public onlyOwner returns (bool success) { require(balanceOf[msg.sender] >= _value); balanceOf[msg.sender] -= _value; totalSupply -= _value; emit Burn(msg.sender, _value); return true; } function mintToken(address target, uint256 mintedAmount)  public onlyOwner { balanceOf[target] += mintedAmount; totalSupply += mintedAmount; } }","import { expect } from ""chai""; import { ethers } from ""hardhat""; describe(""ERCDDAToken reference (ethers v6; deploy may require constructor arguments)"", function () { it(""deploy ERCDDAToken by supplying its REQUIRED constructor arguments (read them from the contract constructor), then call methods and assert; use ethers.parseEther, await (await tx).wait(), and expect(...).to.be.reverted"", async function () { const [owner, addr1, addr2] = await ethers.getSigners(); const Factory = await ethers.getContractFactory(""ERCDDAToken""); const instance = await Factory.deploy(...constructorArgs); await instance.waitForDeployment(); }); });",False,False,"import { expect } from ""chai""; import { ethers } from ""hardhat"";  describe(""ERCDDAToken mutant kill test - m13bb4a40"", function () {   it(""should revert when transferring to a frozen account"", async function () {     const [owner, addr1, addr2] = await ethers.getSigners();     const initialSupply = 1000;     const tokenName = ""TestToken"";     const tokenSymbol = ""TT"";          const Factory = await ethers.getContractFactory(""ERCDDAToken"");     const instance = await Factory.deploy(initialSupply, tokenName, tokenSymbol);     await instance.waitForDeployment();      // Freeze addr2 (recipient)     await instance.freezeAccount(addr2.address, true);      // Transfer from owner to addr2 - should revert because recipient is frozen     await expect(       instance.transfer(addr2.address, 100)     ).to.be.reverted;   }); });","""['Error: syntax error']"""
m2f925acf,ERCDDAToken,<generic-v6-scaffold>,burn,live,require(balanceOf[msg.sender] >= _value);,/* require(balanceOf[msg.sender] >= _value); */,---|         require(balanceOf[msg.sender] >= _value); +++|,56,Mutant m2f925acf of function burn replaces require(balanceOf[msg.sender] >= _value); with ,"pragma solidity ^0.8.0; contract ERCDDAToken { address public owner; string public name; string public symbol; uint8 public decimals = 0; uint256 public totalSupply; event Transfer(address indexed from, address indexed to, uint256 value); event FrozenFunds(address target, bool frozen); event Burn(address indexed from, uint256 value); mapping (address => uint256) public balanceOf; mapping (address => bool) public frozenAccount; function owned() public { require(msg.sender == owner, ""Only the current owner can change ownership""); } modifier onlyOwner { require(msg.sender == owner); _; } constructor( uint256 initialSupply, string memory tokenName, string memory tokenSymbol) public { owner = payable(msg.sender); totalSupply = initialSupply * 10 ** uint256(decimals); balanceOf[msg.sender] = totalSupply; name = tokenName; symbol = tokenSymbol; } function _transfer(address _from, address _to, uint _value) internal { require (_to != address(0)); require (balanceOf[_from] >= _value); require (balanceOf[_to] + _value >= balanceOf[_to]); require(!frozenAccount[_from]); require(!frozenAccount[_to]); balanceOf[_from] -= _value; balanceOf[_to] += _value; emit Transfer(_from, _to, _value); } function transfer(address _to, uint256 _value) public returns (bool success) { _transfer(msg.sender, _to, _value); return true; } function freezeAccount(address target, bool freeze)  public onlyOwner { frozenAccount[target] = freeze; emit FrozenFunds(target, freeze); } function burn(uint256 _value)  public onlyOwner returns (bool success) { require(balanceOf[msg.sender] >= _value); balanceOf[msg.sender] -= _value; totalSupply -= _value; emit Burn(msg.sender, _value); return true; } function mintToken(address target, uint256 mintedAmount)  public onlyOwner { balanceOf[target] += mintedAmount; totalSupply += mintedAmount; } }","import { expect } from ""chai""; import { ethers } from ""hardhat""; describe(""ERCDDAToken reference (ethers v6; deploy may require constructor arguments)"", function () { it(""deploy ERCDDAToken by supplying its REQUIRED constructor arguments (read them from the contract constructor), then call methods and assert; use ethers.parseEther, await (await tx).wait(), and expect(...).to.be.reverted"", async function () { const [owner, addr1, addr2] = await ethers.getSigners(); const Factory = await ethers.getContractFactory(""ERCDDAToken""); const instance = await Factory.deploy(...constructorArgs); await instance.waitForDeployment(); }); });",False,False,"import { expect } from ""chai""; import { ethers } from ""hardhat"";  describe(""ERCDDAToken mutant m2f925acf - burn without balance check"", function () {   it(""should revert when burning more tokens than balance (kills mutant that removed require)"", async function () {     const [owner, addr1] = await ethers.getSigners();          // Deploy with initial supply of 1000 tokens (0 decimals)     const Factory = await ethers.getContractFactory(""ERCDDAToken"");     const instance = await Factory.deploy(1000, ""TestToken"", ""TTK"");     await instance.waitForDeployment();      // Transfer some tokens to addr1 so they have a non-zero balance     await instance.transfer(addr1.address, 100);          // Attempt to burn more tokens than addr1's balance (burn 200, but balance is 100)     // Original contract should revert due to require(balanceOf[msg.sender] >= _value)     // Mutant missing this require will either succeed or revert due to underflow (different behavior)     await expect(       instance.connect(addr1).burn(200)     ).to.be.reverted;   }); });","""['Error: syntax error']"""
m92de83e0,ERCDDAToken,<generic-v6-scaffold>,freezeAccount,live,"function freezeAccount(address target, bool freeze)  public onlyOwner ","function freezeAccount(address target, bool freeze)  public  ","---|     function freezeAccount(address target, bool freeze)  public onlyOwner { +++|     function freezeAccount(address target, bool freeze)  public  {",50,"Mutant m92de83e0 of function freezeAccount replaces function freezeAccount(address target, bool freeze)  public onlyOwner with function freezeAccount(address target, bool freeze)  public","pragma solidity ^0.8.0; contract ERCDDAToken { address public owner; string public name; string public symbol; uint8 public decimals = 0; uint256 public totalSupply; event Transfer(address indexed from, address indexed to, uint256 value); event FrozenFunds(address target, bool frozen); event Burn(address indexed from, uint256 value); mapping (address => uint256) public balanceOf; mapping (address => bool) public frozenAccount; function owned() public { require(msg.sender == owner, ""Only the current owner can change ownership""); } modifier onlyOwner { require(msg.sender == owner); _; } constructor( uint256 initialSupply, string memory tokenName, string memory tokenSymbol) public { owner = payable(msg.sender); totalSupply = initialSupply * 10 ** uint256(decimals); balanceOf[msg.sender] = totalSupply; name = tokenName; symbol = tokenSymbol; } function _transfer(address _from, address _to, uint _value) internal { require (_to != address(0)); require (balanceOf[_from] >= _value); require (balanceOf[_to] + _value >= balanceOf[_to]); require(!frozenAccount[_from]); require(!frozenAccount[_to]); balanceOf[_from] -= _value; balanceOf[_to] += _value; emit Transfer(_from, _to, _value); } function transfer(address _to, uint256 _value) public returns (bool success) { _transfer(msg.sender, _to, _value); return true; } function freezeAccount(address target, bool freeze)  public onlyOwner { frozenAccount[target] = freeze; emit FrozenFunds(target, freeze); } function burn(uint256 _value)  public onlyOwner returns (bool success) { require(balanceOf[msg.sender] >= _value); balanceOf[msg.sender] -= _value; totalSupply -= _value; emit Burn(msg.sender, _value); return true; } function mintToken(address target, uint256 mintedAmount)  public onlyOwner { balanceOf[target] += mintedAmount; totalSupply += mintedAmount; } }","import { expect } from ""chai""; import { ethers } from ""hardhat""; describe(""ERCDDAToken reference (ethers v6; deploy may require constructor arguments)"", function () { it(""deploy ERCDDAToken by supplying its REQUIRED constructor arguments (read them from the contract constructor), then call methods and assert; use ethers.parseEther, await (await tx).wait(), and expect(...).to.be.reverted"", async function () { const [owner, addr1, addr2] = await ethers.getSigners(); const Factory = await ethers.getContractFactory(""ERCDDAToken""); const instance = await Factory.deploy(...constructorArgs); await instance.waitForDeployment(); }); });",False,False,"import { expect } from ""chai""; import { ethers } from ""hardhat"";  describe(""ERCDDAToken reference (ethers v6; deploy may require constructor arguments)"", function () {   it(""should prevent non-owner from freezing accounts (kill mutant m92de83e0)"", async function () {     const [owner, addr1, addr2] = await ethers.getSigners();     const Factory = await ethers.getContractFactory(""ERCDDAToken"");     const initialSupply = 1000;     const tokenName = ""TestToken"";     const tokenSymbol = ""TST"";     const instance = await Factory.deploy(initialSupply, tokenName, tokenSymbol);     await instance.waitForDeployment();      // addr1 is not the owner, so calling freezeAccount should revert in the original contract     // The mutant removes the onlyOwner modifier, so the call would succeed instead of reverting     await expect(       instance.connect(addr1).freezeAccount(addr2.address, true)     ).to.be.revertedWith(""Ownable: caller is not the owner"");   }); });","""['Error: syntax error']"""
me1a23bfb,ERCDDAToken,<generic-v6-scaffold>,burn,live,function burn(uint256 _value)  public onlyOwner returns (bool success) ,function burn(uint256 _value)  public  returns (bool success) ,---|     function burn(uint256 _value)  public onlyOwner returns (bool success) { +++|     function burn(uint256 _value)  public  returns (bool success) {,55,Mutant me1a23bfb of function burn replaces function burn(uint256 _value)  public onlyOwner returns (bool success) with function burn(uint256 _value)  public  returns (bool success),"pragma solidity ^0.8.0; contract ERCDDAToken { address public owner; string public name; string public symbol; uint8 public decimals = 0; uint256 public totalSupply; event Transfer(address indexed from, address indexed to, uint256 value); event FrozenFunds(address target, bool frozen); event Burn(address indexed from, uint256 value); mapping (address => uint256) public balanceOf; mapping (address => bool) public frozenAccount; function owned() public { require(msg.sender == owner, ""Only the current owner can change ownership""); } modifier onlyOwner { require(msg.sender == owner); _; } constructor( uint256 initialSupply, string memory tokenName, string memory tokenSymbol) public { owner = payable(msg.sender); totalSupply = initialSupply * 10 ** uint256(decimals); balanceOf[msg.sender] = totalSupply; name = tokenName; symbol = tokenSymbol; } function _transfer(address _from, address _to, uint _value) internal { require (_to != address(0)); require (balanceOf[_from] >= _value); require (balanceOf[_to] + _value >= balanceOf[_to]); require(!frozenAccount[_from]); require(!frozenAccount[_to]); balanceOf[_from] -= _value; balanceOf[_to] += _value; emit Transfer(_from, _to, _value); } function transfer(address _to, uint256 _value) public returns (bool success) { _transfer(msg.sender, _to, _value); return true; } function freezeAccount(address target, bool freeze)  public onlyOwner { frozenAccount[target] = freeze; emit FrozenFunds(target, freeze); } function burn(uint256 _value)  public onlyOwner returns (bool success) { require(balanceOf[msg.sender] >= _value); balanceOf[msg.sender] -= _value; totalSupply -= _value; emit Burn(msg.sender, _value); return true; } function mintToken(address target, uint256 mintedAmount)  public onlyOwner { balanceOf[target] += mintedAmount; totalSupply += mintedAmount; } }","import { expect } from ""chai""; import { ethers } from ""hardhat""; describe(""ERCDDAToken reference (ethers v6; deploy may require constructor arguments)"", function () { it(""deploy ERCDDAToken by supplying its REQUIRED constructor arguments (read them from the contract constructor), then call methods and assert; use ethers.parseEther, await (await tx).wait(), and expect(...).to.be.reverted"", async function () { const [owner, addr1, addr2] = await ethers.getSigners(); const Factory = await ethers.getContractFactory(""ERCDDAToken""); const instance = await Factory.deploy(...constructorArgs); await instance.waitForDeployment(); }); });",False,False,"import { expect } from ""chai""; import { ethers } from ""hardhat"";  describe(""ERCDDAToken mutant kill test"", function () {   it(""should revert when non-owner calls burn (mutant removed onlyOwner modifier)"", async function () {     const [owner, addr1] = await ethers.getSigners();     const initialSupply = 1000;     const tokenName = ""TestToken"";     const tokenSymbol = ""TT"";          const Factory = await ethers.getContractFactory(""ERCDDAToken"");     const instance = await Factory.deploy(initialSupply, tokenName, tokenSymbol);     await instance.waitForDeployment();      // Give addr1 some tokens to burn (so the balance check passes)     const transferAmount = 100;     await instance.connect(owner).transfer(addr1.address, transferAmount);      // Non-owner tries to burn - should revert on original, pass on mutant     await expect(       instance.connect(addr1).burn(transferAmount)     ).to.be.reverted;   }); });","""['Error: syntax error']"""
mf4353307,ERCDDAToken,<generic-v6-scaffold>,mintToken,live,"function mintToken(address target, uint256 mintedAmount)  public onlyOwner ","function mintToken(address target, uint256 mintedAmount)  public  ","---| 	function mintToken(address target, uint256 mintedAmount)  public onlyOwner { +++| 	function mintToken(address target, uint256 mintedAmount)  public  {",63,"Mutant mf4353307 of function mintToken replaces function mintToken(address target, uint256 mintedAmount)  public onlyOwner with function mintToken(address target, uint256 mintedAmount)  public","pragma solidity ^0.8.0; contract ERCDDAToken { address public owner; string public name; string public symbol; uint8 public decimals = 0; uint256 public totalSupply; event Transfer(address indexed from, address indexed to, uint256 value); event FrozenFunds(address target, bool frozen); event Burn(address indexed from, uint256 value); mapping (address => uint256) public balanceOf; mapping (address => bool) public frozenAccount; function owned() public { require(msg.sender == owner, ""Only the current owner can change ownership""); } modifier onlyOwner { require(msg.sender == owner); _; } constructor( uint256 initialSupply, string memory tokenName, string memory tokenSymbol) public { owner = payable(msg.sender); totalSupply = initialSupply * 10 ** uint256(decimals); balanceOf[msg.sender] = totalSupply; name = tokenName; symbol = tokenSymbol; } function _transfer(address _from, address _to, uint _value) internal { require (_to != address(0)); require (balanceOf[_from] >= _value); require (balanceOf[_to] + _value >= balanceOf[_to]); require(!frozenAccount[_from]); require(!frozenAccount[_to]); balanceOf[_from] -= _value; balanceOf[_to] += _value; emit Transfer(_from, _to, _value); } function transfer(address _to, uint256 _value) public returns (bool success) { _transfer(msg.sender, _to, _value); return true; } function freezeAccount(address target, bool freeze)  public onlyOwner { frozenAccount[target] = freeze; emit FrozenFunds(target, freeze); } function burn(uint256 _value)  public onlyOwner returns (bool success) { require(balanceOf[msg.sender] >= _value); balanceOf[msg.sender] -= _value; totalSupply -= _value; emit Burn(msg.sender, _value); return true; } function mintToken(address target, uint256 mintedAmount)  public onlyOwner { balanceOf[target] += mintedAmount; totalSupply += mintedAmount; } }","import { expect } from ""chai""; import { ethers } from ""hardhat""; describe(""ERCDDAToken reference (ethers v6; deploy may require constructor arguments)"", function () { it(""deploy ERCDDAToken by supplying its REQUIRED constructor arguments (read them from the contract constructor), then call methods and assert; use ethers.parseEther, await (await tx).wait(), and expect(...).to.be.reverted"", async function () { const [owner, addr1, addr2] = await ethers.getSigners(); const Factory = await ethers.getContractFactory(""ERCDDAToken""); const instance = await Factory.deploy(...constructorArgs); await instance.waitForDeployment(); }); });",False,False,"import { expect } from ""chai""; import { ethers } from ""hardhat"";  describe(""ERCDDAToken reference (ethers v6; deploy may require constructor arguments)"", function () {   it(""should revert when non-owner calls mintToken"", async function () {     const [owner, addr1] = await ethers.getSigners();     const Factory = await ethers.getContractFactory(""ERCDDAToken"");     const initialSupply = 1000;     const tokenName = ""TestToken"";     const tokenSymbol = ""TT"";     const instance = await Factory.deploy(initialSupply, tokenName, tokenSymbol);     await instance.waitForDeployment();      // Attempt to call mintToken from a non-owner address (addr1)     const mintAmount = 100;     await expect(       instance.connect(addr1).mintToken(addr1.address, mintAmount)     ).to.be.reverted;   }); });","""['Error: syntax error']"""
m7cc062c3,ERCDDAToken,<generic-v6-scaffold>,transfer,live,return true;,/* return true; */,---|         return true; +++|,47,Mutant m7cc062c3 of function transfer replaces return true; with ,"pragma solidity ^0.8.0; contract ERCDDAToken { address public owner; string public name; string public symbol; uint8 public decimals = 0; uint256 public totalSupply; event Transfer(address indexed from, address indexed to, uint256 value); event FrozenFunds(address target, bool frozen); event Burn(address indexed from, uint256 value); mapping (address => uint256) public balanceOf; mapping (address => bool) public frozenAccount; function owned() public { require(msg.sender == owner, ""Only the current owner can change ownership""); } modifier onlyOwner { require(msg.sender == owner); _; } constructor( uint256 initialSupply, string memory tokenName, string memory tokenSymbol) public { owner = payable(msg.sender); totalSupply = initialSupply * 10 ** uint256(decimals); balanceOf[msg.sender] = totalSupply; name = tokenName; symbol = tokenSymbol; } function _transfer(address _from, address _to, uint _value) internal { require (_to != address(0)); require (balanceOf[_from] >= _value); require (balanceOf[_to] + _value >= balanceOf[_to]); require(!frozenAccount[_from]); require(!frozenAccount[_to]); balanceOf[_from] -= _value; balanceOf[_to] += _value; emit Transfer(_from, _to, _value); } function transfer(address _to, uint256 _value) public returns (bool success) { _transfer(msg.sender, _to, _value); return true; } function freezeAccount(address target, bool freeze)  public onlyOwner { frozenAccount[target] = freeze; emit FrozenFunds(target, freeze); } function burn(uint256 _value)  public onlyOwner returns (bool success) { require(balanceOf[msg.sender] >= _value); balanceOf[msg.sender] -= _value; totalSupply -= _value; emit Burn(msg.sender, _value); return true; } function mintToken(address target, uint256 mintedAmount)  public onlyOwner { balanceOf[target] += mintedAmount; totalSupply += mintedAmount; } }","import { expect } from ""chai""; import { ethers } from ""hardhat""; describe(""ERCDDAToken reference (ethers v6; deploy may require constructor arguments)"", function () { it(""deploy ERCDDAToken by supplying its REQUIRED constructor arguments (read them from the contract constructor), then call methods and assert; use ethers.parseEther, await (await tx).wait(), and expect(...).to.be.reverted"", async function () { const [owner, addr1, addr2] = await ethers.getSigners(); const Factory = await ethers.getContractFactory(""ERCDDAToken""); const instance = await Factory.deploy(...constructorArgs); await instance.waitForDeployment(); }); });",False,False,"import { expect } from ""chai""; import { ethers } from ""hardhat"";  describe(""ERCDDAToken reference (ethers v6; deploy may require constructor arguments)"", function () {   it(""should detect mutant that removes return true in transfer function"", async function () {     const [owner, addr1] = await ethers.getSigners();     const Factory = await ethers.getContractFactory(""ERCDDAToken"");     const instance = await Factory.deploy(1000, ""TestToken"", ""TST"");     await instance.waitForDeployment();      // Call transfer and check that it returns true     const tx = await instance.transfer(addr1.address, 100);     const receipt = await tx.wait();          // In the mutant, the function will not return true (returns nothing or false)     // The original contract returns true, so we check the return value     expect(tx).to.have.property(""hash"");          // Verify the transfer actually happened to ensure the function executed     const ownerBalance = await instance.balanceOf(owner.address);     const addr1Balance = await instance.balanceOf(addr1.address);     expect(ownerBalance).to.equal(ethers.parseEther(""1000"") - 100n);     expect(addr1Balance).to.equal(100n);   }); });","""['Error: syntax error']"""
m81d0d710,ERCDDAToken,<generic-v6-scaffold>,burn,live,return true;,/* return true; */,---|         return true; +++|,60,Mutant m81d0d710 of function burn replaces return true; with ,"pragma solidity ^0.8.0; contract ERCDDAToken { address public owner; string public name; string public symbol; uint8 public decimals = 0; uint256 public totalSupply; event Transfer(address indexed from, address indexed to, uint256 value); event FrozenFunds(address target, bool frozen); event Burn(address indexed from, uint256 value); mapping (address => uint256) public balanceOf; mapping (address => bool) public frozenAccount; function owned() public { require(msg.sender == owner, ""Only the current owner can change ownership""); } modifier onlyOwner { require(msg.sender == owner); _; } constructor( uint256 initialSupply, string memory tokenName, string memory tokenSymbol) public { owner = payable(msg.sender); totalSupply = initialSupply * 10 ** uint256(decimals); balanceOf[msg.sender] = totalSupply; name = tokenName; symbol = tokenSymbol; } function _transfer(address _from, address _to, uint _value) internal { require (_to != address(0)); require (balanceOf[_from] >= _value); require (balanceOf[_to] + _value >= balanceOf[_to]); require(!frozenAccount[_from]); require(!frozenAccount[_to]); balanceOf[_from] -= _value; balanceOf[_to] += _value; emit Transfer(_from, _to, _value); } function transfer(address _to, uint256 _value) public returns (bool success) { _transfer(msg.sender, _to, _value); return true; } function freezeAccount(address target, bool freeze)  public onlyOwner { frozenAccount[target] = freeze; emit FrozenFunds(target, freeze); } function burn(uint256 _value)  public onlyOwner returns (bool success) { require(balanceOf[msg.sender] >= _value); balanceOf[msg.sender] -= _value; totalSupply -= _value; emit Burn(msg.sender, _value); return true; } function mintToken(address target, uint256 mintedAmount)  public onlyOwner { balanceOf[target] += mintedAmount; totalSupply += mintedAmount; } }","import { expect } from ""chai""; import { ethers } from ""hardhat""; describe(""ERCDDAToken reference (ethers v6; deploy may require constructor arguments)"", function () { it(""deploy ERCDDAToken by supplying its REQUIRED constructor arguments (read them from the contract constructor), then call methods and assert; use ethers.parseEther, await (await tx).wait(), and expect(...).to.be.reverted"", async function () { const [owner, addr1, addr2] = await ethers.getSigners(); const Factory = await ethers.getContractFactory(""ERCDDAToken""); const instance = await Factory.deploy(...constructorArgs); await instance.waitForDeployment(); }); });",False,False,"import { expect } from ""chai""; import { ethers } } from ""hardhat"";  describe(""ERCDDAToken mutant m81d0d710 test"", function () {   it(""should return true from burn() - kill mutant that removes return true"", async function () {     const [owner] = await ethers.getSigners();     const initialSupply = 1000;     const Factory = await ethers.getContractFactory(""ERCDDAToken"");     const instance = await Factory.deploy(initialSupply, ""TestToken"", ""TT"");     await instance.waitForDeployment();      // Owner burns 100 tokens     const burnAmount = 100;     const tx = await instance.connect(owner).burn(burnAmount);     await tx.wait();      // Call burn again and capture the return value     const result = await instance.connect(owner).burn.staticCall(burnAmount);          // Original returns true, mutant returns false (implicit default)     expect(result).to.equal(true);   }); });","""['Error: syntax error']"""
