Mutant_id,Contract_id,Test_id,Function_name,Status,Original,Replacement,Diff,StartLine,Details,Contract_Context,Test_Context,Test_Generated,KilledByLLM,Generated_test,Test_errors
m476ef69f,W_WALLET,<generic-v6-scaffold>,Put,live,>,<,---|         acc.unlockTime = _unlockTime>block.timestamp?_unlockTime:block.timestamp; +++|         acc.unlockTime = _unlockTime<block.timestamp?_unlockTime:block.timestamp;,31,Mutant m476ef69f of function Put replaces > with <,"pragma solidity ^0.8.0; contract sGuard{ function sub_uint256(uint256 a, uint256 b) internal pure returns (uint256) { assert(b <= a); return a - b; } bool internal locked_; constructor() { locked_ = false; } modifier nonReentrant_() { require(!locked_); locked_ = true; _; locked_ = false; } function add_uint256(uint256 a, uint256 b) internal pure returns (uint256) { uint256 c = a + b; assert(c >= a); return c; } } contract W_WALLET is sGuard { function Put(uint _unlockTime)  public nonReentrant_ payable { Holder storage acc = Acc[msg.sender]; acc.balance = add_uint256(acc.balance, msg.value); acc.unlockTime = _unlockTime>block.timestamp?_unlockTime:block.timestamp; LogFile.AddMessage(msg.sender,msg.value,""Put""); } function Collect(uint _am)  public nonReentrant_ payable { Holder storage acc = Acc[msg.sender]; if( acc.balance>=MinSum && acc.balance>=_am && block.timestamp>acc.unlockTime) { { (bool _s, bytes memory _d) = msg.sender.call{value: _am}(""""); _d; if (_s) { acc.balance = sub_uint256(acc.balance, _am); LogFile.AddMessage(msg.sender,_am,""Collect""); } } } } fallback() external payable { Put(0); } struct Holder { uint unlockTime; uint balance; } mapping (address => Holder) public Acc; Log LogFile; uint public MinSum = 1 ether; constructor(address log) public{ LogFile = Log(log); } } contract Log is sGuard { struct Message { address Sender; string  Data; uint Val; uint  Time; } Message[] public History; Message LastMsg; function AddMessage(address _adr,uint _val, string memory _data) public { LastMsg.Sender = _adr; LastMsg.Time = block.timestamp; LastMsg.Val = _val; LastMsg.Data = _data; History.push(LastMsg); } }","import { expect } from ""chai""; import { ethers } from ""hardhat""; describe(""W_WALLET reference (ethers v6; deploy may require constructor arguments)"", function () { it(""deploy W_WALLET by supplying its REQUIRED constructor arguments (read them from the contract constructor), then call methods and assert; use ethers.parseEther, await (await tx).wait(), and expect(...).to.be.reverted"", async function () { const [owner, addr1, addr2] = await ethers.getSigners(); const Factory = await ethers.getContractFactory(""W_WALLET""); const instance = await Factory.deploy(...constructorArgs); await instance.waitForDeployment(); }); });",False,False,"import { expect } from ""chai""; import { ethers } from ""hardhat"";  describe(""W_WALLET reference (ethers v6; deploy may require constructor arguments)"", function () {   it(""should kill mutant m476ef69f by checking that Put with future unlockTime prevents immediate Collect"", async function () {     const [owner, addr1] = await ethers.getSigners();          // Deploy the Log contract first (required by W_WALLET constructor)     const LogFactory = await ethers.getContractFactory(""Log"");     const log = await LogFactory.deploy();     await log.waitForDeployment();          // Deploy W_WALLET with Log address     const Factory = await ethers.getContractFactory(""W_WALLET"");     const instance = await Factory.deploy(await log.getAddress());     await instance.waitForDeployment();          const contractAddress = await instance.getAddress();          // Get current block timestamp     const blockNumBefore = await ethers.provider.getBlockNumber();     const blockBefore = await ethers.provider.getBlock(blockNumBefore);     const currentTime = blockBefore!.timestamp;          // Set a future unlock time (current time + 1000 seconds)     const futureUnlockTime = currentTime + 1000;          // addr1 calls Put with 2 ether and a future unlock time     const putAmount = ethers.parseEther(""2"");     await instance.connect(addr1).Put(futureUnlockTime, { value: putAmount });          // Now try to Collect immediately (before unlock time)     // In the original contract, Collect should revert because block.timestamp < unlockTime     // In the mutant, Collect would succeed because unlockTime is set to current timestamp     const collectAmount = ethers.parseEther(""1"");          await expect(       instance.connect(addr1).Collect(collectAmount)     ).to.be.reverted;   }); });","""['Error: syntax error']"""
ma48f70f9,W_WALLET,<generic-v6-scaffold>,Put,live,>,>= ,---|         acc.unlockTime = _unlockTime>block.timestamp?_unlockTime:block.timestamp; +++|         acc.unlockTime = _unlockTime>= block.timestamp?_unlockTime:block.timestamp;,31,Mutant ma48f70f9 of function Put replaces > with >=,"pragma solidity ^0.8.0; contract sGuard{ function sub_uint256(uint256 a, uint256 b) internal pure returns (uint256) { assert(b <= a); return a - b; } bool internal locked_; constructor() { locked_ = false; } modifier nonReentrant_() { require(!locked_); locked_ = true; _; locked_ = false; } function add_uint256(uint256 a, uint256 b) internal pure returns (uint256) { uint256 c = a + b; assert(c >= a); return c; } } contract W_WALLET is sGuard { function Put(uint _unlockTime)  public nonReentrant_ payable { Holder storage acc = Acc[msg.sender]; acc.balance = add_uint256(acc.balance, msg.value); acc.unlockTime = _unlockTime>block.timestamp?_unlockTime:block.timestamp; LogFile.AddMessage(msg.sender,msg.value,""Put""); } function Collect(uint _am)  public nonReentrant_ payable { Holder storage acc = Acc[msg.sender]; if( acc.balance>=MinSum && acc.balance>=_am && block.timestamp>acc.unlockTime) { { (bool _s, bytes memory _d) = msg.sender.call{value: _am}(""""); _d; if (_s) { acc.balance = sub_uint256(acc.balance, _am); LogFile.AddMessage(msg.sender,_am,""Collect""); } } } } fallback() external payable { Put(0); } struct Holder { uint unlockTime; uint balance; } mapping (address => Holder) public Acc; Log LogFile; uint public MinSum = 1 ether; constructor(address log) public{ LogFile = Log(log); } } contract Log is sGuard { struct Message { address Sender; string  Data; uint Val; uint  Time; } Message[] public History; Message LastMsg; function AddMessage(address _adr,uint _val, string memory _data) public { LastMsg.Sender = _adr; LastMsg.Time = block.timestamp; LastMsg.Val = _val; LastMsg.Data = _data; History.push(LastMsg); } }","import { expect } from ""chai""; import { ethers } from ""hardhat""; describe(""W_WALLET reference (ethers v6; deploy may require constructor arguments)"", function () { it(""deploy W_WALLET by supplying its REQUIRED constructor arguments (read them from the contract constructor), then call methods and assert; use ethers.parseEther, await (await tx).wait(), and expect(...).to.be.reverted"", async function () { const [owner, addr1, addr2] = await ethers.getSigners(); const Factory = await ethers.getContractFactory(""W_WALLET""); const instance = await Factory.deploy(...constructorArgs); await instance.waitForDeployment(); }); });",False,False,,"""['Error: syntax error']"""
m36b0aaa1,W_WALLET,<generic-v6-scaffold>,Collect,live, && , || ,---|         if( acc.balance>=MinSum && acc.balance>=_am && block.timestamp>acc.unlockTime) +++|         if( acc.balance>=MinSum && acc.balance>=_am || block.timestamp>acc.unlockTime),37,Mutant m36b0aaa1 of function Collect replaces && with ||,"pragma solidity ^0.8.0; contract sGuard{ function sub_uint256(uint256 a, uint256 b) internal pure returns (uint256) { assert(b <= a); return a - b; } bool internal locked_; constructor() { locked_ = false; } modifier nonReentrant_() { require(!locked_); locked_ = true; _; locked_ = false; } function add_uint256(uint256 a, uint256 b) internal pure returns (uint256) { uint256 c = a + b; assert(c >= a); return c; } } contract W_WALLET is sGuard { function Put(uint _unlockTime)  public nonReentrant_ payable { Holder storage acc = Acc[msg.sender]; acc.balance = add_uint256(acc.balance, msg.value); acc.unlockTime = _unlockTime>block.timestamp?_unlockTime:block.timestamp; LogFile.AddMessage(msg.sender,msg.value,""Put""); } function Collect(uint _am)  public nonReentrant_ payable { Holder storage acc = Acc[msg.sender]; if( acc.balance>=MinSum && acc.balance>=_am && block.timestamp>acc.unlockTime) { { (bool _s, bytes memory _d) = msg.sender.call{value: _am}(""""); _d; if (_s) { acc.balance = sub_uint256(acc.balance, _am); LogFile.AddMessage(msg.sender,_am,""Collect""); } } } } fallback() external payable { Put(0); } struct Holder { uint unlockTime; uint balance; } mapping (address => Holder) public Acc; Log LogFile; uint public MinSum = 1 ether; constructor(address log) public{ LogFile = Log(log); } } contract Log is sGuard { struct Message { address Sender; string  Data; uint Val; uint  Time; } Message[] public History; Message LastMsg; function AddMessage(address _adr,uint _val, string memory _data) public { LastMsg.Sender = _adr; LastMsg.Time = block.timestamp; LastMsg.Val = _val; LastMsg.Data = _data; History.push(LastMsg); } }","import { expect } from ""chai""; import { ethers } from ""hardhat""; describe(""W_WALLET reference (ethers v6; deploy may require constructor arguments)"", function () { it(""deploy W_WALLET by supplying its REQUIRED constructor arguments (read them from the contract constructor), then call methods and assert; use ethers.parseEther, await (await tx).wait(), and expect(...).to.be.reverted"", async function () { const [owner, addr1, addr2] = await ethers.getSigners(); const Factory = await ethers.getContractFactory(""W_WALLET""); const instance = await Factory.deploy(...constructorArgs); await instance.waitForDeployment(); }); });",False,False,"import { expect } from ""chai""; import { ethers } from ""hardhat"";  describe(""W_WALLET mutant m36b0aaa1 test"", function () {   it(""should kill mutant by calling Collect with insufficient balance after unlock time"", async function () {     const [owner, user] = await ethers.getSigners();          // Deploy Log contract first (required constructor argument for W_WALLET)     const LogFactory = await ethers.getContractFactory(""Log"");     const log = await LogFactory.deploy();     await log.waitForDeployment();          // Deploy W_WALLET with Log contract address     const Factory = await ethers.getContractFactory(""W_WALLET"");     const instance = await Factory.deploy(await log.getAddress());     await instance.waitForDeployment();          // User puts some ether but less than MinSum (1 ether)     const putAmount = ethers.parseEther(""0.5"");     const unlockTime = Math.floor(Date.now() / 1000) + 100; // future unlock time     await instance.connect(user).Put(unlockTime, { value: putAmount });          // Advance time past unlock time     await ethers.provider.send(""evm_increaseTime"", [200]);     await ethers.provider.send(""evm_mine"", []);          // Try to collect more than balance (balance is 0.5, try to collect 0.6)     const collectAmount = ethers.parseEther(""0.6"");          // On original: should revert because acc.balance < _am (0.5 < 0.6)     // On mutant: would succeed because block.timestamp > acc.unlockTime (condition is true due to ||)     // We expect revert, so if it doesn't revert, the mutant is killed     await expect(       instance.connect(user).Collect(collectAmount)     ).to.be.reverted;   }); });","""['Error: syntax error']"""
m68e0927f,W_WALLET,<generic-v6-scaffold>,Collect,live, && , || ,---|         if( acc.balance>=MinSum && acc.balance>=_am && block.timestamp>acc.unlockTime) +++|         if( acc.balance>=MinSum || acc.balance>=_am && block.timestamp>acc.unlockTime),37,Mutant m68e0927f of function Collect replaces && with ||,"pragma solidity ^0.8.0; contract sGuard{ function sub_uint256(uint256 a, uint256 b) internal pure returns (uint256) { assert(b <= a); return a - b; } bool internal locked_; constructor() { locked_ = false; } modifier nonReentrant_() { require(!locked_); locked_ = true; _; locked_ = false; } function add_uint256(uint256 a, uint256 b) internal pure returns (uint256) { uint256 c = a + b; assert(c >= a); return c; } } contract W_WALLET is sGuard { function Put(uint _unlockTime)  public nonReentrant_ payable { Holder storage acc = Acc[msg.sender]; acc.balance = add_uint256(acc.balance, msg.value); acc.unlockTime = _unlockTime>block.timestamp?_unlockTime:block.timestamp; LogFile.AddMessage(msg.sender,msg.value,""Put""); } function Collect(uint _am)  public nonReentrant_ payable { Holder storage acc = Acc[msg.sender]; if( acc.balance>=MinSum && acc.balance>=_am && block.timestamp>acc.unlockTime) { { (bool _s, bytes memory _d) = msg.sender.call{value: _am}(""""); _d; if (_s) { acc.balance = sub_uint256(acc.balance, _am); LogFile.AddMessage(msg.sender,_am,""Collect""); } } } } fallback() external payable { Put(0); } struct Holder { uint unlockTime; uint balance; } mapping (address => Holder) public Acc; Log LogFile; uint public MinSum = 1 ether; constructor(address log) public{ LogFile = Log(log); } } contract Log is sGuard { struct Message { address Sender; string  Data; uint Val; uint  Time; } Message[] public History; Message LastMsg; function AddMessage(address _adr,uint _val, string memory _data) public { LastMsg.Sender = _adr; LastMsg.Time = block.timestamp; LastMsg.Val = _val; LastMsg.Data = _data; History.push(LastMsg); } }","import { expect } from ""chai""; import { ethers } from ""hardhat""; describe(""W_WALLET reference (ethers v6; deploy may require constructor arguments)"", function () { it(""deploy W_WALLET by supplying its REQUIRED constructor arguments (read them from the contract constructor), then call methods and assert; use ethers.parseEther, await (await tx).wait(), and expect(...).to.be.reverted"", async function () { const [owner, addr1, addr2] = await ethers.getSigners(); const Factory = await ethers.getContractFactory(""W_WALLET""); const instance = await Factory.deploy(...constructorArgs); await instance.waitForDeployment(); }); });",False,False,"import { expect } from ""chai""; import { ethers } } from ""hardhat"";  describe(""W_WALLET mutant m68e0927f test"", function () {   it(""should revert Collect when unlockTime is in the future even if balance >= MinSum"", async function () {     const [owner, addr1] = await ethers.getSigners();          // Deploy Log contract first (required by W_WALLET constructor)     const LogFactory = await ethers.getContractFactory(""Log"");     const log = await LogFactory.deploy();     await log.waitForDeployment();          // Deploy W_WALLET with Log address     const Factory = await ethers.getContractFactory(""W_WALLET"");     const instance = await Factory.deploy(await log.getAddress());     await instance.waitForDeployment();          const MinSum = ethers.parseEther(""1"");     const depositAmount = ethers.parseEther(""2"");     const collectAmount = ethers.parseEther(""1"");          // Fund the contract with some ETH to allow transfers     await owner.sendTransaction({       to: await instance.getAddress(),       value: ethers.parseEther(""10"")     });          // addr1 deposits ETH and sets unlockTime far in the future     const futureTime = Math.floor(Date.now() / 1000) + 100000; // ~28 hours in future     await instance.connect(addr1).Put(futureTime, { value: depositAmount });          // Verify balance is >= MinSum     const holder = await instance.Acc(addr1.address);     expect(holder.balance).to.be.gte(MinSum);          // Attempt to collect while unlockTime is still in the future     // Original contract would revert, mutant would incorrectly succeed     await expect(       instance.connect(addr1).Collect(collectAmount)     ).to.be.reverted;   }); });","""['Error: syntax error']"""
maa861c12,W_WALLET,<generic-v6-scaffold>,Collect,live,>=, >,---|         if( acc.balance>=MinSum && acc.balance>=_am && block.timestamp>acc.unlockTime) +++|         if( acc.balance >MinSum && acc.balance>=_am && block.timestamp>acc.unlockTime),37,Mutant maa861c12 of function Collect replaces >= with >,"pragma solidity ^0.8.0; contract sGuard{ function sub_uint256(uint256 a, uint256 b) internal pure returns (uint256) { assert(b <= a); return a - b; } bool internal locked_; constructor() { locked_ = false; } modifier nonReentrant_() { require(!locked_); locked_ = true; _; locked_ = false; } function add_uint256(uint256 a, uint256 b) internal pure returns (uint256) { uint256 c = a + b; assert(c >= a); return c; } } contract W_WALLET is sGuard { function Put(uint _unlockTime)  public nonReentrant_ payable { Holder storage acc = Acc[msg.sender]; acc.balance = add_uint256(acc.balance, msg.value); acc.unlockTime = _unlockTime>block.timestamp?_unlockTime:block.timestamp; LogFile.AddMessage(msg.sender,msg.value,""Put""); } function Collect(uint _am)  public nonReentrant_ payable { Holder storage acc = Acc[msg.sender]; if( acc.balance>=MinSum && acc.balance>=_am && block.timestamp>acc.unlockTime) { { (bool _s, bytes memory _d) = msg.sender.call{value: _am}(""""); _d; if (_s) { acc.balance = sub_uint256(acc.balance, _am); LogFile.AddMessage(msg.sender,_am,""Collect""); } } } } fallback() external payable { Put(0); } struct Holder { uint unlockTime; uint balance; } mapping (address => Holder) public Acc; Log LogFile; uint public MinSum = 1 ether; constructor(address log) public{ LogFile = Log(log); } } contract Log is sGuard { struct Message { address Sender; string  Data; uint Val; uint  Time; } Message[] public History; Message LastMsg; function AddMessage(address _adr,uint _val, string memory _data) public { LastMsg.Sender = _adr; LastMsg.Time = block.timestamp; LastMsg.Val = _val; LastMsg.Data = _data; History.push(LastMsg); } }","import { expect } from ""chai""; import { ethers } from ""hardhat""; describe(""W_WALLET reference (ethers v6; deploy may require constructor arguments)"", function () { it(""deploy W_WALLET by supplying its REQUIRED constructor arguments (read them from the contract constructor), then call methods and assert; use ethers.parseEther, await (await tx).wait(), and expect(...).to.be.reverted"", async function () { const [owner, addr1, addr2] = await ethers.getSigners(); const Factory = await ethers.getContractFactory(""W_WALLET""); const instance = await Factory.deploy(...constructorArgs); await instance.waitForDeployment(); }); });",False,False,"import { expect } from ""chai""; import { ethers } from ""hardhat"";  describe(""W_WALLET mutant maa861c12 test"", function () {   it(""should detect mutant by testing Collect when balance equals MinSum"", async function () {     const [owner, addr1] = await ethers.getSigners();          // Deploy the Log contract first (required constructor argument for W_WALLET)     const LogFactory = await ethers.getContractFactory(""Log"");     const log = await LogFactory.deploy();     await log.waitForDeployment();          // Deploy W_WALLET with Log address     const Factory = await ethers.getContractFactory(""W_WALLET"");     const instance = await Factory.deploy(await log.getAddress());     await instance.waitForDeployment();          // Get the MinSum value (1 ether)     const minSum = await instance.MinSum();          // Fund addr1 with exactly MinSum (1 ether)     await instance.connect(addr1).Put(0, { value: minSum });          // Verify balance equals MinSum     const holder = await instance.Acc(addr1.address);     expect(holder.balance).to.equal(minSum);          // Attempt to collect exactly MinSum - should succeed on original but fail on mutant     // because mutant requires balance > MinSum instead of >=     await expect(       instance.connect(addr1).Collect(minSum)     ).to.be.reverted;   }); });","""['Error: syntax error']"""
mbc226de7,W_WALLET,<generic-v6-scaffold>,Collect,live,>=,<=,---|         if( acc.balance>=MinSum && acc.balance>=_am && block.timestamp>acc.unlockTime) +++|         if( acc.balance<=MinSum && acc.balance>=_am && block.timestamp>acc.unlockTime),37,Mutant mbc226de7 of function Collect replaces >= with <=,"pragma solidity ^0.8.0; contract sGuard{ function sub_uint256(uint256 a, uint256 b) internal pure returns (uint256) { assert(b <= a); return a - b; } bool internal locked_; constructor() { locked_ = false; } modifier nonReentrant_() { require(!locked_); locked_ = true; _; locked_ = false; } function add_uint256(uint256 a, uint256 b) internal pure returns (uint256) { uint256 c = a + b; assert(c >= a); return c; } } contract W_WALLET is sGuard { function Put(uint _unlockTime)  public nonReentrant_ payable { Holder storage acc = Acc[msg.sender]; acc.balance = add_uint256(acc.balance, msg.value); acc.unlockTime = _unlockTime>block.timestamp?_unlockTime:block.timestamp; LogFile.AddMessage(msg.sender,msg.value,""Put""); } function Collect(uint _am)  public nonReentrant_ payable { Holder storage acc = Acc[msg.sender]; if( acc.balance>=MinSum && acc.balance>=_am && block.timestamp>acc.unlockTime) { { (bool _s, bytes memory _d) = msg.sender.call{value: _am}(""""); _d; if (_s) { acc.balance = sub_uint256(acc.balance, _am); LogFile.AddMessage(msg.sender,_am,""Collect""); } } } } fallback() external payable { Put(0); } struct Holder { uint unlockTime; uint balance; } mapping (address => Holder) public Acc; Log LogFile; uint public MinSum = 1 ether; constructor(address log) public{ LogFile = Log(log); } } contract Log is sGuard { struct Message { address Sender; string  Data; uint Val; uint  Time; } Message[] public History; Message LastMsg; function AddMessage(address _adr,uint _val, string memory _data) public { LastMsg.Sender = _adr; LastMsg.Time = block.timestamp; LastMsg.Val = _val; LastMsg.Data = _data; History.push(LastMsg); } }","import { expect } from ""chai""; import { ethers } from ""hardhat""; describe(""W_WALLET reference (ethers v6; deploy may require constructor arguments)"", function () { it(""deploy W_WALLET by supplying its REQUIRED constructor arguments (read them from the contract constructor), then call methods and assert; use ethers.parseEther, await (await tx).wait(), and expect(...).to.be.reverted"", async function () { const [owner, addr1, addr2] = await ethers.getSigners(); const Factory = await ethers.getContractFactory(""W_WALLET""); const instance = await Factory.deploy(...constructorArgs); await instance.waitForDeployment(); }); });",False,False,"import { expect } from ""chai""; import { ethers } } from ""hardhat"";  describe(""W_WALLET mutant kill test"", function () {   it(""should kill mutant mbc226de7 by depositing 2 ether and then collecting 1 ether"", async function () {     const [owner, addr1] = await ethers.getSigners();          // Deploy the Log contract first (needed as constructor argument)     const LogFactory = await ethers.getContractFactory(""Log"");     const log = await LogFactory.deploy();     await log.waitForDeployment();          // Deploy W_WALLET with Log address     const Factory = await ethers.getContractFactory(""W_WALLET"");     const instance = await Factory.deploy(await log.getAddress());     await instance.waitForDeployment();          // Deposit 2 ether from addr1 using Put (or fallback)     const depositAmount = ethers.parseEther(""2"");     const tx = await instance.connect(addr1).Put(0, { value: depositAmount });     await tx.wait();          // Wait for unlock time to pass (block.timestamp is used, so we need to advance time)     // The Put function sets unlockTime to max(_unlockTime, block.timestamp)     // Since we used 0, unlockTime = block.timestamp at time of deposit     // We need to advance time by at least 1 second     await ethers.provider.send(""evm_increaseTime"", [1]);     await ethers.provider.send(""evm_mine"");          // Attempt to collect 1 ether     const collectAmount = ethers.parseEther(""1"");          // In the original contract, this should succeed (balance >= MinSum && balance >= _am)     // In the mutant, this should fail (balance <= MinSum is false since 2 <= 1 is false)     await expect(       instance.connect(addr1).Collect(collectAmount)     ).to.be.reverted;   }); });","""['Error: syntax error']"""
mb93d900e,W_WALLET,<generic-v6-scaffold>,Collect,live,>=,==,---|         if( acc.balance>=MinSum && acc.balance>=_am && block.timestamp>acc.unlockTime) +++|         if( acc.balance==MinSum && acc.balance>=_am && block.timestamp>acc.unlockTime),37,Mutant mb93d900e of function Collect replaces >= with ==,"pragma solidity ^0.8.0; contract sGuard{ function sub_uint256(uint256 a, uint256 b) internal pure returns (uint256) { assert(b <= a); return a - b; } bool internal locked_; constructor() { locked_ = false; } modifier nonReentrant_() { require(!locked_); locked_ = true; _; locked_ = false; } function add_uint256(uint256 a, uint256 b) internal pure returns (uint256) { uint256 c = a + b; assert(c >= a); return c; } } contract W_WALLET is sGuard { function Put(uint _unlockTime)  public nonReentrant_ payable { Holder storage acc = Acc[msg.sender]; acc.balance = add_uint256(acc.balance, msg.value); acc.unlockTime = _unlockTime>block.timestamp?_unlockTime:block.timestamp; LogFile.AddMessage(msg.sender,msg.value,""Put""); } function Collect(uint _am)  public nonReentrant_ payable { Holder storage acc = Acc[msg.sender]; if( acc.balance>=MinSum && acc.balance>=_am && block.timestamp>acc.unlockTime) { { (bool _s, bytes memory _d) = msg.sender.call{value: _am}(""""); _d; if (_s) { acc.balance = sub_uint256(acc.balance, _am); LogFile.AddMessage(msg.sender,_am,""Collect""); } } } } fallback() external payable { Put(0); } struct Holder { uint unlockTime; uint balance; } mapping (address => Holder) public Acc; Log LogFile; uint public MinSum = 1 ether; constructor(address log) public{ LogFile = Log(log); } } contract Log is sGuard { struct Message { address Sender; string  Data; uint Val; uint  Time; } Message[] public History; Message LastMsg; function AddMessage(address _adr,uint _val, string memory _data) public { LastMsg.Sender = _adr; LastMsg.Time = block.timestamp; LastMsg.Val = _val; LastMsg.Data = _data; History.push(LastMsg); } }","import { expect } from ""chai""; import { ethers } from ""hardhat""; describe(""W_WALLET reference (ethers v6; deploy may require constructor arguments)"", function () { it(""deploy W_WALLET by supplying its REQUIRED constructor arguments (read them from the contract constructor), then call methods and assert; use ethers.parseEther, await (await tx).wait(), and expect(...).to.be.reverted"", async function () { const [owner, addr1, addr2] = await ethers.getSigners(); const Factory = await ethers.getContractFactory(""W_WALLET""); const instance = await Factory.deploy(...constructorArgs); await instance.waitForDeployment(); }); });",False,False,"import { expect } from ""chai""; import { ethers } from ""hardhat"";  describe(""W_WALLET - Kill mutant mb93d900e"", function () {   it(""should revert Collect when balance > MinSum due to == mutation"", async function () {     const [owner, addr1] = await ethers.getSigners();          // Deploy Log contract first (needed as constructor argument for W_WALLET)     const LogFactory = await ethers.getContractFactory(""Log"");     const log = await LogFactory.deploy();     await log.waitForDeployment();          // Deploy W_WALLET with Log address     const WalletFactory = await ethers.getContractFactory(""W_WALLET"");     const wallet = await WalletFactory.deploy(await log.getAddress());     await wallet.waitForDeployment();          const MinSum = ethers.parseEther(""1"");          // addr1 deposits 2 ether (greater than MinSum)     const depositAmount = ethers.parseEther(""2"");     await wallet.connect(addr1).Put(0, { value: depositAmount });          // Fast forward time past unlockTime (unlockTime was set to block.timestamp since _unlockTime=0)     await ethers.provider.send(""evm_increaseTime"", [3600]); // +1 hour     await ethers.provider.send(""evm_mine"", []);          // addr1 tries to collect 1 ether (balance is 2 ether, which is >= MinSum in original but == fails in mutant)     const collectAmount = ethers.parseEther(""1"");          // In original: should succeed because 2 >= 1     // In mutant: should fail because 2 != 1 (balance != MinSum)     await expect(       wallet.connect(addr1).Collect(collectAmount)     ).to.be.reverted;   }); });","""['Error: syntax error']"""
m70366a19,W_WALLET,<generic-v6-scaffold>,Collect,live,>=, >,---|         if( acc.balance>=MinSum && acc.balance>=_am && block.timestamp>acc.unlockTime) +++|         if( acc.balance>=MinSum && acc.balance >_am && block.timestamp>acc.unlockTime),37,Mutant m70366a19 of function Collect replaces >= with >,"pragma solidity ^0.8.0; contract sGuard{ function sub_uint256(uint256 a, uint256 b) internal pure returns (uint256) { assert(b <= a); return a - b; } bool internal locked_; constructor() { locked_ = false; } modifier nonReentrant_() { require(!locked_); locked_ = true; _; locked_ = false; } function add_uint256(uint256 a, uint256 b) internal pure returns (uint256) { uint256 c = a + b; assert(c >= a); return c; } } contract W_WALLET is sGuard { function Put(uint _unlockTime)  public nonReentrant_ payable { Holder storage acc = Acc[msg.sender]; acc.balance = add_uint256(acc.balance, msg.value); acc.unlockTime = _unlockTime>block.timestamp?_unlockTime:block.timestamp; LogFile.AddMessage(msg.sender,msg.value,""Put""); } function Collect(uint _am)  public nonReentrant_ payable { Holder storage acc = Acc[msg.sender]; if( acc.balance>=MinSum && acc.balance>=_am && block.timestamp>acc.unlockTime) { { (bool _s, bytes memory _d) = msg.sender.call{value: _am}(""""); _d; if (_s) { acc.balance = sub_uint256(acc.balance, _am); LogFile.AddMessage(msg.sender,_am,""Collect""); } } } } fallback() external payable { Put(0); } struct Holder { uint unlockTime; uint balance; } mapping (address => Holder) public Acc; Log LogFile; uint public MinSum = 1 ether; constructor(address log) public{ LogFile = Log(log); } } contract Log is sGuard { struct Message { address Sender; string  Data; uint Val; uint  Time; } Message[] public History; Message LastMsg; function AddMessage(address _adr,uint _val, string memory _data) public { LastMsg.Sender = _adr; LastMsg.Time = block.timestamp; LastMsg.Val = _val; LastMsg.Data = _data; History.push(LastMsg); } }","import { expect } from ""chai""; import { ethers } from ""hardhat""; describe(""W_WALLET reference (ethers v6; deploy may require constructor arguments)"", function () { it(""deploy W_WALLET by supplying its REQUIRED constructor arguments (read them from the contract constructor), then call methods and assert; use ethers.parseEther, await (await tx).wait(), and expect(...).to.be.reverted"", async function () { const [owner, addr1, addr2] = await ethers.getSigners(); const Factory = await ethers.getContractFactory(""W_WALLET""); const instance = await Factory.deploy(...constructorArgs); await instance.waitForDeployment(); }); });",False,False,"import { expect } from ""chai""; import { ethers } } from ""hardhat"";  describe(""W_WALLET mutant kill test - m70366a19"", function () {   it(""should revert when collecting exact balance amount (mutant uses > instead of >=)"", async function () {     const [owner, addr1] = await ethers.getSigners();          // Deploy Log contract first (required constructor argument for W_WALLET)     const LogFactory = await ethers.getContractFactory(""Log"");     const logInstance = await LogFactory.deploy();     await logInstance.waitForDeployment();          // Deploy W_WALLET with Log address     const Factory = await ethers.getContractFactory(""W_WALLET"");     const instance = await Factory.deploy(await logInstance.getAddress());     await instance.waitForDeployment();          // Set MinSum to 0 to simplify testing (optional, but helpful)     // Note: MinSum is 1 ether by default, so we need to deposit at least 1 ether          // Deposit exactly 2 ether from addr1     const depositAmount = ethers.parseEther(""2"");     await instance.connect(addr1).Put(0, { value: depositAmount });          // Try to collect exactly the deposited amount (should fail on mutant because balance == _am)     await expect(       instance.connect(addr1).Collect(depositAmount)     ).to.be.reverted; // Mutant rejects when balance == _am, original accepts          // Verify balance remains unchanged (mutant didn't allow the collect)     const holder = await instance.Acc(addr1.address);     expect(holder.balance).to.equal(depositAmount);   });      it(""should succeed when collecting less than balance (both original and mutant work)"", async function () {     const [owner, addr1] = await ethers.getSigners();          const LogFactory = await ethers.getContractFactory(""Log"");     const logInstance = await LogFactory.deploy();     await logInstance.waitForDeployment();          const Factory = await ethers.getContractFactory(""W_WALLET"");     const instance = await Factory.deploy(await logInstance.getAddress());     await instance.waitForDeployment();          // Deposit 2 ether     const depositAmount = ethers.parseEther(""2"");     await instance.connect(addr1).Put(0, { value: depositAmount });          // Collect 1 ether (less than balance - should work on both)     const collectAmount = ethers.parseEther(""1"");     await instance.connect(addr1).Collect(collectAmount);          const holder = await instance.Acc(addr1.address);     expect(holder.balance).to.equal(ethers.parseEther(""1""));   }); });","""['Error: syntax error']"""
m03d33714,W_WALLET,<generic-v6-scaffold>,Collect,live,>=,<=,---|         if( acc.balance>=MinSum && acc.balance>=_am && block.timestamp>acc.unlockTime) +++|         if( acc.balance>=MinSum && acc.balance<=_am && block.timestamp>acc.unlockTime),37,Mutant m03d33714 of function Collect replaces >= with <=,"pragma solidity ^0.8.0; contract sGuard{ function sub_uint256(uint256 a, uint256 b) internal pure returns (uint256) { assert(b <= a); return a - b; } bool internal locked_; constructor() { locked_ = false; } modifier nonReentrant_() { require(!locked_); locked_ = true; _; locked_ = false; } function add_uint256(uint256 a, uint256 b) internal pure returns (uint256) { uint256 c = a + b; assert(c >= a); return c; } } contract W_WALLET is sGuard { function Put(uint _unlockTime)  public nonReentrant_ payable { Holder storage acc = Acc[msg.sender]; acc.balance = add_uint256(acc.balance, msg.value); acc.unlockTime = _unlockTime>block.timestamp?_unlockTime:block.timestamp; LogFile.AddMessage(msg.sender,msg.value,""Put""); } function Collect(uint _am)  public nonReentrant_ payable { Holder storage acc = Acc[msg.sender]; if( acc.balance>=MinSum && acc.balance>=_am && block.timestamp>acc.unlockTime) { { (bool _s, bytes memory _d) = msg.sender.call{value: _am}(""""); _d; if (_s) { acc.balance = sub_uint256(acc.balance, _am); LogFile.AddMessage(msg.sender,_am,""Collect""); } } } } fallback() external payable { Put(0); } struct Holder { uint unlockTime; uint balance; } mapping (address => Holder) public Acc; Log LogFile; uint public MinSum = 1 ether; constructor(address log) public{ LogFile = Log(log); } } contract Log is sGuard { struct Message { address Sender; string  Data; uint Val; uint  Time; } Message[] public History; Message LastMsg; function AddMessage(address _adr,uint _val, string memory _data) public { LastMsg.Sender = _adr; LastMsg.Time = block.timestamp; LastMsg.Val = _val; LastMsg.Data = _data; History.push(LastMsg); } }","import { expect } from ""chai""; import { ethers } from ""hardhat""; describe(""W_WALLET reference (ethers v6; deploy may require constructor arguments)"", function () { it(""deploy W_WALLET by supplying its REQUIRED constructor arguments (read them from the contract constructor), then call methods and assert; use ethers.parseEther, await (await tx).wait(), and expect(...).to.be.reverted"", async function () { const [owner, addr1, addr2] = await ethers.getSigners(); const Factory = await ethers.getContractFactory(""W_WALLET""); const instance = await Factory.deploy(...constructorArgs); await instance.waitForDeployment(); }); });",False,False,"import { expect } from ""chai""; import { ethers } } from ""hardhat"";  describe(""W_WALLET mutant kill test - m03d33714"", function () {   it(""should kill the mutant by verifying Collect fails when balance > _am (mutant uses <=)"", async function () {     const [owner, user] = await ethers.getSigners();          // Deploy the Log contract first (required constructor argument for W_WALLET)     const LogFactory = await ethers.getContractFactory(""Log"");     const logInstance = await LogFactory.deploy();     await logInstance.waitForDeployment();          // Deploy W_WALLET with the Log contract address     const WalletFactory = await ethers.getContractFactory(""W_WALLET"");     const wallet = await WalletFactory.deploy(await logInstance.getAddress());     await wallet.waitForDeployment();          // Deposit 2 ether to user's account with unlock time in the past     const depositAmount = ethers.parseEther(""2"");     const pastTimestamp = 1; // Any timestamp in the past works     await wallet.connect(user).Put(pastTimestamp, { value: depositAmount });          // Now try to collect 1 ether (balance > _am)     const collectAmount = ethers.parseEther(""1"");          // On original: this should succeed (balance >= _am)     // On mutant: this should fail because condition acc.balance <= _am is false (2 <= 1 is false)     await expect(       wallet.connect(user).Collect(collectAmount)     ).to.be.reverted;   }); });","""['Error: syntax error']"""
m3348fdeb,W_WALLET,<generic-v6-scaffold>,Collect,live,>=,==,---|         if( acc.balance>=MinSum && acc.balance>=_am && block.timestamp>acc.unlockTime) +++|         if( acc.balance>=MinSum && acc.balance==_am && block.timestamp>acc.unlockTime),37,Mutant m3348fdeb of function Collect replaces >= with ==,"pragma solidity ^0.8.0; contract sGuard{ function sub_uint256(uint256 a, uint256 b) internal pure returns (uint256) { assert(b <= a); return a - b; } bool internal locked_; constructor() { locked_ = false; } modifier nonReentrant_() { require(!locked_); locked_ = true; _; locked_ = false; } function add_uint256(uint256 a, uint256 b) internal pure returns (uint256) { uint256 c = a + b; assert(c >= a); return c; } } contract W_WALLET is sGuard { function Put(uint _unlockTime)  public nonReentrant_ payable { Holder storage acc = Acc[msg.sender]; acc.balance = add_uint256(acc.balance, msg.value); acc.unlockTime = _unlockTime>block.timestamp?_unlockTime:block.timestamp; LogFile.AddMessage(msg.sender,msg.value,""Put""); } function Collect(uint _am)  public nonReentrant_ payable { Holder storage acc = Acc[msg.sender]; if( acc.balance>=MinSum && acc.balance>=_am && block.timestamp>acc.unlockTime) { { (bool _s, bytes memory _d) = msg.sender.call{value: _am}(""""); _d; if (_s) { acc.balance = sub_uint256(acc.balance, _am); LogFile.AddMessage(msg.sender,_am,""Collect""); } } } } fallback() external payable { Put(0); } struct Holder { uint unlockTime; uint balance; } mapping (address => Holder) public Acc; Log LogFile; uint public MinSum = 1 ether; constructor(address log) public{ LogFile = Log(log); } } contract Log is sGuard { struct Message { address Sender; string  Data; uint Val; uint  Time; } Message[] public History; Message LastMsg; function AddMessage(address _adr,uint _val, string memory _data) public { LastMsg.Sender = _adr; LastMsg.Time = block.timestamp; LastMsg.Val = _val; LastMsg.Data = _data; History.push(LastMsg); } }","import { expect } from ""chai""; import { ethers } from ""hardhat""; describe(""W_WALLET reference (ethers v6; deploy may require constructor arguments)"", function () { it(""deploy W_WALLET by supplying its REQUIRED constructor arguments (read them from the contract constructor), then call methods and assert; use ethers.parseEther, await (await tx).wait(), and expect(...).to.be.reverted"", async function () { const [owner, addr1, addr2] = await ethers.getSigners(); const Factory = await ethers.getContractFactory(""W_WALLET""); const instance = await Factory.deploy(...constructorArgs); await instance.waitForDeployment(); }); });",False,False,"import { expect } from ""chai""; import { ethers } } from ""hardhat"";  describe(""W_WALLET mutant kill test for m3348fdeb"", function () {   it(""should allow partial withdrawal when balance >= amount, but mutant fails"", async function () {     const [owner, user] = await ethers.getSigners();          // Deploy Log contract first (required by W_WALLET constructor)     const LogFactory = await ethers.getContractFactory(""Log"");     const log = await LogFactory.deploy();     await log.waitForDeployment();          // Deploy W_WALLET with Log address     const W_WALLETFactory = await ethers.getContractFactory(""W_WALLET"");     const wallet = await W_WALLETFactory.deploy(await log.getAddress());     await wallet.waitForDeployment();          // Fund user with ETH     const depositAmount = ethers.parseEther(""2.0"");     const withdrawAmount = ethers.parseEther(""1.0"");          // User deposits 2 ETH via Put() with unlock time = 0 (immediately accessible)     await wallet.connect(user).Put(0, { value: depositAmount });          // Verify balance is 2 ETH     const holder = await wallet.Acc(user.address);     expect(holder.balance).to.equal(depositAmount);          // Fast forward time past unlockTime (which was set to block.timestamp)     await ethers.provider.send(""evm_increaseTime"", [3600]); // +1 hour     await ethers.provider.send(""evm_mine"", []);          // Attempt to withdraw only 1 ETH (partial withdrawal)     // Original contract: succeeds because 2 >= 1     // Mutant: reverts because 2 != 1     const tx = wallet.connect(user).Collect(withdrawAmount);          // The mutant should revert because balance (2 ETH) != withdrawAmount (1 ETH)     await expect(tx).to.be.reverted;   }); });","""['Error: syntax error']"""
mfa455904,W_WALLET,<generic-v6-scaffold>,Collect,live,>,<,---|         if( acc.balance>=MinSum && acc.balance>=_am && block.timestamp>acc.unlockTime) +++|         if( acc.balance>=MinSum && acc.balance>=_am && block.timestamp<acc.unlockTime),37,Mutant mfa455904 of function Collect replaces > with <,"pragma solidity ^0.8.0; contract sGuard{ function sub_uint256(uint256 a, uint256 b) internal pure returns (uint256) { assert(b <= a); return a - b; } bool internal locked_; constructor() { locked_ = false; } modifier nonReentrant_() { require(!locked_); locked_ = true; _; locked_ = false; } function add_uint256(uint256 a, uint256 b) internal pure returns (uint256) { uint256 c = a + b; assert(c >= a); return c; } } contract W_WALLET is sGuard { function Put(uint _unlockTime)  public nonReentrant_ payable { Holder storage acc = Acc[msg.sender]; acc.balance = add_uint256(acc.balance, msg.value); acc.unlockTime = _unlockTime>block.timestamp?_unlockTime:block.timestamp; LogFile.AddMessage(msg.sender,msg.value,""Put""); } function Collect(uint _am)  public nonReentrant_ payable { Holder storage acc = Acc[msg.sender]; if( acc.balance>=MinSum && acc.balance>=_am && block.timestamp>acc.unlockTime) { { (bool _s, bytes memory _d) = msg.sender.call{value: _am}(""""); _d; if (_s) { acc.balance = sub_uint256(acc.balance, _am); LogFile.AddMessage(msg.sender,_am,""Collect""); } } } } fallback() external payable { Put(0); } struct Holder { uint unlockTime; uint balance; } mapping (address => Holder) public Acc; Log LogFile; uint public MinSum = 1 ether; constructor(address log) public{ LogFile = Log(log); } } contract Log is sGuard { struct Message { address Sender; string  Data; uint Val; uint  Time; } Message[] public History; Message LastMsg; function AddMessage(address _adr,uint _val, string memory _data) public { LastMsg.Sender = _adr; LastMsg.Time = block.timestamp; LastMsg.Val = _val; LastMsg.Data = _data; History.push(LastMsg); } }","import { expect } from ""chai""; import { ethers } from ""hardhat""; describe(""W_WALLET reference (ethers v6; deploy may require constructor arguments)"", function () { it(""deploy W_WALLET by supplying its REQUIRED constructor arguments (read them from the contract constructor), then call methods and assert; use ethers.parseEther, await (await tx).wait(), and expect(...).to.be.reverted"", async function () { const [owner, addr1, addr2] = await ethers.getSigners(); const Factory = await ethers.getContractFactory(""W_WALLET""); const instance = await Factory.deploy(...constructorArgs); await instance.waitForDeployment(); }); });",False,False,"import { expect } from ""chai""; import { ethers } } from ""hardhat"";  describe(""W_WALLET mutant mfa455904 test"", function () {   it(""should detect the mutant by failing when collecting after unlock time"", async function () {     const [owner, addr1] = await ethers.getSigners();          // Deploy Log contract first (needed as constructor argument for W_WALLET)     const LogFactory = await ethers.getContractFactory(""Log"");     const log = await LogFactory.deploy();     await log.waitForDeployment();          // Deploy W_WALLET with Log contract address     const Factory = await ethers.getContractFactory(""W_WALLET"");     const wallet = await Factory.deploy(await log.getAddress());     await wallet.waitForDeployment();          const oneEther = ethers.parseEther(""1.0"");     const unlockTime = Math.floor(Date.now() / 1000) + 3600; // 1 hour from now          // Put funds with unlock time in the future     await wallet.connect(addr1).Put(unlockTime, { value: oneEther });          // Verify balance was added     let holder = await wallet.Acc(addr1.address);     expect(holder.balance).to.equal(oneEther);          // Fast forward time past the unlock time     await ethers.provider.send(""evm_increaseTime"", [3601]);     await ethers.provider.send(""evm_mine"", []);          // Attempt to collect - should succeed on original but fail on mutant     // On mutant (block.timestamp < acc.unlockTime) this will revert because     // current time is now AFTER unlockTime, not before     await expect(       wallet.connect(addr1).Collect(oneEther)     ).to.be.reverted;   });      it(""should verify original contract behavior works correctly"", async function () {     const [owner, addr1] = await ethers.getSigners();          const LogFactory = await ethers.getContractFactory(""Log"");     const log = await LogFactory.deploy();     await log.waitForDeployment();          const Factory = await ethers.getContractFactory(""W_WALLET"");     const wallet = await Factory.deploy(await log.getAddress());     await wallet.waitForDeployment();          const oneEther = ethers.parseEther(""1.0"");     const unlockTime = Math.floor(Date.now() / 1000) + 3600;          await wallet.connect(addr1).Put(unlockTime, { value: oneEther });          // Before unlock time - should NOT be able to collect on original     await expect(       wallet.connect(addr1).Collect(oneEther)     ).to.be.reverted;          // Fast forward past unlock time     await ethers.provider.send(""evm_increaseTime"", [3601]);     await ethers.provider.send(""evm_mine"", []);          // After unlock time - should succeed on original     const tx = await wallet.connect(addr1).Collect(oneEther);     await tx.wait();          // Verify balance was reduced     holder = await wallet.Acc(addr1.address);     expect(holder.balance).to.equal(0);   }); });","""['Error: syntax error']"""
m4696039a,W_WALLET,<generic-v6-scaffold>,Collect,live,>,>= ,---|         if( acc.balance>=MinSum && acc.balance>=_am && block.timestamp>acc.unlockTime) +++|         if( acc.balance>=MinSum && acc.balance>=_am && block.timestamp>= acc.unlockTime),37,Mutant m4696039a of function Collect replaces > with >=,"pragma solidity ^0.8.0; contract sGuard{ function sub_uint256(uint256 a, uint256 b) internal pure returns (uint256) { assert(b <= a); return a - b; } bool internal locked_; constructor() { locked_ = false; } modifier nonReentrant_() { require(!locked_); locked_ = true; _; locked_ = false; } function add_uint256(uint256 a, uint256 b) internal pure returns (uint256) { uint256 c = a + b; assert(c >= a); return c; } } contract W_WALLET is sGuard { function Put(uint _unlockTime)  public nonReentrant_ payable { Holder storage acc = Acc[msg.sender]; acc.balance = add_uint256(acc.balance, msg.value); acc.unlockTime = _unlockTime>block.timestamp?_unlockTime:block.timestamp; LogFile.AddMessage(msg.sender,msg.value,""Put""); } function Collect(uint _am)  public nonReentrant_ payable { Holder storage acc = Acc[msg.sender]; if( acc.balance>=MinSum && acc.balance>=_am && block.timestamp>acc.unlockTime) { { (bool _s, bytes memory _d) = msg.sender.call{value: _am}(""""); _d; if (_s) { acc.balance = sub_uint256(acc.balance, _am); LogFile.AddMessage(msg.sender,_am,""Collect""); } } } } fallback() external payable { Put(0); } struct Holder { uint unlockTime; uint balance; } mapping (address => Holder) public Acc; Log LogFile; uint public MinSum = 1 ether; constructor(address log) public{ LogFile = Log(log); } } contract Log is sGuard { struct Message { address Sender; string  Data; uint Val; uint  Time; } Message[] public History; Message LastMsg; function AddMessage(address _adr,uint _val, string memory _data) public { LastMsg.Sender = _adr; LastMsg.Time = block.timestamp; LastMsg.Val = _val; LastMsg.Data = _data; History.push(LastMsg); } }","import { expect } from ""chai""; import { ethers } from ""hardhat""; describe(""W_WALLET reference (ethers v6; deploy may require constructor arguments)"", function () { it(""deploy W_WALLET by supplying its REQUIRED constructor arguments (read them from the contract constructor), then call methods and assert; use ethers.parseEther, await (await tx).wait(), and expect(...).to.be.reverted"", async function () { const [owner, addr1, addr2] = await ethers.getSigners(); const Factory = await ethers.getContractFactory(""W_WALLET""); const instance = await Factory.deploy(...constructorArgs); await instance.waitForDeployment(); }); });",False,False,"import { expect } from ""chai""; import { ethers } from ""hardhat"";  describe(""W_WALLET mutant test - block.timestamp >= acc.unlockTime"", function () {   it(""should revert when block.timestamp equals unlockTime in original (strict >) but pass in mutant (>=)"", async function () {     const [owner, addr1] = await ethers.getSigners();          // Deploy the Log contract first (required constructor argument for W_WALLET)     const LogFactory = await ethers.getContractFactory(""Log"");     const log = await LogFactory.deploy();     await log.waitForDeployment();          // Deploy W_WALLET with the Log address     const Factory = await ethers.getContractFactory(""W_WALLET"");     const instance = await Factory.deploy(await log.getAddress());     await instance.waitForDeployment();          // Get current block timestamp     const blockNumBefore = await ethers.provider.getBlockNumber();     const blockBefore = await ethers.provider.getBlock(blockNumBefore);     const currentTimestamp = blockBefore!.timestamp;          // Set unlockTime to exactly the current timestamp by calling Put with current timestamp     // (Put sets unlockTime to max(_unlockTime, block.timestamp))     await instance.connect(addr1).Put(currentTimestamp, { value: ethers.parseEther(""2"") });          // Try to collect exactly at the unlock time (current timestamp)     // Original contract requires block.timestamp > acc.unlockTime, so this should revert     // Mutant changes to >=, so this would succeed     await expect(       instance.connect(addr1).Collect(ethers.parseEther(""1""))     ).to.be.reverted;   }); });","""['Error: syntax error']"""
m9a254e2a,W_WALLET,<generic-v6-scaffold>,Collect,live,acc.balance>=MinSum && acc.balance>=_am && block.timestamp>acc.unlockTime,true,---|         if( acc.balance>=MinSum && acc.balance>=_am && block.timestamp>acc.unlockTime) +++|         if( true),37,Mutant m9a254e2a of function Collect replaces acc.balance>=MinSum && acc.balance>=_am && block.timestamp>acc.unlockTime with true,"pragma solidity ^0.8.0; contract sGuard{ function sub_uint256(uint256 a, uint256 b) internal pure returns (uint256) { assert(b <= a); return a - b; } bool internal locked_; constructor() { locked_ = false; } modifier nonReentrant_() { require(!locked_); locked_ = true; _; locked_ = false; } function add_uint256(uint256 a, uint256 b) internal pure returns (uint256) { uint256 c = a + b; assert(c >= a); return c; } } contract W_WALLET is sGuard { function Put(uint _unlockTime)  public nonReentrant_ payable { Holder storage acc = Acc[msg.sender]; acc.balance = add_uint256(acc.balance, msg.value); acc.unlockTime = _unlockTime>block.timestamp?_unlockTime:block.timestamp; LogFile.AddMessage(msg.sender,msg.value,""Put""); } function Collect(uint _am)  public nonReentrant_ payable { Holder storage acc = Acc[msg.sender]; if( acc.balance>=MinSum && acc.balance>=_am && block.timestamp>acc.unlockTime) { { (bool _s, bytes memory _d) = msg.sender.call{value: _am}(""""); _d; if (_s) { acc.balance = sub_uint256(acc.balance, _am); LogFile.AddMessage(msg.sender,_am,""Collect""); } } } } fallback() external payable { Put(0); } struct Holder { uint unlockTime; uint balance; } mapping (address => Holder) public Acc; Log LogFile; uint public MinSum = 1 ether; constructor(address log) public{ LogFile = Log(log); } } contract Log is sGuard { struct Message { address Sender; string  Data; uint Val; uint  Time; } Message[] public History; Message LastMsg; function AddMessage(address _adr,uint _val, string memory _data) public { LastMsg.Sender = _adr; LastMsg.Time = block.timestamp; LastMsg.Val = _val; LastMsg.Data = _data; History.push(LastMsg); } }","import { expect } from ""chai""; import { ethers } from ""hardhat""; describe(""W_WALLET reference (ethers v6; deploy may require constructor arguments)"", function () { it(""deploy W_WALLET by supplying its REQUIRED constructor arguments (read them from the contract constructor), then call methods and assert; use ethers.parseEther, await (await tx).wait(), and expect(...).to.be.reverted"", async function () { const [owner, addr1, addr2] = await ethers.getSigners(); const Factory = await ethers.getContractFactory(""W_WALLET""); const instance = await Factory.deploy(...constructorArgs); await instance.waitForDeployment(); }); });",False,False,"import { expect } from ""chai""; import { ethers } from ""hardhat"";  describe(""W_WALLET mutant m9a254e2a test"", function () {   it(""should revert when Collect is called with amount less than MinSum on original, but succeed on mutant"", async function () {     const [owner, user] = await ethers.getSigners();          // Deploy Log contract first (required constructor argument)     const LogFactory = await ethers.getContractFactory(""Log"");     const log = await LogFactory.deploy();     await log.waitForDeployment();          // Deploy W_WALLET with Log address     const Factory = await ethers.getContractFactory(""W_WALLET"");     const instance = await Factory.deploy(await log.getAddress());     await instance.waitForDeployment();          // Fund the contract so it has ether to send     await owner.sendTransaction({       to: await instance.getAddress(),       value: ethers.parseEther(""10"")     });          // User puts 0.5 ether (less than MinSum = 1 ether)     const putAmount = ethers.parseEther(""0.5"");     await instance.connect(user).Put(0, { value: putAmount });          // Now try to collect 0.5 ether - should revert in original but succeed in mutant     // because mutant removes the MinSum check     await expect(       instance.connect(user).Collect(putAmount)     ).to.be.reverted;   }); });","""['Error: syntax error']"""
m4f9309f1,W_WALLET,<generic-v6-scaffold>,Collect,live,acc.balance>=MinSum && acc.balance>=_am && block.timestamp>acc.unlockTime,false,---|         if( acc.balance>=MinSum && acc.balance>=_am && block.timestamp>acc.unlockTime) +++|         if( false),37,Mutant m4f9309f1 of function Collect replaces acc.balance>=MinSum && acc.balance>=_am && block.timestamp>acc.unlockTime with false,"pragma solidity ^0.8.0; contract sGuard{ function sub_uint256(uint256 a, uint256 b) internal pure returns (uint256) { assert(b <= a); return a - b; } bool internal locked_; constructor() { locked_ = false; } modifier nonReentrant_() { require(!locked_); locked_ = true; _; locked_ = false; } function add_uint256(uint256 a, uint256 b) internal pure returns (uint256) { uint256 c = a + b; assert(c >= a); return c; } } contract W_WALLET is sGuard { function Put(uint _unlockTime)  public nonReentrant_ payable { Holder storage acc = Acc[msg.sender]; acc.balance = add_uint256(acc.balance, msg.value); acc.unlockTime = _unlockTime>block.timestamp?_unlockTime:block.timestamp; LogFile.AddMessage(msg.sender,msg.value,""Put""); } function Collect(uint _am)  public nonReentrant_ payable { Holder storage acc = Acc[msg.sender]; if( acc.balance>=MinSum && acc.balance>=_am && block.timestamp>acc.unlockTime) { { (bool _s, bytes memory _d) = msg.sender.call{value: _am}(""""); _d; if (_s) { acc.balance = sub_uint256(acc.balance, _am); LogFile.AddMessage(msg.sender,_am,""Collect""); } } } } fallback() external payable { Put(0); } struct Holder { uint unlockTime; uint balance; } mapping (address => Holder) public Acc; Log LogFile; uint public MinSum = 1 ether; constructor(address log) public{ LogFile = Log(log); } } contract Log is sGuard { struct Message { address Sender; string  Data; uint Val; uint  Time; } Message[] public History; Message LastMsg; function AddMessage(address _adr,uint _val, string memory _data) public { LastMsg.Sender = _adr; LastMsg.Time = block.timestamp; LastMsg.Val = _val; LastMsg.Data = _data; History.push(LastMsg); } }","import { expect } from ""chai""; import { ethers } from ""hardhat""; describe(""W_WALLET reference (ethers v6; deploy may require constructor arguments)"", function () { it(""deploy W_WALLET by supplying its REQUIRED constructor arguments (read them from the contract constructor), then call methods and assert; use ethers.parseEther, await (await tx).wait(), and expect(...).to.be.reverted"", async function () { const [owner, addr1, addr2] = await ethers.getSigners(); const Factory = await ethers.getContractFactory(""W_WALLET""); const instance = await Factory.deploy(...constructorArgs); await instance.waitForDeployment(); }); });",False,False,"import { expect } from ""chai""; import { ethers } } from ""hardhat"";  describe(""W_WALLET mutant m4f9309f1 - Collect condition always false"", function () {   it(""should kill mutant by depositing funds, waiting past unlock time, and expecting successful Collect"", async function () {     const [owner, addr1] = await ethers.getSigners();          // Deploy Log contract first (required constructor argument for W_WALLET)     const LogFactory = await ethers.getContractFactory(""Log"");     const logInstance = await LogFactory.deploy();     await logInstance.waitForDeployment();          // Deploy W_WALLET with Log contract address     const Factory = await ethers.getContractFactory(""W_WALLET"");     const instance = await Factory.deploy(logInstance.target);     await instance.waitForDeployment();          // Get current block timestamp     const block = await ethers.provider.getBlock(""latest"");     const currentTime = block.timestamp;          // Deposit 2 ether from addr1 with unlock time = current time + 1 hour (past now)     const depositAmount = ethers.parseEther(""2"");     const unlockTime = currentTime + 3600; // 1 hour from now          await instance.connect(addr1).Put(unlockTime, { value: depositAmount });          // Verify initial balance     let holder = await instance.Acc(addr1.address);     expect(holder.balance).to.equal(depositAmount);          // Warp time past unlock time     await ethers.provider.send(""evm_setNextBlockTimestamp"", [unlockTime + 1]);     await ethers.provider.send(""evm_mine"");          // Try to Collect 1 ether - should succeed on original, fail on mutant     const collectAmount = ethers.parseEther(""1"");          // On original contract this would succeed; on mutant it reverts because condition is always false     await expect(       instance.connect(addr1).Collect(collectAmount)     ).to.not.be.reverted;          // Verify balance decreased after successful collection     holder = await instance.Acc(addr1.address);     expect(holder.balance).to.equal(depositAmount - collectAmount);   }); });","""['Error: syntax error']"""
mefedbccc,W_WALLET,<generic-v6-scaffold>,Collect,live,_s,true,"---|             { (bool _s, bytes memory _d) = msg.sender.call{value: _am}(""""); _d; if (_s) { +++|             { (bool _s, bytes memory _d) = msg.sender.call{value: _am}(""""); _d; if (true) {",40,Mutant mefedbccc of function Collect replaces _s with true,"pragma solidity ^0.8.0; contract sGuard{ function sub_uint256(uint256 a, uint256 b) internal pure returns (uint256) { assert(b <= a); return a - b; } bool internal locked_; constructor() { locked_ = false; } modifier nonReentrant_() { require(!locked_); locked_ = true; _; locked_ = false; } function add_uint256(uint256 a, uint256 b) internal pure returns (uint256) { uint256 c = a + b; assert(c >= a); return c; } } contract W_WALLET is sGuard { function Put(uint _unlockTime)  public nonReentrant_ payable { Holder storage acc = Acc[msg.sender]; acc.balance = add_uint256(acc.balance, msg.value); acc.unlockTime = _unlockTime>block.timestamp?_unlockTime:block.timestamp; LogFile.AddMessage(msg.sender,msg.value,""Put""); } function Collect(uint _am)  public nonReentrant_ payable { Holder storage acc = Acc[msg.sender]; if( acc.balance>=MinSum && acc.balance>=_am && block.timestamp>acc.unlockTime) { { (bool _s, bytes memory _d) = msg.sender.call{value: _am}(""""); _d; if (_s) { acc.balance = sub_uint256(acc.balance, _am); LogFile.AddMessage(msg.sender,_am,""Collect""); } } } } fallback() external payable { Put(0); } struct Holder { uint unlockTime; uint balance; } mapping (address => Holder) public Acc; Log LogFile; uint public MinSum = 1 ether; constructor(address log) public{ LogFile = Log(log); } } contract Log is sGuard { struct Message { address Sender; string  Data; uint Val; uint  Time; } Message[] public History; Message LastMsg; function AddMessage(address _adr,uint _val, string memory _data) public { LastMsg.Sender = _adr; LastMsg.Time = block.timestamp; LastMsg.Val = _val; LastMsg.Data = _data; History.push(LastMsg); } }","import { expect } from ""chai""; import { ethers } from ""hardhat""; describe(""W_WALLET reference (ethers v6; deploy may require constructor arguments)"", function () { it(""deploy W_WALLET by supplying its REQUIRED constructor arguments (read them from the contract constructor), then call methods and assert; use ethers.parseEther, await (await tx).wait(), and expect(...).to.be.reverted"", async function () { const [owner, addr1, addr2] = await ethers.getSigners(); const Factory = await ethers.getContractFactory(""W_WALLET""); const instance = await Factory.deploy(...constructorArgs); await instance.waitForDeployment(); }); });",False,False,"import { expect } from ""chai""; import { ethers } from ""hardhat"";  describe(""W_WALLET mutant mefedbccc test"", function () {   it(""should kill mutant by making Collect fail when recipient contract reverts"", async function () {     const [owner, user] = await ethers.getSigners();          // Deploy a malicious receiver that reverts on receiving ETH     const RevertingReceiver = await ethers.getContractFactory(""RevertingReceiver"");     const revertingReceiver = await RevertingReceiver.deploy();     await revertingReceiver.waitForDeployment();          // Deploy the Log contract (required constructor argument for W_WALLET)     const LogFactory = await ethers.getContractFactory(""Log"");     const log = await LogFactory.deploy();     await log.waitForDeployment();          // Deploy W_WALLET with Log address     const Factory = await ethers.getContractFactory(""W_WALLET"");     const wallet = await Factory.deploy(await log.getAddress());     await wallet.waitForDeployment();          // User puts 2 ETH into the wallet with unlock time in the past     const putAmount = ethers.parseEther(""2"");     const pastTime = 0;     await wallet.connect(user).Put(pastTime, { value: putAmount });          // Verify balance is recorded     const holderBefore = await wallet.Acc(user.address);     expect(holderBefore.balance).to.equal(putAmount);          // Try to collect to the reverting receiver address     const collectAmount = ethers.parseEther(""1"");     const tx = wallet.connect(user).Collect(collectAmount);          // Original contract would revert because _s is false, mutant succeeds incorrectly     // For mutant detection: the transaction should succeed (mutant allows it) but      // the balance should NOT be deducted and event should NOT be emitted     // We expect the call to succeed in the mutant, but verify incorrect state     await expect(tx).to.not.be.reverted;          // In the mutant, balance would be incorrectly deducted despite failed call     // In the original, balance would remain unchanged     const holderAfter = await wallet.Acc(user.address);          // For the mutant: balance should still be 2 ETH (since call failed)     // If mutant deducted balance, it's wrong - so we assert it SHOULD still be 2     expect(holderAfter.balance).to.equal(putAmount);          // Verify no Collect event was logged (mutant would have logged it incorrectly)     const historyLength = await log.History.length();     // Only the Put event should exist, no Collect event     expect(historyLength).to.equal(1);   }); });  // Helper contract that reverts on receive contract RevertingReceiver {   receive() external payable {     revert(""I do not accept ETH"");   } }","""['Error: syntax error']"""
m89d0160d,W_WALLET,<generic-v6-scaffold>,Collect,live,_s,false,"---|             { (bool _s, bytes memory _d) = msg.sender.call{value: _am}(""""); _d; if (_s) { +++|             { (bool _s, bytes memory _d) = msg.sender.call{value: _am}(""""); _d; if (false) {",40,Mutant m89d0160d of function Collect replaces _s with false,"pragma solidity ^0.8.0; contract sGuard{ function sub_uint256(uint256 a, uint256 b) internal pure returns (uint256) { assert(b <= a); return a - b; } bool internal locked_; constructor() { locked_ = false; } modifier nonReentrant_() { require(!locked_); locked_ = true; _; locked_ = false; } function add_uint256(uint256 a, uint256 b) internal pure returns (uint256) { uint256 c = a + b; assert(c >= a); return c; } } contract W_WALLET is sGuard { function Put(uint _unlockTime)  public nonReentrant_ payable { Holder storage acc = Acc[msg.sender]; acc.balance = add_uint256(acc.balance, msg.value); acc.unlockTime = _unlockTime>block.timestamp?_unlockTime:block.timestamp; LogFile.AddMessage(msg.sender,msg.value,""Put""); } function Collect(uint _am)  public nonReentrant_ payable { Holder storage acc = Acc[msg.sender]; if( acc.balance>=MinSum && acc.balance>=_am && block.timestamp>acc.unlockTime) { { (bool _s, bytes memory _d) = msg.sender.call{value: _am}(""""); _d; if (_s) { acc.balance = sub_uint256(acc.balance, _am); LogFile.AddMessage(msg.sender,_am,""Collect""); } } } } fallback() external payable { Put(0); } struct Holder { uint unlockTime; uint balance; } mapping (address => Holder) public Acc; Log LogFile; uint public MinSum = 1 ether; constructor(address log) public{ LogFile = Log(log); } } contract Log is sGuard { struct Message { address Sender; string  Data; uint Val; uint  Time; } Message[] public History; Message LastMsg; function AddMessage(address _adr,uint _val, string memory _data) public { LastMsg.Sender = _adr; LastMsg.Time = block.timestamp; LastMsg.Val = _val; LastMsg.Data = _data; History.push(LastMsg); } }","import { expect } from ""chai""; import { ethers } from ""hardhat""; describe(""W_WALLET reference (ethers v6; deploy may require constructor arguments)"", function () { it(""deploy W_WALLET by supplying its REQUIRED constructor arguments (read them from the contract constructor), then call methods and assert; use ethers.parseEther, await (await tx).wait(), and expect(...).to.be.reverted"", async function () { const [owner, addr1, addr2] = await ethers.getSigners(); const Factory = await ethers.getContractFactory(""W_WALLET""); const instance = await Factory.deploy(...constructorArgs); await instance.waitForDeployment(); }); });",False,False,"import { expect } from ""chai""; import { ethers } } from ""hardhat"";  describe(""W_WALLET mutant m89d0160d - Collect with false condition"", function () {   it(""should detect mutant by verifying balance decreases after successful Collect"", async function () {     const [owner, user] = await ethers.getSigners();          // Deploy the Log contract first (required constructor argument for W_WALLET)     const LogFactory = await ethers.getContractFactory(""Log"");     const log = await LogFactory.deploy();     await log.waitForDeployment();          // Deploy W_WALLET with Log address     const Factory = await ethers.getContractFactory(""W_WALLET"");     const instance = await Factory.deploy(await log.getAddress());     await instance.waitForDeployment();          // Fund the contract with some ether via Put     const putAmount = ethers.parseEther(""10"");     const tx = await instance.connect(user).Put(0, { value: putAmount });     await tx.wait();          // Verify initial balance     const initialBalance = await instance.Acc(user.address);     expect(initialBalance.balance).to.equal(putAmount);          // User's ether balance before Collect     const userBalanceBefore = await ethers.provider.getBalance(user.address);          // Collect a portion of the funds     const collectAmount = ethers.parseEther(""5"");     const collectTx = await instance.connect(user).Collect(collectAmount);     await collectTx.wait();          // Check user received the ether     const userBalanceAfter = await ethers.provider.getBalance(user.address);     const gasCost = (await collectTx.wait()).gasUsed * (await collectTx.wait()).gasPrice;     const expectedUserIncrease = collectAmount - gasCost;     expect(userBalanceAfter - userBalanceBefore).to.be.closeTo(expectedUserIncrease, ethers.parseEther(""0.01""));          // Check the contract's recorded balance for user     const finalBalance = await instance.Acc(user.address);          // On original: balance should decrease by collectAmount     // On mutant: balance remains unchanged (because if(false) prevents subtraction)     expect(finalBalance.balance).to.equal(initialBalance.balance - collectAmount);   }); });","""['Error: syntax error']"""
md8e8d016,W_WALLET,<generic-v6-scaffold>,Put,live,msg.value,msg.value+1,"---|         acc.balance = add_uint256(acc.balance, msg.value); +++|         acc.balance = add_uint256(acc.balance, msg.value+1);",30,Mutant md8e8d016 of function Put replaces msg.value with msg.value+1,"pragma solidity ^0.8.0; contract sGuard{ function sub_uint256(uint256 a, uint256 b) internal pure returns (uint256) { assert(b <= a); return a - b; } bool internal locked_; constructor() { locked_ = false; } modifier nonReentrant_() { require(!locked_); locked_ = true; _; locked_ = false; } function add_uint256(uint256 a, uint256 b) internal pure returns (uint256) { uint256 c = a + b; assert(c >= a); return c; } } contract W_WALLET is sGuard { function Put(uint _unlockTime)  public nonReentrant_ payable { Holder storage acc = Acc[msg.sender]; acc.balance = add_uint256(acc.balance, msg.value); acc.unlockTime = _unlockTime>block.timestamp?_unlockTime:block.timestamp; LogFile.AddMessage(msg.sender,msg.value,""Put""); } function Collect(uint _am)  public nonReentrant_ payable { Holder storage acc = Acc[msg.sender]; if( acc.balance>=MinSum && acc.balance>=_am && block.timestamp>acc.unlockTime) { { (bool _s, bytes memory _d) = msg.sender.call{value: _am}(""""); _d; if (_s) { acc.balance = sub_uint256(acc.balance, _am); LogFile.AddMessage(msg.sender,_am,""Collect""); } } } } fallback() external payable { Put(0); } struct Holder { uint unlockTime; uint balance; } mapping (address => Holder) public Acc; Log LogFile; uint public MinSum = 1 ether; constructor(address log) public{ LogFile = Log(log); } } contract Log is sGuard { struct Message { address Sender; string  Data; uint Val; uint  Time; } Message[] public History; Message LastMsg; function AddMessage(address _adr,uint _val, string memory _data) public { LastMsg.Sender = _adr; LastMsg.Time = block.timestamp; LastMsg.Val = _val; LastMsg.Data = _data; History.push(LastMsg); } }","import { expect } from ""chai""; import { ethers } from ""hardhat""; describe(""W_WALLET reference (ethers v6; deploy may require constructor arguments)"", function () { it(""deploy W_WALLET by supplying its REQUIRED constructor arguments (read them from the contract constructor), then call methods and assert; use ethers.parseEther, await (await tx).wait(), and expect(...).to.be.reverted"", async function () { const [owner, addr1, addr2] = await ethers.getSigners(); const Factory = await ethers.getContractFactory(""W_WALLET""); const instance = await Factory.deploy(...constructorArgs); await instance.waitForDeployment(); }); });",False,False,"import { expect } from ""chai""; import { ethers } from ""hardhat"";  describe(""W_WALLET mutant md8e8d016 test"", function () {   it(""should detect mutant that adds 1 wei to msg.value when recording balance"", async function () {     const [owner, addr1] = await ethers.getSigners();     const LogFactory = await ethers.getContractFactory(""Log"");     const log = await LogFactory.deploy();     await log.waitForDeployment();          const Factory = await ethers.getContractFactory(""W_WALLET"");     const instance = await Factory.deploy(await log.getAddress());     await instance.waitForDeployment();      const sendAmount = ethers.parseEther(""1"");     const tx = await instance.connect(addr1).Put(0, { value: sendAmount });     await tx.wait();      const holder = await instance.Acc(addr1.address);     // On the original contract, balance should equal sendAmount     // On the mutant, balance will be sendAmount + 1 wei     expect(holder.balance).to.equal(sendAmount);   }); });","""['Error: syntax error']"""
m296c744f,W_WALLET,<generic-v6-scaffold>,Put,live,msg.value,msg.value-1,"---|         acc.balance = add_uint256(acc.balance, msg.value); +++|         acc.balance = add_uint256(acc.balance, msg.value-1);",30,Mutant m296c744f of function Put replaces msg.value with msg.value-1,"pragma solidity ^0.8.0; contract sGuard{ function sub_uint256(uint256 a, uint256 b) internal pure returns (uint256) { assert(b <= a); return a - b; } bool internal locked_; constructor() { locked_ = false; } modifier nonReentrant_() { require(!locked_); locked_ = true; _; locked_ = false; } function add_uint256(uint256 a, uint256 b) internal pure returns (uint256) { uint256 c = a + b; assert(c >= a); return c; } } contract W_WALLET is sGuard { function Put(uint _unlockTime)  public nonReentrant_ payable { Holder storage acc = Acc[msg.sender]; acc.balance = add_uint256(acc.balance, msg.value); acc.unlockTime = _unlockTime>block.timestamp?_unlockTime:block.timestamp; LogFile.AddMessage(msg.sender,msg.value,""Put""); } function Collect(uint _am)  public nonReentrant_ payable { Holder storage acc = Acc[msg.sender]; if( acc.balance>=MinSum && acc.balance>=_am && block.timestamp>acc.unlockTime) { { (bool _s, bytes memory _d) = msg.sender.call{value: _am}(""""); _d; if (_s) { acc.balance = sub_uint256(acc.balance, _am); LogFile.AddMessage(msg.sender,_am,""Collect""); } } } } fallback() external payable { Put(0); } struct Holder { uint unlockTime; uint balance; } mapping (address => Holder) public Acc; Log LogFile; uint public MinSum = 1 ether; constructor(address log) public{ LogFile = Log(log); } } contract Log is sGuard { struct Message { address Sender; string  Data; uint Val; uint  Time; } Message[] public History; Message LastMsg; function AddMessage(address _adr,uint _val, string memory _data) public { LastMsg.Sender = _adr; LastMsg.Time = block.timestamp; LastMsg.Val = _val; LastMsg.Data = _data; History.push(LastMsg); } }","import { expect } from ""chai""; import { ethers } from ""hardhat""; describe(""W_WALLET reference (ethers v6; deploy may require constructor arguments)"", function () { it(""deploy W_WALLET by supplying its REQUIRED constructor arguments (read them from the contract constructor), then call methods and assert; use ethers.parseEther, await (await tx).wait(), and expect(...).to.be.reverted"", async function () { const [owner, addr1, addr2] = await ethers.getSigners(); const Factory = await ethers.getContractFactory(""W_WALLET""); const instance = await Factory.deploy(...constructorArgs); await instance.waitForDeployment(); }); });",False,False,"import { expect } from ""chai""; import { ethers } } from ""hardhat"";  describe(""W_WALLET mutant m296c744f test"", function () {   it(""should kill mutant by depositing 1 ether and withdrawing the exact amount"", async function () {     const [owner] = await ethers.getSigners();          // Deploy the Log contract first (required constructor argument for W_WALLET)     const LogFactory = await ethers.getContractFactory(""Log"");     const log = await LogFactory.deploy();     await log.waitForDeployment();          // Deploy W_WALLET with Log address     const Factory = await ethers.getContractFactory(""W_WALLET"");     const instance = await Factory.deploy(await log.getAddress());     await instance.waitForDeployment();          // Deposit exactly 1 ether     const depositAmount = ethers.parseEther(""1"");     const tx1 = await instance.connect(owner).Put(0, { value: depositAmount });     await tx1.wait();          // Attempt to withdraw the same amount     // In the original, this succeeds; in the mutant, balance is 1 wei less so it reverts     await expect(       instance.connect(owner).Collect(depositAmount)     ).to.be.reverted;   }); });","""['Error: syntax error']"""
mec62b79e,W_WALLET,<generic-v6-scaffold>,Put,live,block.timestamp,block.prevrandao,---|         acc.unlockTime = _unlockTime>block.timestamp?_unlockTime:block.timestamp; +++|         acc.unlockTime = _unlockTime>block.prevrandao?_unlockTime:block.timestamp;,31,Mutant mec62b79e of function Put replaces block.timestamp with block.prevrandao,"pragma solidity ^0.8.0; contract sGuard{ function sub_uint256(uint256 a, uint256 b) internal pure returns (uint256) { assert(b <= a); return a - b; } bool internal locked_; constructor() { locked_ = false; } modifier nonReentrant_() { require(!locked_); locked_ = true; _; locked_ = false; } function add_uint256(uint256 a, uint256 b) internal pure returns (uint256) { uint256 c = a + b; assert(c >= a); return c; } } contract W_WALLET is sGuard { function Put(uint _unlockTime)  public nonReentrant_ payable { Holder storage acc = Acc[msg.sender]; acc.balance = add_uint256(acc.balance, msg.value); acc.unlockTime = _unlockTime>block.timestamp?_unlockTime:block.timestamp; LogFile.AddMessage(msg.sender,msg.value,""Put""); } function Collect(uint _am)  public nonReentrant_ payable { Holder storage acc = Acc[msg.sender]; if( acc.balance>=MinSum && acc.balance>=_am && block.timestamp>acc.unlockTime) { { (bool _s, bytes memory _d) = msg.sender.call{value: _am}(""""); _d; if (_s) { acc.balance = sub_uint256(acc.balance, _am); LogFile.AddMessage(msg.sender,_am,""Collect""); } } } } fallback() external payable { Put(0); } struct Holder { uint unlockTime; uint balance; } mapping (address => Holder) public Acc; Log LogFile; uint public MinSum = 1 ether; constructor(address log) public{ LogFile = Log(log); } } contract Log is sGuard { struct Message { address Sender; string  Data; uint Val; uint  Time; } Message[] public History; Message LastMsg; function AddMessage(address _adr,uint _val, string memory _data) public { LastMsg.Sender = _adr; LastMsg.Time = block.timestamp; LastMsg.Val = _val; LastMsg.Data = _data; History.push(LastMsg); } }","import { expect } from ""chai""; import { ethers } from ""hardhat""; describe(""W_WALLET reference (ethers v6; deploy may require constructor arguments)"", function () { it(""deploy W_WALLET by supplying its REQUIRED constructor arguments (read them from the contract constructor), then call methods and assert; use ethers.parseEther, await (await tx).wait(), and expect(...).to.be.reverted"", async function () { const [owner, addr1, addr2] = await ethers.getSigners(); const Factory = await ethers.getContractFactory(""W_WALLET""); const instance = await Factory.deploy(...constructorArgs); await instance.waitForDeployment(); }); });",False,False,"import { expect } from ""chai""; import { ethers } } from ""hardhat"";  describe(""W_WALLET mutant test for Put function (block.prevrandao vs block.timestamp)"", function () {   it(""should revert Collect immediately after Put when _unlockTime is slightly above block.timestamp (original behavior); mutant should unexpectedly succeed"", async function () {     const [owner, user] = await ethers.getSigners();          // Deploy Log contract first (required constructor argument for W_WALLET)     const LogFactory = await ethers.getContractFactory(""Log"");     const log = await LogFactory.deploy();     await log.waitForDeployment();          // Deploy W_WALLET with Log address as constructor argument     const Factory = await ethers.getContractFactory(""W_WALLET"");     const wallet = await Factory.deploy(await log.getAddress());     await wallet.waitForDeployment();          // Get current block timestamp     const blockNumBefore = await ethers.provider.getBlockNumber();     const blockBefore = await ethers.provider.getBlock(blockNumBefore);     const currentTimestamp = blockBefore.timestamp;          // Set unlockTime to currentTimestamp + 100 (well above current time)     const unlockTime = currentTimestamp + 100n;          // User puts 2 ether with unlockTime slightly above current timestamp     const putAmount = ethers.parseEther(""2"");     await wallet.connect(user).Put(unlockTime, { value: putAmount });          // Immediately try to collect 1 ether - should fail on original because unlockTime not reached     const collectAmount = ethers.parseEther(""1"");          // On the original contract, this should revert because block.timestamp <= acc.unlockTime     // On the mutant (using block.prevrandao), the comparison may set unlockTime to the user-provided value     // making the collect succeed when it should not     await expect(       wallet.connect(user).Collect(collectAmount)     ).to.be.reverted;   }); });","""['Error: syntax error']"""
ma07826ef,W_WALLET,<generic-v6-scaffold>,Put,live,block.timestamp,block.prevrandao,---|         acc.unlockTime = _unlockTime>block.timestamp?_unlockTime:block.timestamp; +++|         acc.unlockTime = _unlockTime>block.timestamp?_unlockTime:block.prevrandao;,31,Mutant ma07826ef of function Put replaces block.timestamp with block.prevrandao,"pragma solidity ^0.8.0; contract sGuard{ function sub_uint256(uint256 a, uint256 b) internal pure returns (uint256) { assert(b <= a); return a - b; } bool internal locked_; constructor() { locked_ = false; } modifier nonReentrant_() { require(!locked_); locked_ = true; _; locked_ = false; } function add_uint256(uint256 a, uint256 b) internal pure returns (uint256) { uint256 c = a + b; assert(c >= a); return c; } } contract W_WALLET is sGuard { function Put(uint _unlockTime)  public nonReentrant_ payable { Holder storage acc = Acc[msg.sender]; acc.balance = add_uint256(acc.balance, msg.value); acc.unlockTime = _unlockTime>block.timestamp?_unlockTime:block.timestamp; LogFile.AddMessage(msg.sender,msg.value,""Put""); } function Collect(uint _am)  public nonReentrant_ payable { Holder storage acc = Acc[msg.sender]; if( acc.balance>=MinSum && acc.balance>=_am && block.timestamp>acc.unlockTime) { { (bool _s, bytes memory _d) = msg.sender.call{value: _am}(""""); _d; if (_s) { acc.balance = sub_uint256(acc.balance, _am); LogFile.AddMessage(msg.sender,_am,""Collect""); } } } } fallback() external payable { Put(0); } struct Holder { uint unlockTime; uint balance; } mapping (address => Holder) public Acc; Log LogFile; uint public MinSum = 1 ether; constructor(address log) public{ LogFile = Log(log); } } contract Log is sGuard { struct Message { address Sender; string  Data; uint Val; uint  Time; } Message[] public History; Message LastMsg; function AddMessage(address _adr,uint _val, string memory _data) public { LastMsg.Sender = _adr; LastMsg.Time = block.timestamp; LastMsg.Val = _val; LastMsg.Data = _data; History.push(LastMsg); } }","import { expect } from ""chai""; import { ethers } from ""hardhat""; describe(""W_WALLET reference (ethers v6; deploy may require constructor arguments)"", function () { it(""deploy W_WALLET by supplying its REQUIRED constructor arguments (read them from the contract constructor), then call methods and assert; use ethers.parseEther, await (await tx).wait(), and expect(...).to.be.reverted"", async function () { const [owner, addr1, addr2] = await ethers.getSigners(); const Factory = await ethers.getContractFactory(""W_WALLET""); const instance = await Factory.deploy(...constructorArgs); await instance.waitForDeployment(); }); });",False,False,"import { expect } from ""chai""; import { ethers } } from ""hardhat"";  describe(""W_WALLET mutant kill test - ma07826ef"", function () {   it(""should detect mutant by using past unlockTime to expose block.prevrandao vs block.timestamp difference"", async function () {     const [owner, user] = await ethers.getSigners();          // Deploy Log contract first (required constructor argument for W_WALLET)     const LogFactory = await ethers.getContractFactory(""Log"");     const logInstance = await LogFactory.deploy();     await logInstance.waitForDeployment();          // Deploy W_WALLET with Log address     const Factory = await ethers.getContractFactory(""W_WALLET"");     const instance = await Factory.deploy(await logInstance.getAddress());     await instance.waitForDeployment();          // Get current block timestamp     const blockNumBefore = await ethers.provider.getBlockNumber();     const blockBefore = await ethers.provider.getBlock(blockNumBefore);     const currentTimestamp = blockBefore.timestamp;          // User puts 1 ether with _unlockTime set to 0 (in the past)     const putTx = await instance.connect(user).Put(0, { value: ethers.parseEther(""1"") });     await putTx.wait();          // Get the user's unlockTime after Put     const holder = await instance.Acc(user.address);     const unlockTime = holder.unlockTime;          // Get block.prevrandao value (accessible via block.difficulty in pre-Merge contexts,      // but in post-Merge it's prevrandao; we use it to verify the mutant's behavior)     const blockAfterPut = await ethers.provider.getBlock(""latest"");          // On the original contract, unlockTime would equal block.timestamp (since _unlockTime=0 < block.timestamp)     // On the mutant, unlockTime would equal block.prevrandao instead          // To kill the mutant: Call Collect after ensuring enough time has passed     // Wait for next block to ensure block.timestamp > unlockTime in original     await ethers.provider.send(""evm_mine"", []);          // Now try to collect 0.5 ether - should succeed on original, fail on mutant     // because block.prevrandao is typically a very large number (> block.timestamp)     const collectTx = instance.connect(user).Collect(ethers.parseEther(""0.5""));          // In the original contract this would succeed (unlockTime = block.timestamp < new block.timestamp)     // In the mutant, block.prevrandao >> block.timestamp, so it will revert     await expect(collectTx).to.be.reverted;   }); });","""['Error: syntax error']"""
m909e6616,W_WALLET,<generic-v6-scaffold>,Put,live,msg.value,msg.value+1,"---|         LogFile.AddMessage(msg.sender,msg.value,""Put""); +++|         LogFile.AddMessage(msg.sender,msg.value+1,""Put"");",32,Mutant m909e6616 of function Put replaces msg.value with msg.value+1,"pragma solidity ^0.8.0; contract sGuard{ function sub_uint256(uint256 a, uint256 b) internal pure returns (uint256) { assert(b <= a); return a - b; } bool internal locked_; constructor() { locked_ = false; } modifier nonReentrant_() { require(!locked_); locked_ = true; _; locked_ = false; } function add_uint256(uint256 a, uint256 b) internal pure returns (uint256) { uint256 c = a + b; assert(c >= a); return c; } } contract W_WALLET is sGuard { function Put(uint _unlockTime)  public nonReentrant_ payable { Holder storage acc = Acc[msg.sender]; acc.balance = add_uint256(acc.balance, msg.value); acc.unlockTime = _unlockTime>block.timestamp?_unlockTime:block.timestamp; LogFile.AddMessage(msg.sender,msg.value,""Put""); } function Collect(uint _am)  public nonReentrant_ payable { Holder storage acc = Acc[msg.sender]; if( acc.balance>=MinSum && acc.balance>=_am && block.timestamp>acc.unlockTime) { { (bool _s, bytes memory _d) = msg.sender.call{value: _am}(""""); _d; if (_s) { acc.balance = sub_uint256(acc.balance, _am); LogFile.AddMessage(msg.sender,_am,""Collect""); } } } } fallback() external payable { Put(0); } struct Holder { uint unlockTime; uint balance; } mapping (address => Holder) public Acc; Log LogFile; uint public MinSum = 1 ether; constructor(address log) public{ LogFile = Log(log); } } contract Log is sGuard { struct Message { address Sender; string  Data; uint Val; uint  Time; } Message[] public History; Message LastMsg; function AddMessage(address _adr,uint _val, string memory _data) public { LastMsg.Sender = _adr; LastMsg.Time = block.timestamp; LastMsg.Val = _val; LastMsg.Data = _data; History.push(LastMsg); } }","import { expect } from ""chai""; import { ethers } from ""hardhat""; describe(""W_WALLET reference (ethers v6; deploy may require constructor arguments)"", function () { it(""deploy W_WALLET by supplying its REQUIRED constructor arguments (read them from the contract constructor), then call methods and assert; use ethers.parseEther, await (await tx).wait(), and expect(...).to.be.reverted"", async function () { const [owner, addr1, addr2] = await ethers.getSigners(); const Factory = await ethers.getContractFactory(""W_WALLET""); const instance = await Factory.deploy(...constructorArgs); await instance.waitForDeployment(); }); });",False,False,"import { expect } from ""chai""; import { ethers } from ""hardhat"";  describe(""W_WALLET mutant kill test - m909e6616"", function () {   it(""should detect mutant that logs msg.value+1 instead of msg.value"", async function () {     const [owner, addr1] = await ethers.getSigners();          // Deploy Log contract first (required constructor argument for W_WALLET)     const LogFactory = await ethers.getContractFactory(""Log"");     const logInstance = await LogFactory.deploy();     await logInstance.waitForDeployment();          // Deploy W_WALLET with Log contract address     const WalletFactory = await ethers.getContractFactory(""W_WALLET"");     const walletInstance = await WalletFactory.deploy(await logInstance.getAddress());     await walletInstance.waitForDeployment();          const walletAddress = await walletInstance.getAddress();     const logAddress = await logInstance.getAddress();          // Get a reference to the Log contract from the deployed address     const LogContract = await ethers.getContractAt(""Log"", logAddress);          // Send exactly 1 ether to the Put function via addr1     const putAmount = ethers.parseEther(""1"");     const tx = await walletInstance.connect(addr1).Put(0, { value: putAmount });     await tx.wait();          // Retrieve the last message from the Log contract's History array     const historyLength = await LogContract.History.length;     const lastMessage = await LogContract.History(historyLength - 1n);          // The logged Val should equal the actual amount sent (1 ether)     // In the mutant, it would be 1 ether + 1 wei, causing the test to fail     expect(lastMessage.Val).to.equal(putAmount);   }); });","""['Error: syntax error']"""
m04adec4a,W_WALLET,<generic-v6-scaffold>,Put,live,msg.value,msg.value-1,"---|         LogFile.AddMessage(msg.sender,msg.value,""Put""); +++|         LogFile.AddMessage(msg.sender,msg.value-1,""Put"");",32,Mutant m04adec4a of function Put replaces msg.value with msg.value-1,"pragma solidity ^0.8.0; contract sGuard{ function sub_uint256(uint256 a, uint256 b) internal pure returns (uint256) { assert(b <= a); return a - b; } bool internal locked_; constructor() { locked_ = false; } modifier nonReentrant_() { require(!locked_); locked_ = true; _; locked_ = false; } function add_uint256(uint256 a, uint256 b) internal pure returns (uint256) { uint256 c = a + b; assert(c >= a); return c; } } contract W_WALLET is sGuard { function Put(uint _unlockTime)  public nonReentrant_ payable { Holder storage acc = Acc[msg.sender]; acc.balance = add_uint256(acc.balance, msg.value); acc.unlockTime = _unlockTime>block.timestamp?_unlockTime:block.timestamp; LogFile.AddMessage(msg.sender,msg.value,""Put""); } function Collect(uint _am)  public nonReentrant_ payable { Holder storage acc = Acc[msg.sender]; if( acc.balance>=MinSum && acc.balance>=_am && block.timestamp>acc.unlockTime) { { (bool _s, bytes memory _d) = msg.sender.call{value: _am}(""""); _d; if (_s) { acc.balance = sub_uint256(acc.balance, _am); LogFile.AddMessage(msg.sender,_am,""Collect""); } } } } fallback() external payable { Put(0); } struct Holder { uint unlockTime; uint balance; } mapping (address => Holder) public Acc; Log LogFile; uint public MinSum = 1 ether; constructor(address log) public{ LogFile = Log(log); } } contract Log is sGuard { struct Message { address Sender; string  Data; uint Val; uint  Time; } Message[] public History; Message LastMsg; function AddMessage(address _adr,uint _val, string memory _data) public { LastMsg.Sender = _adr; LastMsg.Time = block.timestamp; LastMsg.Val = _val; LastMsg.Data = _data; History.push(LastMsg); } }","import { expect } from ""chai""; import { ethers } from ""hardhat""; describe(""W_WALLET reference (ethers v6; deploy may require constructor arguments)"", function () { it(""deploy W_WALLET by supplying its REQUIRED constructor arguments (read them from the contract constructor), then call methods and assert; use ethers.parseEther, await (await tx).wait(), and expect(...).to.be.reverted"", async function () { const [owner, addr1, addr2] = await ethers.getSigners(); const Factory = await ethers.getContractFactory(""W_WALLET""); const instance = await Factory.deploy(...constructorArgs); await instance.waitForDeployment(); }); });",False,False,"import { expect } from ""chai""; import { ethers } from ""hardhat"";  describe(""W_WALLET mutant m04adec4a - detect msg.value-1 logging"", function () {   it(""should detect mutant by verifying logged value equals actual sent amount"", async function () {     const [owner, user] = await ethers.getSigners();          // Deploy Log contract first (required constructor argument for W_WALLET)     const LogFactory = await ethers.getContractFactory(""Log"");     const logContract = await LogFactory.deploy();     await logContract.waitForDeployment();          // Deploy W_WALLET with Log contract address     const WalletFactory = await ethers.getContractFactory(""W_WALLET"");     const wallet = await WalletFactory.deploy(await logContract.getAddress());     await wallet.waitForDeployment();          const walletAddress = await wallet.getAddress();     const logAddress = await logContract.getAddress();          // Send exactly 2 ether to Put function     const sentAmount = ethers.parseEther(""2"");     const tx = await wallet.connect(user).Put(0, { value: sentAmount });     await tx.wait();          // Get the last message from Log contract's History     const historyLength = await logContract.connect(owner).History.length;     const lastMessage = await logContract.connect(owner).History(historyLength - 1n);          // The logged Val should equal the exact amount sent (2 ether)     // Mutant logs msg.value-1, so it would log 2 ether - 1 wei     expect(lastMessage.Val).to.equal(sentAmount);   }); });","""['Error: syntax error']"""
m5998c066,W_WALLET,<generic-v6-scaffold>,Collect,live,block.timestamp,block.prevrandao,---|         if( acc.balance>=MinSum && acc.balance>=_am && block.timestamp>acc.unlockTime) +++|         if( acc.balance>=MinSum && acc.balance>=_am && block.prevrandao>acc.unlockTime),37,Mutant m5998c066 of function Collect replaces block.timestamp with block.prevrandao,"pragma solidity ^0.8.0; contract sGuard{ function sub_uint256(uint256 a, uint256 b) internal pure returns (uint256) { assert(b <= a); return a - b; } bool internal locked_; constructor() { locked_ = false; } modifier nonReentrant_() { require(!locked_); locked_ = true; _; locked_ = false; } function add_uint256(uint256 a, uint256 b) internal pure returns (uint256) { uint256 c = a + b; assert(c >= a); return c; } } contract W_WALLET is sGuard { function Put(uint _unlockTime)  public nonReentrant_ payable { Holder storage acc = Acc[msg.sender]; acc.balance = add_uint256(acc.balance, msg.value); acc.unlockTime = _unlockTime>block.timestamp?_unlockTime:block.timestamp; LogFile.AddMessage(msg.sender,msg.value,""Put""); } function Collect(uint _am)  public nonReentrant_ payable { Holder storage acc = Acc[msg.sender]; if( acc.balance>=MinSum && acc.balance>=_am && block.timestamp>acc.unlockTime) { { (bool _s, bytes memory _d) = msg.sender.call{value: _am}(""""); _d; if (_s) { acc.balance = sub_uint256(acc.balance, _am); LogFile.AddMessage(msg.sender,_am,""Collect""); } } } } fallback() external payable { Put(0); } struct Holder { uint unlockTime; uint balance; } mapping (address => Holder) public Acc; Log LogFile; uint public MinSum = 1 ether; constructor(address log) public{ LogFile = Log(log); } } contract Log is sGuard { struct Message { address Sender; string  Data; uint Val; uint  Time; } Message[] public History; Message LastMsg; function AddMessage(address _adr,uint _val, string memory _data) public { LastMsg.Sender = _adr; LastMsg.Time = block.timestamp; LastMsg.Val = _val; LastMsg.Data = _data; History.push(LastMsg); } }","import { expect } from ""chai""; import { ethers } from ""hardhat""; describe(""W_WALLET reference (ethers v6; deploy may require constructor arguments)"", function () { it(""deploy W_WALLET by supplying its REQUIRED constructor arguments (read them from the contract constructor), then call methods and assert; use ethers.parseEther, await (await tx).wait(), and expect(...).to.be.reverted"", async function () { const [owner, addr1, addr2] = await ethers.getSigners(); const Factory = await ethers.getContractFactory(""W_WALLET""); const instance = await Factory.deploy(...constructorArgs); await instance.waitForDeployment(); }); });",False,False,"import { expect } from ""chai""; import { ethers } from ""hardhat"";  describe(""W_WALLET mutant m5998c066 - block.prevrandao vs block.timestamp"", function () {   it(""should kill the mutant by proving the condition uses block.prevrandao instead of block.timestamp"", async function () {     const [owner, addr1] = await ethers.getSigners();     const LogFactory = await ethers.getContractFactory(""Log"");     const log = await LogFactory.deploy();     await log.waitForDeployment();      const Factory = await ethers.getContractFactory(""W_WALLET"");     const instance = await Factory.deploy(await log.getAddress());     await instance.waitForDeployment();      // Set MinSum to 0 to simplify test (bypass minimum balance requirement)     await instance.setMinSum(0);      // Deposit 1 ether with an unlock time far in the future     const futureTime = Math.floor(Date.now() / 1000) + 1000000;     const depositTx = await instance.connect(addr1).Put(futureTime, { value: ethers.parseEther(""1"") });     await depositTx.wait();      // Now attempt to collect immediately (block.timestamp < unlockTime)     // In original: should fail because block.timestamp <= unlockTime     // In mutant: may succeed if block.prevrandao happens to be > unlockTime (unlikely but possible)     // To reliably kill the mutant, we need a case where original passes but mutant fails.     // So we first wait until unlockTime passes, then collect.     await ethers.provider.send(""evm_setNextBlockTimestamp"", [futureTime + 1]);     await ethers.provider.send(""evm_mine"", []);      // Now block.timestamp > unlockTime, so original should succeed     const collectTx = await instance.connect(addr1).Collect(ethers.parseEther(""0.5""));     await collectTx.wait();      // After successful collect, balance should be reduced     const holder = await instance.Acc(addr1.address);     expect(holder.balance).to.equal(ethers.parseEther(""0.5""));      // Now test the mutant: deploy a fresh instance and do the same     // But we cannot deploy the actual mutant, so we simulate the bug by checking     // that the condition used block.prevrandao would fail.     // Actually, we just verify the original behavior works correctly.     // To kill the mutant, we need to show that if block.prevrandao were used,     // the collect would revert. We'll use evm_setPrevRandao to set a low value.     // Deploy another instance for the mutant simulation     const instance2 = await Factory.deploy(await log.getAddress());     await instance2.waitForDeployment();     await instance2.setMinSum(0);      const depositTx2 = await instance2.connect(addr1).Put(futureTime, { value: ethers.parseEther(""1"") });     await depositTx2.wait();      // Set block.prevrandao to a value less than unlockTime to simulate mutant failure     await ethers.provider.send(""hardhat_setPrevRandao"", [""0x"" + (futureTime - 100).toString(16)]);      // Now collect should fail in the mutant (because block.prevrandao < unlockTime)     // In original, block.timestamp is still > unlockTime so it would succeed     await expect(       instance2.connect(addr1).Collect(ethers.parseEther(""0.5""))     ).to.be.reverted;      // This proves the mutant is killed because the original would succeed here.   }); });","""['Error: syntax error']"""
mb654cc1c,W_WALLET,<generic-v6-scaffold>,Put,live,function Put(uint _unlockTime)  public nonReentrant_ payable ,function Put(uint _unlockTime)  public  payable ,---|      function Put(uint _unlockTime)  public nonReentrant_ payable { +++|      function Put(uint _unlockTime)  public  payable {,28,Mutant mb654cc1c of function Put replaces function Put(uint _unlockTime)  public nonReentrant_ payable with function Put(uint _unlockTime)  public  payable,"pragma solidity ^0.8.0; contract sGuard{ function sub_uint256(uint256 a, uint256 b) internal pure returns (uint256) { assert(b <= a); return a - b; } bool internal locked_; constructor() { locked_ = false; } modifier nonReentrant_() { require(!locked_); locked_ = true; _; locked_ = false; } function add_uint256(uint256 a, uint256 b) internal pure returns (uint256) { uint256 c = a + b; assert(c >= a); return c; } } contract W_WALLET is sGuard { function Put(uint _unlockTime)  public nonReentrant_ payable { Holder storage acc = Acc[msg.sender]; acc.balance = add_uint256(acc.balance, msg.value); acc.unlockTime = _unlockTime>block.timestamp?_unlockTime:block.timestamp; LogFile.AddMessage(msg.sender,msg.value,""Put""); } function Collect(uint _am)  public nonReentrant_ payable { Holder storage acc = Acc[msg.sender]; if( acc.balance>=MinSum && acc.balance>=_am && block.timestamp>acc.unlockTime) { { (bool _s, bytes memory _d) = msg.sender.call{value: _am}(""""); _d; if (_s) { acc.balance = sub_uint256(acc.balance, _am); LogFile.AddMessage(msg.sender,_am,""Collect""); } } } } fallback() external payable { Put(0); } struct Holder { uint unlockTime; uint balance; } mapping (address => Holder) public Acc; Log LogFile; uint public MinSum = 1 ether; constructor(address log) public{ LogFile = Log(log); } } contract Log is sGuard { struct Message { address Sender; string  Data; uint Val; uint  Time; } Message[] public History; Message LastMsg; function AddMessage(address _adr,uint _val, string memory _data) public { LastMsg.Sender = _adr; LastMsg.Time = block.timestamp; LastMsg.Val = _val; LastMsg.Data = _data; History.push(LastMsg); } }","import { expect } from ""chai""; import { ethers } from ""hardhat""; describe(""W_WALLET reference (ethers v6; deploy may require constructor arguments)"", function () { it(""deploy W_WALLET by supplying its REQUIRED constructor arguments (read them from the contract constructor), then call methods and assert; use ethers.parseEther, await (await tx).wait(), and expect(...).to.be.reverted"", async function () { const [owner, addr1, addr2] = await ethers.getSigners(); const Factory = await ethers.getContractFactory(""W_WALLET""); const instance = await Factory.deploy(...constructorArgs); await instance.waitForDeployment(); }); });",False,False,"import { expect } from ""chai""; import { ethers } from ""hardhat"";  describe(""W_WALLET mutant kill test - mb654cc1c"", function () {   it(""should revert on reentrant call to Put when nonReentrant_ modifier is present"", async function () {     const [owner, attacker] = await ethers.getSigners();      // Deploy the Log contract first (required constructor argument)     const LogFactory = await ethers.getContractFactory(""Log"");     const logInstance = await LogFactory.deploy();     await logInstance.waitForDeployment();      // Deploy W_WALLET with Log address     const WalletFactory = await ethers.getContractFactory(""W_WALLET"");     const wallet = await WalletFactory.deploy(await logInstance.getAddress());     await wallet.waitForDeployment();      // Deploy a malicious reentrancy contract     const MaliciousFactory = await ethers.getContractFactory(""ReentrancyAttacker"");     const malicious = await MaliciousFactory.deploy(await wallet.getAddress());     await malicious.waitForDeployment();      // Fund the malicious contract with initial ETH     await attacker.sendTransaction({       to: await malicious.getAddress(),       value: ethers.parseEther(""1"")     });      // Attack: calling attack() will trigger Put() via fallback reentrancy     // In original contract with nonReentrant_, this should revert     // In mutant without modifier, it would succeed (kill the mutant)     await expect(       malicious.connect(attacker).attack({ value: ethers.parseEther(""0.5"") })     ).to.be.reverted;   }); });  // Helper contract to test reentrancy (must be compiled alongside) // This contract should be in a separate file (e.g., ReentrancyAttacker.sol) /* pragma solidity ^0.8.0;  interface IWallet {     function Put(uint _unlockTime) external payable;     function Collect(uint _am) external payable; }  contract ReentrancyAttacker {     IWallet public wallet;     bool public attackStarted;      constructor(address _wallet) {         wallet = IWallet(_wallet);     }      function attack() external payable {         attackStarted = true;         wallet.Put{value: msg.value}(block.timestamp + 1);     }      receive() external payable {         if (attackStarted) {             attackStarted = false;             // Reenter Put - this should revert if nonReentrant_ is present             wallet.Put(block.timestamp + 1);         }     } } */","""['Error: syntax error']"""
m70b4f541,W_WALLET,<generic-v6-scaffold>,Collect,live,function Collect(uint _am)  public nonReentrant_ payable ,function Collect(uint _am)  public  payable ,---|      function Collect(uint _am)  public nonReentrant_ payable { +++|      function Collect(uint _am)  public  payable {,35,Mutant m70b4f541 of function Collect replaces function Collect(uint _am)  public nonReentrant_ payable with function Collect(uint _am)  public  payable,"pragma solidity ^0.8.0; contract sGuard{ function sub_uint256(uint256 a, uint256 b) internal pure returns (uint256) { assert(b <= a); return a - b; } bool internal locked_; constructor() { locked_ = false; } modifier nonReentrant_() { require(!locked_); locked_ = true; _; locked_ = false; } function add_uint256(uint256 a, uint256 b) internal pure returns (uint256) { uint256 c = a + b; assert(c >= a); return c; } } contract W_WALLET is sGuard { function Put(uint _unlockTime)  public nonReentrant_ payable { Holder storage acc = Acc[msg.sender]; acc.balance = add_uint256(acc.balance, msg.value); acc.unlockTime = _unlockTime>block.timestamp?_unlockTime:block.timestamp; LogFile.AddMessage(msg.sender,msg.value,""Put""); } function Collect(uint _am)  public nonReentrant_ payable { Holder storage acc = Acc[msg.sender]; if( acc.balance>=MinSum && acc.balance>=_am && block.timestamp>acc.unlockTime) { { (bool _s, bytes memory _d) = msg.sender.call{value: _am}(""""); _d; if (_s) { acc.balance = sub_uint256(acc.balance, _am); LogFile.AddMessage(msg.sender,_am,""Collect""); } } } } fallback() external payable { Put(0); } struct Holder { uint unlockTime; uint balance; } mapping (address => Holder) public Acc; Log LogFile; uint public MinSum = 1 ether; constructor(address log) public{ LogFile = Log(log); } } contract Log is sGuard { struct Message { address Sender; string  Data; uint Val; uint  Time; } Message[] public History; Message LastMsg; function AddMessage(address _adr,uint _val, string memory _data) public { LastMsg.Sender = _adr; LastMsg.Time = block.timestamp; LastMsg.Val = _val; LastMsg.Data = _data; History.push(LastMsg); } }","import { expect } from ""chai""; import { ethers } from ""hardhat""; describe(""W_WALLET reference (ethers v6; deploy may require constructor arguments)"", function () { it(""deploy W_WALLET by supplying its REQUIRED constructor arguments (read them from the contract constructor), then call methods and assert; use ethers.parseEther, await (await tx).wait(), and expect(...).to.be.reverted"", async function () { const [owner, addr1, addr2] = await ethers.getSigners(); const Factory = await ethers.getContractFactory(""W_WALLET""); const instance = await Factory.deploy(...constructorArgs); await instance.waitForDeployment(); }); });",False,False,"import { expect } from ""chai""; import { ethers } } from ""hardhat"";  describe(""W_WALLET mutant detection - reentrancy attack"", function () {   it(""should detect missing nonReentrant modifier by performing a reentrancy attack on Collect"", async function () {     const [owner, attacker] = await ethers.getSigners();          // Deploy the Log contract first     const LogFactory = await ethers.getContractFactory(""Log"");     const log = await LogFactory.deploy();     await log.waitForDeployment();          // Deploy W_WALLET with the Log address     const Factory = await ethers.getContractFactory(""W_WALLET"");     const instance = await Factory.deploy(await log.getAddress());     await instance.waitForDeployment();          // Deploy attacker contract that will perform reentrancy     const AttackerFactory = await ethers.getContractFactory(""ReentrancyAttacker"");     const attackerContract = await AttackerFactory.deploy(await instance.getAddress());     await attackerContract.waitForDeployment();          // Fund the attacker contract with ETH     await attacker.sendTransaction({       to: await attackerContract.getAddress(),       value: ethers.parseEther(""2"")     });          // Attacker calls Put to deposit funds and set unlockTime     await instance.connect(attacker).Put(0, { value: ethers.parseEther(""1"") });          // Wait for block.timestamp to pass the unlockTime     await ethers.provider.send(""evm_increaseTime"", [3600]);     await ethers.provider.send(""evm_mine"");          // Trigger the reentrancy attack     await expect(       attackerContract.connect(attacker).attack(ethers.parseEther(""1""))     ).to.be.reverted;          // Verify that attacker didn't drain more than deposited     const balance = await ethers.provider.getBalance(await instance.getAddress());     expect(balance).to.be.gte(ethers.parseEther(""1""));   }); });  // Attacker contract for reentrancy contract ReentrancyAttacker {   W_WALLET public target;      constructor(address _target) {     target = W_WALLET(_target);   }      function attack(uint _amount) external payable {     target.Collect(_amount);   }      receive() external payable {     if (address(target).balance >= msg.value) {       target.Collect(msg.value);     }   } }","""['Error: syntax error']"""
