Mutant_id,Contract_id,Test_id,Function_name,Status,Original,Replacement,Diff,StartLine,Details,Contract_Context,Test_Context,Test_Generated,KilledByLLM,Generated_test,Test_errors
m56294547,ERCDDAToken,<generic-v6-scaffold>,modifier:onlyOwner,live, == , != ,---|         require(msg.sender == owner); +++|         require(msg.sender != owner);,21,Mutant m56294547 of function modifier:onlyOwner replaces == with !=,"pragma solidity ^0.8.0; contract ERCDDAToken { address public owner; string public name; string public symbol; uint8 public decimals = 0; uint256 public totalSupply; event Transfer(address indexed from, address indexed to, uint256 value); event FrozenFunds(address target, bool frozen); event Burn(address indexed from, uint256 value); mapping (address => uint256) public balanceOf; mapping (address => bool) public frozenAccount; function owned() public onlyOwner { owner = payable(msg.sender); } modifier onlyOwner { require(msg.sender == owner); _; } constructor( uint256 initialSupply, string memory tokenName, string memory tokenSymbol) public { owner = payable(msg.sender); totalSupply = initialSupply * 10 ** uint256(decimals); balanceOf[msg.sender] = totalSupply; name = tokenName; symbol = tokenSymbol; } function _transfer(address _from, address _to, uint _value) internal { require (_to != address(0)); require (balanceOf[_from] >= _value); require (balanceOf[_to] + _value >= balanceOf[_to]); require(!frozenAccount[_from]); require(!frozenAccount[_to]); balanceOf[_from] -= _value; balanceOf[_to] += _value; emit Transfer(_from, _to, _value); } function transfer(address _to, uint256 _value) public returns (bool success) { _transfer(msg.sender, _to, _value); return true; } function freezeAccount(address target, bool freeze)  public onlyOwner { frozenAccount[target] = freeze; emit FrozenFunds(target, freeze); } function burn(uint256 _value)  public onlyOwner returns (bool success) { require(balanceOf[msg.sender] >= _value); balanceOf[msg.sender] -= _value; totalSupply -= _value; emit Burn(msg.sender, _value); return true; } function mintToken(address target, uint256 mintedAmount)  public onlyOwner { balanceOf[target] += mintedAmount; totalSupply += mintedAmount; } }","import { expect } from ""chai""; import { ethers } from ""hardhat""; describe(""ERCDDAToken reference (ethers v6; deploy may require constructor arguments)"", function () { it(""deploy ERCDDAToken by supplying its REQUIRED constructor arguments (read them from the contract constructor), then call methods and assert; use ethers.parseEther, await (await tx).wait(), and expect(...).to.be.reverted"", async function () { const [owner, addr1, addr2] = await ethers.getSigners(); const Factory = await ethers.getContractFactory(""ERCDDAToken""); const instance = await Factory.deploy(...constructorArgs); await instance.waitForDeployment(); }); });",False,False,"import { expect } from ""chai""; import { ethers } from ""hardhat"";  describe(""ERCDDAToken mutant kill test - m56294547"", function () {   it(""should revert when owner calls onlyOwner function due to inverted modifier"", async function () {     const [owner, addr1] = await ethers.getSigners();          // Deploy with constructor arguments: initialSupply, tokenName, tokenSymbol     const Factory = await ethers.getContractFactory(""ERCDDAToken"");     const instance = await Factory.deploy(1000, ""TestToken"", ""TTK"");     await instance.waitForDeployment();      // The mutant changes require(msg.sender == owner) to require(msg.sender != owner)     // So when owner calls an onlyOwner function, it should revert     // because owner != owner is false, causing the require to fail          // Try calling freezeAccount (onlyOwner) from the owner address     // Original: should succeed     // Mutant: should revert     await expect(       instance.connect(owner).freezeAccount(addr1.address, true)     ).to.be.reverted;   }); });","""['Error: syntax error']"""
m345b2ded,ERCDDAToken,<generic-v6-scaffold>,constructor,live, * , + ,---|         totalSupply = initialSupply * 10 ** uint256(decimals); +++|         totalSupply = initialSupply + 10 ** uint256(decimals);,28,Mutant m345b2ded of function constructor replaces * with +,"pragma solidity ^0.8.0; contract ERCDDAToken { address public owner; string public name; string public symbol; uint8 public decimals = 0; uint256 public totalSupply; event Transfer(address indexed from, address indexed to, uint256 value); event FrozenFunds(address target, bool frozen); event Burn(address indexed from, uint256 value); mapping (address => uint256) public balanceOf; mapping (address => bool) public frozenAccount; function owned() public onlyOwner { owner = payable(msg.sender); } modifier onlyOwner { require(msg.sender == owner); _; } constructor( uint256 initialSupply, string memory tokenName, string memory tokenSymbol) public { owner = payable(msg.sender); totalSupply = initialSupply * 10 ** uint256(decimals); balanceOf[msg.sender] = totalSupply; name = tokenName; symbol = tokenSymbol; } function _transfer(address _from, address _to, uint _value) internal { require (_to != address(0)); require (balanceOf[_from] >= _value); require (balanceOf[_to] + _value >= balanceOf[_to]); require(!frozenAccount[_from]); require(!frozenAccount[_to]); balanceOf[_from] -= _value; balanceOf[_to] += _value; emit Transfer(_from, _to, _value); } function transfer(address _to, uint256 _value) public returns (bool success) { _transfer(msg.sender, _to, _value); return true; } function freezeAccount(address target, bool freeze)  public onlyOwner { frozenAccount[target] = freeze; emit FrozenFunds(target, freeze); } function burn(uint256 _value)  public onlyOwner returns (bool success) { require(balanceOf[msg.sender] >= _value); balanceOf[msg.sender] -= _value; totalSupply -= _value; emit Burn(msg.sender, _value); return true; } function mintToken(address target, uint256 mintedAmount)  public onlyOwner { balanceOf[target] += mintedAmount; totalSupply += mintedAmount; } }","import { expect } from ""chai""; import { ethers } from ""hardhat""; describe(""ERCDDAToken reference (ethers v6; deploy may require constructor arguments)"", function () { it(""deploy ERCDDAToken by supplying its REQUIRED constructor arguments (read them from the contract constructor), then call methods and assert; use ethers.parseEther, await (await tx).wait(), and expect(...).to.be.reverted"", async function () { const [owner, addr1, addr2] = await ethers.getSigners(); const Factory = await ethers.getContractFactory(""ERCDDAToken""); const instance = await Factory.deploy(...constructorArgs); await instance.waitForDeployment(); }); });",False,False,"import { expect } from ""chai""; import { ethers } from ""hardhat"";  describe(""ERCDDAToken mutant detection test"", function () {   it(""should detect mutant m345b2ded by verifying totalSupply calculation"", async function () {     const [owner] = await ethers.getSigners();     const Factory = await ethers.getContractFactory(""ERCDDAToken"");          // Deploy with initialSupply = 1000     // decimals = 0, so 10 ** 0 = 1     // Original: totalSupply = 1000 * 1 = 1000     // Mutant: totalSupply = 1000 + 1 = 1001     const initialSupply = 1000;     const tokenName = ""TestToken"";     const tokenSymbol = ""TST"";          const instance = await Factory.deploy(initialSupply, tokenName, tokenSymbol);     await instance.waitForDeployment();          const totalSupply = await instance.totalSupply();          // The original contract should have totalSupply = 1000     // The mutant would have totalSupply = 1001     // This assertion will fail on the mutant, killing it     expect(totalSupply).to.equal(initialSupply);   }); });","""['Error: syntax error']"""
m43cc4e05,ERCDDAToken,<generic-v6-scaffold>,constructor,live, * , ** ,---|         totalSupply = initialSupply * 10 ** uint256(decimals); +++|         totalSupply = initialSupply ** 10 ** uint256(decimals);,28,Mutant m43cc4e05 of function constructor replaces * with **,"pragma solidity ^0.8.0; contract ERCDDAToken { address public owner; string public name; string public symbol; uint8 public decimals = 0; uint256 public totalSupply; event Transfer(address indexed from, address indexed to, uint256 value); event FrozenFunds(address target, bool frozen); event Burn(address indexed from, uint256 value); mapping (address => uint256) public balanceOf; mapping (address => bool) public frozenAccount; function owned() public onlyOwner { owner = payable(msg.sender); } modifier onlyOwner { require(msg.sender == owner); _; } constructor( uint256 initialSupply, string memory tokenName, string memory tokenSymbol) public { owner = payable(msg.sender); totalSupply = initialSupply * 10 ** uint256(decimals); balanceOf[msg.sender] = totalSupply; name = tokenName; symbol = tokenSymbol; } function _transfer(address _from, address _to, uint _value) internal { require (_to != address(0)); require (balanceOf[_from] >= _value); require (balanceOf[_to] + _value >= balanceOf[_to]); require(!frozenAccount[_from]); require(!frozenAccount[_to]); balanceOf[_from] -= _value; balanceOf[_to] += _value; emit Transfer(_from, _to, _value); } function transfer(address _to, uint256 _value) public returns (bool success) { _transfer(msg.sender, _to, _value); return true; } function freezeAccount(address target, bool freeze)  public onlyOwner { frozenAccount[target] = freeze; emit FrozenFunds(target, freeze); } function burn(uint256 _value)  public onlyOwner returns (bool success) { require(balanceOf[msg.sender] >= _value); balanceOf[msg.sender] -= _value; totalSupply -= _value; emit Burn(msg.sender, _value); return true; } function mintToken(address target, uint256 mintedAmount)  public onlyOwner { balanceOf[target] += mintedAmount; totalSupply += mintedAmount; } }","import { expect } from ""chai""; import { ethers } from ""hardhat""; describe(""ERCDDAToken reference (ethers v6; deploy may require constructor arguments)"", function () { it(""deploy ERCDDAToken by supplying its REQUIRED constructor arguments (read them from the contract constructor), then call methods and assert; use ethers.parseEther, await (await tx).wait(), and expect(...).to.be.reverted"", async function () { const [owner, addr1, addr2] = await ethers.getSigners(); const Factory = await ethers.getContractFactory(""ERCDDAToken""); const instance = await Factory.deploy(...constructorArgs); await instance.waitForDeployment(); }); });",False,False,"import { expect } from ""chai""; import { ethers } from ""hardhat"";  describe(""ERCDDAToken mutant m43cc4e05 test"", function () {   it(""should detect mutant that replaces * with ** in constructor totalSupply calculation"", async function () {     const [owner] = await ethers.getSigners();     const Factory = await ethers.getContractFactory(""ERCDDAToken"");          // Deploy with initialSupply = 1 and decimals = 18 (default)     // Original: totalSupply = 1 * 10**18 = 10^18     // Mutant:   totalSupply = 1 ** 10**18 = 1^10^18 = 1     const instance = await Factory.deploy(1, ""TestToken"", ""TST"");     await instance.waitForDeployment();      const expectedTotalSupply = ethers.parseEther(""1""); // 1 * 10^18     const actualTotalSupply = await instance.totalSupply();          // Mutant would set totalSupply to 1, not 10^18     expect(actualTotalSupply).to.equal(expectedTotalSupply);          // Also verify owner balance matches totalSupply     const ownerBalance = await instance.balanceOf(owner.address);     expect(ownerBalance).to.equal(expectedTotalSupply);   }); });","""['Error: syntax error']"""
m78f77b95,ERCDDAToken,<generic-v6-scaffold>,constructor,live, ** , * ,---|         totalSupply = initialSupply * 10 ** uint256(decimals); +++|         totalSupply = initialSupply * 10 * uint256(decimals);,28,Mutant m78f77b95 of function constructor replaces ** with *,"pragma solidity ^0.8.0; contract ERCDDAToken { address public owner; string public name; string public symbol; uint8 public decimals = 0; uint256 public totalSupply; event Transfer(address indexed from, address indexed to, uint256 value); event FrozenFunds(address target, bool frozen); event Burn(address indexed from, uint256 value); mapping (address => uint256) public balanceOf; mapping (address => bool) public frozenAccount; function owned() public onlyOwner { owner = payable(msg.sender); } modifier onlyOwner { require(msg.sender == owner); _; } constructor( uint256 initialSupply, string memory tokenName, string memory tokenSymbol) public { owner = payable(msg.sender); totalSupply = initialSupply * 10 ** uint256(decimals); balanceOf[msg.sender] = totalSupply; name = tokenName; symbol = tokenSymbol; } function _transfer(address _from, address _to, uint _value) internal { require (_to != address(0)); require (balanceOf[_from] >= _value); require (balanceOf[_to] + _value >= balanceOf[_to]); require(!frozenAccount[_from]); require(!frozenAccount[_to]); balanceOf[_from] -= _value; balanceOf[_to] += _value; emit Transfer(_from, _to, _value); } function transfer(address _to, uint256 _value) public returns (bool success) { _transfer(msg.sender, _to, _value); return true; } function freezeAccount(address target, bool freeze)  public onlyOwner { frozenAccount[target] = freeze; emit FrozenFunds(target, freeze); } function burn(uint256 _value)  public onlyOwner returns (bool success) { require(balanceOf[msg.sender] >= _value); balanceOf[msg.sender] -= _value; totalSupply -= _value; emit Burn(msg.sender, _value); return true; } function mintToken(address target, uint256 mintedAmount)  public onlyOwner { balanceOf[target] += mintedAmount; totalSupply += mintedAmount; } }","import { expect } from ""chai""; import { ethers } from ""hardhat""; describe(""ERCDDAToken reference (ethers v6; deploy may require constructor arguments)"", function () { it(""deploy ERCDDAToken by supplying its REQUIRED constructor arguments (read them from the contract constructor), then call methods and assert; use ethers.parseEther, await (await tx).wait(), and expect(...).to.be.reverted"", async function () { const [owner, addr1, addr2] = await ethers.getSigners(); const Factory = await ethers.getContractFactory(""ERCDDAToken""); const instance = await Factory.deploy(...constructorArgs); await instance.waitForDeployment(); }); });",False,False,"import { expect } from ""chai""; import { ethers } from ""hardhat"";  describe(""ERCDDAToken mutant detection - m78f77b95"", function () {   it(""should detect mutant by verifying totalSupply equals initialSupply when decimals=0"", async function () {     const [owner] = await ethers.getSigners();     const Factory = await ethers.getContractFactory(""ERCDDAToken"");          // Deploy with a positive initialSupply (e.g., 1000 tokens)     const initialSupply = ethers.parseEther(""1000"");     const instance = await Factory.deploy(initialSupply, ""TestToken"", ""TTK"");     await instance.waitForDeployment();      // Get the totalSupply after deployment     const totalSupply = await instance.totalSupply();          // In the original contract: totalSupply = initialSupply * 10**0 = initialSupply     // In the mutant: totalSupply = initialSupply * 10 * 0 = 0     // So checking totalSupply equals initialSupply will pass on original but fail on mutant     expect(totalSupply).to.equal(initialSupply);          // Additionally verify that the deployer's balance matches     const ownerBalance = await instance.balanceOf(owner.address);     expect(ownerBalance).to.equal(initialSupply);   }); });","""['Error: syntax error']"""
m32824c71,ERCDDAToken,<generic-v6-scaffold>,_transfer,live, != , == ,---|         require (_to != address(0)); +++|         require (_to == address(0));,35,Mutant m32824c71 of function _transfer replaces != with ==,"pragma solidity ^0.8.0; contract ERCDDAToken { address public owner; string public name; string public symbol; uint8 public decimals = 0; uint256 public totalSupply; event Transfer(address indexed from, address indexed to, uint256 value); event FrozenFunds(address target, bool frozen); event Burn(address indexed from, uint256 value); mapping (address => uint256) public balanceOf; mapping (address => bool) public frozenAccount; function owned() public onlyOwner { owner = payable(msg.sender); } modifier onlyOwner { require(msg.sender == owner); _; } constructor( uint256 initialSupply, string memory tokenName, string memory tokenSymbol) public { owner = payable(msg.sender); totalSupply = initialSupply * 10 ** uint256(decimals); balanceOf[msg.sender] = totalSupply; name = tokenName; symbol = tokenSymbol; } function _transfer(address _from, address _to, uint _value) internal { require (_to != address(0)); require (balanceOf[_from] >= _value); require (balanceOf[_to] + _value >= balanceOf[_to]); require(!frozenAccount[_from]); require(!frozenAccount[_to]); balanceOf[_from] -= _value; balanceOf[_to] += _value; emit Transfer(_from, _to, _value); } function transfer(address _to, uint256 _value) public returns (bool success) { _transfer(msg.sender, _to, _value); return true; } function freezeAccount(address target, bool freeze)  public onlyOwner { frozenAccount[target] = freeze; emit FrozenFunds(target, freeze); } function burn(uint256 _value)  public onlyOwner returns (bool success) { require(balanceOf[msg.sender] >= _value); balanceOf[msg.sender] -= _value; totalSupply -= _value; emit Burn(msg.sender, _value); return true; } function mintToken(address target, uint256 mintedAmount)  public onlyOwner { balanceOf[target] += mintedAmount; totalSupply += mintedAmount; } }","import { expect } from ""chai""; import { ethers } from ""hardhat""; describe(""ERCDDAToken reference (ethers v6; deploy may require constructor arguments)"", function () { it(""deploy ERCDDAToken by supplying its REQUIRED constructor arguments (read them from the contract constructor), then call methods and assert; use ethers.parseEther, await (await tx).wait(), and expect(...).to.be.reverted"", async function () { const [owner, addr1, addr2] = await ethers.getSigners(); const Factory = await ethers.getContractFactory(""ERCDDAToken""); const instance = await Factory.deploy(...constructorArgs); await instance.waitForDeployment(); }); });",False,False,"import { expect } from ""chai""; import { ethers } from ""hardhat"";  describe(""ERCDDAToken mutant kill test - m32824c71"", function () {   it(""should revert when transferring to a non-zero address (mutant requires _to == address(0))"", async function () {     const [owner, addr1] = await ethers.getSigners();     const initialSupply = ethers.parseEther(""1000"");     const Factory = await ethers.getContractFactory(""ERCDDAToken"");     const instance = await Factory.deploy(initialSupply, ""TestToken"", ""TTK"");     await instance.waitForDeployment();      // Mutant changed require(_to != address(0)) to require(_to == address(0))     // Original: transfers to non-zero address should succeed     // Mutant: transfers to non-zero address should revert     await expect(       instance.connect(owner).transfer(addr1.address, ethers.parseEther(""100""))     ).to.be.reverted;   }); });","""['Error: syntax error']"""
mb55b6410,ERCDDAToken,<generic-v6-scaffold>,_transfer,live, >= ,  > ,---|         require (balanceOf[_from] >= _value); +++|         require (balanceOf[_from]  > _value);,36,Mutant mb55b6410 of function _transfer replaces >= with >,"pragma solidity ^0.8.0; contract ERCDDAToken { address public owner; string public name; string public symbol; uint8 public decimals = 0; uint256 public totalSupply; event Transfer(address indexed from, address indexed to, uint256 value); event FrozenFunds(address target, bool frozen); event Burn(address indexed from, uint256 value); mapping (address => uint256) public balanceOf; mapping (address => bool) public frozenAccount; function owned() public onlyOwner { owner = payable(msg.sender); } modifier onlyOwner { require(msg.sender == owner); _; } constructor( uint256 initialSupply, string memory tokenName, string memory tokenSymbol) public { owner = payable(msg.sender); totalSupply = initialSupply * 10 ** uint256(decimals); balanceOf[msg.sender] = totalSupply; name = tokenName; symbol = tokenSymbol; } function _transfer(address _from, address _to, uint _value) internal { require (_to != address(0)); require (balanceOf[_from] >= _value); require (balanceOf[_to] + _value >= balanceOf[_to]); require(!frozenAccount[_from]); require(!frozenAccount[_to]); balanceOf[_from] -= _value; balanceOf[_to] += _value; emit Transfer(_from, _to, _value); } function transfer(address _to, uint256 _value) public returns (bool success) { _transfer(msg.sender, _to, _value); return true; } function freezeAccount(address target, bool freeze)  public onlyOwner { frozenAccount[target] = freeze; emit FrozenFunds(target, freeze); } function burn(uint256 _value)  public onlyOwner returns (bool success) { require(balanceOf[msg.sender] >= _value); balanceOf[msg.sender] -= _value; totalSupply -= _value; emit Burn(msg.sender, _value); return true; } function mintToken(address target, uint256 mintedAmount)  public onlyOwner { balanceOf[target] += mintedAmount; totalSupply += mintedAmount; } }","import { expect } from ""chai""; import { ethers } from ""hardhat""; describe(""ERCDDAToken reference (ethers v6; deploy may require constructor arguments)"", function () { it(""deploy ERCDDAToken by supplying its REQUIRED constructor arguments (read them from the contract constructor), then call methods and assert; use ethers.parseEther, await (await tx).wait(), and expect(...).to.be.reverted"", async function () { const [owner, addr1, addr2] = await ethers.getSigners(); const Factory = await ethers.getContractFactory(""ERCDDAToken""); const instance = await Factory.deploy(...constructorArgs); await instance.waitForDeployment(); }); });",False,False,"import { expect } from ""chai""; import { ethers } from ""hardhat"";  describe(""ERCDDAToken reference (ethers v6; deploy may require constructor arguments)"", function () {   it(""should revert transfer when sender balance equals transfer amount (mutant kill)"", async function () {     const [owner, addr1] = await ethers.getSigners();     const initialSupply = 1000;     const Factory = await ethers.getContractFactory(""ERCDDAToken"");     const instance = await Factory.deploy(initialSupply, ""TestToken"", ""TST"");     await instance.waitForDeployment();      // Transfer exact balance of owner to addr1 (should succeed on original, fail on mutant)     const ownerBalance = await instance.balanceOf(owner.address);     await expect(       instance.transfer(addr1.address, ownerBalance)     ).to.not.be.reverted;      // Verify the transfer happened     expect(await instance.balanceOf(addr1.address)).to.equal(ownerBalance);     expect(await instance.balanceOf(owner.address)).to.equal(0);   }); });","""['Error: syntax error']"""
m398f084a,ERCDDAToken,<generic-v6-scaffold>,_transfer,live, >= , <= ,---|         require (balanceOf[_from] >= _value); +++|         require (balanceOf[_from] <= _value);,36,Mutant m398f084a of function _transfer replaces >= with <=,"pragma solidity ^0.8.0; contract ERCDDAToken { address public owner; string public name; string public symbol; uint8 public decimals = 0; uint256 public totalSupply; event Transfer(address indexed from, address indexed to, uint256 value); event FrozenFunds(address target, bool frozen); event Burn(address indexed from, uint256 value); mapping (address => uint256) public balanceOf; mapping (address => bool) public frozenAccount; function owned() public onlyOwner { owner = payable(msg.sender); } modifier onlyOwner { require(msg.sender == owner); _; } constructor( uint256 initialSupply, string memory tokenName, string memory tokenSymbol) public { owner = payable(msg.sender); totalSupply = initialSupply * 10 ** uint256(decimals); balanceOf[msg.sender] = totalSupply; name = tokenName; symbol = tokenSymbol; } function _transfer(address _from, address _to, uint _value) internal { require (_to != address(0)); require (balanceOf[_from] >= _value); require (balanceOf[_to] + _value >= balanceOf[_to]); require(!frozenAccount[_from]); require(!frozenAccount[_to]); balanceOf[_from] -= _value; balanceOf[_to] += _value; emit Transfer(_from, _to, _value); } function transfer(address _to, uint256 _value) public returns (bool success) { _transfer(msg.sender, _to, _value); return true; } function freezeAccount(address target, bool freeze)  public onlyOwner { frozenAccount[target] = freeze; emit FrozenFunds(target, freeze); } function burn(uint256 _value)  public onlyOwner returns (bool success) { require(balanceOf[msg.sender] >= _value); balanceOf[msg.sender] -= _value; totalSupply -= _value; emit Burn(msg.sender, _value); return true; } function mintToken(address target, uint256 mintedAmount)  public onlyOwner { balanceOf[target] += mintedAmount; totalSupply += mintedAmount; } }","import { expect } from ""chai""; import { ethers } from ""hardhat""; describe(""ERCDDAToken reference (ethers v6; deploy may require constructor arguments)"", function () { it(""deploy ERCDDAToken by supplying its REQUIRED constructor arguments (read them from the contract constructor), then call methods and assert; use ethers.parseEther, await (await tx).wait(), and expect(...).to.be.reverted"", async function () { const [owner, addr1, addr2] = await ethers.getSigners(); const Factory = await ethers.getContractFactory(""ERCDDAToken""); const instance = await Factory.deploy(...constructorArgs); await instance.waitForDeployment(); }); });",False,False,"import { expect } from ""chai""; import { ethers } from ""hardhat"";  describe(""ERCDDAToken mutant kill test - m398f084a"", function () {   it(""should revert when transferring amount less than sender's balance (kills <= mutant)"", async function () {     const [owner, addr1] = await ethers.getSigners();     const initialSupply = 1000;     const Factory = await ethers.getContractFactory(""ERCDDAToken"");     const instance = await Factory.deploy(initialSupply, ""TestToken"", ""TST"");     await instance.waitForDeployment();      // Transfer a smaller amount than the owner's full balance     // Original: requires balance >= value (1000 >= 100) => passes     // Mutant: requires balance <= value (1000 <= 100) => fails     await expect(       instance.transfer(addr1.address, 100)     ).to.be.reverted;   }); });","""['Error: syntax error']"""
mba98433d,ERCDDAToken,<generic-v6-scaffold>,_transfer,live, >= , == ,---|         require (balanceOf[_from] >= _value); +++|         require (balanceOf[_from] == _value);,36,Mutant mba98433d of function _transfer replaces >= with ==,"pragma solidity ^0.8.0; contract ERCDDAToken { address public owner; string public name; string public symbol; uint8 public decimals = 0; uint256 public totalSupply; event Transfer(address indexed from, address indexed to, uint256 value); event FrozenFunds(address target, bool frozen); event Burn(address indexed from, uint256 value); mapping (address => uint256) public balanceOf; mapping (address => bool) public frozenAccount; function owned() public onlyOwner { owner = payable(msg.sender); } modifier onlyOwner { require(msg.sender == owner); _; } constructor( uint256 initialSupply, string memory tokenName, string memory tokenSymbol) public { owner = payable(msg.sender); totalSupply = initialSupply * 10 ** uint256(decimals); balanceOf[msg.sender] = totalSupply; name = tokenName; symbol = tokenSymbol; } function _transfer(address _from, address _to, uint _value) internal { require (_to != address(0)); require (balanceOf[_from] >= _value); require (balanceOf[_to] + _value >= balanceOf[_to]); require(!frozenAccount[_from]); require(!frozenAccount[_to]); balanceOf[_from] -= _value; balanceOf[_to] += _value; emit Transfer(_from, _to, _value); } function transfer(address _to, uint256 _value) public returns (bool success) { _transfer(msg.sender, _to, _value); return true; } function freezeAccount(address target, bool freeze)  public onlyOwner { frozenAccount[target] = freeze; emit FrozenFunds(target, freeze); } function burn(uint256 _value)  public onlyOwner returns (bool success) { require(balanceOf[msg.sender] >= _value); balanceOf[msg.sender] -= _value; totalSupply -= _value; emit Burn(msg.sender, _value); return true; } function mintToken(address target, uint256 mintedAmount)  public onlyOwner { balanceOf[target] += mintedAmount; totalSupply += mintedAmount; } }","import { expect } from ""chai""; import { ethers } from ""hardhat""; describe(""ERCDDAToken reference (ethers v6; deploy may require constructor arguments)"", function () { it(""deploy ERCDDAToken by supplying its REQUIRED constructor arguments (read them from the contract constructor), then call methods and assert; use ethers.parseEther, await (await tx).wait(), and expect(...).to.be.reverted"", async function () { const [owner, addr1, addr2] = await ethers.getSigners(); const Factory = await ethers.getContractFactory(""ERCDDAToken""); const instance = await Factory.deploy(...constructorArgs); await instance.waitForDeployment(); }); });",False,False,"import { expect } from ""chai""; import { ethers } from ""hardhat"";  describe(""ERCDDAToken mutant kill test"", function () {   it(""should revert when transferring partial balance (mutant requires exact balance match)"", async function () {     const [owner, addr1] = await ethers.getSigners();     const initialSupply = ethers.parseEther(""1000"");     const Factory = await ethers.getContractFactory(""ERCDDAToken"");     const instance = await Factory.deploy(initialSupply, ""TestToken"", ""TT"");     await instance.waitForDeployment();      // Owner has full supply, transfer a partial amount to addr1     const partialAmount = ethers.parseEther(""500"");     await expect(       instance.transfer(addr1.address, partialAmount)     ).to.be.reverted;   }); });","""['Error: syntax error']"""
mce927783,ERCDDAToken,<generic-v6-scaffold>,_transfer,live, >= ,  > ,---|         require (balanceOf[_to] + _value >= balanceOf[_to]); +++|         require (balanceOf[_to] + _value  > balanceOf[_to]);,37,Mutant mce927783 of function _transfer replaces >= with >,"pragma solidity ^0.8.0; contract ERCDDAToken { address public owner; string public name; string public symbol; uint8 public decimals = 0; uint256 public totalSupply; event Transfer(address indexed from, address indexed to, uint256 value); event FrozenFunds(address target, bool frozen); event Burn(address indexed from, uint256 value); mapping (address => uint256) public balanceOf; mapping (address => bool) public frozenAccount; function owned() public onlyOwner { owner = payable(msg.sender); } modifier onlyOwner { require(msg.sender == owner); _; } constructor( uint256 initialSupply, string memory tokenName, string memory tokenSymbol) public { owner = payable(msg.sender); totalSupply = initialSupply * 10 ** uint256(decimals); balanceOf[msg.sender] = totalSupply; name = tokenName; symbol = tokenSymbol; } function _transfer(address _from, address _to, uint _value) internal { require (_to != address(0)); require (balanceOf[_from] >= _value); require (balanceOf[_to] + _value >= balanceOf[_to]); require(!frozenAccount[_from]); require(!frozenAccount[_to]); balanceOf[_from] -= _value; balanceOf[_to] += _value; emit Transfer(_from, _to, _value); } function transfer(address _to, uint256 _value) public returns (bool success) { _transfer(msg.sender, _to, _value); return true; } function freezeAccount(address target, bool freeze)  public onlyOwner { frozenAccount[target] = freeze; emit FrozenFunds(target, freeze); } function burn(uint256 _value)  public onlyOwner returns (bool success) { require(balanceOf[msg.sender] >= _value); balanceOf[msg.sender] -= _value; totalSupply -= _value; emit Burn(msg.sender, _value); return true; } function mintToken(address target, uint256 mintedAmount)  public onlyOwner { balanceOf[target] += mintedAmount; totalSupply += mintedAmount; } }","import { expect } from ""chai""; import { ethers } from ""hardhat""; describe(""ERCDDAToken reference (ethers v6; deploy may require constructor arguments)"", function () { it(""deploy ERCDDAToken by supplying its REQUIRED constructor arguments (read them from the contract constructor), then call methods and assert; use ethers.parseEther, await (await tx).wait(), and expect(...).to.be.reverted"", async function () { const [owner, addr1, addr2] = await ethers.getSigners(); const Factory = await ethers.getContractFactory(""ERCDDAToken""); const instance = await Factory.deploy(...constructorArgs); await instance.waitForDeployment(); }); });",False,False,"import { expect } from ""chai""; import { ethers } from ""hardhat"";  describe(""ERCDDAToken mutant test - zero value transfer"", function () {   it(""should revert when transferring zero value (mutant kills zero-value transfers)"", async function () {     const [owner, addr1] = await ethers.getSigners();     const initialSupply = ethers.parseUnits(""1000"", 0);     const Factory = await ethers.getContractFactory(""ERCDDAToken"");     const instance = await Factory.deploy(initialSupply, ""TestToken"", ""TST"");     await instance.waitForDeployment();      // On the original contract, transferring 0 should succeed     // On the mutant (require > instead of >=), transferring 0 should revert     await expect(instance.connect(owner).transfer(addr1.address, 0)).to.be.reverted;   }); });","""['Error: syntax error']"""
m73abac66,ERCDDAToken,<generic-v6-scaffold>,_transfer,live, >= , <= ,---|         require (balanceOf[_to] + _value >= balanceOf[_to]); +++|         require (balanceOf[_to] + _value <= balanceOf[_to]);,37,Mutant m73abac66 of function _transfer replaces >= with <=,"pragma solidity ^0.8.0; contract ERCDDAToken { address public owner; string public name; string public symbol; uint8 public decimals = 0; uint256 public totalSupply; event Transfer(address indexed from, address indexed to, uint256 value); event FrozenFunds(address target, bool frozen); event Burn(address indexed from, uint256 value); mapping (address => uint256) public balanceOf; mapping (address => bool) public frozenAccount; function owned() public onlyOwner { owner = payable(msg.sender); } modifier onlyOwner { require(msg.sender == owner); _; } constructor( uint256 initialSupply, string memory tokenName, string memory tokenSymbol) public { owner = payable(msg.sender); totalSupply = initialSupply * 10 ** uint256(decimals); balanceOf[msg.sender] = totalSupply; name = tokenName; symbol = tokenSymbol; } function _transfer(address _from, address _to, uint _value) internal { require (_to != address(0)); require (balanceOf[_from] >= _value); require (balanceOf[_to] + _value >= balanceOf[_to]); require(!frozenAccount[_from]); require(!frozenAccount[_to]); balanceOf[_from] -= _value; balanceOf[_to] += _value; emit Transfer(_from, _to, _value); } function transfer(address _to, uint256 _value) public returns (bool success) { _transfer(msg.sender, _to, _value); return true; } function freezeAccount(address target, bool freeze)  public onlyOwner { frozenAccount[target] = freeze; emit FrozenFunds(target, freeze); } function burn(uint256 _value)  public onlyOwner returns (bool success) { require(balanceOf[msg.sender] >= _value); balanceOf[msg.sender] -= _value; totalSupply -= _value; emit Burn(msg.sender, _value); return true; } function mintToken(address target, uint256 mintedAmount)  public onlyOwner { balanceOf[target] += mintedAmount; totalSupply += mintedAmount; } }","import { expect } from ""chai""; import { ethers } from ""hardhat""; describe(""ERCDDAToken reference (ethers v6; deploy may require constructor arguments)"", function () { it(""deploy ERCDDAToken by supplying its REQUIRED constructor arguments (read them from the contract constructor), then call methods and assert; use ethers.parseEther, await (await tx).wait(), and expect(...).to.be.reverted"", async function () { const [owner, addr1, addr2] = await ethers.getSigners(); const Factory = await ethers.getContractFactory(""ERCDDAToken""); const instance = await Factory.deploy(...constructorArgs); await instance.waitForDeployment(); }); });",False,False,"import { expect } from ""chai""; import { ethers } from ""hardhat"";  describe(""ERCDDAToken mutant test - m73abac66"", function () {   it(""should revert when transferring tokens to an address with non-zero balance (mutant changes >= to <= in overflow check)"", async function () {     const [owner, addr1, addr2] = await ethers.getSigners();     const initialSupply = 1000;     const name = ""TestToken"";     const symbol = ""TT"";          const Factory = await ethers.getContractFactory(""ERCDDAToken"");     const instance = await Factory.deploy(initialSupply, name, symbol);     await instance.waitForDeployment();      // First, transfer some tokens to addr1 so they have a non-zero balance     const firstTransferAmount = 100;     await instance.transfer(addr1.address, firstTransferAmount);          // Now transfer additional tokens to addr1 (who already has a non-zero balance)     const secondTransferAmount = 50;          // In the original contract, this transfer should succeed     // In the mutant (where >= is replaced with <=), the require will fail because     // balanceOf[addr1] + secondTransferAmount (100 + 50 = 150) is NOT <= balanceOf[addr1] (100)     // The mutated require expects sum <= original balance, which is false for positive amounts     await expect(       instance.transfer(addr1.address, secondTransferAmount)     ).to.be.reverted;   }); });","""['Error: syntax error']"""
mde89a0c8,ERCDDAToken,<generic-v6-scaffold>,_transfer,live, >= , == ,---|         require (balanceOf[_to] + _value >= balanceOf[_to]); +++|         require (balanceOf[_to] + _value == balanceOf[_to]);,37,Mutant mde89a0c8 of function _transfer replaces >= with ==,"pragma solidity ^0.8.0; contract ERCDDAToken { address public owner; string public name; string public symbol; uint8 public decimals = 0; uint256 public totalSupply; event Transfer(address indexed from, address indexed to, uint256 value); event FrozenFunds(address target, bool frozen); event Burn(address indexed from, uint256 value); mapping (address => uint256) public balanceOf; mapping (address => bool) public frozenAccount; function owned() public onlyOwner { owner = payable(msg.sender); } modifier onlyOwner { require(msg.sender == owner); _; } constructor( uint256 initialSupply, string memory tokenName, string memory tokenSymbol) public { owner = payable(msg.sender); totalSupply = initialSupply * 10 ** uint256(decimals); balanceOf[msg.sender] = totalSupply; name = tokenName; symbol = tokenSymbol; } function _transfer(address _from, address _to, uint _value) internal { require (_to != address(0)); require (balanceOf[_from] >= _value); require (balanceOf[_to] + _value >= balanceOf[_to]); require(!frozenAccount[_from]); require(!frozenAccount[_to]); balanceOf[_from] -= _value; balanceOf[_to] += _value; emit Transfer(_from, _to, _value); } function transfer(address _to, uint256 _value) public returns (bool success) { _transfer(msg.sender, _to, _value); return true; } function freezeAccount(address target, bool freeze)  public onlyOwner { frozenAccount[target] = freeze; emit FrozenFunds(target, freeze); } function burn(uint256 _value)  public onlyOwner returns (bool success) { require(balanceOf[msg.sender] >= _value); balanceOf[msg.sender] -= _value; totalSupply -= _value; emit Burn(msg.sender, _value); return true; } function mintToken(address target, uint256 mintedAmount)  public onlyOwner { balanceOf[target] += mintedAmount; totalSupply += mintedAmount; } }","import { expect } from ""chai""; import { ethers } from ""hardhat""; describe(""ERCDDAToken reference (ethers v6; deploy may require constructor arguments)"", function () { it(""deploy ERCDDAToken by supplying its REQUIRED constructor arguments (read them from the contract constructor), then call methods and assert; use ethers.parseEther, await (await tx).wait(), and expect(...).to.be.reverted"", async function () { const [owner, addr1, addr2] = await ethers.getSigners(); const Factory = await ethers.getContractFactory(""ERCDDAToken""); const instance = await Factory.deploy(...constructorArgs); await instance.waitForDeployment(); }); });",False,False,"import { expect } from ""chai""; import { ethers } from ""hardhat"";  describe(""ERCDDAToken mutant kill test - mde89a0c8"", function () {   it(""should revert when transferring a non-zero amount due to mutated require statement"", async function () {     const [owner, addr1] = await ethers.getSigners();     const initialSupply = 1000;     const Factory = await ethers.getContractFactory(""ERCDDAToken"");     const instance = await Factory.deploy(initialSupply, ""TestToken"", ""TTK"");     await instance.waitForDeployment();      // Attempt to transfer a non-zero amount from owner to addr1     // Original: requires balanceOf[_to] + _value >= balanceOf[_to] (always true for non-zero _value)     // Mutant:  requires balanceOf[_to] + _value == balanceOf[_to] (only true if _value == 0)     await expect(       instance.transfer(addr1.address, 100)     ).to.be.reverted;   }); });","""['Error: syntax error']"""
md8a78e06,ERCDDAToken,<generic-v6-scaffold>,_transfer,live, + , - ,---|         require (balanceOf[_to] + _value >= balanceOf[_to]); +++|         require (balanceOf[_to] - _value >= balanceOf[_to]);,37,Mutant md8a78e06 of function _transfer replaces + with -,"pragma solidity ^0.8.0; contract ERCDDAToken { address public owner; string public name; string public symbol; uint8 public decimals = 0; uint256 public totalSupply; event Transfer(address indexed from, address indexed to, uint256 value); event FrozenFunds(address target, bool frozen); event Burn(address indexed from, uint256 value); mapping (address => uint256) public balanceOf; mapping (address => bool) public frozenAccount; function owned() public onlyOwner { owner = payable(msg.sender); } modifier onlyOwner { require(msg.sender == owner); _; } constructor( uint256 initialSupply, string memory tokenName, string memory tokenSymbol) public { owner = payable(msg.sender); totalSupply = initialSupply * 10 ** uint256(decimals); balanceOf[msg.sender] = totalSupply; name = tokenName; symbol = tokenSymbol; } function _transfer(address _from, address _to, uint _value) internal { require (_to != address(0)); require (balanceOf[_from] >= _value); require (balanceOf[_to] + _value >= balanceOf[_to]); require(!frozenAccount[_from]); require(!frozenAccount[_to]); balanceOf[_from] -= _value; balanceOf[_to] += _value; emit Transfer(_from, _to, _value); } function transfer(address _to, uint256 _value) public returns (bool success) { _transfer(msg.sender, _to, _value); return true; } function freezeAccount(address target, bool freeze)  public onlyOwner { frozenAccount[target] = freeze; emit FrozenFunds(target, freeze); } function burn(uint256 _value)  public onlyOwner returns (bool success) { require(balanceOf[msg.sender] >= _value); balanceOf[msg.sender] -= _value; totalSupply -= _value; emit Burn(msg.sender, _value); return true; } function mintToken(address target, uint256 mintedAmount)  public onlyOwner { balanceOf[target] += mintedAmount; totalSupply += mintedAmount; } }","import { expect } from ""chai""; import { ethers } from ""hardhat""; describe(""ERCDDAToken reference (ethers v6; deploy may require constructor arguments)"", function () { it(""deploy ERCDDAToken by supplying its REQUIRED constructor arguments (read them from the contract constructor), then call methods and assert; use ethers.parseEther, await (await tx).wait(), and expect(...).to.be.reverted"", async function () { const [owner, addr1, addr2] = await ethers.getSigners(); const Factory = await ethers.getContractFactory(""ERCDDAToken""); const instance = await Factory.deploy(...constructorArgs); await instance.waitForDeployment(); }); });",False,False,"import { expect } from ""chai""; import { ethers } from ""hardhat"";  describe(""ERCDDAToken mutant kill test - md8a78e06"", function () {   it(""should revert when transferring to an address with zero balance due to mutated require condition"", async function () {     const [owner, addr1] = await ethers.getSigners();     const initialSupply = 1000;     const tokenName = ""TestToken"";     const tokenSymbol = ""TT"";      const Factory = await ethers.getContractFactory(""ERCDDAToken"");     const instance = await Factory.deploy(initialSupply, tokenName, tokenSymbol);     await instance.waitForDeployment();      // Owner has all tokens initially, transfer a small amount to addr1     // In the original contract this should succeed     // In the mutant, the require(balanceOf[_to] - _value >= balanceOf[_to]) will fail     // because addr1's balance is 0, and 0 - 1 >= 0 is false     await expect(       instance.transfer(addr1.address, 1)     ).to.be.reverted;   }); });","""['Error: syntax error']"""
mc75521ec,ERCDDAToken,<generic-v6-scaffold>,_transfer,live, + , * ,---|         require (balanceOf[_to] + _value >= balanceOf[_to]); +++|         require (balanceOf[_to] * _value >= balanceOf[_to]);,37,Mutant mc75521ec of function _transfer replaces + with *,"pragma solidity ^0.8.0; contract ERCDDAToken { address public owner; string public name; string public symbol; uint8 public decimals = 0; uint256 public totalSupply; event Transfer(address indexed from, address indexed to, uint256 value); event FrozenFunds(address target, bool frozen); event Burn(address indexed from, uint256 value); mapping (address => uint256) public balanceOf; mapping (address => bool) public frozenAccount; function owned() public onlyOwner { owner = payable(msg.sender); } modifier onlyOwner { require(msg.sender == owner); _; } constructor( uint256 initialSupply, string memory tokenName, string memory tokenSymbol) public { owner = payable(msg.sender); totalSupply = initialSupply * 10 ** uint256(decimals); balanceOf[msg.sender] = totalSupply; name = tokenName; symbol = tokenSymbol; } function _transfer(address _from, address _to, uint _value) internal { require (_to != address(0)); require (balanceOf[_from] >= _value); require (balanceOf[_to] + _value >= balanceOf[_to]); require(!frozenAccount[_from]); require(!frozenAccount[_to]); balanceOf[_from] -= _value; balanceOf[_to] += _value; emit Transfer(_from, _to, _value); } function transfer(address _to, uint256 _value) public returns (bool success) { _transfer(msg.sender, _to, _value); return true; } function freezeAccount(address target, bool freeze)  public onlyOwner { frozenAccount[target] = freeze; emit FrozenFunds(target, freeze); } function burn(uint256 _value)  public onlyOwner returns (bool success) { require(balanceOf[msg.sender] >= _value); balanceOf[msg.sender] -= _value; totalSupply -= _value; emit Burn(msg.sender, _value); return true; } function mintToken(address target, uint256 mintedAmount)  public onlyOwner { balanceOf[target] += mintedAmount; totalSupply += mintedAmount; } }","import { expect } from ""chai""; import { ethers } from ""hardhat""; describe(""ERCDDAToken reference (ethers v6; deploy may require constructor arguments)"", function () { it(""deploy ERCDDAToken by supplying its REQUIRED constructor arguments (read them from the contract constructor), then call methods and assert; use ethers.parseEther, await (await tx).wait(), and expect(...).to.be.reverted"", async function () { const [owner, addr1, addr2] = await ethers.getSigners(); const Factory = await ethers.getContractFactory(""ERCDDAToken""); const instance = await Factory.deploy(...constructorArgs); await instance.waitForDeployment(); }); });",False,False,"import { expect } from ""chai""; import { ethers } from ""hardhat"";  describe(""ERCDDAToken mutant mc75521ec detection"", function () {   it(""should detect the mutant by transferring 0 tokens to an address with existing balance"", async function () {     const [owner, addr1] = await ethers.getSigners();     const Factory = await ethers.getContractFactory(""ERCDDAToken"");     const initialSupply = 1000;     const tokenName = ""TestToken"";     const tokenSymbol = ""TST"";     const instance = await Factory.deploy(initialSupply, tokenName, tokenSymbol);     await instance.waitForDeployment();      // Transfer some tokens to addr1 first so it has a non-zero balance     await instance.transfer(addr1.address, 100);          // Now attempt to transfer 0 tokens to addr1     // In the original contract, this should succeed (balance check: balanceOf[addr1] + 0 >= balanceOf[addr1])     // In the mutant, this will revert (balance check: balanceOf[addr1] * 0 >= balanceOf[addr1] => 0 >= balanceOf[addr1] fails)     await expect(       instance.connect(owner).transfer(addr1.address, 0)     ).to.be.reverted;   }); });","""['Error: syntax error']"""
m95b2c0f6,ERCDDAToken,<generic-v6-scaffold>,burn,live, >= ,  > ,---|         require(balanceOf[msg.sender] >= _value); +++|         require(balanceOf[msg.sender]  > _value);,56,Mutant m95b2c0f6 of function burn replaces >= with >,"pragma solidity ^0.8.0; contract ERCDDAToken { address public owner; string public name; string public symbol; uint8 public decimals = 0; uint256 public totalSupply; event Transfer(address indexed from, address indexed to, uint256 value); event FrozenFunds(address target, bool frozen); event Burn(address indexed from, uint256 value); mapping (address => uint256) public balanceOf; mapping (address => bool) public frozenAccount; function owned() public onlyOwner { owner = payable(msg.sender); } modifier onlyOwner { require(msg.sender == owner); _; } constructor( uint256 initialSupply, string memory tokenName, string memory tokenSymbol) public { owner = payable(msg.sender); totalSupply = initialSupply * 10 ** uint256(decimals); balanceOf[msg.sender] = totalSupply; name = tokenName; symbol = tokenSymbol; } function _transfer(address _from, address _to, uint _value) internal { require (_to != address(0)); require (balanceOf[_from] >= _value); require (balanceOf[_to] + _value >= balanceOf[_to]); require(!frozenAccount[_from]); require(!frozenAccount[_to]); balanceOf[_from] -= _value; balanceOf[_to] += _value; emit Transfer(_from, _to, _value); } function transfer(address _to, uint256 _value) public returns (bool success) { _transfer(msg.sender, _to, _value); return true; } function freezeAccount(address target, bool freeze)  public onlyOwner { frozenAccount[target] = freeze; emit FrozenFunds(target, freeze); } function burn(uint256 _value)  public onlyOwner returns (bool success) { require(balanceOf[msg.sender] >= _value); balanceOf[msg.sender] -= _value; totalSupply -= _value; emit Burn(msg.sender, _value); return true; } function mintToken(address target, uint256 mintedAmount)  public onlyOwner { balanceOf[target] += mintedAmount; totalSupply += mintedAmount; } }","import { expect } from ""chai""; import { ethers } from ""hardhat""; describe(""ERCDDAToken reference (ethers v6; deploy may require constructor arguments)"", function () { it(""deploy ERCDDAToken by supplying its REQUIRED constructor arguments (read them from the contract constructor), then call methods and assert; use ethers.parseEther, await (await tx).wait(), and expect(...).to.be.reverted"", async function () { const [owner, addr1, addr2] = await ethers.getSigners(); const Factory = await ethers.getContractFactory(""ERCDDAToken""); const instance = await Factory.deploy(...constructorArgs); await instance.waitForDeployment(); }); });",False,False,"import { expect } from ""chai""; import { ethers } from ""hardhat"";  describe(""ERCDDAToken reference (ethers v6; deploy may require constructor arguments)"", function () {   it(""should kill mutant m95b2c0f6 by burning exact balance amount"", async function () {     const [owner, addr1, addr2] = await ethers.getSigners();          const initialSupply = ethers.parseEther(""1000"");     const tokenName = ""ERCDDAToken"";     const tokenSymbol = ""ERCDD"";          const Factory = await ethers.getContractFactory(""ERCDDAToken"");     const instance = await Factory.deploy(initialSupply, tokenName, tokenSymbol);     await instance.waitForDeployment();          // Get owner's balance (should be initialSupply since decimals = 0)     const ownerBalance = await instance.balanceOf(owner.address);          // Try to burn the exact owner balance     // Original: should succeed because balance >= value     // Mutant: should revert because balance > value is false (they are equal)     await expect(       instance.burn(ownerBalance)     ).to.not.be.reverted;          // Verify the balance is now 0     expect(await instance.balanceOf(owner.address)).to.equal(0);     expect(await instance.totalSupply()).to.equal(0);   }); });","""['Error: syntax error']"""
m9e9fd625,ERCDDAToken,<generic-v6-scaffold>,burn,live, >= , <= ,---|         require(balanceOf[msg.sender] >= _value); +++|         require(balanceOf[msg.sender] <= _value);,56,Mutant m9e9fd625 of function burn replaces >= with <=,"pragma solidity ^0.8.0; contract ERCDDAToken { address public owner; string public name; string public symbol; uint8 public decimals = 0; uint256 public totalSupply; event Transfer(address indexed from, address indexed to, uint256 value); event FrozenFunds(address target, bool frozen); event Burn(address indexed from, uint256 value); mapping (address => uint256) public balanceOf; mapping (address => bool) public frozenAccount; function owned() public onlyOwner { owner = payable(msg.sender); } modifier onlyOwner { require(msg.sender == owner); _; } constructor( uint256 initialSupply, string memory tokenName, string memory tokenSymbol) public { owner = payable(msg.sender); totalSupply = initialSupply * 10 ** uint256(decimals); balanceOf[msg.sender] = totalSupply; name = tokenName; symbol = tokenSymbol; } function _transfer(address _from, address _to, uint _value) internal { require (_to != address(0)); require (balanceOf[_from] >= _value); require (balanceOf[_to] + _value >= balanceOf[_to]); require(!frozenAccount[_from]); require(!frozenAccount[_to]); balanceOf[_from] -= _value; balanceOf[_to] += _value; emit Transfer(_from, _to, _value); } function transfer(address _to, uint256 _value) public returns (bool success) { _transfer(msg.sender, _to, _value); return true; } function freezeAccount(address target, bool freeze)  public onlyOwner { frozenAccount[target] = freeze; emit FrozenFunds(target, freeze); } function burn(uint256 _value)  public onlyOwner returns (bool success) { require(balanceOf[msg.sender] >= _value); balanceOf[msg.sender] -= _value; totalSupply -= _value; emit Burn(msg.sender, _value); return true; } function mintToken(address target, uint256 mintedAmount)  public onlyOwner { balanceOf[target] += mintedAmount; totalSupply += mintedAmount; } }","import { expect } from ""chai""; import { ethers } from ""hardhat""; describe(""ERCDDAToken reference (ethers v6; deploy may require constructor arguments)"", function () { it(""deploy ERCDDAToken by supplying its REQUIRED constructor arguments (read them from the contract constructor), then call methods and assert; use ethers.parseEther, await (await tx).wait(), and expect(...).to.be.reverted"", async function () { const [owner, addr1, addr2] = await ethers.getSigners(); const Factory = await ethers.getContractFactory(""ERCDDAToken""); const instance = await Factory.deploy(...constructorArgs); await instance.waitForDeployment(); }); });",False,False,"import { expect } from ""chai""; import { ethers } from ""hardhat"";  describe(""ERCDDAToken mutant kill test - m9e9fd625"", function () {   it(""should revert when burning with balance less than burn amount (detects mutant)"", async function () {     const [owner, addr1] = await ethers.getSigners();     const initialSupply = ethers.parseUnits(""1000"", 0);     const name = ""TestToken"";     const symbol = ""TST"";          const Factory = await ethers.getContractFactory(""ERCDDAToken"");     const instance = await Factory.deploy(initialSupply, name, symbol);     await instance.waitForDeployment();      // Owner has all 1000 tokens     const ownerBalance = await instance.balanceOf(owner.address);     expect(ownerBalance).to.equal(initialSupply);      // Burn 100 tokens - should succeed on original (balance >= 100) but revert on mutant (balance <= 100 is false)     await expect(       instance.connect(owner).burn(ethers.parseUnits(""100"", 0))     ).to.not.be.reverted;      // Verify balance decreased correctly (if burn succeeded)     const newBalance = await instance.balanceOf(owner.address);     expect(newBalance).to.equal(initialSupply - ethers.parseUnits(""100"", 0));   }); });","""['Error: syntax error']"""
me0e67068,ERCDDAToken,<generic-v6-scaffold>,burn,live, >= , == ,---|         require(balanceOf[msg.sender] >= _value); +++|         require(balanceOf[msg.sender] == _value);,56,Mutant me0e67068 of function burn replaces >= with ==,"pragma solidity ^0.8.0; contract ERCDDAToken { address public owner; string public name; string public symbol; uint8 public decimals = 0; uint256 public totalSupply; event Transfer(address indexed from, address indexed to, uint256 value); event FrozenFunds(address target, bool frozen); event Burn(address indexed from, uint256 value); mapping (address => uint256) public balanceOf; mapping (address => bool) public frozenAccount; function owned() public onlyOwner { owner = payable(msg.sender); } modifier onlyOwner { require(msg.sender == owner); _; } constructor( uint256 initialSupply, string memory tokenName, string memory tokenSymbol) public { owner = payable(msg.sender); totalSupply = initialSupply * 10 ** uint256(decimals); balanceOf[msg.sender] = totalSupply; name = tokenName; symbol = tokenSymbol; } function _transfer(address _from, address _to, uint _value) internal { require (_to != address(0)); require (balanceOf[_from] >= _value); require (balanceOf[_to] + _value >= balanceOf[_to]); require(!frozenAccount[_from]); require(!frozenAccount[_to]); balanceOf[_from] -= _value; balanceOf[_to] += _value; emit Transfer(_from, _to, _value); } function transfer(address _to, uint256 _value) public returns (bool success) { _transfer(msg.sender, _to, _value); return true; } function freezeAccount(address target, bool freeze)  public onlyOwner { frozenAccount[target] = freeze; emit FrozenFunds(target, freeze); } function burn(uint256 _value)  public onlyOwner returns (bool success) { require(balanceOf[msg.sender] >= _value); balanceOf[msg.sender] -= _value; totalSupply -= _value; emit Burn(msg.sender, _value); return true; } function mintToken(address target, uint256 mintedAmount)  public onlyOwner { balanceOf[target] += mintedAmount; totalSupply += mintedAmount; } }","import { expect } from ""chai""; import { ethers } from ""hardhat""; describe(""ERCDDAToken reference (ethers v6; deploy may require constructor arguments)"", function () { it(""deploy ERCDDAToken by supplying its REQUIRED constructor arguments (read them from the contract constructor), then call methods and assert; use ethers.parseEther, await (await tx).wait(), and expect(...).to.be.reverted"", async function () { const [owner, addr1, addr2] = await ethers.getSigners(); const Factory = await ethers.getContractFactory(""ERCDDAToken""); const instance = await Factory.deploy(...constructorArgs); await instance.waitForDeployment(); }); });",False,False,"import { expect } from ""chai""; import { ethers } from ""hardhat"";  describe(""ERCDDAToken reference (ethers v6; deploy may require constructor arguments)"", function () {   it(""should kill mutant me0e67068 by burning partial balance (value less than full balance)"", async function () {     const [owner, addr1] = await ethers.getSigners();          const initialSupply = ethers.parseEther(""1000"");     const tokenName = ""TestToken"";     const tokenSymbol = ""TT"";          const Factory = await ethers.getContractFactory(""ERCDDAToken"");     const instance = await Factory.deploy(initialSupply, tokenName, tokenSymbol);     await instance.waitForDeployment();          // Owner has full balance of 1000 tokens (initialSupply * 10^0 since decimals = 0)     const ownerBalance = await instance.balanceOf(owner.address);     const burnAmount = ownerBalance / 2n; // Burn exactly half of the balance          // This should succeed on original (balance >= burnAmount) but revert on mutant (balance == burnAmount is false)     await expect(instance.burn(burnAmount)).to.not.be.reverted;          // Verify the burn was successful     const newBalance = await instance.balanceOf(owner.address);     expect(newBalance).to.equal(ownerBalance - burnAmount);   }); });","""['Error: syntax error']"""
m4f2842f5,ERCDDAToken,<generic-v6-scaffold>,_transfer,live,"emit Transfer(_from, _to, _value);","/* emit Transfer(_from, _to, _value); */","---|         emit Transfer(_from, _to, _value); +++|",42,"Mutant m4f2842f5 of function _transfer replaces emit Transfer(_from, _to, _value); with ","pragma solidity ^0.8.0; contract ERCDDAToken { address public owner; string public name; string public symbol; uint8 public decimals = 0; uint256 public totalSupply; event Transfer(address indexed from, address indexed to, uint256 value); event FrozenFunds(address target, bool frozen); event Burn(address indexed from, uint256 value); mapping (address => uint256) public balanceOf; mapping (address => bool) public frozenAccount; function owned() public onlyOwner { owner = payable(msg.sender); } modifier onlyOwner { require(msg.sender == owner); _; } constructor( uint256 initialSupply, string memory tokenName, string memory tokenSymbol) public { owner = payable(msg.sender); totalSupply = initialSupply * 10 ** uint256(decimals); balanceOf[msg.sender] = totalSupply; name = tokenName; symbol = tokenSymbol; } function _transfer(address _from, address _to, uint _value) internal { require (_to != address(0)); require (balanceOf[_from] >= _value); require (balanceOf[_to] + _value >= balanceOf[_to]); require(!frozenAccount[_from]); require(!frozenAccount[_to]); balanceOf[_from] -= _value; balanceOf[_to] += _value; emit Transfer(_from, _to, _value); } function transfer(address _to, uint256 _value) public returns (bool success) { _transfer(msg.sender, _to, _value); return true; } function freezeAccount(address target, bool freeze)  public onlyOwner { frozenAccount[target] = freeze; emit FrozenFunds(target, freeze); } function burn(uint256 _value)  public onlyOwner returns (bool success) { require(balanceOf[msg.sender] >= _value); balanceOf[msg.sender] -= _value; totalSupply -= _value; emit Burn(msg.sender, _value); return true; } function mintToken(address target, uint256 mintedAmount)  public onlyOwner { balanceOf[target] += mintedAmount; totalSupply += mintedAmount; } }","import { expect } from ""chai""; import { ethers } from ""hardhat""; describe(""ERCDDAToken reference (ethers v6; deploy may require constructor arguments)"", function () { it(""deploy ERCDDAToken by supplying its REQUIRED constructor arguments (read them from the contract constructor), then call methods and assert; use ethers.parseEther, await (await tx).wait(), and expect(...).to.be.reverted"", async function () { const [owner, addr1, addr2] = await ethers.getSigners(); const Factory = await ethers.getContractFactory(""ERCDDAToken""); const instance = await Factory.deploy(...constructorArgs); await instance.waitForDeployment(); }); });",False,False,"import { expect } from ""chai""; import { ethers } from ""hardhat"";  describe(""ERCDDAToken mutant m4f2842f5 test"", function () {   it(""should emit Transfer event when tokens are transferred"", async function () {     const [owner, addr1] = await ethers.getSigners();     const initialSupply = ethers.parseEther(""1000"");     const Factory = await ethers.getContractFactory(""ERCDDAToken"");     const instance = await Factory.deploy(initialSupply, ""TestToken"", ""TST"");     await instance.waitForDeployment();      // Perform a transfer and check for Transfer event emission     const transferAmount = ethers.parseEther(""100"");     const tx = await instance.transfer(addr1.address, transferAmount);     const receipt = await tx.wait();      // Verify the Transfer event was emitted with correct parameters     await expect(tx)       .to.emit(instance, ""Transfer"")       .withArgs(owner.address, addr1.address, transferAmount);   }); });","""['Error: syntax error']"""
m4046585e,ERCDDAToken,<generic-v6-scaffold>,freezeAccount,live,"emit FrozenFunds(target, freeze);","/* emit FrozenFunds(target, freeze); */","---|         emit FrozenFunds(target, freeze); +++|",52,"Mutant m4046585e of function freezeAccount replaces emit FrozenFunds(target, freeze); with ","pragma solidity ^0.8.0; contract ERCDDAToken { address public owner; string public name; string public symbol; uint8 public decimals = 0; uint256 public totalSupply; event Transfer(address indexed from, address indexed to, uint256 value); event FrozenFunds(address target, bool frozen); event Burn(address indexed from, uint256 value); mapping (address => uint256) public balanceOf; mapping (address => bool) public frozenAccount; function owned() public onlyOwner { owner = payable(msg.sender); } modifier onlyOwner { require(msg.sender == owner); _; } constructor( uint256 initialSupply, string memory tokenName, string memory tokenSymbol) public { owner = payable(msg.sender); totalSupply = initialSupply * 10 ** uint256(decimals); balanceOf[msg.sender] = totalSupply; name = tokenName; symbol = tokenSymbol; } function _transfer(address _from, address _to, uint _value) internal { require (_to != address(0)); require (balanceOf[_from] >= _value); require (balanceOf[_to] + _value >= balanceOf[_to]); require(!frozenAccount[_from]); require(!frozenAccount[_to]); balanceOf[_from] -= _value; balanceOf[_to] += _value; emit Transfer(_from, _to, _value); } function transfer(address _to, uint256 _value) public returns (bool success) { _transfer(msg.sender, _to, _value); return true; } function freezeAccount(address target, bool freeze)  public onlyOwner { frozenAccount[target] = freeze; emit FrozenFunds(target, freeze); } function burn(uint256 _value)  public onlyOwner returns (bool success) { require(balanceOf[msg.sender] >= _value); balanceOf[msg.sender] -= _value; totalSupply -= _value; emit Burn(msg.sender, _value); return true; } function mintToken(address target, uint256 mintedAmount)  public onlyOwner { balanceOf[target] += mintedAmount; totalSupply += mintedAmount; } }","import { expect } from ""chai""; import { ethers } from ""hardhat""; describe(""ERCDDAToken reference (ethers v6; deploy may require constructor arguments)"", function () { it(""deploy ERCDDAToken by supplying its REQUIRED constructor arguments (read them from the contract constructor), then call methods and assert; use ethers.parseEther, await (await tx).wait(), and expect(...).to.be.reverted"", async function () { const [owner, addr1, addr2] = await ethers.getSigners(); const Factory = await ethers.getContractFactory(""ERCDDAToken""); const instance = await Factory.deploy(...constructorArgs); await instance.waitForDeployment(); }); });",False,False,"import { expect } from ""chai""; import { ethers } from ""hardhat"";  describe(""ERCDDAToken mutant test for freezeAccount event emission"", function () {   it(""should emit FrozenFunds event when freezeAccount is called by owner"", async function () {     const [owner, addr1] = await ethers.getSigners();     const Factory = await ethers.getContractFactory(""ERCDDAToken"");     const initialSupply = 1000;     const tokenName = ""TestToken"";     const tokenSymbol = ""TST"";     const instance = await Factory.deploy(initialSupply, tokenName, tokenSymbol);     await instance.waitForDeployment();      // Call freezeAccount to freeze addr1     const tx = await instance.connect(owner).freezeAccount(addr1.address, true);     const receipt = await tx.wait();      // Verify that FrozenFunds event was emitted with correct parameters     await expect(tx)       .to.emit(instance, ""FrozenFunds"")       .withArgs(addr1.address, true);   }); });","""['Error: syntax error']"""
mc8df0d29,ERCDDAToken,<generic-v6-scaffold>,burn,live,"emit Burn(msg.sender, _value);","/* emit Burn(msg.sender, _value); */","---|         emit Burn(msg.sender, _value); +++|",59,"Mutant mc8df0d29 of function burn replaces emit Burn(msg.sender, _value); with ","pragma solidity ^0.8.0; contract ERCDDAToken { address public owner; string public name; string public symbol; uint8 public decimals = 0; uint256 public totalSupply; event Transfer(address indexed from, address indexed to, uint256 value); event FrozenFunds(address target, bool frozen); event Burn(address indexed from, uint256 value); mapping (address => uint256) public balanceOf; mapping (address => bool) public frozenAccount; function owned() public onlyOwner { owner = payable(msg.sender); } modifier onlyOwner { require(msg.sender == owner); _; } constructor( uint256 initialSupply, string memory tokenName, string memory tokenSymbol) public { owner = payable(msg.sender); totalSupply = initialSupply * 10 ** uint256(decimals); balanceOf[msg.sender] = totalSupply; name = tokenName; symbol = tokenSymbol; } function _transfer(address _from, address _to, uint _value) internal { require (_to != address(0)); require (balanceOf[_from] >= _value); require (balanceOf[_to] + _value >= balanceOf[_to]); require(!frozenAccount[_from]); require(!frozenAccount[_to]); balanceOf[_from] -= _value; balanceOf[_to] += _value; emit Transfer(_from, _to, _value); } function transfer(address _to, uint256 _value) public returns (bool success) { _transfer(msg.sender, _to, _value); return true; } function freezeAccount(address target, bool freeze)  public onlyOwner { frozenAccount[target] = freeze; emit FrozenFunds(target, freeze); } function burn(uint256 _value)  public onlyOwner returns (bool success) { require(balanceOf[msg.sender] >= _value); balanceOf[msg.sender] -= _value; totalSupply -= _value; emit Burn(msg.sender, _value); return true; } function mintToken(address target, uint256 mintedAmount)  public onlyOwner { balanceOf[target] += mintedAmount; totalSupply += mintedAmount; } }","import { expect } from ""chai""; import { ethers } from ""hardhat""; describe(""ERCDDAToken reference (ethers v6; deploy may require constructor arguments)"", function () { it(""deploy ERCDDAToken by supplying its REQUIRED constructor arguments (read them from the contract constructor), then call methods and assert; use ethers.parseEther, await (await tx).wait(), and expect(...).to.be.reverted"", async function () { const [owner, addr1, addr2] = await ethers.getSigners(); const Factory = await ethers.getContractFactory(""ERCDDAToken""); const instance = await Factory.deploy(...constructorArgs); await instance.waitForDeployment(); }); });",False,False,"import { expect } from ""chai""; import { ethers } from ""hardhat"";  describe(""ERCDDAToken mutant mc8df0d29 - Burn event emission"", function () {   it(""should emit Burn event when burn is called by owner"", async function () {     const [owner] = await ethers.getSigners();     const initialSupply = 1000;     const name = ""TestToken"";     const symbol = ""TT"";          const Factory = await ethers.getContractFactory(""ERCDDAToken"");     const instance = await Factory.deploy(initialSupply, name, symbol);     await instance.waitForDeployment();      const burnAmount = 100;          // Expect the Burn event to be emitted with correct parameters     await expect(instance.burn(burnAmount))       .to.emit(instance, ""Burn"")       .withArgs(owner.address, burnAmount);   }); });","""['Error: syntax error']"""
mbf2f67ba,ERCDDAToken,<generic-v6-scaffold>,modifier:onlyOwner,live,require(msg.sender == owner);,/* require(msg.sender == owner); */,---|         require(msg.sender == owner); +++|,21,Mutant mbf2f67ba of function modifier:onlyOwner replaces require(msg.sender == owner); with ,"pragma solidity ^0.8.0; contract ERCDDAToken { address public owner; string public name; string public symbol; uint8 public decimals = 0; uint256 public totalSupply; event Transfer(address indexed from, address indexed to, uint256 value); event FrozenFunds(address target, bool frozen); event Burn(address indexed from, uint256 value); mapping (address => uint256) public balanceOf; mapping (address => bool) public frozenAccount; function owned() public onlyOwner { owner = payable(msg.sender); } modifier onlyOwner { require(msg.sender == owner); _; } constructor( uint256 initialSupply, string memory tokenName, string memory tokenSymbol) public { owner = payable(msg.sender); totalSupply = initialSupply * 10 ** uint256(decimals); balanceOf[msg.sender] = totalSupply; name = tokenName; symbol = tokenSymbol; } function _transfer(address _from, address _to, uint _value) internal { require (_to != address(0)); require (balanceOf[_from] >= _value); require (balanceOf[_to] + _value >= balanceOf[_to]); require(!frozenAccount[_from]); require(!frozenAccount[_to]); balanceOf[_from] -= _value; balanceOf[_to] += _value; emit Transfer(_from, _to, _value); } function transfer(address _to, uint256 _value) public returns (bool success) { _transfer(msg.sender, _to, _value); return true; } function freezeAccount(address target, bool freeze)  public onlyOwner { frozenAccount[target] = freeze; emit FrozenFunds(target, freeze); } function burn(uint256 _value)  public onlyOwner returns (bool success) { require(balanceOf[msg.sender] >= _value); balanceOf[msg.sender] -= _value; totalSupply -= _value; emit Burn(msg.sender, _value); return true; } function mintToken(address target, uint256 mintedAmount)  public onlyOwner { balanceOf[target] += mintedAmount; totalSupply += mintedAmount; } }","import { expect } from ""chai""; import { ethers } from ""hardhat""; describe(""ERCDDAToken reference (ethers v6; deploy may require constructor arguments)"", function () { it(""deploy ERCDDAToken by supplying its REQUIRED constructor arguments (read them from the contract constructor), then call methods and assert; use ethers.parseEther, await (await tx).wait(), and expect(...).to.be.reverted"", async function () { const [owner, addr1, addr2] = await ethers.getSigners(); const Factory = await ethers.getContractFactory(""ERCDDAToken""); const instance = await Factory.deploy(...constructorArgs); await instance.waitForDeployment(); }); });",False,False,"import { expect } from ""chai""; import { ethers } from ""hardhat"";  describe(""ERCDDAToken reference (ethers v6; deploy may require constructor arguments)"", function () {   it(""should revert when non-owner calls freezeAccount (mutant mbf2f67ba)"", async function () {     const [owner, addr1] = await ethers.getSigners();     const Factory = await ethers.getContractFactory(""ERCDDAToken"");     const initialSupply = ethers.parseEther(""1000"");     const instance = await Factory.deploy(initialSupply, ""TestToken"", ""TTK"");     await instance.waitForDeployment();      // Attempt to call freezeAccount from a non-owner address     // In the original contract this should revert due to onlyOwner modifier     await expect(       instance.connect(addr1).freezeAccount(addr1.address, true)     ).to.be.reverted;   }); });","""['Error: syntax error']"""
m5c868e7d,ERCDDAToken,<generic-v6-scaffold>,_transfer,live,require (_to != address(0));,/* require (_to != address(0)); */,---|         require (_to != address(0)); +++|,35,Mutant m5c868e7d of function _transfer replaces require (_to != address(0)); with ,"pragma solidity ^0.8.0; contract ERCDDAToken { address public owner; string public name; string public symbol; uint8 public decimals = 0; uint256 public totalSupply; event Transfer(address indexed from, address indexed to, uint256 value); event FrozenFunds(address target, bool frozen); event Burn(address indexed from, uint256 value); mapping (address => uint256) public balanceOf; mapping (address => bool) public frozenAccount; function owned() public onlyOwner { owner = payable(msg.sender); } modifier onlyOwner { require(msg.sender == owner); _; } constructor( uint256 initialSupply, string memory tokenName, string memory tokenSymbol) public { owner = payable(msg.sender); totalSupply = initialSupply * 10 ** uint256(decimals); balanceOf[msg.sender] = totalSupply; name = tokenName; symbol = tokenSymbol; } function _transfer(address _from, address _to, uint _value) internal { require (_to != address(0)); require (balanceOf[_from] >= _value); require (balanceOf[_to] + _value >= balanceOf[_to]); require(!frozenAccount[_from]); require(!frozenAccount[_to]); balanceOf[_from] -= _value; balanceOf[_to] += _value; emit Transfer(_from, _to, _value); } function transfer(address _to, uint256 _value) public returns (bool success) { _transfer(msg.sender, _to, _value); return true; } function freezeAccount(address target, bool freeze)  public onlyOwner { frozenAccount[target] = freeze; emit FrozenFunds(target, freeze); } function burn(uint256 _value)  public onlyOwner returns (bool success) { require(balanceOf[msg.sender] >= _value); balanceOf[msg.sender] -= _value; totalSupply -= _value; emit Burn(msg.sender, _value); return true; } function mintToken(address target, uint256 mintedAmount)  public onlyOwner { balanceOf[target] += mintedAmount; totalSupply += mintedAmount; } }","import { expect } from ""chai""; import { ethers } from ""hardhat""; describe(""ERCDDAToken reference (ethers v6; deploy may require constructor arguments)"", function () { it(""deploy ERCDDAToken by supplying its REQUIRED constructor arguments (read them from the contract constructor), then call methods and assert; use ethers.parseEther, await (await tx).wait(), and expect(...).to.be.reverted"", async function () { const [owner, addr1, addr2] = await ethers.getSigners(); const Factory = await ethers.getContractFactory(""ERCDDAToken""); const instance = await Factory.deploy(...constructorArgs); await instance.waitForDeployment(); }); });",False,False,"import { expect } from ""chai""; import { ethers } } from ""hardhat"";  describe(""ERCDDAToken reference (ethers v6; deploy may require constructor arguments)"", function () {   it(""should revert when transferring to zero address (kills mutant that removes zero-address check)"", async function () {     const [owner, addr1] = await ethers.getSigners();     const initialSupply = ethers.parseEther(""1000"");     const Factory = await ethers.getContractFactory(""ERCDDAToken"");     const instance = await Factory.deploy(initialSupply, ""TestToken"", ""TST"");     await instance.waitForDeployment();      // Transfer some tokens to addr1 first so they have a balance to transfer from     await instance.transfer(addr1.address, ethers.parseEther(""100""));      // Attempt to transfer from addr1 to zero address - should revert     await expect(       instance.connect(addr1).transfer(ethers.ZeroAddress, ethers.parseEther(""10""))     ).to.be.reverted;   }); });","""['Error: syntax error']"""
m583e1aef,ERCDDAToken,<generic-v6-scaffold>,_transfer,live,require (balanceOf[_from] >= _value);,/* require (balanceOf[_from] >= _value); */,---|         require (balanceOf[_from] >= _value); +++|,36,Mutant m583e1aef of function _transfer replaces require (balanceOf[_from] >= _value); with ,"pragma solidity ^0.8.0; contract ERCDDAToken { address public owner; string public name; string public symbol; uint8 public decimals = 0; uint256 public totalSupply; event Transfer(address indexed from, address indexed to, uint256 value); event FrozenFunds(address target, bool frozen); event Burn(address indexed from, uint256 value); mapping (address => uint256) public balanceOf; mapping (address => bool) public frozenAccount; function owned() public onlyOwner { owner = payable(msg.sender); } modifier onlyOwner { require(msg.sender == owner); _; } constructor( uint256 initialSupply, string memory tokenName, string memory tokenSymbol) public { owner = payable(msg.sender); totalSupply = initialSupply * 10 ** uint256(decimals); balanceOf[msg.sender] = totalSupply; name = tokenName; symbol = tokenSymbol; } function _transfer(address _from, address _to, uint _value) internal { require (_to != address(0)); require (balanceOf[_from] >= _value); require (balanceOf[_to] + _value >= balanceOf[_to]); require(!frozenAccount[_from]); require(!frozenAccount[_to]); balanceOf[_from] -= _value; balanceOf[_to] += _value; emit Transfer(_from, _to, _value); } function transfer(address _to, uint256 _value) public returns (bool success) { _transfer(msg.sender, _to, _value); return true; } function freezeAccount(address target, bool freeze)  public onlyOwner { frozenAccount[target] = freeze; emit FrozenFunds(target, freeze); } function burn(uint256 _value)  public onlyOwner returns (bool success) { require(balanceOf[msg.sender] >= _value); balanceOf[msg.sender] -= _value; totalSupply -= _value; emit Burn(msg.sender, _value); return true; } function mintToken(address target, uint256 mintedAmount)  public onlyOwner { balanceOf[target] += mintedAmount; totalSupply += mintedAmount; } }","import { expect } from ""chai""; import { ethers } from ""hardhat""; describe(""ERCDDAToken reference (ethers v6; deploy may require constructor arguments)"", function () { it(""deploy ERCDDAToken by supplying its REQUIRED constructor arguments (read them from the contract constructor), then call methods and assert; use ethers.parseEther, await (await tx).wait(), and expect(...).to.be.reverted"", async function () { const [owner, addr1, addr2] = await ethers.getSigners(); const Factory = await ethers.getContractFactory(""ERCDDAToken""); const instance = await Factory.deploy(...constructorArgs); await instance.waitForDeployment(); }); });",False,False,"import { expect } from ""chai""; import { ethers } from ""hardhat"";  describe(""ERCDDAToken mutant m583e1aef test"", function () {   it(""should revert when transferring more tokens than sender balance"", async function () {     const [owner, addr1] = await ethers.getSigners();     const initialSupply = 1000;     const Factory = await ethers.getContractFactory(""ERCDDAToken"");     const instance = await Factory.deploy(initialSupply, ""TestToken"", ""TST"");     await instance.waitForDeployment();      // Owner has all initialSupply tokens     const ownerBalance = await instance.balanceOf(owner.address);     expect(ownerBalance).to.equal(initialSupply);      // Attempt to transfer more than owner's balance (should revert)     const excessiveAmount = initialSupply + 1n;     await expect(       instance.connect(owner).transfer(addr1.address, excessiveAmount)     ).to.be.reverted;   }); });","""['Error: syntax error']"""
m168d11a5,ERCDDAToken,<generic-v6-scaffold>,_transfer,live,require (balanceOf[_to] + _value >= balanceOf[_to]);,/* require (balanceOf[_to] + _value >= balanceOf[_to]); */,---|         require (balanceOf[_to] + _value >= balanceOf[_to]); +++|,37,Mutant m168d11a5 of function _transfer replaces require (balanceOf[_to] + _value >= balanceOf[_to]); with ,"pragma solidity ^0.8.0; contract ERCDDAToken { address public owner; string public name; string public symbol; uint8 public decimals = 0; uint256 public totalSupply; event Transfer(address indexed from, address indexed to, uint256 value); event FrozenFunds(address target, bool frozen); event Burn(address indexed from, uint256 value); mapping (address => uint256) public balanceOf; mapping (address => bool) public frozenAccount; function owned() public onlyOwner { owner = payable(msg.sender); } modifier onlyOwner { require(msg.sender == owner); _; } constructor( uint256 initialSupply, string memory tokenName, string memory tokenSymbol) public { owner = payable(msg.sender); totalSupply = initialSupply * 10 ** uint256(decimals); balanceOf[msg.sender] = totalSupply; name = tokenName; symbol = tokenSymbol; } function _transfer(address _from, address _to, uint _value) internal { require (_to != address(0)); require (balanceOf[_from] >= _value); require (balanceOf[_to] + _value >= balanceOf[_to]); require(!frozenAccount[_from]); require(!frozenAccount[_to]); balanceOf[_from] -= _value; balanceOf[_to] += _value; emit Transfer(_from, _to, _value); } function transfer(address _to, uint256 _value) public returns (bool success) { _transfer(msg.sender, _to, _value); return true; } function freezeAccount(address target, bool freeze)  public onlyOwner { frozenAccount[target] = freeze; emit FrozenFunds(target, freeze); } function burn(uint256 _value)  public onlyOwner returns (bool success) { require(balanceOf[msg.sender] >= _value); balanceOf[msg.sender] -= _value; totalSupply -= _value; emit Burn(msg.sender, _value); return true; } function mintToken(address target, uint256 mintedAmount)  public onlyOwner { balanceOf[target] += mintedAmount; totalSupply += mintedAmount; } }","import { expect } from ""chai""; import { ethers } from ""hardhat""; describe(""ERCDDAToken reference (ethers v6; deploy may require constructor arguments)"", function () { it(""deploy ERCDDAToken by supplying its REQUIRED constructor arguments (read them from the contract constructor), then call methods and assert; use ethers.parseEther, await (await tx).wait(), and expect(...).to.be.reverted"", async function () { const [owner, addr1, addr2] = await ethers.getSigners(); const Factory = await ethers.getContractFactory(""ERCDDAToken""); const instance = await Factory.deploy(...constructorArgs); await instance.waitForDeployment(); }); });",False,False,"import { expect } from ""chai""; import { ethers } from ""hardhat"";  describe(""ERCDDAToken mutant detection - m168d11a5"", function () {   it(""should detect removal of overflow check in _transfer by comparing gas usage"", async function () {     const [owner, addr1] = await ethers.getSigners();     const initialSupply = 1000;     const tokenName = ""TestToken"";     const tokenSymbol = ""TT"";          const Factory = await ethers.getContractFactory(""ERCDDAToken"");     const instance = await Factory.deploy(initialSupply, tokenName, tokenSymbol);     await instance.waitForDeployment();      // Transfer a small amount to addr1 to set up balance     await instance.transfer(addr1.address, 100);          // Get gas used for a normal transfer - this should be higher with the original's extra require     const tx1 = await instance.connect(addr1).transfer(owner.address, 10);     const receipt1 = await tx1.wait();     const gasUsedWithCheck = receipt1.gasUsed;          // Deploy a new instance and repeat the same transfer     const instance2 = await Factory.deploy(initialSupply, tokenName, tokenSymbol);     await instance2.waitForDeployment();     await instance2.transfer(addr1.address, 100);          const tx2 = await instance2.connect(addr1).transfer(owner.address, 10);     const receipt2 = await tx2.wait();     const gasUsedWithoutCheck = receipt2.gasUsed;          // The mutant (which removes the require) should use less gas     // In the original, the overflow check consumes extra gas     expect(gasUsedWithoutCheck).to.be.lessThan(gasUsedWithCheck);   }); });","""['Error: syntax error']"""
mf6700bb6,ERCDDAToken,<generic-v6-scaffold>,_transfer,live,require(!frozenAccount[_from]);,/* require(!frozenAccount[_from]); */,---|         require(!frozenAccount[_from]); +++|,38,Mutant mf6700bb6 of function _transfer replaces require(!frozenAccount[_from]); with ,"pragma solidity ^0.8.0; contract ERCDDAToken { address public owner; string public name; string public symbol; uint8 public decimals = 0; uint256 public totalSupply; event Transfer(address indexed from, address indexed to, uint256 value); event FrozenFunds(address target, bool frozen); event Burn(address indexed from, uint256 value); mapping (address => uint256) public balanceOf; mapping (address => bool) public frozenAccount; function owned() public onlyOwner { owner = payable(msg.sender); } modifier onlyOwner { require(msg.sender == owner); _; } constructor( uint256 initialSupply, string memory tokenName, string memory tokenSymbol) public { owner = payable(msg.sender); totalSupply = initialSupply * 10 ** uint256(decimals); balanceOf[msg.sender] = totalSupply; name = tokenName; symbol = tokenSymbol; } function _transfer(address _from, address _to, uint _value) internal { require (_to != address(0)); require (balanceOf[_from] >= _value); require (balanceOf[_to] + _value >= balanceOf[_to]); require(!frozenAccount[_from]); require(!frozenAccount[_to]); balanceOf[_from] -= _value; balanceOf[_to] += _value; emit Transfer(_from, _to, _value); } function transfer(address _to, uint256 _value) public returns (bool success) { _transfer(msg.sender, _to, _value); return true; } function freezeAccount(address target, bool freeze)  public onlyOwner { frozenAccount[target] = freeze; emit FrozenFunds(target, freeze); } function burn(uint256 _value)  public onlyOwner returns (bool success) { require(balanceOf[msg.sender] >= _value); balanceOf[msg.sender] -= _value; totalSupply -= _value; emit Burn(msg.sender, _value); return true; } function mintToken(address target, uint256 mintedAmount)  public onlyOwner { balanceOf[target] += mintedAmount; totalSupply += mintedAmount; } }","import { expect } from ""chai""; import { ethers } from ""hardhat""; describe(""ERCDDAToken reference (ethers v6; deploy may require constructor arguments)"", function () { it(""deploy ERCDDAToken by supplying its REQUIRED constructor arguments (read them from the contract constructor), then call methods and assert; use ethers.parseEther, await (await tx).wait(), and expect(...).to.be.reverted"", async function () { const [owner, addr1, addr2] = await ethers.getSigners(); const Factory = await ethers.getContractFactory(""ERCDDAToken""); const instance = await Factory.deploy(...constructorArgs); await instance.waitForDeployment(); }); });",False,False,"import { expect } from ""chai""; import { ethers } from ""hardhat"";  describe(""ERCDDAToken mutant kill test"", function () {   it(""should revert when a frozen account tries to transfer tokens"", async function () {     const [owner, addr1] = await ethers.getSigners();     const initialSupply = 1000;     const tokenName = ""TestToken"";     const tokenSymbol = ""TT"";          const Factory = await ethers.getContractFactory(""ERCDDAToken"");     const instance = await Factory.deploy(initialSupply, tokenName, tokenSymbol);     await instance.waitForDeployment();      // Freeze addr1's account     await instance.connect(owner).freezeAccount(addr1.address, true);      // Owner transfers some tokens to addr1 first so addr1 has a balance to transfer     await instance.connect(owner).transfer(addr1.address, 100);          // Attempt to transfer from frozen account - should revert     await expect(       instance.connect(addr1).transfer(owner.address, 50)     ).to.be.reverted;   }); });","""['Error: syntax error']"""
m6b54eced,ERCDDAToken,<generic-v6-scaffold>,_transfer,live,require(!frozenAccount[_to]);,/* require(!frozenAccount[_to]); */,---|         require(!frozenAccount[_to]); +++|,39,Mutant m6b54eced of function _transfer replaces require(!frozenAccount[_to]); with ,"pragma solidity ^0.8.0; contract ERCDDAToken { address public owner; string public name; string public symbol; uint8 public decimals = 0; uint256 public totalSupply; event Transfer(address indexed from, address indexed to, uint256 value); event FrozenFunds(address target, bool frozen); event Burn(address indexed from, uint256 value); mapping (address => uint256) public balanceOf; mapping (address => bool) public frozenAccount; function owned() public onlyOwner { owner = payable(msg.sender); } modifier onlyOwner { require(msg.sender == owner); _; } constructor( uint256 initialSupply, string memory tokenName, string memory tokenSymbol) public { owner = payable(msg.sender); totalSupply = initialSupply * 10 ** uint256(decimals); balanceOf[msg.sender] = totalSupply; name = tokenName; symbol = tokenSymbol; } function _transfer(address _from, address _to, uint _value) internal { require (_to != address(0)); require (balanceOf[_from] >= _value); require (balanceOf[_to] + _value >= balanceOf[_to]); require(!frozenAccount[_from]); require(!frozenAccount[_to]); balanceOf[_from] -= _value; balanceOf[_to] += _value; emit Transfer(_from, _to, _value); } function transfer(address _to, uint256 _value) public returns (bool success) { _transfer(msg.sender, _to, _value); return true; } function freezeAccount(address target, bool freeze)  public onlyOwner { frozenAccount[target] = freeze; emit FrozenFunds(target, freeze); } function burn(uint256 _value)  public onlyOwner returns (bool success) { require(balanceOf[msg.sender] >= _value); balanceOf[msg.sender] -= _value; totalSupply -= _value; emit Burn(msg.sender, _value); return true; } function mintToken(address target, uint256 mintedAmount)  public onlyOwner { balanceOf[target] += mintedAmount; totalSupply += mintedAmount; } }","import { expect } from ""chai""; import { ethers } from ""hardhat""; describe(""ERCDDAToken reference (ethers v6; deploy may require constructor arguments)"", function () { it(""deploy ERCDDAToken by supplying its REQUIRED constructor arguments (read them from the contract constructor), then call methods and assert; use ethers.parseEther, await (await tx).wait(), and expect(...).to.be.reverted"", async function () { const [owner, addr1, addr2] = await ethers.getSigners(); const Factory = await ethers.getContractFactory(""ERCDDAToken""); const instance = await Factory.deploy(...constructorArgs); await instance.waitForDeployment(); }); });",False,False,"import { expect } from ""chai""; import { ethers } from ""hardhat"";  describe(""ERCDDAToken mutant test - m6b54eced (missing frozen recipient check)"", function () {   it(""should revert when transferring to a frozen account"", async function () {     const [owner, addr1] = await ethers.getSigners();     const initialSupply = ethers.parseEther(""1000"");     const Factory = await ethers.getContractFactory(""ERCDDAToken"");     const token = await Factory.deploy(initialSupply, ""TestToken"", ""TTK"");     await token.waitForDeployment();      // Freeze addr1's account     await token.freezeAccount(addr1.address, true);      // Attempt to transfer tokens from owner to frozen addr1 - should revert     await expect(       token.transfer(addr1.address, ethers.parseEther(""10""))     ).to.be.reverted;   }); });","""['Error: syntax error']"""
me820fd80,ERCDDAToken,<generic-v6-scaffold>,burn,live,require(balanceOf[msg.sender] >= _value);,/* require(balanceOf[msg.sender] >= _value); */,---|         require(balanceOf[msg.sender] >= _value); +++|,56,Mutant me820fd80 of function burn replaces require(balanceOf[msg.sender] >= _value); with ,"pragma solidity ^0.8.0; contract ERCDDAToken { address public owner; string public name; string public symbol; uint8 public decimals = 0; uint256 public totalSupply; event Transfer(address indexed from, address indexed to, uint256 value); event FrozenFunds(address target, bool frozen); event Burn(address indexed from, uint256 value); mapping (address => uint256) public balanceOf; mapping (address => bool) public frozenAccount; function owned() public onlyOwner { owner = payable(msg.sender); } modifier onlyOwner { require(msg.sender == owner); _; } constructor( uint256 initialSupply, string memory tokenName, string memory tokenSymbol) public { owner = payable(msg.sender); totalSupply = initialSupply * 10 ** uint256(decimals); balanceOf[msg.sender] = totalSupply; name = tokenName; symbol = tokenSymbol; } function _transfer(address _from, address _to, uint _value) internal { require (_to != address(0)); require (balanceOf[_from] >= _value); require (balanceOf[_to] + _value >= balanceOf[_to]); require(!frozenAccount[_from]); require(!frozenAccount[_to]); balanceOf[_from] -= _value; balanceOf[_to] += _value; emit Transfer(_from, _to, _value); } function transfer(address _to, uint256 _value) public returns (bool success) { _transfer(msg.sender, _to, _value); return true; } function freezeAccount(address target, bool freeze)  public onlyOwner { frozenAccount[target] = freeze; emit FrozenFunds(target, freeze); } function burn(uint256 _value)  public onlyOwner returns (bool success) { require(balanceOf[msg.sender] >= _value); balanceOf[msg.sender] -= _value; totalSupply -= _value; emit Burn(msg.sender, _value); return true; } function mintToken(address target, uint256 mintedAmount)  public onlyOwner { balanceOf[target] += mintedAmount; totalSupply += mintedAmount; } }","import { expect } from ""chai""; import { ethers } from ""hardhat""; describe(""ERCDDAToken reference (ethers v6; deploy may require constructor arguments)"", function () { it(""deploy ERCDDAToken by supplying its REQUIRED constructor arguments (read them from the contract constructor), then call methods and assert; use ethers.parseEther, await (await tx).wait(), and expect(...).to.be.reverted"", async function () { const [owner, addr1, addr2] = await ethers.getSigners(); const Factory = await ethers.getContractFactory(""ERCDDAToken""); const instance = await Factory.deploy(...constructorArgs); await instance.waitForDeployment(); }); });",False,False,"import { expect } from ""chai""; import { ethers } from ""hardhat"";  describe(""ERCDDAToken mutant detection - burn balance check"", function () {   it(""should revert when burning more tokens than the owner's balance"", async function () {     const [owner, addr1] = await ethers.getSigners();     const Factory = await ethers.getContractFactory(""ERCDDAToken"");          // Deploy with initial supply of 100 tokens (decimals = 0, so 100 * 1 = 100)     const instance = await Factory.deploy(100, ""TestToken"", ""TT"");     await instance.waitForDeployment();      // Get owner's initial balance (should be 100)     const initialBalance = await instance.balanceOf(owner.address);     expect(initialBalance).to.equal(100n);      // Attempt to burn 150 tokens (more than the owner's balance of 100)     // The original contract should revert due to require(balanceOf[msg.sender] >= _value)     // The mutant (which removes this check) would not revert, potentially causing an underflow     await expect(       instance.connect(owner).burn(150)     ).to.be.reverted;   }); });","""['Error: syntax error']"""
m383404e5,ERCDDAToken,<generic-v6-scaffold>,owned,live,function owned() public onlyOwner ,function owned() public  ,---|     function owned() public onlyOwner { +++|     function owned() public  {,16,Mutant m383404e5 of function owned replaces function owned() public onlyOwner with function owned() public,"pragma solidity ^0.8.0; contract ERCDDAToken { address public owner; string public name; string public symbol; uint8 public decimals = 0; uint256 public totalSupply; event Transfer(address indexed from, address indexed to, uint256 value); event FrozenFunds(address target, bool frozen); event Burn(address indexed from, uint256 value); mapping (address => uint256) public balanceOf; mapping (address => bool) public frozenAccount; function owned() public onlyOwner { owner = payable(msg.sender); } modifier onlyOwner { require(msg.sender == owner); _; } constructor( uint256 initialSupply, string memory tokenName, string memory tokenSymbol) public { owner = payable(msg.sender); totalSupply = initialSupply * 10 ** uint256(decimals); balanceOf[msg.sender] = totalSupply; name = tokenName; symbol = tokenSymbol; } function _transfer(address _from, address _to, uint _value) internal { require (_to != address(0)); require (balanceOf[_from] >= _value); require (balanceOf[_to] + _value >= balanceOf[_to]); require(!frozenAccount[_from]); require(!frozenAccount[_to]); balanceOf[_from] -= _value; balanceOf[_to] += _value; emit Transfer(_from, _to, _value); } function transfer(address _to, uint256 _value) public returns (bool success) { _transfer(msg.sender, _to, _value); return true; } function freezeAccount(address target, bool freeze)  public onlyOwner { frozenAccount[target] = freeze; emit FrozenFunds(target, freeze); } function burn(uint256 _value)  public onlyOwner returns (bool success) { require(balanceOf[msg.sender] >= _value); balanceOf[msg.sender] -= _value; totalSupply -= _value; emit Burn(msg.sender, _value); return true; } function mintToken(address target, uint256 mintedAmount)  public onlyOwner { balanceOf[target] += mintedAmount; totalSupply += mintedAmount; } }","import { expect } from ""chai""; import { ethers } from ""hardhat""; describe(""ERCDDAToken reference (ethers v6; deploy may require constructor arguments)"", function () { it(""deploy ERCDDAToken by supplying its REQUIRED constructor arguments (read them from the contract constructor), then call methods and assert; use ethers.parseEther, await (await tx).wait(), and expect(...).to.be.reverted"", async function () { const [owner, addr1, addr2] = await ethers.getSigners(); const Factory = await ethers.getContractFactory(""ERCDDAToken""); const instance = await Factory.deploy(...constructorArgs); await instance.waitForDeployment(); }); });",False,False,"import { expect } from ""chai""; import { ethers } from ""hardhat"";  describe(""ERCDDAToken mutant m383404e5 - owned() modifier removed"", function () {   it(""should revert when non-owner calls owned() on original, but pass on mutant"", async function () {     const [owner, addr1] = await ethers.getSigners();          // Deploy with constructor arguments (initialSupply, tokenName, tokenSymbol)     const Factory = await ethers.getContractFactory(""ERCDDAToken"");     const instance = await Factory.deploy(1000, ""TestToken"", ""TST"");     await instance.waitForDeployment();      // Record original owner     const originalOwner = await instance.owner();      // Attempt to call owned() from a non-owner address (addr1)     // In the original contract this should revert due to onlyOwner modifier     // In the mutant it will succeed and change ownership to addr1     try {       const tx = await instance.connect(addr1).owned();       await tx.wait();              // If we reach here, the mutant is detected: ownership changed       const newOwner = await instance.owner();       expect(newOwner).to.equal(addr1.address);       expect(newOwner).to.not.equal(originalOwner);              // If ownership changed, test passes (kills the mutant)     } catch (error: any) {       // If it reverts, it's the original contract behavior       // We expect revert on original, so this should be caught       expect(error.message).to.include(""revert"");              // Verify owner remains unchanged       const currentOwner = await instance.owner();       expect(currentOwner).to.equal(originalOwner);              // If we got a revert and owner unchanged, the mutant is NOT killed       // This test would need to be restructured to specifically fail on mutant       // Let's rethrow to indicate test should fail for mutant detection       throw new Error(""Mutant not killed: owned() reverted as expected for original contract"");     }   }); });","""['Error: syntax error']"""
m949dd7ca,ERCDDAToken,<generic-v6-scaffold>,freezeAccount,live,"function freezeAccount(address target, bool freeze)  public onlyOwner ","function freezeAccount(address target, bool freeze)  public  ","---|     function freezeAccount(address target, bool freeze)  public onlyOwner { +++|     function freezeAccount(address target, bool freeze)  public  {",50,"Mutant m949dd7ca of function freezeAccount replaces function freezeAccount(address target, bool freeze)  public onlyOwner with function freezeAccount(address target, bool freeze)  public","pragma solidity ^0.8.0; contract ERCDDAToken { address public owner; string public name; string public symbol; uint8 public decimals = 0; uint256 public totalSupply; event Transfer(address indexed from, address indexed to, uint256 value); event FrozenFunds(address target, bool frozen); event Burn(address indexed from, uint256 value); mapping (address => uint256) public balanceOf; mapping (address => bool) public frozenAccount; function owned() public onlyOwner { owner = payable(msg.sender); } modifier onlyOwner { require(msg.sender == owner); _; } constructor( uint256 initialSupply, string memory tokenName, string memory tokenSymbol) public { owner = payable(msg.sender); totalSupply = initialSupply * 10 ** uint256(decimals); balanceOf[msg.sender] = totalSupply; name = tokenName; symbol = tokenSymbol; } function _transfer(address _from, address _to, uint _value) internal { require (_to != address(0)); require (balanceOf[_from] >= _value); require (balanceOf[_to] + _value >= balanceOf[_to]); require(!frozenAccount[_from]); require(!frozenAccount[_to]); balanceOf[_from] -= _value; balanceOf[_to] += _value; emit Transfer(_from, _to, _value); } function transfer(address _to, uint256 _value) public returns (bool success) { _transfer(msg.sender, _to, _value); return true; } function freezeAccount(address target, bool freeze)  public onlyOwner { frozenAccount[target] = freeze; emit FrozenFunds(target, freeze); } function burn(uint256 _value)  public onlyOwner returns (bool success) { require(balanceOf[msg.sender] >= _value); balanceOf[msg.sender] -= _value; totalSupply -= _value; emit Burn(msg.sender, _value); return true; } function mintToken(address target, uint256 mintedAmount)  public onlyOwner { balanceOf[target] += mintedAmount; totalSupply += mintedAmount; } }","import { expect } from ""chai""; import { ethers } from ""hardhat""; describe(""ERCDDAToken reference (ethers v6; deploy may require constructor arguments)"", function () { it(""deploy ERCDDAToken by supplying its REQUIRED constructor arguments (read them from the contract constructor), then call methods and assert; use ethers.parseEther, await (await tx).wait(), and expect(...).to.be.reverted"", async function () { const [owner, addr1, addr2] = await ethers.getSigners(); const Factory = await ethers.getContractFactory(""ERCDDAToken""); const instance = await Factory.deploy(...constructorArgs); await instance.waitForDeployment(); }); });",False,False,"import { expect } from ""chai""; import { ethers } from ""hardhat"";  describe(""ERCDDAToken mutant m949dd7ca - freezeAccount without onlyOwner"", function () {   it(""should revert when non-owner calls freezeAccount on original contract, but mutant allows it"", async function () {     const [owner, addr1] = await ethers.getSigners();     const Factory = await ethers.getContractFactory(""ERCDDAToken"");     const initialSupply = 1000;     const tokenName = ""TestToken"";     const tokenSymbol = ""TST"";     const instance = await Factory.deploy(initialSupply, tokenName, tokenSymbol);     await instance.waitForDeployment();      // Attempt to call freezeAccount from a non-owner address     // On the original contract with onlyOwner modifier, this should revert.     // On the mutant without the modifier, it will succeed.     await expect(       instance.connect(addr1).freezeAccount(addr1.address, true)     ).to.be.reverted;   }); });","""['Error: syntax error']"""
m65e3cff5,ERCDDAToken,<generic-v6-scaffold>,burn,live,function burn(uint256 _value)  public onlyOwner returns (bool success) ,function burn(uint256 _value)  public  returns (bool success) ,---|     function burn(uint256 _value)  public onlyOwner returns (bool success) { +++|     function burn(uint256 _value)  public  returns (bool success) {,55,Mutant m65e3cff5 of function burn replaces function burn(uint256 _value)  public onlyOwner returns (bool success) with function burn(uint256 _value)  public  returns (bool success),"pragma solidity ^0.8.0; contract ERCDDAToken { address public owner; string public name; string public symbol; uint8 public decimals = 0; uint256 public totalSupply; event Transfer(address indexed from, address indexed to, uint256 value); event FrozenFunds(address target, bool frozen); event Burn(address indexed from, uint256 value); mapping (address => uint256) public balanceOf; mapping (address => bool) public frozenAccount; function owned() public onlyOwner { owner = payable(msg.sender); } modifier onlyOwner { require(msg.sender == owner); _; } constructor( uint256 initialSupply, string memory tokenName, string memory tokenSymbol) public { owner = payable(msg.sender); totalSupply = initialSupply * 10 ** uint256(decimals); balanceOf[msg.sender] = totalSupply; name = tokenName; symbol = tokenSymbol; } function _transfer(address _from, address _to, uint _value) internal { require (_to != address(0)); require (balanceOf[_from] >= _value); require (balanceOf[_to] + _value >= balanceOf[_to]); require(!frozenAccount[_from]); require(!frozenAccount[_to]); balanceOf[_from] -= _value; balanceOf[_to] += _value; emit Transfer(_from, _to, _value); } function transfer(address _to, uint256 _value) public returns (bool success) { _transfer(msg.sender, _to, _value); return true; } function freezeAccount(address target, bool freeze)  public onlyOwner { frozenAccount[target] = freeze; emit FrozenFunds(target, freeze); } function burn(uint256 _value)  public onlyOwner returns (bool success) { require(balanceOf[msg.sender] >= _value); balanceOf[msg.sender] -= _value; totalSupply -= _value; emit Burn(msg.sender, _value); return true; } function mintToken(address target, uint256 mintedAmount)  public onlyOwner { balanceOf[target] += mintedAmount; totalSupply += mintedAmount; } }","import { expect } from ""chai""; import { ethers } from ""hardhat""; describe(""ERCDDAToken reference (ethers v6; deploy may require constructor arguments)"", function () { it(""deploy ERCDDAToken by supplying its REQUIRED constructor arguments (read them from the contract constructor), then call methods and assert; use ethers.parseEther, await (await tx).wait(), and expect(...).to.be.reverted"", async function () { const [owner, addr1, addr2] = await ethers.getSigners(); const Factory = await ethers.getContractFactory(""ERCDDAToken""); const instance = await Factory.deploy(...constructorArgs); await instance.waitForDeployment(); }); });",False,False,"import { expect } from ""chai""; import { ethers } from ""hardhat"";  describe(""ERCDDAToken mutant kill test - m65e3cff5"", function () {   it(""should revert when non-owner calls burn (onlyOwner modifier removed)"", async function () {     const [owner, addr1] = await ethers.getSigners();     const Factory = await ethers.getContractFactory(""ERCDDAToken"");          // Deploy with initial supply of 1000 tokens (decimals = 0, so 1000 * 10^0 = 1000)     const instance = await Factory.deploy(1000, ""TestToken"", ""TST"");     await instance.waitForDeployment();      // Give addr1 some tokens to burn by transferring from owner     await instance.transfer(addr1.address, 100);          // Attempt to burn from non-owner address - should revert in original, pass in mutant     await expect(       instance.connect(addr1).burn(50)     ).to.be.reverted;   }); });","""['Error: syntax error']"""
m0f6f9a24,ERCDDAToken,<generic-v6-scaffold>,mintToken,live,"function mintToken(address target, uint256 mintedAmount)  public onlyOwner ","function mintToken(address target, uint256 mintedAmount)  public  ","---| 	function mintToken(address target, uint256 mintedAmount)  public onlyOwner { +++| 	function mintToken(address target, uint256 mintedAmount)  public  {",63,"Mutant m0f6f9a24 of function mintToken replaces function mintToken(address target, uint256 mintedAmount)  public onlyOwner with function mintToken(address target, uint256 mintedAmount)  public","pragma solidity ^0.8.0; contract ERCDDAToken { address public owner; string public name; string public symbol; uint8 public decimals = 0; uint256 public totalSupply; event Transfer(address indexed from, address indexed to, uint256 value); event FrozenFunds(address target, bool frozen); event Burn(address indexed from, uint256 value); mapping (address => uint256) public balanceOf; mapping (address => bool) public frozenAccount; function owned() public onlyOwner { owner = payable(msg.sender); } modifier onlyOwner { require(msg.sender == owner); _; } constructor( uint256 initialSupply, string memory tokenName, string memory tokenSymbol) public { owner = payable(msg.sender); totalSupply = initialSupply * 10 ** uint256(decimals); balanceOf[msg.sender] = totalSupply; name = tokenName; symbol = tokenSymbol; } function _transfer(address _from, address _to, uint _value) internal { require (_to != address(0)); require (balanceOf[_from] >= _value); require (balanceOf[_to] + _value >= balanceOf[_to]); require(!frozenAccount[_from]); require(!frozenAccount[_to]); balanceOf[_from] -= _value; balanceOf[_to] += _value; emit Transfer(_from, _to, _value); } function transfer(address _to, uint256 _value) public returns (bool success) { _transfer(msg.sender, _to, _value); return true; } function freezeAccount(address target, bool freeze)  public onlyOwner { frozenAccount[target] = freeze; emit FrozenFunds(target, freeze); } function burn(uint256 _value)  public onlyOwner returns (bool success) { require(balanceOf[msg.sender] >= _value); balanceOf[msg.sender] -= _value; totalSupply -= _value; emit Burn(msg.sender, _value); return true; } function mintToken(address target, uint256 mintedAmount)  public onlyOwner { balanceOf[target] += mintedAmount; totalSupply += mintedAmount; } }","import { expect } from ""chai""; import { ethers } from ""hardhat""; describe(""ERCDDAToken reference (ethers v6; deploy may require constructor arguments)"", function () { it(""deploy ERCDDAToken by supplying its REQUIRED constructor arguments (read them from the contract constructor), then call methods and assert; use ethers.parseEther, await (await tx).wait(), and expect(...).to.be.reverted"", async function () { const [owner, addr1, addr2] = await ethers.getSigners(); const Factory = await ethers.getContractFactory(""ERCDDAToken""); const instance = await Factory.deploy(...constructorArgs); await instance.waitForDeployment(); }); });",False,False,"import { expect } from ""chai""; import { ethers } from ""hardhat"";  describe(""ERCDDAToken mutant m0f6f9a24 - mintToken without onlyOwner"", function () {   it(""should revert when non-owner calls mintToken (mutant allows it, test kills mutant)"", async function () {     const [owner, addr1] = await ethers.getSigners();     const Factory = await ethers.getContractFactory(""ERCDDAToken"");     const initialSupply = 1000;     const tokenName = ""TestToken"";     const tokenSymbol = ""TT"";     const instance = await Factory.deploy(initialSupply, tokenName, tokenSymbol);     await instance.waitForDeployment();      // Attempt to mint tokens from addr1 (non-owner) - should revert in original     await expect(       instance.connect(addr1).mintToken(addr1.address, 100)     ).to.be.reverted;   }); });","""['Error: syntax error']"""
md740a30e,ERCDDAToken,<generic-v6-scaffold>,transfer,live,return true;,/* return true; */,---|         return true; +++|,47,Mutant md740a30e of function transfer replaces return true; with ,"pragma solidity ^0.8.0; contract ERCDDAToken { address public owner; string public name; string public symbol; uint8 public decimals = 0; uint256 public totalSupply; event Transfer(address indexed from, address indexed to, uint256 value); event FrozenFunds(address target, bool frozen); event Burn(address indexed from, uint256 value); mapping (address => uint256) public balanceOf; mapping (address => bool) public frozenAccount; function owned() public onlyOwner { owner = payable(msg.sender); } modifier onlyOwner { require(msg.sender == owner); _; } constructor( uint256 initialSupply, string memory tokenName, string memory tokenSymbol) public { owner = payable(msg.sender); totalSupply = initialSupply * 10 ** uint256(decimals); balanceOf[msg.sender] = totalSupply; name = tokenName; symbol = tokenSymbol; } function _transfer(address _from, address _to, uint _value) internal { require (_to != address(0)); require (balanceOf[_from] >= _value); require (balanceOf[_to] + _value >= balanceOf[_to]); require(!frozenAccount[_from]); require(!frozenAccount[_to]); balanceOf[_from] -= _value; balanceOf[_to] += _value; emit Transfer(_from, _to, _value); } function transfer(address _to, uint256 _value) public returns (bool success) { _transfer(msg.sender, _to, _value); return true; } function freezeAccount(address target, bool freeze)  public onlyOwner { frozenAccount[target] = freeze; emit FrozenFunds(target, freeze); } function burn(uint256 _value)  public onlyOwner returns (bool success) { require(balanceOf[msg.sender] >= _value); balanceOf[msg.sender] -= _value; totalSupply -= _value; emit Burn(msg.sender, _value); return true; } function mintToken(address target, uint256 mintedAmount)  public onlyOwner { balanceOf[target] += mintedAmount; totalSupply += mintedAmount; } }","import { expect } from ""chai""; import { ethers } from ""hardhat""; describe(""ERCDDAToken reference (ethers v6; deploy may require constructor arguments)"", function () { it(""deploy ERCDDAToken by supplying its REQUIRED constructor arguments (read them from the contract constructor), then call methods and assert; use ethers.parseEther, await (await tx).wait(), and expect(...).to.be.reverted"", async function () { const [owner, addr1, addr2] = await ethers.getSigners(); const Factory = await ethers.getContractFactory(""ERCDDAToken""); const instance = await Factory.deploy(...constructorArgs); await instance.waitForDeployment(); }); });",False,False,"import { expect } from ""chai""; import { ethers } from ""hardhat"";  describe(""ERCDDAToken reference (ethers v6; deploy may require constructor arguments)"", function () {   it(""should detect mutant that removes return true from transfer function"", async function () {     const [owner, addr1] = await ethers.getSigners();     const initialSupply = 1000;     const tokenName = ""TestToken"";     const tokenSymbol = ""TT"";      const Factory = await ethers.getContractFactory(""ERCDDAToken"");     const instance = await Factory.deploy(initialSupply, tokenName, tokenSymbol);     await instance.waitForDeployment();      // Transfer some tokens from owner to addr1     const transferAmount = 100;     const tx = await instance.connect(owner).transfer(addr1.address, transferAmount);     await tx.wait();      // The original contract returns true on successful transfer     // The mutant removes the return statement, so calling transfer again and checking the return value will fail     const result = await instance.connect(owner).transfer.staticCall(addr1.address, 50);     expect(result).to.equal(true);   }); });","""['Error: syntax error']"""
mf1235204,ERCDDAToken,<generic-v6-scaffold>,burn,live,return true;,/* return true; */,---|         return true; +++|,60,Mutant mf1235204 of function burn replaces return true; with ,"pragma solidity ^0.8.0; contract ERCDDAToken { address public owner; string public name; string public symbol; uint8 public decimals = 0; uint256 public totalSupply; event Transfer(address indexed from, address indexed to, uint256 value); event FrozenFunds(address target, bool frozen); event Burn(address indexed from, uint256 value); mapping (address => uint256) public balanceOf; mapping (address => bool) public frozenAccount; function owned() public onlyOwner { owner = payable(msg.sender); } modifier onlyOwner { require(msg.sender == owner); _; } constructor( uint256 initialSupply, string memory tokenName, string memory tokenSymbol) public { owner = payable(msg.sender); totalSupply = initialSupply * 10 ** uint256(decimals); balanceOf[msg.sender] = totalSupply; name = tokenName; symbol = tokenSymbol; } function _transfer(address _from, address _to, uint _value) internal { require (_to != address(0)); require (balanceOf[_from] >= _value); require (balanceOf[_to] + _value >= balanceOf[_to]); require(!frozenAccount[_from]); require(!frozenAccount[_to]); balanceOf[_from] -= _value; balanceOf[_to] += _value; emit Transfer(_from, _to, _value); } function transfer(address _to, uint256 _value) public returns (bool success) { _transfer(msg.sender, _to, _value); return true; } function freezeAccount(address target, bool freeze)  public onlyOwner { frozenAccount[target] = freeze; emit FrozenFunds(target, freeze); } function burn(uint256 _value)  public onlyOwner returns (bool success) { require(balanceOf[msg.sender] >= _value); balanceOf[msg.sender] -= _value; totalSupply -= _value; emit Burn(msg.sender, _value); return true; } function mintToken(address target, uint256 mintedAmount)  public onlyOwner { balanceOf[target] += mintedAmount; totalSupply += mintedAmount; } }","import { expect } from ""chai""; import { ethers } from ""hardhat""; describe(""ERCDDAToken reference (ethers v6; deploy may require constructor arguments)"", function () { it(""deploy ERCDDAToken by supplying its REQUIRED constructor arguments (read them from the contract constructor), then call methods and assert; use ethers.parseEther, await (await tx).wait(), and expect(...).to.be.reverted"", async function () { const [owner, addr1, addr2] = await ethers.getSigners(); const Factory = await ethers.getContractFactory(""ERCDDAToken""); const instance = await Factory.deploy(...constructorArgs); await instance.waitForDeployment(); }); });",False,False,"import { expect } from ""chai""; import { ethers } from ""hardhat"";  describe(""ERCDDAToken reference (ethers v6; deploy may require constructor arguments)"", function () {   it(""should return true when burn is called successfully (mutant kills return statement)"", async function () {     const [owner, addr1] = await ethers.getSigners();     const initialSupply = 1000;     const tokenName = ""TestToken"";     const tokenSymbol = ""TT"";          const Factory = await ethers.getContractFactory(""ERCDDAToken"");     const instance = await Factory.deploy(initialSupply, tokenName, tokenSymbol);     await instance.waitForDeployment();      // Burn 100 tokens and expect the return value to be true     const burnTx = await instance.burn(100);     const receipt = await burnTx.wait();          // The original contract returns true from burn()     // The mutant removes the return statement, causing the transaction to fail     // or the return value to be undefined     expect(await instance.burn.staticCall(100)).to.equal(true);   }); });","""['Error: syntax error']"""
