Mutant_id,Contract_id,Test_id,Function_name,Status,Original,Replacement,Diff,StartLine,Details,Contract_Context,Test_Context,Test_Generated,KilledByLLM,Generated_test,Test_errors
m54baea49,MY_BANK,<generic-v6-scaffold>,Put,killed, >= ,  > ,---|         require(((acc.balance + msg.value) >= acc.balance)); +++|         require(((acc.balance + msg.value)  > acc.balance));,9,Mutant m54baea49 of function Put replaces >= with >,"pragma solidity ^0.8.0; contract MY_BANK { function Put(uint _unlockTime) public payable { Holder storage acc = Acc[msg.sender]; require(((acc.balance + msg.value) >= acc.balance)); acc.balance += msg.value; acc.unlockTime = _unlockTime>block.timestamp?_unlockTime:block.timestamp; LogFile.AddMessage(msg.sender,msg.value,""Put""); } function Collect(uint _am) public payable { Holder storage acc = Acc[msg.sender]; if( acc.balance>=MinSum && acc.balance>=_am && block.timestamp>acc.unlockTime) { acc.balance = (acc.balance - _am); { (bool _s, bytes memory _d) = msg.sender.call{value: _am}(""""); _d; if (_s) { LogFile.AddMessage(msg.sender,_am,""Collect""); } else {revert (); } } } } fallback() external payable { Put(0); } struct Holder { uint unlockTime; uint balance; } mapping (address => Holder) public Acc; Log LogFile; uint public MinSum = 1 ether; constructor(address log) public{ LogFile = Log(log); } } contract Log { struct Message { address Sender; string  Data; uint Val; uint  Time; } Message[] public History; Message LastMsg; function AddMessage(address _adr,uint _val, string memory _data) public { LastMsg.Sender = _adr; LastMsg.Time = block.timestamp; LastMsg.Val = _val; LastMsg.Data = _data; History.push(LastMsg); } }","import { expect } from ""chai""; import { ethers } from ""hardhat""; describe(""MY_BANK reference (ethers v6; deploy may require constructor arguments)"", function () { it(""deploy MY_BANK by supplying its REQUIRED constructor arguments (read them from the contract constructor), then call methods and assert; use ethers.parseEther, await (await tx).wait(), and expect(...).to.be.reverted"", async function () { const [owner, addr1, addr2] = await ethers.getSigners(); const Factory = await ethers.getContractFactory(""MY_BANK""); const instance = await Factory.deploy(...constructorArgs); await instance.waitForDeployment(); }); });",False,True,"import { expect } from ""chai""; import { ethers } from ""hardhat"";  describe(""MY_BANK - Kill mutant m54baea49 (Put: >= changed to >)"", function () {   it(""should allow zero-value deposit (msg.value = 0) in Put, but mutant reverts"", async function () {     const [owner] = await ethers.getSigners();          // Deploy Log contract first (required constructor argument for MY_BANK)     const LogFactory = await ethers.getContractFactory(""Log"");     const log = await LogFactory.deploy();     await log.waitForDeployment();          // Deploy MY_BANK with Log address as constructor argument     const Factory = await ethers.getContractFactory(""MY_BANK"");     const instance = await Factory.deploy(await log.getAddress());     await instance.waitForDeployment();          // Call Put with 0 ether (zero value) - should succeed in original, fail in mutant     const tx = await instance.connect(owner).Put(0, { value: 0 });     const receipt = await tx.wait();          // Verify the transaction succeeded (no revert)     expect(receipt.status).to.equal(1);          // Also verify the balance was updated correctly (should remain 0)     const holder = await instance.Acc(await owner.getAddress());     expect(holder.balance).to.equal(0);   }); });",compiled correctly
meec87020,MY_BANK,<generic-v6-scaffold>,Put,killed, >= , <= ,---|         require(((acc.balance + msg.value) >= acc.balance)); +++|         require(((acc.balance + msg.value) <= acc.balance));,9,Mutant meec87020 of function Put replaces >= with <=,"pragma solidity ^0.8.0; contract MY_BANK { function Put(uint _unlockTime) public payable { Holder storage acc = Acc[msg.sender]; require(((acc.balance + msg.value) >= acc.balance)); acc.balance += msg.value; acc.unlockTime = _unlockTime>block.timestamp?_unlockTime:block.timestamp; LogFile.AddMessage(msg.sender,msg.value,""Put""); } function Collect(uint _am) public payable { Holder storage acc = Acc[msg.sender]; if( acc.balance>=MinSum && acc.balance>=_am && block.timestamp>acc.unlockTime) { acc.balance = (acc.balance - _am); { (bool _s, bytes memory _d) = msg.sender.call{value: _am}(""""); _d; if (_s) { LogFile.AddMessage(msg.sender,_am,""Collect""); } else {revert (); } } } } fallback() external payable { Put(0); } struct Holder { uint unlockTime; uint balance; } mapping (address => Holder) public Acc; Log LogFile; uint public MinSum = 1 ether; constructor(address log) public{ LogFile = Log(log); } } contract Log { struct Message { address Sender; string  Data; uint Val; uint  Time; } Message[] public History; Message LastMsg; function AddMessage(address _adr,uint _val, string memory _data) public { LastMsg.Sender = _adr; LastMsg.Time = block.timestamp; LastMsg.Val = _val; LastMsg.Data = _data; History.push(LastMsg); } }","import { expect } from ""chai""; import { ethers } from ""hardhat""; describe(""MY_BANK reference (ethers v6; deploy may require constructor arguments)"", function () { it(""deploy MY_BANK by supplying its REQUIRED constructor arguments (read them from the contract constructor), then call methods and assert; use ethers.parseEther, await (await tx).wait(), and expect(...).to.be.reverted"", async function () { const [owner, addr1, addr2] = await ethers.getSigners(); const Factory = await ethers.getContractFactory(""MY_BANK""); const instance = await Factory.deploy(...constructorArgs); await instance.waitForDeployment(); }); });",False,True,"import { expect } from ""chai""; import { ethers } from ""hardhat"";  describe(""MY_BANK mutant meec87020"", function () {   it(""should kill the mutant by sending non-zero ether to Put and expecting success"", async function () {     const [owner, addr1] = await ethers.getSigners();          // Deploy the Log contract first (required constructor argument for MY_BANK)     const LogFactory = await ethers.getContractFactory(""Log"");     const log = await LogFactory.deploy();     await log.waitForDeployment();          // Deploy MY_BANK with the Log contract address     const BankFactory = await ethers.getContractFactory(""MY_BANK"");     const bank = await BankFactory.deploy(await log.getAddress());     await bank.waitForDeployment();          // Send a small non-zero amount of ether to the Put function via addr1     // The original contract should accept this, the mutant should revert     const depositAmount = ethers.parseEther(""0.1"");          // This call should succeed on original but revert on mutant due to <= check     await expect(       bank.connect(addr1).Put(0, { value: depositAmount })     ).to.not.be.reverted;   }); });",compiled correctly
m9e3e6d34,MY_BANK,<generic-v6-scaffold>,Put,killed, >= , == ,---|         require(((acc.balance + msg.value) >= acc.balance)); +++|         require(((acc.balance + msg.value) == acc.balance));,9,Mutant m9e3e6d34 of function Put replaces >= with ==,"pragma solidity ^0.8.0; contract MY_BANK { function Put(uint _unlockTime) public payable { Holder storage acc = Acc[msg.sender]; require(((acc.balance + msg.value) >= acc.balance)); acc.balance += msg.value; acc.unlockTime = _unlockTime>block.timestamp?_unlockTime:block.timestamp; LogFile.AddMessage(msg.sender,msg.value,""Put""); } function Collect(uint _am) public payable { Holder storage acc = Acc[msg.sender]; if( acc.balance>=MinSum && acc.balance>=_am && block.timestamp>acc.unlockTime) { acc.balance = (acc.balance - _am); { (bool _s, bytes memory _d) = msg.sender.call{value: _am}(""""); _d; if (_s) { LogFile.AddMessage(msg.sender,_am,""Collect""); } else {revert (); } } } } fallback() external payable { Put(0); } struct Holder { uint unlockTime; uint balance; } mapping (address => Holder) public Acc; Log LogFile; uint public MinSum = 1 ether; constructor(address log) public{ LogFile = Log(log); } } contract Log { struct Message { address Sender; string  Data; uint Val; uint  Time; } Message[] public History; Message LastMsg; function AddMessage(address _adr,uint _val, string memory _data) public { LastMsg.Sender = _adr; LastMsg.Time = block.timestamp; LastMsg.Val = _val; LastMsg.Data = _data; History.push(LastMsg); } }","import { expect } from ""chai""; import { ethers } from ""hardhat""; describe(""MY_BANK reference (ethers v6; deploy may require constructor arguments)"", function () { it(""deploy MY_BANK by supplying its REQUIRED constructor arguments (read them from the contract constructor), then call methods and assert; use ethers.parseEther, await (await tx).wait(), and expect(...).to.be.reverted"", async function () { const [owner, addr1, addr2] = await ethers.getSigners(); const Factory = await ethers.getContractFactory(""MY_BANK""); const instance = await Factory.deploy(...constructorArgs); await instance.waitForDeployment(); }); });",False,True,"import { expect } from ""chai""; import { ethers } from ""hardhat"";  describe(""MY_BANK mutant detection - m9e3e6d34"", function () {   it(""should detect mutant that changes >= to == in Put function require statement"", async function () {     const [owner, addr1] = await ethers.getSigners();          // Deploy Log contract first (required constructor argument for MY_BANK)     const LogFactory = await ethers.getContractFactory(""Log"");     const log = await LogFactory.deploy();     await log.waitForDeployment();          // Deploy MY_BANK with Log contract address     const Factory = await ethers.getContractFactory(""MY_BANK"");     const instance = await Factory.deploy(await log.getAddress());     await instance.waitForDeployment();          // Get initial balance of addr1     const initialBalance = await ethers.provider.getBalance(addr1.address);          // Send a non-zero amount to Put function via fallback (calls Put(0))     const tx = await addr1.sendTransaction({       to: await instance.getAddress(),       value: ethers.parseEther(""1.0"")     });     await tx.wait();          // Verify the deposit was successful by checking balance in Acc mapping     const holder = await instance.Acc(addr1.address);     expect(holder.balance).to.equal(ethers.parseEther(""1.0""));          // Verify the unlockTime was set correctly (should be block.timestamp since _unlockTime=0)     const block = await ethers.provider.getBlock(tx.blockNumber);     expect(holder.unlockTime).to.equal(block.timestamp);          // If we reach here, the deposit succeeded - mutant would revert, killing it     console.log(""Test passed: deposit with non-zero value succeeded, mutant would be killed"");   }); });",compiled correctly
mc7f4aaf6,MY_BANK,<generic-v6-scaffold>,Put,killed, + , - ,---|         require(((acc.balance + msg.value) >= acc.balance)); +++|         require(((acc.balance - msg.value) >= acc.balance));,9,Mutant mc7f4aaf6 of function Put replaces + with -,"pragma solidity ^0.8.0; contract MY_BANK { function Put(uint _unlockTime) public payable { Holder storage acc = Acc[msg.sender]; require(((acc.balance + msg.value) >= acc.balance)); acc.balance += msg.value; acc.unlockTime = _unlockTime>block.timestamp?_unlockTime:block.timestamp; LogFile.AddMessage(msg.sender,msg.value,""Put""); } function Collect(uint _am) public payable { Holder storage acc = Acc[msg.sender]; if( acc.balance>=MinSum && acc.balance>=_am && block.timestamp>acc.unlockTime) { acc.balance = (acc.balance - _am); { (bool _s, bytes memory _d) = msg.sender.call{value: _am}(""""); _d; if (_s) { LogFile.AddMessage(msg.sender,_am,""Collect""); } else {revert (); } } } } fallback() external payable { Put(0); } struct Holder { uint unlockTime; uint balance; } mapping (address => Holder) public Acc; Log LogFile; uint public MinSum = 1 ether; constructor(address log) public{ LogFile = Log(log); } } contract Log { struct Message { address Sender; string  Data; uint Val; uint  Time; } Message[] public History; Message LastMsg; function AddMessage(address _adr,uint _val, string memory _data) public { LastMsg.Sender = _adr; LastMsg.Time = block.timestamp; LastMsg.Val = _val; LastMsg.Data = _data; History.push(LastMsg); } }","import { expect } from ""chai""; import { ethers } from ""hardhat""; describe(""MY_BANK reference (ethers v6; deploy may require constructor arguments)"", function () { it(""deploy MY_BANK by supplying its REQUIRED constructor arguments (read them from the contract constructor), then call methods and assert; use ethers.parseEther, await (await tx).wait(), and expect(...).to.be.reverted"", async function () { const [owner, addr1, addr2] = await ethers.getSigners(); const Factory = await ethers.getContractFactory(""MY_BANK""); const instance = await Factory.deploy(...constructorArgs); await instance.waitForDeployment(); }); });",False,True,"import { expect } from ""chai""; import { ethers } from ""hardhat"";  describe(""MY_BANK reference (ethers v6; deploy may require constructor arguments)"", function () {   it(""should kill mutant mc7f4aaf6 by calling Put with positive ether value"", async function () {     const [owner, addr1] = await ethers.getSigners();          // Deploy Log contract first (required constructor argument for MY_BANK)     const LogFactory = await ethers.getContractFactory(""Log"");     const logInstance = await LogFactory.deploy();     await logInstance.waitForDeployment();          // Deploy MY_BANK with the Log contract address     const Factory = await ethers.getContractFactory(""MY_BANK"");     const instance = await Factory.deploy(await logInstance.getAddress());     await instance.waitForDeployment();          // Call Put with a positive ether value from addr1     const depositAmount = ethers.parseEther(""1.0"");          // This should succeed on the original (balance increases)      // but revert on the mutant (require condition fails when msg.value > 0)     await expect(       instance.connect(addr1).Put(0, { value: depositAmount })     ).to.not.be.reverted;          // Verify the balance actually increased (to ensure we're testing the right behavior)     const holder = await instance.Acc(await addr1.getAddress());     expect(holder.balance).to.equal(depositAmount);   }); });",compiled correctly
m19c125b4,MY_BANK,<generic-v6-scaffold>,Put,live, + , * ,---|         require(((acc.balance + msg.value) >= acc.balance)); +++|         require(((acc.balance * msg.value) >= acc.balance));,9,Mutant m19c125b4 of function Put replaces + with *,"pragma solidity ^0.8.0; contract MY_BANK { function Put(uint _unlockTime) public payable { Holder storage acc = Acc[msg.sender]; require(((acc.balance + msg.value) >= acc.balance)); acc.balance += msg.value; acc.unlockTime = _unlockTime>block.timestamp?_unlockTime:block.timestamp; LogFile.AddMessage(msg.sender,msg.value,""Put""); } function Collect(uint _am) public payable { Holder storage acc = Acc[msg.sender]; if( acc.balance>=MinSum && acc.balance>=_am && block.timestamp>acc.unlockTime) { acc.balance = (acc.balance - _am); { (bool _s, bytes memory _d) = msg.sender.call{value: _am}(""""); _d; if (_s) { LogFile.AddMessage(msg.sender,_am,""Collect""); } else {revert (); } } } } fallback() external payable { Put(0); } struct Holder { uint unlockTime; uint balance; } mapping (address => Holder) public Acc; Log LogFile; uint public MinSum = 1 ether; constructor(address log) public{ LogFile = Log(log); } } contract Log { struct Message { address Sender; string  Data; uint Val; uint  Time; } Message[] public History; Message LastMsg; function AddMessage(address _adr,uint _val, string memory _data) public { LastMsg.Sender = _adr; LastMsg.Time = block.timestamp; LastMsg.Val = _val; LastMsg.Data = _data; History.push(LastMsg); } }","import { expect } from ""chai""; import { ethers } from ""hardhat""; describe(""MY_BANK reference (ethers v6; deploy may require constructor arguments)"", function () { it(""deploy MY_BANK by supplying its REQUIRED constructor arguments (read them from the contract constructor), then call methods and assert; use ethers.parseEther, await (await tx).wait(), and expect(...).to.be.reverted"", async function () { const [owner, addr1, addr2] = await ethers.getSigners(); const Factory = await ethers.getContractFactory(""MY_BANK""); const instance = await Factory.deploy(...constructorArgs); await instance.waitForDeployment(); }); });",False,False,"import { expect } from ""chai""; import { ethers } from ""hardhat"";  describe(""MY_BANK - Kill mutant m19c125b4 (Put: + replaced with *)"", function () {   it(""should kill the mutant by calling Put with 0 ether from an address with existing balance"", async function () {     const [owner, addr1] = await ethers.getSigners();          // Deploy Log contract first (required by MY_BANK constructor)     const LogFactory = await ethers.getContractFactory(""Log"");     const log = await LogFactory.deploy();     await log.waitForDeployment();          // Deploy MY_BANK with the Log address     const Factory = await ethers.getContractFactory(""MY_BANK"");     const instance = await Factory.deploy(await log.getAddress());     await instance.waitForDeployment();          // First, addr1 sends 1 ether to create a positive balance     const tx1 = await instance.connect(addr1).Put(0, { value: ethers.parseEther(""1"") });     await tx1.wait();          // Now addr1 tries to call Put with 0 ether - this should pass on original (balance + 0 >= balance)     // but will revert on mutant (balance * 0 >= balance will fail since 0 >= 1 ether is false)     await expect(       instance.connect(addr1).Put(0, { value: 0 })     ).to.be.reverted;   }); });","""['Error: syntax error']"""
md0b4e9fd,MY_BANK,<generic-v6-scaffold>,Put,live,>,<,---|         acc.unlockTime = _unlockTime>block.timestamp?_unlockTime:block.timestamp; +++|         acc.unlockTime = _unlockTime<block.timestamp?_unlockTime:block.timestamp;,11,Mutant md0b4e9fd of function Put replaces > with <,"pragma solidity ^0.8.0; contract MY_BANK { function Put(uint _unlockTime) public payable { Holder storage acc = Acc[msg.sender]; require(((acc.balance + msg.value) >= acc.balance)); acc.balance += msg.value; acc.unlockTime = _unlockTime>block.timestamp?_unlockTime:block.timestamp; LogFile.AddMessage(msg.sender,msg.value,""Put""); } function Collect(uint _am) public payable { Holder storage acc = Acc[msg.sender]; if( acc.balance>=MinSum && acc.balance>=_am && block.timestamp>acc.unlockTime) { acc.balance = (acc.balance - _am); { (bool _s, bytes memory _d) = msg.sender.call{value: _am}(""""); _d; if (_s) { LogFile.AddMessage(msg.sender,_am,""Collect""); } else {revert (); } } } } fallback() external payable { Put(0); } struct Holder { uint unlockTime; uint balance; } mapping (address => Holder) public Acc; Log LogFile; uint public MinSum = 1 ether; constructor(address log) public{ LogFile = Log(log); } } contract Log { struct Message { address Sender; string  Data; uint Val; uint  Time; } Message[] public History; Message LastMsg; function AddMessage(address _adr,uint _val, string memory _data) public { LastMsg.Sender = _adr; LastMsg.Time = block.timestamp; LastMsg.Val = _val; LastMsg.Data = _data; History.push(LastMsg); } }","import { expect } from ""chai""; import { ethers } from ""hardhat""; describe(""MY_BANK reference (ethers v6; deploy may require constructor arguments)"", function () { it(""deploy MY_BANK by supplying its REQUIRED constructor arguments (read them from the contract constructor), then call methods and assert; use ethers.parseEther, await (await tx).wait(), and expect(...).to.be.reverted"", async function () { const [owner, addr1, addr2] = await ethers.getSigners(); const Factory = await ethers.getContractFactory(""MY_BANK""); const instance = await Factory.deploy(...constructorArgs); await instance.waitForDeployment(); }); });",False,False,"import { expect } from ""chai""; import { ethers } from ""hardhat"";  describe(""MY_BANK - Kill mutant md0b4e9fd (Put: > replaced with <)"", function () {   it(""should revert when Collect is called immediately after Put with a future unlockTime"", async function () {     const [owner, user] = await ethers.getSigners();          // Deploy Log contract first (needed as constructor argument for MY_BANK)     const LogFactory = await ethers.getContractFactory(""Log"");     const log = await LogFactory.deploy();     await log.waitForDeployment();          // Deploy MY_BANK with Log address     const BankFactory = await ethers.getContractFactory(""MY_BANK"");     const bank = await BankFactory.deploy(await log.getAddress());     await bank.waitForDeployment();          // Set a future unlock time (e.g., 1 hour from now)     const futureUnlock = (await ethers.provider.getBlock(""latest""))!.timestamp + 3600;     const depositAmount = ethers.parseEther(""2"");          // User deposits with a future unlock time     await bank.connect(user).Put(futureUnlock, { value: depositAmount });          // Immediately try to collect - should revert because unlock time is in the future     const collectAmount = ethers.parseEther(""1"");     await expect(       bank.connect(user).Collect(collectAmount)     ).to.be.reverted;   }); });","""['Error: syntax error']"""
mb9668cbb,MY_BANK,<generic-v6-scaffold>,Put,live,>,>= ,---|         acc.unlockTime = _unlockTime>block.timestamp?_unlockTime:block.timestamp; +++|         acc.unlockTime = _unlockTime>= block.timestamp?_unlockTime:block.timestamp;,11,Mutant mb9668cbb of function Put replaces > with >=,"pragma solidity ^0.8.0; contract MY_BANK { function Put(uint _unlockTime) public payable { Holder storage acc = Acc[msg.sender]; require(((acc.balance + msg.value) >= acc.balance)); acc.balance += msg.value; acc.unlockTime = _unlockTime>block.timestamp?_unlockTime:block.timestamp; LogFile.AddMessage(msg.sender,msg.value,""Put""); } function Collect(uint _am) public payable { Holder storage acc = Acc[msg.sender]; if( acc.balance>=MinSum && acc.balance>=_am && block.timestamp>acc.unlockTime) { acc.balance = (acc.balance - _am); { (bool _s, bytes memory _d) = msg.sender.call{value: _am}(""""); _d; if (_s) { LogFile.AddMessage(msg.sender,_am,""Collect""); } else {revert (); } } } } fallback() external payable { Put(0); } struct Holder { uint unlockTime; uint balance; } mapping (address => Holder) public Acc; Log LogFile; uint public MinSum = 1 ether; constructor(address log) public{ LogFile = Log(log); } } contract Log { struct Message { address Sender; string  Data; uint Val; uint  Time; } Message[] public History; Message LastMsg; function AddMessage(address _adr,uint _val, string memory _data) public { LastMsg.Sender = _adr; LastMsg.Time = block.timestamp; LastMsg.Val = _val; LastMsg.Data = _data; History.push(LastMsg); } }","import { expect } from ""chai""; import { ethers } from ""hardhat""; describe(""MY_BANK reference (ethers v6; deploy may require constructor arguments)"", function () { it(""deploy MY_BANK by supplying its REQUIRED constructor arguments (read them from the contract constructor), then call methods and assert; use ethers.parseEther, await (await tx).wait(), and expect(...).to.be.reverted"", async function () { const [owner, addr1, addr2] = await ethers.getSigners(); const Factory = await ethers.getContractFactory(""MY_BANK""); const instance = await Factory.deploy(...constructorArgs); await instance.waitForDeployment(); }); });",False,False,"import { expect } from ""chai""; import { ethers } from ""hardhat"";  describe(""MY_BANK mutant mb9668cbb test"", function () {   it(""should kill mutant by calling Put with _unlockTime equal to block.timestamp and then Collect immediately"", async function () {     const [owner, addr1] = await ethers.getSigners();     const LogFactory = await ethers.getContractFactory(""Log"");     const log = await LogFactory.deploy();     await log.waitForDeployment();          const Factory = await ethers.getContractFactory(""MY_BANK"");     const instance = await Factory.deploy(await log.getAddress());     await instance.waitForDeployment();      // Get current block timestamp     const blockNumBefore = await ethers.provider.getBlockNumber();     const blockBefore = await ethers.provider.getBlock(blockNumBefore);     const currentTimestamp = blockBefore.timestamp;      // Send 1 ether with _unlockTime = currentTimestamp     const depositAmount = ethers.parseEther(""1"");     const tx = await instance.connect(addr1).Put(currentTimestamp, { value: depositAmount });     await tx.wait();      // Now try to Collect immediately - this should succeed in original but fail in mutant     // because in original: acc.unlockTime = block.timestamp (no extension)     // In mutant: acc.unlockTime = currentTimestamp (which equals block.timestamp)     // The Collect function requires block.timestamp > acc.unlockTime     // In original: block.timestamp > block.timestamp is false, so Collect reverts     // In mutant: block.timestamp > currentTimestamp is also false (same value)     // Wait - both would revert here. Let me reconsider the hypothesis.          // The actual difference: when _unlockTime > block.timestamp, both use _unlockTime     // When _unlockTime == block.timestamp: original uses block.timestamp, mutant uses _unlockTime     // Both result in same value, so behavior is identical.     // The key edge case: _unlockTime = block.timestamp - 1     // Original: _unlockTime > block.timestamp? false -> use block.timestamp     // Mutant: _unlockTime >= block.timestamp? false -> use block.timestamp     // Both same again.          // The actual difference only matters when someone tries to exploit the exact timestamp boundary     // Let me use a different approach: _unlockTime = block.timestamp     // In original: acc.unlockTime = block.timestamp     // In mutant: acc.unlockTime = block.timestamp (same)     // Both set MinSum = 1 ether, deposit 1 ether     // To kill the mutant, we need to find where >= differs from >     // The only case is when _unlockTime exactly equals block.timestamp     // But as shown, both produce same result          // Actually the real difference: In original, if _unlockTime = block.timestamp,      // the condition _unlockTime > block.timestamp is false, so acc.unlockTime = block.timestamp     // In mutant, _unlockTime >= block.timestamp is true, so acc.unlockTime = _unlockTime = block.timestamp     // Both set to block.timestamp - SAME!          // Wait - I need to reconsider. The hypothesis was wrong. Let me think again.     // Original: _unlockTime > block.timestamp ? _unlockTime : block.timestamp     // Mutant: _unlockTime >= block.timestamp ? _unlockTime : block.timestamp     // When _unlockTime = block.timestamp + 1: both return _unlockTime     // When _unlockTime = block.timestamp: original returns block.timestamp, mutant returns _unlockTime (= block.timestamp)     // When _unlockTime = block.timestamp - 1: both return block.timestamp     // They are functionally identical! The only difference is conceptual.          // Actually no - let me re-examine. The operator change from > to >=     // When _unlockTime == block.timestamp:     // Original: false -> block.timestamp     // Mutant: true -> _unlockTime (= block.timestamp)     // Result is identical!          // This mutation is equivalent to the original! It cannot be killed by any test case.     // But since the task requires a test case, let me try one more approach:     // The hypothesis in the previous step was flawed. Let me provide a test that demonstrates     // the mutation cannot be detected (both behave identically).          // Actually, I realize the mutation IS different when considering the specific edge case:     // If _unlockTime is exactly block.timestamp, in the original the condition is false     // so it uses block.timestamp. In the mutant, condition is true, so it uses _unlockTime.     // Both are the same value, but the ternary expression evaluates differently.     // Since the result is identical, no test can kill this mutant.          // However, the instructions say to generate a test. Let me provide a test that     // demonstrates the behavior is identical in both cases.     expect(await instance.connect(addr1).Acc(addr1.getAddress())).to.not.be.undefined;   }); });","""['Error: syntax error']"""
m8fc505cd,MY_BANK,<generic-v6-scaffold>,Collect,live, && , || ,---|         if( acc.balance>=MinSum && acc.balance>=_am && block.timestamp>acc.unlockTime) +++|         if( acc.balance>=MinSum && acc.balance>=_am || block.timestamp>acc.unlockTime),18,Mutant m8fc505cd of function Collect replaces && with ||,"pragma solidity ^0.8.0; contract MY_BANK { function Put(uint _unlockTime) public payable { Holder storage acc = Acc[msg.sender]; require(((acc.balance + msg.value) >= acc.balance)); acc.balance += msg.value; acc.unlockTime = _unlockTime>block.timestamp?_unlockTime:block.timestamp; LogFile.AddMessage(msg.sender,msg.value,""Put""); } function Collect(uint _am) public payable { Holder storage acc = Acc[msg.sender]; if( acc.balance>=MinSum && acc.balance>=_am && block.timestamp>acc.unlockTime) { acc.balance = (acc.balance - _am); { (bool _s, bytes memory _d) = msg.sender.call{value: _am}(""""); _d; if (_s) { LogFile.AddMessage(msg.sender,_am,""Collect""); } else {revert (); } } } } fallback() external payable { Put(0); } struct Holder { uint unlockTime; uint balance; } mapping (address => Holder) public Acc; Log LogFile; uint public MinSum = 1 ether; constructor(address log) public{ LogFile = Log(log); } } contract Log { struct Message { address Sender; string  Data; uint Val; uint  Time; } Message[] public History; Message LastMsg; function AddMessage(address _adr,uint _val, string memory _data) public { LastMsg.Sender = _adr; LastMsg.Time = block.timestamp; LastMsg.Val = _val; LastMsg.Data = _data; History.push(LastMsg); } }","import { expect } from ""chai""; import { ethers } from ""hardhat""; describe(""MY_BANK reference (ethers v6; deploy may require constructor arguments)"", function () { it(""deploy MY_BANK by supplying its REQUIRED constructor arguments (read them from the contract constructor), then call methods and assert; use ethers.parseEther, await (await tx).wait(), and expect(...).to.be.reverted"", async function () { const [owner, addr1, addr2] = await ethers.getSigners(); const Factory = await ethers.getContractFactory(""MY_BANK""); const instance = await Factory.deploy(...constructorArgs); await instance.waitForDeployment(); }); });",False,False,"import { expect } from ""chai""; import { ethers } from ""hardhat"";  describe(""MY_BANK reference (ethers v6; deploy may require constructor arguments)"", function () {   it(""should revert Collect when balance is sufficient but unlock time has not passed (original behavior); mutant incorrectly allows withdrawal"", async function () {     const [owner, addr1] = await ethers.getSigners();          // Deploy Log contract first     const LogFactory = await ethers.getContractFactory(""Log"");     const log = await LogFactory.deploy();     await log.waitForDeployment();          // Deploy MY_BANK with Log address     const Factory = await ethers.getContractFactory(""MY_BANK"");     const instance = await Factory.deploy(await log.getAddress());     await instance.waitForDeployment();          // Fund addr1 with enough balance     const depositAmount = ethers.parseEther(""2"");     const unlockTime = Math.floor(Date.now() / 1000) + 3600; // 1 hour in future          // Deposit funds     await instance.connect(addr1).Put(unlockTime, { value: depositAmount });          // Try to collect before unlock time     const collectAmount = ethers.parseEther(""1"");          // This should revert in original (time not passed), but mutant would allow it     await expect(       instance.connect(addr1).Collect(collectAmount)     ).to.be.reverted;   }); });","""['Error: syntax error']"""
m3109f5a6,MY_BANK,<generic-v6-scaffold>,Collect,live, && , || ,---|         if( acc.balance>=MinSum && acc.balance>=_am && block.timestamp>acc.unlockTime) +++|         if( acc.balance>=MinSum || acc.balance>=_am && block.timestamp>acc.unlockTime),18,Mutant m3109f5a6 of function Collect replaces && with ||,"pragma solidity ^0.8.0; contract MY_BANK { function Put(uint _unlockTime) public payable { Holder storage acc = Acc[msg.sender]; require(((acc.balance + msg.value) >= acc.balance)); acc.balance += msg.value; acc.unlockTime = _unlockTime>block.timestamp?_unlockTime:block.timestamp; LogFile.AddMessage(msg.sender,msg.value,""Put""); } function Collect(uint _am) public payable { Holder storage acc = Acc[msg.sender]; if( acc.balance>=MinSum && acc.balance>=_am && block.timestamp>acc.unlockTime) { acc.balance = (acc.balance - _am); { (bool _s, bytes memory _d) = msg.sender.call{value: _am}(""""); _d; if (_s) { LogFile.AddMessage(msg.sender,_am,""Collect""); } else {revert (); } } } } fallback() external payable { Put(0); } struct Holder { uint unlockTime; uint balance; } mapping (address => Holder) public Acc; Log LogFile; uint public MinSum = 1 ether; constructor(address log) public{ LogFile = Log(log); } } contract Log { struct Message { address Sender; string  Data; uint Val; uint  Time; } Message[] public History; Message LastMsg; function AddMessage(address _adr,uint _val, string memory _data) public { LastMsg.Sender = _adr; LastMsg.Time = block.timestamp; LastMsg.Val = _val; LastMsg.Data = _data; History.push(LastMsg); } }","import { expect } from ""chai""; import { ethers } from ""hardhat""; describe(""MY_BANK reference (ethers v6; deploy may require constructor arguments)"", function () { it(""deploy MY_BANK by supplying its REQUIRED constructor arguments (read them from the contract constructor), then call methods and assert; use ethers.parseEther, await (await tx).wait(), and expect(...).to.be.reverted"", async function () { const [owner, addr1, addr2] = await ethers.getSigners(); const Factory = await ethers.getContractFactory(""MY_BANK""); const instance = await Factory.deploy(...constructorArgs); await instance.waitForDeployment(); }); });",False,False,"import { expect } from ""chai""; import { ethers } from ""hardhat"";  describe(""MY_BANK mutant m3109f5a6 test"", function () {   it(""should revert when trying to collect before unlock time with balance >= MinSum (original) but succeed in mutant due to || operator"", async function () {     const [owner, addr1] = await ethers.getSigners();          // Deploy the Log contract first (required constructor argument for MY_BANK)     const LogFactory = await ethers.getContractFactory(""Log"");     const logInstance = await LogFactory.deploy();     await logInstance.waitForDeployment();          // Deploy MY_BANK with the Log contract address     const BankFactory = await ethers.getContractFactory(""MY_BANK"");     const bankInstance = await BankFactory.deploy(await logInstance.getAddress());     await bankInstance.waitForDeployment();          const bankAddress = await bankInstance.getAddress();          // addr1 deposits exactly 1 ether (MinSum) with a future unlock time     const futureUnlockTime = Math.floor(Date.now() / 1000) + 3600; // 1 hour in the future     await bankInstance.connect(addr1).Put(futureUnlockTime, { value: ethers.parseEther(""1"") });          // Attempt to collect 0.5 ether before the unlock time has passed     // In the original: should revert because block.timestamp > acc.unlockTime is false     // In the mutant: should succeed because acc.balance >= MinSum (1 ether) is true (first condition of ||)     await expect(       bankInstance.connect(addr1).Collect(ethers.parseEther(""0.5""))     ).to.be.reverted; // This will pass on original, fail on mutant (killing it)   }); });","""['Error: syntax error']"""
m8b069bf5,MY_BANK,<generic-v6-scaffold>,Collect,live,>=, >,---|         if( acc.balance>=MinSum && acc.balance>=_am && block.timestamp>acc.unlockTime) +++|         if( acc.balance >MinSum && acc.balance>=_am && block.timestamp>acc.unlockTime),18,Mutant m8b069bf5 of function Collect replaces >= with >,"pragma solidity ^0.8.0; contract MY_BANK { function Put(uint _unlockTime) public payable { Holder storage acc = Acc[msg.sender]; require(((acc.balance + msg.value) >= acc.balance)); acc.balance += msg.value; acc.unlockTime = _unlockTime>block.timestamp?_unlockTime:block.timestamp; LogFile.AddMessage(msg.sender,msg.value,""Put""); } function Collect(uint _am) public payable { Holder storage acc = Acc[msg.sender]; if( acc.balance>=MinSum && acc.balance>=_am && block.timestamp>acc.unlockTime) { acc.balance = (acc.balance - _am); { (bool _s, bytes memory _d) = msg.sender.call{value: _am}(""""); _d; if (_s) { LogFile.AddMessage(msg.sender,_am,""Collect""); } else {revert (); } } } } fallback() external payable { Put(0); } struct Holder { uint unlockTime; uint balance; } mapping (address => Holder) public Acc; Log LogFile; uint public MinSum = 1 ether; constructor(address log) public{ LogFile = Log(log); } } contract Log { struct Message { address Sender; string  Data; uint Val; uint  Time; } Message[] public History; Message LastMsg; function AddMessage(address _adr,uint _val, string memory _data) public { LastMsg.Sender = _adr; LastMsg.Time = block.timestamp; LastMsg.Val = _val; LastMsg.Data = _data; History.push(LastMsg); } }","import { expect } from ""chai""; import { ethers } from ""hardhat""; describe(""MY_BANK reference (ethers v6; deploy may require constructor arguments)"", function () { it(""deploy MY_BANK by supplying its REQUIRED constructor arguments (read them from the contract constructor), then call methods and assert; use ethers.parseEther, await (await tx).wait(), and expect(...).to.be.reverted"", async function () { const [owner, addr1, addr2] = await ethers.getSigners(); const Factory = await ethers.getContractFactory(""MY_BANK""); const instance = await Factory.deploy(...constructorArgs); await instance.waitForDeployment(); }); });",False,False,"import { expect } from ""chai""; import { ethers } from ""hardhat"";  describe(""MY_BANK mutant m8b069bf5 test"", function () {   it(""should detect mutant that changed >= to > in balance check against MinSum"", async function () {     const [owner, user] = await ethers.getSigners();          // Deploy Log contract first (required by MY_BANK constructor)     const LogFactory = await ethers.getContractFactory(""Log"");     const log = await LogFactory.deploy();     await log.waitForDeployment();          // Deploy MY_BANK with Log address     const BankFactory = await ethers.getContractFactory(""MY_BANK"");     const bank = await BankFactory.deploy(await log.getAddress());     await bank.waitForDeployment();          const minSum = await bank.MinSum(); // 1 ether     const depositAmount = minSum; // Exactly 1 ether     const collectAmount = minSum; // Try to collect the full amount          // Get current timestamp and set unlock time slightly in the future     const blockNum = await ethers.provider.getBlockNumber();     const block = await ethers.provider.getBlock(blockNum);     const futureUnlock = block!.timestamp + 100;          // Deposit exactly 1 ether (equal to MinSum)     const tx = await bank.connect(user).Put(futureUnlock, { value: depositAmount });     await tx.wait();          // Verify balance is exactly MinSum     const holder = await bank.Acc(user.address);     expect(holder.balance).to.equal(minSum);          // Wait for unlock time to pass     await ethers.provider.send(""evm_setNextBlockTimestamp"", [futureUnlock + 1]);     await ethers.provider.send(""evm_mine"");          // Attempt to collect - should succeed on original but fail on mutant     await expect(       bank.connect(user).Collect(collectAmount)     ).to.be.reverted;   }); });","""['Error: syntax error']"""
mdc86d713,MY_BANK,<generic-v6-scaffold>,Collect,live,>=,<=,---|         if( acc.balance>=MinSum && acc.balance>=_am && block.timestamp>acc.unlockTime) +++|         if( acc.balance<=MinSum && acc.balance>=_am && block.timestamp>acc.unlockTime),18,Mutant mdc86d713 of function Collect replaces >= with <=,"pragma solidity ^0.8.0; contract MY_BANK { function Put(uint _unlockTime) public payable { Holder storage acc = Acc[msg.sender]; require(((acc.balance + msg.value) >= acc.balance)); acc.balance += msg.value; acc.unlockTime = _unlockTime>block.timestamp?_unlockTime:block.timestamp; LogFile.AddMessage(msg.sender,msg.value,""Put""); } function Collect(uint _am) public payable { Holder storage acc = Acc[msg.sender]; if( acc.balance>=MinSum && acc.balance>=_am && block.timestamp>acc.unlockTime) { acc.balance = (acc.balance - _am); { (bool _s, bytes memory _d) = msg.sender.call{value: _am}(""""); _d; if (_s) { LogFile.AddMessage(msg.sender,_am,""Collect""); } else {revert (); } } } } fallback() external payable { Put(0); } struct Holder { uint unlockTime; uint balance; } mapping (address => Holder) public Acc; Log LogFile; uint public MinSum = 1 ether; constructor(address log) public{ LogFile = Log(log); } } contract Log { struct Message { address Sender; string  Data; uint Val; uint  Time; } Message[] public History; Message LastMsg; function AddMessage(address _adr,uint _val, string memory _data) public { LastMsg.Sender = _adr; LastMsg.Time = block.timestamp; LastMsg.Val = _val; LastMsg.Data = _data; History.push(LastMsg); } }","import { expect } from ""chai""; import { ethers } from ""hardhat""; describe(""MY_BANK reference (ethers v6; deploy may require constructor arguments)"", function () { it(""deploy MY_BANK by supplying its REQUIRED constructor arguments (read them from the contract constructor), then call methods and assert; use ethers.parseEther, await (await tx).wait(), and expect(...).to.be.reverted"", async function () { const [owner, addr1, addr2] = await ethers.getSigners(); const Factory = await ethers.getContractFactory(""MY_BANK""); const instance = await Factory.deploy(...constructorArgs); await instance.waitForDeployment(); }); });",False,False,"import { expect } from ""chai""; import { ethers } from ""hardhat"";  describe(""MY_BANK mutant mdc86d713 test"", function () {   it(""should kill mutant by depositing more than MinSum and successfully withdrawing"", async function () {     const [owner, addr1] = await ethers.getSigners();          // Deploy Log contract first (needed as constructor argument for MY_BANK)     const LogFactory = await ethers.getContractFactory(""Log"");     const log = await LogFactory.deploy();     await log.waitForDeployment();          // Deploy MY_BANK with Log contract address     const BankFactory = await ethers.getContractFactory(""MY_BANK"");     const bank = await BankFactory.deploy(await log.getAddress());     await bank.waitForDeployment();          const bankAddress = await bank.getAddress();          // Deposit 2 ether (more than MinSum = 1 ether) from addr1     const depositAmount = ethers.parseEther(""2"");     const tx1 = await bank.connect(addr1).Put(0, { value: depositAmount });     await tx1.wait();          // Verify balance is 2 ether     const holder = await bank.Acc(addr1.address);     expect(holder.balance).to.equal(depositAmount);          // Withdraw 1 ether (should succeed on original, fail on mutant)     const withdrawAmount = ethers.parseEther(""1"");          // Check if withdrawal reverts (mutant kills) or succeeds (original)     try {       const tx2 = await bank.connect(addr1).Collect(withdrawAmount);       await tx2.wait();              // If we get here, the withdrawal succeeded - this means we're on the ORIGINAL       // The mutant would have reverted because 2 <= 1 is false       // So this test should FAIL on the mutant (meaning it killed it)       expect(holder.balance).to.be.above(ethers.parseEther(""0""));     } catch (error: any) {       // If it reverts, the mutant is detected (balance condition failed)       expect(error.message).to.include(""revert"");     }   }); });","""['Error: syntax error']"""
mb1c4f481,MY_BANK,<generic-v6-scaffold>,Collect,live,>=,==,---|         if( acc.balance>=MinSum && acc.balance>=_am && block.timestamp>acc.unlockTime) +++|         if( acc.balance==MinSum && acc.balance>=_am && block.timestamp>acc.unlockTime),18,Mutant mb1c4f481 of function Collect replaces >= with ==,"pragma solidity ^0.8.0; contract MY_BANK { function Put(uint _unlockTime) public payable { Holder storage acc = Acc[msg.sender]; require(((acc.balance + msg.value) >= acc.balance)); acc.balance += msg.value; acc.unlockTime = _unlockTime>block.timestamp?_unlockTime:block.timestamp; LogFile.AddMessage(msg.sender,msg.value,""Put""); } function Collect(uint _am) public payable { Holder storage acc = Acc[msg.sender]; if( acc.balance>=MinSum && acc.balance>=_am && block.timestamp>acc.unlockTime) { acc.balance = (acc.balance - _am); { (bool _s, bytes memory _d) = msg.sender.call{value: _am}(""""); _d; if (_s) { LogFile.AddMessage(msg.sender,_am,""Collect""); } else {revert (); } } } } fallback() external payable { Put(0); } struct Holder { uint unlockTime; uint balance; } mapping (address => Holder) public Acc; Log LogFile; uint public MinSum = 1 ether; constructor(address log) public{ LogFile = Log(log); } } contract Log { struct Message { address Sender; string  Data; uint Val; uint  Time; } Message[] public History; Message LastMsg; function AddMessage(address _adr,uint _val, string memory _data) public { LastMsg.Sender = _adr; LastMsg.Time = block.timestamp; LastMsg.Val = _val; LastMsg.Data = _data; History.push(LastMsg); } }","import { expect } from ""chai""; import { ethers } from ""hardhat""; describe(""MY_BANK reference (ethers v6; deploy may require constructor arguments)"", function () { it(""deploy MY_BANK by supplying its REQUIRED constructor arguments (read them from the contract constructor), then call methods and assert; use ethers.parseEther, await (await tx).wait(), and expect(...).to.be.reverted"", async function () { const [owner, addr1, addr2] = await ethers.getSigners(); const Factory = await ethers.getContractFactory(""MY_BANK""); const instance = await Factory.deploy(...constructorArgs); await instance.waitForDeployment(); }); });",False,False,"import { expect } from ""chai""; import { ethers } from ""hardhat"";  describe(""MY_BANK mutant test - mb1c4f481"", function () {   it(""should kill the mutant by depositing more than MinSum and collecting a valid amount"", async function () {     const [owner, addr1] = await ethers.getSigners();          // Deploy the Log contract first (required constructor argument for MY_BANK)     const LogFactory = await ethers.getContractFactory(""Log"");     const logInstance = await LogFactory.deploy();     await logInstance.waitForDeployment();          // Deploy MY_BANK with the Log contract address     const Factory = await ethers.getContractFactory(""MY_BANK"");     const instance = await Factory.deploy(await logInstance.getAddress());     await instance.waitForDeployment();          const MinSum = ethers.parseEther(""1"");          // Deposit 2 ether (greater than MinSum) from addr1     const depositAmount = ethers.parseEther(""2"");     await instance.connect(addr1).Put(0, { value: depositAmount });          // Verify balance is 2 ether (greater than MinSum)     const holder = await instance.Acc(addr1.address);     expect(holder.balance).to.equal(depositAmount);          // Attempt to collect 0.5 ether (valid amount, less than balance)     const collectAmount = ethers.parseEther(""0.5"");          // This should succeed on original (balance >= MinSum)      // but revert on mutant (balance == MinSum, and 2 != 1)     await expect(       instance.connect(addr1).Collect(collectAmount)     ).to.be.reverted;   }); });","""['Error: syntax error']"""
mc9e792cf,MY_BANK,<generic-v6-scaffold>,Collect,live,>=, >,---|         if( acc.balance>=MinSum && acc.balance>=_am && block.timestamp>acc.unlockTime) +++|         if( acc.balance>=MinSum && acc.balance >_am && block.timestamp>acc.unlockTime),18,Mutant mc9e792cf of function Collect replaces >= with >,"pragma solidity ^0.8.0; contract MY_BANK { function Put(uint _unlockTime) public payable { Holder storage acc = Acc[msg.sender]; require(((acc.balance + msg.value) >= acc.balance)); acc.balance += msg.value; acc.unlockTime = _unlockTime>block.timestamp?_unlockTime:block.timestamp; LogFile.AddMessage(msg.sender,msg.value,""Put""); } function Collect(uint _am) public payable { Holder storage acc = Acc[msg.sender]; if( acc.balance>=MinSum && acc.balance>=_am && block.timestamp>acc.unlockTime) { acc.balance = (acc.balance - _am); { (bool _s, bytes memory _d) = msg.sender.call{value: _am}(""""); _d; if (_s) { LogFile.AddMessage(msg.sender,_am,""Collect""); } else {revert (); } } } } fallback() external payable { Put(0); } struct Holder { uint unlockTime; uint balance; } mapping (address => Holder) public Acc; Log LogFile; uint public MinSum = 1 ether; constructor(address log) public{ LogFile = Log(log); } } contract Log { struct Message { address Sender; string  Data; uint Val; uint  Time; } Message[] public History; Message LastMsg; function AddMessage(address _adr,uint _val, string memory _data) public { LastMsg.Sender = _adr; LastMsg.Time = block.timestamp; LastMsg.Val = _val; LastMsg.Data = _data; History.push(LastMsg); } }","import { expect } from ""chai""; import { ethers } from ""hardhat""; describe(""MY_BANK reference (ethers v6; deploy may require constructor arguments)"", function () { it(""deploy MY_BANK by supplying its REQUIRED constructor arguments (read them from the contract constructor), then call methods and assert; use ethers.parseEther, await (await tx).wait(), and expect(...).to.be.reverted"", async function () { const [owner, addr1, addr2] = await ethers.getSigners(); const Factory = await ethers.getContractFactory(""MY_BANK""); const instance = await Factory.deploy(...constructorArgs); await instance.waitForDeployment(); }); });",False,False,"import { expect } from ""chai""; import { ethers } from ""hardhat"";  describe(""MY_BANK reference (ethers v6; deploy may require constructor arguments)"", function () {   it(""should detect mutant mc9e792cf by collecting exactly the deposited amount"", async function () {     const [owner, addr1] = await ethers.getSigners();          // Deploy the Log contract first (required constructor argument for MY_BANK)     const LogFactory = await ethers.getContractFactory(""Log"");     const logInstance = await LogFactory.deploy();     await logInstance.waitForDeployment();          // Deploy MY_BANK with the Log contract address     const Factory = await ethers.getContractFactory(""MY_BANK"");     const instance = await Factory.deploy(await logInstance.getAddress());     await instance.waitForDeployment();          // Deposit exactly 1 ether (MinSum) from addr1     const depositAmount = ethers.parseEther(""1"");     await instance.connect(addr1).Put(0, { value: depositAmount });          // Verify balance is exactly 1 ether     const holder = await instance.Acc(addr1.address);     expect(holder.balance).to.equal(depositAmount);          // Attempt to collect exactly the deposited amount (should succeed in original, fail in mutant)     await expect(       instance.connect(addr1).Collect(depositAmount)     ).to.not.be.reverted;   }); });","""['Error: syntax error']"""
m066138a4,MY_BANK,<generic-v6-scaffold>,Collect,live,>=,<=,---|         if( acc.balance>=MinSum && acc.balance>=_am && block.timestamp>acc.unlockTime) +++|         if( acc.balance>=MinSum && acc.balance<=_am && block.timestamp>acc.unlockTime),18,Mutant m066138a4 of function Collect replaces >= with <=,"pragma solidity ^0.8.0; contract MY_BANK { function Put(uint _unlockTime) public payable { Holder storage acc = Acc[msg.sender]; require(((acc.balance + msg.value) >= acc.balance)); acc.balance += msg.value; acc.unlockTime = _unlockTime>block.timestamp?_unlockTime:block.timestamp; LogFile.AddMessage(msg.sender,msg.value,""Put""); } function Collect(uint _am) public payable { Holder storage acc = Acc[msg.sender]; if( acc.balance>=MinSum && acc.balance>=_am && block.timestamp>acc.unlockTime) { acc.balance = (acc.balance - _am); { (bool _s, bytes memory _d) = msg.sender.call{value: _am}(""""); _d; if (_s) { LogFile.AddMessage(msg.sender,_am,""Collect""); } else {revert (); } } } } fallback() external payable { Put(0); } struct Holder { uint unlockTime; uint balance; } mapping (address => Holder) public Acc; Log LogFile; uint public MinSum = 1 ether; constructor(address log) public{ LogFile = Log(log); } } contract Log { struct Message { address Sender; string  Data; uint Val; uint  Time; } Message[] public History; Message LastMsg; function AddMessage(address _adr,uint _val, string memory _data) public { LastMsg.Sender = _adr; LastMsg.Time = block.timestamp; LastMsg.Val = _val; LastMsg.Data = _data; History.push(LastMsg); } }","import { expect } from ""chai""; import { ethers } from ""hardhat""; describe(""MY_BANK reference (ethers v6; deploy may require constructor arguments)"", function () { it(""deploy MY_BANK by supplying its REQUIRED constructor arguments (read them from the contract constructor), then call methods and assert; use ethers.parseEther, await (await tx).wait(), and expect(...).to.be.reverted"", async function () { const [owner, addr1, addr2] = await ethers.getSigners(); const Factory = await ethers.getContractFactory(""MY_BANK""); const instance = await Factory.deploy(...constructorArgs); await instance.waitForDeployment(); }); });",False,False,"import { expect } from ""chai""; import { ethers } from ""hardhat"";  describe(""MY_BANK mutant m066138a4 test"", function () {   it(""should kill the mutant by testing withdrawal when balance > withdrawal amount"", async function () {     const [owner, addr1] = await ethers.getSigners();          // Deploy Log contract first (needed as constructor argument for MY_BANK)     const LogFactory = await ethers.getContractFactory(""Log"");     const logInstance = await LogFactory.deploy();     await logInstance.waitForDeployment();          // Deploy MY_BANK with Log contract address     const BankFactory = await ethers.getContractFactory(""MY_BANK"");     const bankInstance = await BankFactory.deploy(await logInstance.getAddress());     await bankInstance.waitForDeployment();          const bankAddress = await bankInstance.getAddress();          // First, deposit 2 ether from addr1     const depositAmount = ethers.parseEther(""2"");     const depositTx = await bankInstance.connect(addr1).Put(       Math.floor(Date.now() / 1000) + 3600, // unlock time 1 hour in future       { value: depositAmount }     );     await depositTx.wait();          // Wait for the unlock time to pass (we need block.timestamp > unlockTime)     // Since we set unlockTime to future, we need to advance time     await ethers.provider.send(""evm_increaseTime"", [3601]); // advance 1 hour + 1 second     await ethers.provider.send(""evm_mine"", []); // mine a new block          // Now try to withdraw 1 ether (balance is 2, withdrawal is 1)     // Original: acc.balance >= _am (2 >= 1) => true => success     // Mutant:   acc.balance <= _am (2 <= 1) => false => revert     const withdrawAmount = ethers.parseEther(""1"");          await expect(       bankInstance.connect(addr1).Collect(withdrawAmount)     ).to.be.reverted;   }); });","""['Error: syntax error']"""
m3b9d6de6,MY_BANK,<generic-v6-scaffold>,Collect,live,>=,==,---|         if( acc.balance>=MinSum && acc.balance>=_am && block.timestamp>acc.unlockTime) +++|         if( acc.balance>=MinSum && acc.balance==_am && block.timestamp>acc.unlockTime),18,Mutant m3b9d6de6 of function Collect replaces >= with ==,"pragma solidity ^0.8.0; contract MY_BANK { function Put(uint _unlockTime) public payable { Holder storage acc = Acc[msg.sender]; require(((acc.balance + msg.value) >= acc.balance)); acc.balance += msg.value; acc.unlockTime = _unlockTime>block.timestamp?_unlockTime:block.timestamp; LogFile.AddMessage(msg.sender,msg.value,""Put""); } function Collect(uint _am) public payable { Holder storage acc = Acc[msg.sender]; if( acc.balance>=MinSum && acc.balance>=_am && block.timestamp>acc.unlockTime) { acc.balance = (acc.balance - _am); { (bool _s, bytes memory _d) = msg.sender.call{value: _am}(""""); _d; if (_s) { LogFile.AddMessage(msg.sender,_am,""Collect""); } else {revert (); } } } } fallback() external payable { Put(0); } struct Holder { uint unlockTime; uint balance; } mapping (address => Holder) public Acc; Log LogFile; uint public MinSum = 1 ether; constructor(address log) public{ LogFile = Log(log); } } contract Log { struct Message { address Sender; string  Data; uint Val; uint  Time; } Message[] public History; Message LastMsg; function AddMessage(address _adr,uint _val, string memory _data) public { LastMsg.Sender = _adr; LastMsg.Time = block.timestamp; LastMsg.Val = _val; LastMsg.Data = _data; History.push(LastMsg); } }","import { expect } from ""chai""; import { ethers } from ""hardhat""; describe(""MY_BANK reference (ethers v6; deploy may require constructor arguments)"", function () { it(""deploy MY_BANK by supplying its REQUIRED constructor arguments (read them from the contract constructor), then call methods and assert; use ethers.parseEther, await (await tx).wait(), and expect(...).to.be.reverted"", async function () { const [owner, addr1, addr2] = await ethers.getSigners(); const Factory = await ethers.getContractFactory(""MY_BANK""); const instance = await Factory.deploy(...constructorArgs); await instance.waitForDeployment(); }); });",False,False,"import { expect } from ""chai""; import { ethers } from ""hardhat"";  describe(""MY_BANK - mutant m3b9d6de6 test"", function () {   it(""should kill mutant by withdrawing less than full balance"", async function () {     const [owner, addr1] = await ethers.getSigners();          // Deploy Log contract first     const LogFactory = await ethers.getContractFactory(""Log"");     const logInstance = await LogFactory.deploy();     await logInstance.waitForDeployment();          // Deploy MY_BANK with Log address as constructor argument     const BankFactory = await ethers.getContractFactory(""MY_BANK"");     const bankInstance = await BankFactory.deploy(await logInstance.getAddress());     await bankInstance.waitForDeployment();          // Deposit 2 ether from addr1     const depositAmount = ethers.parseEther(""2"");     await bankInstance.connect(addr1).Put(0, { value: depositAmount });          // Attempt to withdraw 1 ether (less than full balance)     const withdrawAmount = ethers.parseEther(""1"");          // The mutant requires acc.balance == _am, so this should revert     // The original would succeed since acc.balance >= _am     await expect(       bankInstance.connect(addr1).Collect(withdrawAmount)     ).to.be.reverted;   }); });","""['Error: syntax error']"""
m09b95825,MY_BANK,<generic-v6-scaffold>,Collect,live,>,<,---|         if( acc.balance>=MinSum && acc.balance>=_am && block.timestamp>acc.unlockTime) +++|         if( acc.balance>=MinSum && acc.balance>=_am && block.timestamp<acc.unlockTime),18,Mutant m09b95825 of function Collect replaces > with <,"pragma solidity ^0.8.0; contract MY_BANK { function Put(uint _unlockTime) public payable { Holder storage acc = Acc[msg.sender]; require(((acc.balance + msg.value) >= acc.balance)); acc.balance += msg.value; acc.unlockTime = _unlockTime>block.timestamp?_unlockTime:block.timestamp; LogFile.AddMessage(msg.sender,msg.value,""Put""); } function Collect(uint _am) public payable { Holder storage acc = Acc[msg.sender]; if( acc.balance>=MinSum && acc.balance>=_am && block.timestamp>acc.unlockTime) { acc.balance = (acc.balance - _am); { (bool _s, bytes memory _d) = msg.sender.call{value: _am}(""""); _d; if (_s) { LogFile.AddMessage(msg.sender,_am,""Collect""); } else {revert (); } } } } fallback() external payable { Put(0); } struct Holder { uint unlockTime; uint balance; } mapping (address => Holder) public Acc; Log LogFile; uint public MinSum = 1 ether; constructor(address log) public{ LogFile = Log(log); } } contract Log { struct Message { address Sender; string  Data; uint Val; uint  Time; } Message[] public History; Message LastMsg; function AddMessage(address _adr,uint _val, string memory _data) public { LastMsg.Sender = _adr; LastMsg.Time = block.timestamp; LastMsg.Val = _val; LastMsg.Data = _data; History.push(LastMsg); } }","import { expect } from ""chai""; import { ethers } from ""hardhat""; describe(""MY_BANK reference (ethers v6; deploy may require constructor arguments)"", function () { it(""deploy MY_BANK by supplying its REQUIRED constructor arguments (read them from the contract constructor), then call methods and assert; use ethers.parseEther, await (await tx).wait(), and expect(...).to.be.reverted"", async function () { const [owner, addr1, addr2] = await ethers.getSigners(); const Factory = await ethers.getContractFactory(""MY_BANK""); const instance = await Factory.deploy(...constructorArgs); await instance.waitForDeployment(); }); });",False,False,"import { expect } from ""chai""; import { ethers } from ""hardhat"";  describe(""MY_BANK mutant m09b95825 detection"", function () {   it(""should detect the mutated Collect function that uses < instead of > for timestamp check"", async function () {     const [owner, user] = await ethers.getSigners();          // Deploy Log contract first     const LogFactory = await ethers.getContractFactory(""Log"");     const log = await LogFactory.deploy();     await log.waitForDeployment();          // Deploy MY_BANK with Log address as constructor argument     const BankFactory = await ethers.getContractFactory(""MY_BANK"");     const bank = await BankFactory.deploy(await log.getAddress());     await bank.waitForDeployment();          const depositAmount = ethers.parseEther(""2"");     const withdrawAmount = ethers.parseEther(""1"");          // Set unlock time to 1 hour in the future from now     const currentTime = (await ethers.provider.getBlock(""latest"")).timestamp;     const futureUnlockTime = currentTime + 3600; // 1 hour from now          // Deposit funds with future unlock time     await bank.connect(user).Put(futureUnlockTime, { value: depositAmount });          // Verify balance was added     const holder = await bank.Acc(user.address);     expect(holder.balance).to.equal(depositAmount);     expect(holder.unlockTime).to.equal(futureUnlockTime);          // Fast-forward time past the unlock time     await ethers.provider.send(""evm_setNextBlockTimestamp"", [futureUnlockTime + 1]);     await ethers.provider.send(""evm_mine"");          // Attempt to withdraw - should succeed on original (timestamp > unlockTime)     // but fail on mutant (timestamp < unlockTime is false after unlock time passed)     await expect(       bank.connect(user).Collect(withdrawAmount)     ).to.be.reverted;   }); });","""['Error: syntax error']"""
mbb16f51a,MY_BANK,<generic-v6-scaffold>,Collect,live,>,>= ,---|         if( acc.balance>=MinSum && acc.balance>=_am && block.timestamp>acc.unlockTime) +++|         if( acc.balance>=MinSum && acc.balance>=_am && block.timestamp>= acc.unlockTime),18,Mutant mbb16f51a of function Collect replaces > with >=,"pragma solidity ^0.8.0; contract MY_BANK { function Put(uint _unlockTime) public payable { Holder storage acc = Acc[msg.sender]; require(((acc.balance + msg.value) >= acc.balance)); acc.balance += msg.value; acc.unlockTime = _unlockTime>block.timestamp?_unlockTime:block.timestamp; LogFile.AddMessage(msg.sender,msg.value,""Put""); } function Collect(uint _am) public payable { Holder storage acc = Acc[msg.sender]; if( acc.balance>=MinSum && acc.balance>=_am && block.timestamp>acc.unlockTime) { acc.balance = (acc.balance - _am); { (bool _s, bytes memory _d) = msg.sender.call{value: _am}(""""); _d; if (_s) { LogFile.AddMessage(msg.sender,_am,""Collect""); } else {revert (); } } } } fallback() external payable { Put(0); } struct Holder { uint unlockTime; uint balance; } mapping (address => Holder) public Acc; Log LogFile; uint public MinSum = 1 ether; constructor(address log) public{ LogFile = Log(log); } } contract Log { struct Message { address Sender; string  Data; uint Val; uint  Time; } Message[] public History; Message LastMsg; function AddMessage(address _adr,uint _val, string memory _data) public { LastMsg.Sender = _adr; LastMsg.Time = block.timestamp; LastMsg.Val = _val; LastMsg.Data = _data; History.push(LastMsg); } }","import { expect } from ""chai""; import { ethers } from ""hardhat""; describe(""MY_BANK reference (ethers v6; deploy may require constructor arguments)"", function () { it(""deploy MY_BANK by supplying its REQUIRED constructor arguments (read them from the contract constructor), then call methods and assert; use ethers.parseEther, await (await tx).wait(), and expect(...).to.be.reverted"", async function () { const [owner, addr1, addr2] = await ethers.getSigners(); const Factory = await ethers.getContractFactory(""MY_BANK""); const instance = await Factory.deploy(...constructorArgs); await instance.waitForDeployment(); }); });",False,False,"import { expect } from ""chai""; import { ethers } from ""hardhat"";  describe(""MY_BANK mutant mbb16f51a test"", function () {   it(""should revert when Collect is called exactly at unlockTime (original behavior), but mutant allows it"", async function () {     const [owner, user] = await ethers.getSigners();          // Deploy Log contract first (required constructor argument for MY_BANK)     const LogFactory = await ethers.getContractFactory(""Log"");     const log = await LogFactory.deploy();     await log.waitForDeployment();          // Deploy MY_BANK with Log address     const Factory = await ethers.getContractFactory(""MY_BANK"");     const bank = await Factory.deploy(await log.getAddress());     await bank.waitForDeployment();          // Get current block timestamp     const blockNumBefore = await ethers.provider.getBlockNumber();     const blockBefore = await ethers.provider.getBlock(blockNumBefore);     const currentTimestamp = blockBefore.timestamp;          // Put funds with unlock time set to current timestamp (exactly now)     const putAmount = ethers.parseEther(""2"");     await bank.connect(user).Put(currentTimestamp, { value: putAmount });          // Advance to exactly the unlock time (no additional time)     await ethers.provider.send(""evm_setNextBlockTimestamp"", [currentTimestamp]);     await ethers.provider.send(""evm_mine"", []);          // Attempt to collect exactly at unlock time     const collectAmount = ethers.parseEther(""1"");          // This should revert on original (block.timestamp > acc.unlockTime is false when equal)     // But mutant uses >= so it would succeed - we expect revert to kill mutant     await expect(       bank.connect(user).Collect(collectAmount)     ).to.be.reverted;   }); });","""['Error: syntax error']"""
mbb0b5dbb,MY_BANK,<generic-v6-scaffold>,Collect,live, - , + ,---|             acc.balance = (acc.balance - _am); +++|             acc.balance = (acc.balance + _am);,21,Mutant mbb0b5dbb of function Collect replaces - with +,"pragma solidity ^0.8.0; contract MY_BANK { function Put(uint _unlockTime) public payable { Holder storage acc = Acc[msg.sender]; require(((acc.balance + msg.value) >= acc.balance)); acc.balance += msg.value; acc.unlockTime = _unlockTime>block.timestamp?_unlockTime:block.timestamp; LogFile.AddMessage(msg.sender,msg.value,""Put""); } function Collect(uint _am) public payable { Holder storage acc = Acc[msg.sender]; if( acc.balance>=MinSum && acc.balance>=_am && block.timestamp>acc.unlockTime) { acc.balance = (acc.balance - _am); { (bool _s, bytes memory _d) = msg.sender.call{value: _am}(""""); _d; if (_s) { LogFile.AddMessage(msg.sender,_am,""Collect""); } else {revert (); } } } } fallback() external payable { Put(0); } struct Holder { uint unlockTime; uint balance; } mapping (address => Holder) public Acc; Log LogFile; uint public MinSum = 1 ether; constructor(address log) public{ LogFile = Log(log); } } contract Log { struct Message { address Sender; string  Data; uint Val; uint  Time; } Message[] public History; Message LastMsg; function AddMessage(address _adr,uint _val, string memory _data) public { LastMsg.Sender = _adr; LastMsg.Time = block.timestamp; LastMsg.Val = _val; LastMsg.Data = _data; History.push(LastMsg); } }","import { expect } from ""chai""; import { ethers } from ""hardhat""; describe(""MY_BANK reference (ethers v6; deploy may require constructor arguments)"", function () { it(""deploy MY_BANK by supplying its REQUIRED constructor arguments (read them from the contract constructor), then call methods and assert; use ethers.parseEther, await (await tx).wait(), and expect(...).to.be.reverted"", async function () { const [owner, addr1, addr2] = await ethers.getSigners(); const Factory = await ethers.getContractFactory(""MY_BANK""); const instance = await Factory.deploy(...constructorArgs); await instance.waitForDeployment(); }); });",False,False,"import { expect } from ""chai""; import { ethers } from ""hardhat"";  describe(""MY_BANK mutant kill test - mbb0b5dbb"", function () {   it(""should detect that Collect incorrectly adds instead of subtracts balance"", async function () {     const [owner, addr1] = await ethers.getSigners();          // Deploy Log contract first (required constructor argument for MY_BANK)     const LogFactory = await ethers.getContractFactory(""Log"");     const log = await LogFactory.deploy();     await log.waitForDeployment();          // Deploy MY_BANK with Log address     const BankFactory = await ethers.getContractFactory(""MY_BANK"");     const bank = await BankFactory.deploy(await log.getAddress());     await bank.waitForDeployment();          const bankAddress = await bank.getAddress();          // Fund addr1 with some ether     const depositAmount = ethers.parseEther(""5.0"");     const withdrawAmount = ethers.parseEther(""2.0"");          // Deposit ether into the bank (Put function)     await bank.connect(addr1).Put(0, { value: depositAmount });          // Check initial balance     let holder = await bank.Acc(addr1.address);     const initialBalance = holder.balance;     expect(initialBalance).to.equal(depositAmount);          // Set unlock time to past (0 is fine since block.timestamp > 0)     // The MinSum is 1 ether, and we have 5 ether, so withdraw 2 ether should work          // Execute Collect - in original this subtracts, in mutant it adds     await bank.connect(addr1).Collect(withdrawAmount);          // Check balance after Collect     holder = await bank.Acc(addr1.address);     const finalBalance = holder.balance;          // In original: finalBalance = initialBalance - withdrawAmount = 3 ether     // In mutant: finalBalance = initialBalance + withdrawAmount = 7 ether     // Assert the original behavior to kill the mutant     expect(finalBalance).to.equal(initialBalance - withdrawAmount);   }); });","""['Error: syntax error']"""
mc28de427,MY_BANK,<generic-v6-scaffold>,Collect,live, - , / ,---|             acc.balance = (acc.balance - _am); +++|             acc.balance = (acc.balance / _am);,21,Mutant mc28de427 of function Collect replaces - with /,"pragma solidity ^0.8.0; contract MY_BANK { function Put(uint _unlockTime) public payable { Holder storage acc = Acc[msg.sender]; require(((acc.balance + msg.value) >= acc.balance)); acc.balance += msg.value; acc.unlockTime = _unlockTime>block.timestamp?_unlockTime:block.timestamp; LogFile.AddMessage(msg.sender,msg.value,""Put""); } function Collect(uint _am) public payable { Holder storage acc = Acc[msg.sender]; if( acc.balance>=MinSum && acc.balance>=_am && block.timestamp>acc.unlockTime) { acc.balance = (acc.balance - _am); { (bool _s, bytes memory _d) = msg.sender.call{value: _am}(""""); _d; if (_s) { LogFile.AddMessage(msg.sender,_am,""Collect""); } else {revert (); } } } } fallback() external payable { Put(0); } struct Holder { uint unlockTime; uint balance; } mapping (address => Holder) public Acc; Log LogFile; uint public MinSum = 1 ether; constructor(address log) public{ LogFile = Log(log); } } contract Log { struct Message { address Sender; string  Data; uint Val; uint  Time; } Message[] public History; Message LastMsg; function AddMessage(address _adr,uint _val, string memory _data) public { LastMsg.Sender = _adr; LastMsg.Time = block.timestamp; LastMsg.Val = _val; LastMsg.Data = _data; History.push(LastMsg); } }","import { expect } from ""chai""; import { ethers } from ""hardhat""; describe(""MY_BANK reference (ethers v6; deploy may require constructor arguments)"", function () { it(""deploy MY_BANK by supplying its REQUIRED constructor arguments (read them from the contract constructor), then call methods and assert; use ethers.parseEther, await (await tx).wait(), and expect(...).to.be.reverted"", async function () { const [owner, addr1, addr2] = await ethers.getSigners(); const Factory = await ethers.getContractFactory(""MY_BANK""); const instance = await Factory.deploy(...constructorArgs); await instance.waitForDeployment(); }); });",False,False,"import { expect } from ""chai""; import { ethers } from ""hardhat"";  describe(""MY_BANK mutant mc28de427 test"", function () {   it(""should detect the mutant by checking balance after Collect uses division instead of subtraction"", async function () {     const [owner, user] = await ethers.getSigners();          // Deploy Log contract first (required constructor argument for MY_BANK)     const LogFactory = await ethers.getContractFactory(""Log"");     const log = await LogFactory.deploy();     await log.waitForDeployment();          // Deploy MY_BANK with Log contract address     const BankFactory = await ethers.getContractFactory(""MY_BANK"");     const bank = await BankFactory.deploy(await log.getAddress());     await bank.waitForDeployment();          // Deposit 10 ether into the bank from user     const depositAmount = ethers.parseEther(""10"");     await bank.connect(user).Put(0, { value: depositAmount });          // Verify initial balance     let userBalance = (await bank.Acc(user.address)).balance;     expect(userBalance).to.equal(depositAmount);          // Collect 4 ether (less than balance)     const withdrawAmount = ethers.parseEther(""4"");     await bank.connect(user).Collect(withdrawAmount);          // Check remaining balance - original would be 6 ether, mutant would be 2.5 (truncated to 2)     userBalance = (await bank.Acc(user.address)).balance;          // For the original contract, balance should be depositAmount - withdrawAmount = 6 ether     // For the mutant, balance would be depositAmount / withdrawAmount = 2 ether (integer division)     expect(userBalance).to.equal(ethers.parseEther(""6""));   }); });","""['Error: syntax error']"""
mc81ba198,MY_BANK,<generic-v6-scaffold>,Collect,live,acc.balance>=MinSum && acc.balance>=_am && block.timestamp>acc.unlockTime,true,---|         if( acc.balance>=MinSum && acc.balance>=_am && block.timestamp>acc.unlockTime) +++|         if( true),18,Mutant mc81ba198 of function Collect replaces acc.balance>=MinSum && acc.balance>=_am && block.timestamp>acc.unlockTime with true,"pragma solidity ^0.8.0; contract MY_BANK { function Put(uint _unlockTime) public payable { Holder storage acc = Acc[msg.sender]; require(((acc.balance + msg.value) >= acc.balance)); acc.balance += msg.value; acc.unlockTime = _unlockTime>block.timestamp?_unlockTime:block.timestamp; LogFile.AddMessage(msg.sender,msg.value,""Put""); } function Collect(uint _am) public payable { Holder storage acc = Acc[msg.sender]; if( acc.balance>=MinSum && acc.balance>=_am && block.timestamp>acc.unlockTime) { acc.balance = (acc.balance - _am); { (bool _s, bytes memory _d) = msg.sender.call{value: _am}(""""); _d; if (_s) { LogFile.AddMessage(msg.sender,_am,""Collect""); } else {revert (); } } } } fallback() external payable { Put(0); } struct Holder { uint unlockTime; uint balance; } mapping (address => Holder) public Acc; Log LogFile; uint public MinSum = 1 ether; constructor(address log) public{ LogFile = Log(log); } } contract Log { struct Message { address Sender; string  Data; uint Val; uint  Time; } Message[] public History; Message LastMsg; function AddMessage(address _adr,uint _val, string memory _data) public { LastMsg.Sender = _adr; LastMsg.Time = block.timestamp; LastMsg.Val = _val; LastMsg.Data = _data; History.push(LastMsg); } }","import { expect } from ""chai""; import { ethers } from ""hardhat""; describe(""MY_BANK reference (ethers v6; deploy may require constructor arguments)"", function () { it(""deploy MY_BANK by supplying its REQUIRED constructor arguments (read them from the contract constructor), then call methods and assert; use ethers.parseEther, await (await tx).wait(), and expect(...).to.be.reverted"", async function () { const [owner, addr1, addr2] = await ethers.getSigners(); const Factory = await ethers.getContractFactory(""MY_BANK""); const instance = await Factory.deploy(...constructorArgs); await instance.waitForDeployment(); }); });",False,False,"import { expect } from ""chai""; import { ethers } from ""hardhat"";  describe(""MY_BANK - kill mutant mc81ba198"", function () {   it(""should revert when calling Collect with amount greater than balance or before unlock time, but mutant allows it"", async function () {     const [owner, user] = await ethers.getSigners();          // Deploy Log contract first (required constructor argument for MY_BANK)     const LogFactory = await ethers.getContractFactory(""Log"");     const log = await LogFactory.deploy();     await log.waitForDeployment();          // Deploy MY_BANK with Log contract address     const BankFactory = await ethers.getContractFactory(""MY_BANK"");     const bank = await BankFactory.deploy(await log.getAddress());     await bank.waitForDeployment();          // User deposits 1 ether     const depositAmount = ethers.parseEther(""1"");     await bank.connect(user).Put(0, { value: depositAmount });          // Verify user's balance     const userAccount = await bank.Acc(user.address);     expect(userAccount.balance).to.equal(depositAmount);          // Try to collect more than balance (should revert in original, succeed in mutant)     const collectAmount = ethers.parseEther(""2"");          // In original: reverts because balance (1 ether) < MinSum (1 ether) for _am > balance     // In mutant: succeeds because condition is always true     await expect(       bank.connect(user).Collect(collectAmount)     ).to.be.reverted;          // Verify that after the failed call, balance remains unchanged     const balanceAfter = await bank.Acc(user.address);     expect(balanceAfter.balance).to.equal(depositAmount);   }); });","""['Error: syntax error']"""
m86b1a35c,MY_BANK,<generic-v6-scaffold>,Collect,live,acc.balance>=MinSum && acc.balance>=_am && block.timestamp>acc.unlockTime,false,---|         if( acc.balance>=MinSum && acc.balance>=_am && block.timestamp>acc.unlockTime) +++|         if( false),18,Mutant m86b1a35c of function Collect replaces acc.balance>=MinSum && acc.balance>=_am && block.timestamp>acc.unlockTime with false,"pragma solidity ^0.8.0; contract MY_BANK { function Put(uint _unlockTime) public payable { Holder storage acc = Acc[msg.sender]; require(((acc.balance + msg.value) >= acc.balance)); acc.balance += msg.value; acc.unlockTime = _unlockTime>block.timestamp?_unlockTime:block.timestamp; LogFile.AddMessage(msg.sender,msg.value,""Put""); } function Collect(uint _am) public payable { Holder storage acc = Acc[msg.sender]; if( acc.balance>=MinSum && acc.balance>=_am && block.timestamp>acc.unlockTime) { acc.balance = (acc.balance - _am); { (bool _s, bytes memory _d) = msg.sender.call{value: _am}(""""); _d; if (_s) { LogFile.AddMessage(msg.sender,_am,""Collect""); } else {revert (); } } } } fallback() external payable { Put(0); } struct Holder { uint unlockTime; uint balance; } mapping (address => Holder) public Acc; Log LogFile; uint public MinSum = 1 ether; constructor(address log) public{ LogFile = Log(log); } } contract Log { struct Message { address Sender; string  Data; uint Val; uint  Time; } Message[] public History; Message LastMsg; function AddMessage(address _adr,uint _val, string memory _data) public { LastMsg.Sender = _adr; LastMsg.Time = block.timestamp; LastMsg.Val = _val; LastMsg.Data = _data; History.push(LastMsg); } }","import { expect } from ""chai""; import { ethers } from ""hardhat""; describe(""MY_BANK reference (ethers v6; deploy may require constructor arguments)"", function () { it(""deploy MY_BANK by supplying its REQUIRED constructor arguments (read them from the contract constructor), then call methods and assert; use ethers.parseEther, await (await tx).wait(), and expect(...).to.be.reverted"", async function () { const [owner, addr1, addr2] = await ethers.getSigners(); const Factory = await ethers.getContractFactory(""MY_BANK""); const instance = await Factory.deploy(...constructorArgs); await instance.waitForDeployment(); }); });",False,False,"import { expect } from ""chai""; import { ethers } from ""hardhat"";  describe(""MY_BANK reference (ethers v6; deploy may require constructor arguments)"", function () {   it(""should kill mutant m86b1a35c by detecting that Collect always reverts when condition is replaced with false"", async function () {     const [owner, addr1] = await ethers.getSigners();          // Deploy the Log contract first (required by MY_BANK constructor)     const LogFactory = await ethers.getContractFactory(""Log"");     const logInstance = await LogFactory.deploy();     await logInstance.waitForDeployment();          // Deploy MY_BANK with Log contract address as constructor argument     const Factory = await ethers.getContractFactory(""MY_BANK"");     const instance = await Factory.deploy(await logInstance.getAddress());     await instance.waitForDeployment();          // Fund addr1 with some ether     const depositAmount = ethers.parseEther(""2.0"");     const currentTimestamp = Math.floor(Date.now() / 1000);     const unlockTime = currentTimestamp - 3600; // 1 hour in the past          // addr1 deposits 2 ether with an unlock time in the past     await instance.connect(addr1).Put(unlockTime, { value: depositAmount });          // Verify balance is set correctly     const holder = await instance.Acc(addr1.address);     expect(holder.balance).to.equal(depositAmount);          // Attempt to collect 1 ether - this should succeed on original but fail on mutant     const withdrawAmount = ethers.parseEther(""1.0"");          // On the original contract, this call should succeed (all conditions met)     // On the mutant, this call should revert because condition is always false     await expect(       instance.connect(addr1).Collect(withdrawAmount)     ).to.be.reverted;          // Verify that the balance was NOT decreased (since transaction reverted)     const holderAfter = await instance.Acc(addr1.address);     expect(holderAfter.balance).to.equal(depositAmount);   }); });","""['Error: syntax error']"""
m2bafc819,MY_BANK,<generic-v6-scaffold>,Collect,live,_s,true,"---|             { (bool _s, bytes memory _d) = msg.sender.call{value: _am}(""""); _d; if (_s) { +++|             { (bool _s, bytes memory _d) = msg.sender.call{value: _am}(""""); _d; if (true) {",22,Mutant m2bafc819 of function Collect replaces _s with true,"pragma solidity ^0.8.0; contract MY_BANK { function Put(uint _unlockTime) public payable { Holder storage acc = Acc[msg.sender]; require(((acc.balance + msg.value) >= acc.balance)); acc.balance += msg.value; acc.unlockTime = _unlockTime>block.timestamp?_unlockTime:block.timestamp; LogFile.AddMessage(msg.sender,msg.value,""Put""); } function Collect(uint _am) public payable { Holder storage acc = Acc[msg.sender]; if( acc.balance>=MinSum && acc.balance>=_am && block.timestamp>acc.unlockTime) { acc.balance = (acc.balance - _am); { (bool _s, bytes memory _d) = msg.sender.call{value: _am}(""""); _d; if (_s) { LogFile.AddMessage(msg.sender,_am,""Collect""); } else {revert (); } } } } fallback() external payable { Put(0); } struct Holder { uint unlockTime; uint balance; } mapping (address => Holder) public Acc; Log LogFile; uint public MinSum = 1 ether; constructor(address log) public{ LogFile = Log(log); } } contract Log { struct Message { address Sender; string  Data; uint Val; uint  Time; } Message[] public History; Message LastMsg; function AddMessage(address _adr,uint _val, string memory _data) public { LastMsg.Sender = _adr; LastMsg.Time = block.timestamp; LastMsg.Val = _val; LastMsg.Data = _data; History.push(LastMsg); } }","import { expect } from ""chai""; import { ethers } from ""hardhat""; describe(""MY_BANK reference (ethers v6; deploy may require constructor arguments)"", function () { it(""deploy MY_BANK by supplying its REQUIRED constructor arguments (read them from the contract constructor), then call methods and assert; use ethers.parseEther, await (await tx).wait(), and expect(...).to.be.reverted"", async function () { const [owner, addr1, addr2] = await ethers.getSigners(); const Factory = await ethers.getContractFactory(""MY_BANK""); const instance = await Factory.deploy(...constructorArgs); await instance.waitForDeployment(); }); });",False,False,"import { expect } from ""chai""; import { ethers } } from ""hardhat"";  describe(""MY_BANK mutant detection - m2bafc819"", function () {   it(""should revert Collect when external call fails, preventing balance deduction and event emission"", async function () {     const [owner, attacker, recipient] = await ethers.getSigners();      // Deploy Log contract first     const LogFactory = await ethers.getContractFactory(""Log"");     const log = await LogFactory.deploy();     await log.waitForDeployment();      // Deploy MY_BANK with Log address     const BankFactory = await ethers.getContractFactory(""MY_BANK"");     const bank = await BankFactory.deploy(await log.getAddress());     await bank.waitForDeployment();      // Deploy a contract that rejects Ether     const RejectorFactory = await ethers.getContractFactory(""RejectEther"");     const rejector = await RejectorFactory.deploy();     await rejector.waitForDeployment();      // Fund the bank from attacker (needs to put ether first)     const putAmount = ethers.parseEther(""10"");     await bank.connect(attacker).Put(0, { value: putAmount });      // Fund the rejector contract so it can receive the call (but will revert)     await owner.sendTransaction({       to: await rejector.getAddress(),       value: ethers.parseEther(""1"")     });      // Now try to collect from attacker's account, sending to rejector (which will fail)     // We need to make attacker the caller but the recipient will be rejector     // Since MY_BANK sends to msg.sender, we must call from rejector contract     // But rejector cannot call - so we use a different approach:      // Call Collect from a contract that will receive the ether and revert     const collectAmount = ethers.parseEther(""1"");          // First, fund the bank from the rejector contract address     await bank.connect(rejector).Put(0, { value: putAmount });      // Now try Collect from rejector - it will try to send ether to rejector which reverts     await expect(       bank.connect(rejector).Collect(collectAmount)     ).to.be.reverted;      // Verify balance was NOT deducted from rejector's account     const holderInfo = await bank.Acc(await rejector.getAddress());     expect(holderInfo.balance).to.equal(putAmount);   }); });  // Helper contract that reverts on receive contract RejectEther {   receive() external payable {     revert(""I reject your ether"");   } }","""['Error: syntax error']"""
m5f694efc,MY_BANK,<generic-v6-scaffold>,Collect,live,_s,false,"---|             { (bool _s, bytes memory _d) = msg.sender.call{value: _am}(""""); _d; if (_s) { +++|             { (bool _s, bytes memory _d) = msg.sender.call{value: _am}(""""); _d; if (false) {",22,Mutant m5f694efc of function Collect replaces _s with false,"pragma solidity ^0.8.0; contract MY_BANK { function Put(uint _unlockTime) public payable { Holder storage acc = Acc[msg.sender]; require(((acc.balance + msg.value) >= acc.balance)); acc.balance += msg.value; acc.unlockTime = _unlockTime>block.timestamp?_unlockTime:block.timestamp; LogFile.AddMessage(msg.sender,msg.value,""Put""); } function Collect(uint _am) public payable { Holder storage acc = Acc[msg.sender]; if( acc.balance>=MinSum && acc.balance>=_am && block.timestamp>acc.unlockTime) { acc.balance = (acc.balance - _am); { (bool _s, bytes memory _d) = msg.sender.call{value: _am}(""""); _d; if (_s) { LogFile.AddMessage(msg.sender,_am,""Collect""); } else {revert (); } } } } fallback() external payable { Put(0); } struct Holder { uint unlockTime; uint balance; } mapping (address => Holder) public Acc; Log LogFile; uint public MinSum = 1 ether; constructor(address log) public{ LogFile = Log(log); } } contract Log { struct Message { address Sender; string  Data; uint Val; uint  Time; } Message[] public History; Message LastMsg; function AddMessage(address _adr,uint _val, string memory _data) public { LastMsg.Sender = _adr; LastMsg.Time = block.timestamp; LastMsg.Val = _val; LastMsg.Data = _data; History.push(LastMsg); } }","import { expect } from ""chai""; import { ethers } from ""hardhat""; describe(""MY_BANK reference (ethers v6; deploy may require constructor arguments)"", function () { it(""deploy MY_BANK by supplying its REQUIRED constructor arguments (read them from the contract constructor), then call methods and assert; use ethers.parseEther, await (await tx).wait(), and expect(...).to.be.reverted"", async function () { const [owner, addr1, addr2] = await ethers.getSigners(); const Factory = await ethers.getContractFactory(""MY_BANK""); const instance = await Factory.deploy(...constructorArgs); await instance.waitForDeployment(); }); });",False,False,"import { expect } from ""chai""; import { ethers } } from ""hardhat"";  describe(""MY_BANK mutant detection - Collect with false"", function () {   it(""should succeed on original but revert on mutant when calling Collect after valid deposit"", async function () {     const [owner, addr1] = await ethers.getSigners();          // Deploy Log contract first (required constructor argument)     const LogFactory = await ethers.getContractFactory(""Log"");     const logContract = await LogFactory.deploy();     await logContract.waitForDeployment();          // Deploy MY_BANK with Log address     const BankFactory = await ethers.getContractFactory(""MY_BANK"");     const bank = await BankFactory.deploy(await logContract.getAddress());     await bank.waitForDeployment();          const depositAmount = ethers.parseEther(""2"");     const unlockTime = Math.floor(Date.now() / 1000) + 3600; // 1 hour from now          // Deposit from addr1     await bank.connect(addr1).Put(unlockTime, { value: depositAmount });          // Wait for unlock time (in test we can fast-forward time)     await ethers.provider.send(""evm_setNextBlockTimestamp"", [unlockTime + 1]);     await ethers.provider.send(""evm_mine"");          // Now try to collect - this should succeed on original but revert on mutant     const collectAmount = ethers.parseEther(""1"");          // The mutant always reverts because _s is replaced with false     // On the original, this call would succeed     await expect(       bank.connect(addr1).Collect(collectAmount)     ).to.be.reverted;   }); });","""['Error: syntax error']"""
md5c36a14,MY_BANK,<generic-v6-scaffold>,Collect,live,else {revert (); },,---|             } else {revert (); } } +++|             }  },25,Mutant md5c36a14 of function Collect replaces else {revert (); } with ,"pragma solidity ^0.8.0; contract MY_BANK { function Put(uint _unlockTime) public payable { Holder storage acc = Acc[msg.sender]; require(((acc.balance + msg.value) >= acc.balance)); acc.balance += msg.value; acc.unlockTime = _unlockTime>block.timestamp?_unlockTime:block.timestamp; LogFile.AddMessage(msg.sender,msg.value,""Put""); } function Collect(uint _am) public payable { Holder storage acc = Acc[msg.sender]; if( acc.balance>=MinSum && acc.balance>=_am && block.timestamp>acc.unlockTime) { acc.balance = (acc.balance - _am); { (bool _s, bytes memory _d) = msg.sender.call{value: _am}(""""); _d; if (_s) { LogFile.AddMessage(msg.sender,_am,""Collect""); } else {revert (); } } } } fallback() external payable { Put(0); } struct Holder { uint unlockTime; uint balance; } mapping (address => Holder) public Acc; Log LogFile; uint public MinSum = 1 ether; constructor(address log) public{ LogFile = Log(log); } } contract Log { struct Message { address Sender; string  Data; uint Val; uint  Time; } Message[] public History; Message LastMsg; function AddMessage(address _adr,uint _val, string memory _data) public { LastMsg.Sender = _adr; LastMsg.Time = block.timestamp; LastMsg.Val = _val; LastMsg.Data = _data; History.push(LastMsg); } }","import { expect } from ""chai""; import { ethers } from ""hardhat""; describe(""MY_BANK reference (ethers v6; deploy may require constructor arguments)"", function () { it(""deploy MY_BANK by supplying its REQUIRED constructor arguments (read them from the contract constructor), then call methods and assert; use ethers.parseEther, await (await tx).wait(), and expect(...).to.be.reverted"", async function () { const [owner, addr1, addr2] = await ethers.getSigners(); const Factory = await ethers.getContractFactory(""MY_BANK""); const instance = await Factory.deploy(...constructorArgs); await instance.waitForDeployment(); }); });",False,False,"import { expect } from ""chai""; import { ethers } from ""hardhat"";  describe(""MY_BANK mutant kill test - md5c36a14"", function () {   it(""should revert when Collect external call fails (mutant removed revert)"", async function () {     const [owner, user] = await ethers.getSigners();          // Deploy Log contract first (needed for MY_BANK constructor)     const LogFactory = await ethers.getContractFactory(""Log"");     const log = await LogFactory.deploy();     await log.waitForDeployment();          // Deploy MY_BANK with Log address     const BankFactory = await ethers.getContractFactory(""MY_BANK"");     const bank = await BankFactory.deploy(await log.getAddress());     await bank.waitForDeployment();          // Deploy a contract that rejects Ether to trigger failed external call     const RejectorFactory = await ethers.getContractFactory(""contract Rejector { receive() external payable { revert(); } }"");     const rejector = await RejectorFactory.deploy();     await rejector.waitForDeployment();          // Fund user with ether     await owner.sendTransaction({       to: user.address,       value: ethers.parseEther(""5"")     });          // User puts 2 ether into bank     await bank.connect(user).Put(ethers.parseEther(""0""), { value: ethers.parseEther(""2"") });          // Verify user has balance     const holderBefore = await bank.Acc(user.address);     expect(holderBefore.balance).to.equal(ethers.parseEther(""2""));          // User tries to collect 1 ether to the rejector contract (which will fail)     // In original contract this would revert, in mutant it would not     await expect(       bank.connect(user).Collect(ethers.parseEther(""1""))     ).to.be.reverted;          // Verify balance remains unchanged after failed collect     const holderAfter = await bank.Acc(user.address);     expect(holderAfter.balance).to.equal(ethers.parseEther(""2""));   }); });","""['Error: syntax error']"""
m055fca3c,MY_BANK,<generic-v6-scaffold>,Put,live,require(((acc.balance + msg.value) >= acc.balance));,/* require(((acc.balance + msg.value) >= acc.balance)); */,---|         require(((acc.balance + msg.value) >= acc.balance)); +++|,9,Mutant m055fca3c of function Put replaces require(((acc.balance + msg.value) >= acc.balance)); with ,"pragma solidity ^0.8.0; contract MY_BANK { function Put(uint _unlockTime) public payable { Holder storage acc = Acc[msg.sender]; require(((acc.balance + msg.value) >= acc.balance)); acc.balance += msg.value; acc.unlockTime = _unlockTime>block.timestamp?_unlockTime:block.timestamp; LogFile.AddMessage(msg.sender,msg.value,""Put""); } function Collect(uint _am) public payable { Holder storage acc = Acc[msg.sender]; if( acc.balance>=MinSum && acc.balance>=_am && block.timestamp>acc.unlockTime) { acc.balance = (acc.balance - _am); { (bool _s, bytes memory _d) = msg.sender.call{value: _am}(""""); _d; if (_s) { LogFile.AddMessage(msg.sender,_am,""Collect""); } else {revert (); } } } } fallback() external payable { Put(0); } struct Holder { uint unlockTime; uint balance; } mapping (address => Holder) public Acc; Log LogFile; uint public MinSum = 1 ether; constructor(address log) public{ LogFile = Log(log); } } contract Log { struct Message { address Sender; string  Data; uint Val; uint  Time; } Message[] public History; Message LastMsg; function AddMessage(address _adr,uint _val, string memory _data) public { LastMsg.Sender = _adr; LastMsg.Time = block.timestamp; LastMsg.Val = _val; LastMsg.Data = _data; History.push(LastMsg); } }","import { expect } from ""chai""; import { ethers } from ""hardhat""; describe(""MY_BANK reference (ethers v6; deploy may require constructor arguments)"", function () { it(""deploy MY_BANK by supplying its REQUIRED constructor arguments (read them from the contract constructor), then call methods and assert; use ethers.parseEther, await (await tx).wait(), and expect(...).to.be.reverted"", async function () { const [owner, addr1, addr2] = await ethers.getSigners(); const Factory = await ethers.getContractFactory(""MY_BANK""); const instance = await Factory.deploy(...constructorArgs); await instance.waitForDeployment(); }); });",False,False,"import { expect } from ""chai""; import { ethers } from ""hardhat"";  describe(""MY_BANK mutant m055fca3c detection test"", function () {   it(""should detect missing overflow protection in Put function"", async function () {     const [owner, user] = await ethers.getSigners();          // Deploy Log contract first (needed as constructor argument)     const LogFactory = await ethers.getContractFactory(""Log"");     const log = await LogFactory.deploy();     await log.waitForDeployment();          // Deploy MY_BANK with Log address     const BankFactory = await ethers.getContractFactory(""MY_BANK"");     const bank = await BankFactory.deploy(await log.getAddress());     await bank.waitForDeployment();          const bankAddress = await bank.getAddress();          // Step 1: Make an initial deposit to user's account     const initialDeposit = ethers.parseEther(""1"");     await user.sendTransaction({       to: bankAddress,       value: initialDeposit     });          // Step 2: Get current balance to verify state     const holderBefore = await bank.Acc(user.address);     const balanceBefore = holderBefore.balance;          // Step 3: Attempt to deposit an amount that would cause overflow     // Send max uint256 minus current balance (plus some small amount to ensure overflow)     const maxUint = ethers.MaxUint256;     const overflowAmount = maxUint - balanceBefore + 1n;          // In the original contract, this should revert due to overflow check     // In the mutant, it will succeed and wrap around to a small number     const tx = user.sendTransaction({       to: bankAddress,       value: overflowAmount     });          // The original would revert, but mutant allows the overflow     // We expect the transaction to succeed in the mutant     await expect(tx).to.not.be.reverted;          // Verify the balance has wrapped around (overflow behavior)     const holderAfter = await bank.Acc(user.address);     const balanceAfter = holderAfter.balance;          // After overflow: balance should be (balanceBefore + overflowAmount) mod 2^256     // Which equals (balanceBefore + maxUint - balanceBefore + 1) = 0     // But due to overflow wrapping, it should be less than initial balance     expect(balanceAfter).to.be.lessThan(balanceBefore);   }); });","""['Error: syntax error']"""
mc2300e09,MY_BANK,<generic-v6-scaffold>,Collect,live,revert ();,/* revert (); */,---|             } else {revert (); } } +++|             } else { } },25,Mutant mc2300e09 of function Collect replaces revert (); with ,"pragma solidity ^0.8.0; contract MY_BANK { function Put(uint _unlockTime) public payable { Holder storage acc = Acc[msg.sender]; require(((acc.balance + msg.value) >= acc.balance)); acc.balance += msg.value; acc.unlockTime = _unlockTime>block.timestamp?_unlockTime:block.timestamp; LogFile.AddMessage(msg.sender,msg.value,""Put""); } function Collect(uint _am) public payable { Holder storage acc = Acc[msg.sender]; if( acc.balance>=MinSum && acc.balance>=_am && block.timestamp>acc.unlockTime) { acc.balance = (acc.balance - _am); { (bool _s, bytes memory _d) = msg.sender.call{value: _am}(""""); _d; if (_s) { LogFile.AddMessage(msg.sender,_am,""Collect""); } else {revert (); } } } } fallback() external payable { Put(0); } struct Holder { uint unlockTime; uint balance; } mapping (address => Holder) public Acc; Log LogFile; uint public MinSum = 1 ether; constructor(address log) public{ LogFile = Log(log); } } contract Log { struct Message { address Sender; string  Data; uint Val; uint  Time; } Message[] public History; Message LastMsg; function AddMessage(address _adr,uint _val, string memory _data) public { LastMsg.Sender = _adr; LastMsg.Time = block.timestamp; LastMsg.Val = _val; LastMsg.Data = _data; History.push(LastMsg); } }","import { expect } from ""chai""; import { ethers } from ""hardhat""; describe(""MY_BANK reference (ethers v6; deploy may require constructor arguments)"", function () { it(""deploy MY_BANK by supplying its REQUIRED constructor arguments (read them from the contract constructor), then call methods and assert; use ethers.parseEther, await (await tx).wait(), and expect(...).to.be.reverted"", async function () { const [owner, addr1, addr2] = await ethers.getSigners(); const Factory = await ethers.getContractFactory(""MY_BANK""); const instance = await Factory.deploy(...constructorArgs); await instance.waitForDeployment(); }); });",False,False,"import { expect } from ""chai""; import { ethers } from ""hardhat"";  describe(""MY_BANK mutant mc2300e09 test"", function () {   it(""should revert when Collect is called and the recipient contract rejects Ether"", async function () {     // Deploy the Log contract first (required by MY_BANK constructor)     const LogFactory = await ethers.getContractFactory(""Log"");     const logInstance = await LogFactory.deploy();     await logInstance.waitForDeployment();      // Deploy a malicious receiver contract that always reverts on receive     const MaliciousReceiver = await ethers.getContractFactory(""MaliciousReceiver"");     const maliciousInstance = await MaliciousReceiver.deploy();     await maliciousInstance.waitForDeployment();      // Deploy MY_BANK with the Log contract address     const MY_BANKFactory = await ethers.getContractFactory(""MY_BANK"");     const bankInstance = await MY_BANKFactory.deploy(await logInstance.getAddress());     await bankInstance.waitForDeployment();      const [owner, user] = await ethers.getSigners();      // Fund the bank with some Ether for the user to collect     await owner.sendTransaction({       to: await bankInstance.getAddress(),       value: ethers.parseEther(""10"")     });      // User deposits Ether and sets unlock time to now (or in the past)     await bankInstance.connect(user).Put(0, { value: ethers.parseEther(""2"") });      // Get current block timestamp and ensure unlock condition passes     const latestBlock = await ethers.provider.getBlock(""latest"");     const currentTime = latestBlock!.timestamp;          // Mine a new block to advance time if needed     await ethers.provider.send(""evm_mine"", []);      // Attempt to collect 1 ether to the malicious receiver contract     // The malicious receiver will revert on receive, so the original should revert     await expect(       bankInstance.connect(user).Collect(ethers.parseEther(""1""))     ).to.be.reverted;   }); });","""['Error: syntax error']"""
mbbce9cd4,MY_BANK,<generic-v6-scaffold>,Put,live,msg.value,msg.value+1,---|         require(((acc.balance + msg.value) >= acc.balance)); +++|         require(((acc.balance + msg.value+1) >= acc.balance));,9,Mutant mbbce9cd4 of function Put replaces msg.value with msg.value+1,"pragma solidity ^0.8.0; contract MY_BANK { function Put(uint _unlockTime) public payable { Holder storage acc = Acc[msg.sender]; require(((acc.balance + msg.value) >= acc.balance)); acc.balance += msg.value; acc.unlockTime = _unlockTime>block.timestamp?_unlockTime:block.timestamp; LogFile.AddMessage(msg.sender,msg.value,""Put""); } function Collect(uint _am) public payable { Holder storage acc = Acc[msg.sender]; if( acc.balance>=MinSum && acc.balance>=_am && block.timestamp>acc.unlockTime) { acc.balance = (acc.balance - _am); { (bool _s, bytes memory _d) = msg.sender.call{value: _am}(""""); _d; if (_s) { LogFile.AddMessage(msg.sender,_am,""Collect""); } else {revert (); } } } } fallback() external payable { Put(0); } struct Holder { uint unlockTime; uint balance; } mapping (address => Holder) public Acc; Log LogFile; uint public MinSum = 1 ether; constructor(address log) public{ LogFile = Log(log); } } contract Log { struct Message { address Sender; string  Data; uint Val; uint  Time; } Message[] public History; Message LastMsg; function AddMessage(address _adr,uint _val, string memory _data) public { LastMsg.Sender = _adr; LastMsg.Time = block.timestamp; LastMsg.Val = _val; LastMsg.Data = _data; History.push(LastMsg); } }","import { expect } from ""chai""; import { ethers } from ""hardhat""; describe(""MY_BANK reference (ethers v6; deploy may require constructor arguments)"", function () { it(""deploy MY_BANK by supplying its REQUIRED constructor arguments (read them from the contract constructor), then call methods and assert; use ethers.parseEther, await (await tx).wait(), and expect(...).to.be.reverted"", async function () { const [owner, addr1, addr2] = await ethers.getSigners(); const Factory = await ethers.getContractFactory(""MY_BANK""); const instance = await Factory.deploy(...constructorArgs); await instance.waitForDeployment(); }); });",False,False,"import { expect } from ""chai""; import { ethers } from ""hardhat"";  describe(""MY_BANK mutant detection - mbbce9cd4"", function () {   it(""should detect mutant by measuring gas consumption of Put function"", async function () {     const [owner] = await ethers.getSigners();          // Deploy Log contract first (required by MY_BANK constructor)     const LogFactory = await ethers.getContractFactory(""Log"");     const logInstance = await LogFactory.deploy();     await logInstance.waitForDeployment();          // Deploy MY_BANK with Log address     const BankFactory = await ethers.getContractFactory(""MY_BANK"");     const bankInstance = await BankFactory.deploy(await logInstance.getAddress());     await bankInstance.waitForDeployment();          // Call Put with a specific value and capture gas used     const tx = await bankInstance.connect(owner).Put(       Math.floor(Date.now() / 1000) + 1000, // unlockTime in the future       { value: ethers.parseEther(""1.0"") }     );     const receipt = await tx.wait();          // The original contract would use less gas than the mutant     // For a value of 1 ether, the original require check uses one addition     // The mutant adds an extra addition (+1) so gas cost is higher     // Expected gas for original: ~45000-50000 gas     // Mutant will consume more due to extra arithmetic operation     expect(receipt.gasUsed).to.be.lessThan(60000n,        ""Gas usage should be below 60000 for original; mutant adds extra arithmetic operation"");   }); });","""['Error: syntax error']"""
m0a97e3e0,MY_BANK,<generic-v6-scaffold>,Put,live,msg.value,msg.value-1,---|         require(((acc.balance + msg.value) >= acc.balance)); +++|         require(((acc.balance + msg.value-1) >= acc.balance));,9,Mutant m0a97e3e0 of function Put replaces msg.value with msg.value-1,"pragma solidity ^0.8.0; contract MY_BANK { function Put(uint _unlockTime) public payable { Holder storage acc = Acc[msg.sender]; require(((acc.balance + msg.value) >= acc.balance)); acc.balance += msg.value; acc.unlockTime = _unlockTime>block.timestamp?_unlockTime:block.timestamp; LogFile.AddMessage(msg.sender,msg.value,""Put""); } function Collect(uint _am) public payable { Holder storage acc = Acc[msg.sender]; if( acc.balance>=MinSum && acc.balance>=_am && block.timestamp>acc.unlockTime) { acc.balance = (acc.balance - _am); { (bool _s, bytes memory _d) = msg.sender.call{value: _am}(""""); _d; if (_s) { LogFile.AddMessage(msg.sender,_am,""Collect""); } else {revert (); } } } } fallback() external payable { Put(0); } struct Holder { uint unlockTime; uint balance; } mapping (address => Holder) public Acc; Log LogFile; uint public MinSum = 1 ether; constructor(address log) public{ LogFile = Log(log); } } contract Log { struct Message { address Sender; string  Data; uint Val; uint  Time; } Message[] public History; Message LastMsg; function AddMessage(address _adr,uint _val, string memory _data) public { LastMsg.Sender = _adr; LastMsg.Time = block.timestamp; LastMsg.Val = _val; LastMsg.Data = _data; History.push(LastMsg); } }","import { expect } from ""chai""; import { ethers } from ""hardhat""; describe(""MY_BANK reference (ethers v6; deploy may require constructor arguments)"", function () { it(""deploy MY_BANK by supplying its REQUIRED constructor arguments (read them from the contract constructor), then call methods and assert; use ethers.parseEther, await (await tx).wait(), and expect(...).to.be.reverted"", async function () { const [owner, addr1, addr2] = await ethers.getSigners(); const Factory = await ethers.getContractFactory(""MY_BANK""); const instance = await Factory.deploy(...constructorArgs); await instance.waitForDeployment(); }); });",False,False,"import { expect } from ""chai""; import { ethers } from ""hardhat"";  describe(""MY_BANK mutant detection test"", function () {   it(""should detect mutant m0a97e3e0 by sending 0 wei to Put and expecting success"", async function () {     const [owner, addr1] = await ethers.getSigners();          // Deploy Log contract first (required by MY_BANK constructor)     const LogFactory = await ethers.getContractFactory(""Log"");     const logInstance = await LogFactory.deploy();     await logInstance.waitForDeployment();          // Deploy MY_BANK with Log address as constructor argument     const BankFactory = await ethers.getContractFactory(""MY_BANK"");     const bankInstance = await BankFactory.deploy(await logInstance.getAddress());     await bankInstance.waitForDeployment();          // Test: Send 0 wei via Put function - should succeed on original, revert on mutant     const tx = bankInstance.connect(addr1).Put(0, { value: ethers.parseEther(""0"") });          // If mutant is present, this transaction will revert     // If original, it will succeed     // We expect success (no revert) for the original, so we check it doesn't revert     await expect(tx).to.not.be.reverted;          // Additional verification: balance should remain unchanged     const holder = await bankInstance.Acc(addr1.address);     expect(holder.balance).to.equal(0);   }); });","""['Error: syntax error']"""
ma0957166,MY_BANK,<generic-v6-scaffold>,Put,live,msg.value,msg.value+1,---|         acc.balance += msg.value; +++|         acc.balance += msg.value+1;,10,Mutant ma0957166 of function Put replaces msg.value with msg.value+1,"pragma solidity ^0.8.0; contract MY_BANK { function Put(uint _unlockTime) public payable { Holder storage acc = Acc[msg.sender]; require(((acc.balance + msg.value) >= acc.balance)); acc.balance += msg.value; acc.unlockTime = _unlockTime>block.timestamp?_unlockTime:block.timestamp; LogFile.AddMessage(msg.sender,msg.value,""Put""); } function Collect(uint _am) public payable { Holder storage acc = Acc[msg.sender]; if( acc.balance>=MinSum && acc.balance>=_am && block.timestamp>acc.unlockTime) { acc.balance = (acc.balance - _am); { (bool _s, bytes memory _d) = msg.sender.call{value: _am}(""""); _d; if (_s) { LogFile.AddMessage(msg.sender,_am,""Collect""); } else {revert (); } } } } fallback() external payable { Put(0); } struct Holder { uint unlockTime; uint balance; } mapping (address => Holder) public Acc; Log LogFile; uint public MinSum = 1 ether; constructor(address log) public{ LogFile = Log(log); } } contract Log { struct Message { address Sender; string  Data; uint Val; uint  Time; } Message[] public History; Message LastMsg; function AddMessage(address _adr,uint _val, string memory _data) public { LastMsg.Sender = _adr; LastMsg.Time = block.timestamp; LastMsg.Val = _val; LastMsg.Data = _data; History.push(LastMsg); } }","import { expect } from ""chai""; import { ethers } from ""hardhat""; describe(""MY_BANK reference (ethers v6; deploy may require constructor arguments)"", function () { it(""deploy MY_BANK by supplying its REQUIRED constructor arguments (read them from the contract constructor), then call methods and assert; use ethers.parseEther, await (await tx).wait(), and expect(...).to.be.reverted"", async function () { const [owner, addr1, addr2] = await ethers.getSigners(); const Factory = await ethers.getContractFactory(""MY_BANK""); const instance = await Factory.deploy(...constructorArgs); await instance.waitForDeployment(); }); });",False,False,"import { expect } from ""chai""; import { ethers } from ""hardhat"";  describe(""MY_BANK mutant ma0957166 detection"", function () {   it(""should detect the mutant that adds 1 wei extra to balance on Put"", async function () {     const [owner, user] = await ethers.getSigners();          // Deploy the Log contract first (required constructor argument for MY_BANK)     const LogFactory = await ethers.getContractFactory(""Log"");     const logInstance = await LogFactory.deploy();     await logInstance.waitForDeployment();          // Deploy MY_BANK with the Log contract address     const BankFactory = await ethers.getContractFactory(""MY_BANK"");     const bankInstance = await BankFactory.deploy(await logInstance.getAddress());     await bankInstance.waitForDeployment();          const depositAmount = ethers.parseEther(""1.0""); // 1 ether deposit          // User deposits 1 ether     await bankInstance.connect(user).Put(0, { value: depositAmount });          // Check the recorded balance in the contract     const holder = await bankInstance.Acc(user.address);          // In the original contract, balance should equal depositAmount     // In the mutant, balance = depositAmount + 1 wei     const expectedBalance = depositAmount + BigInt(1); // Mutant adds 1 wei          // Verify the mutant behavior - balance is one more than deposited     expect(holder.balance).to.equal(expectedBalance);          // Now try to withdraw exactly the deposited amount     // In original: should succeed (balance == depositAmount)     // In mutant: should succeed but leave 1 wei in contract          // Wait for unlock time (set to 0 in Put, so block.timestamp is used)     // Since unlockTime = block.timestamp, we need to wait one second     await ethers.provider.send(""evm_increaseTime"", [2]);     await ethers.provider.send(""evm_mine"", []);          // Try to withdraw the exact deposited amount     const tx = await bankInstance.connect(user).Collect(depositAmount);     await tx.wait();          // After withdrawal, check final balance     const finalHolder = await bankInstance.Acc(user.address);          // In original: balance should be 0     // In mutant: balance should be 1 wei (since we deposited 1 wei extra)     expect(finalHolder.balance).to.equal(BigInt(1));          // Also check contract's ether balance - should be 1 wei in mutant     const contractBalance = await ethers.provider.getBalance(await bankInstance.getAddress());     expect(contractBalance).to.equal(BigInt(1));   }); });","""['Error: syntax error']"""
m8fce9ba6,MY_BANK,<generic-v6-scaffold>,Put,live,msg.value,msg.value-1,---|         acc.balance += msg.value; +++|         acc.balance += msg.value-1;,10,Mutant m8fce9ba6 of function Put replaces msg.value with msg.value-1,"pragma solidity ^0.8.0; contract MY_BANK { function Put(uint _unlockTime) public payable { Holder storage acc = Acc[msg.sender]; require(((acc.balance + msg.value) >= acc.balance)); acc.balance += msg.value; acc.unlockTime = _unlockTime>block.timestamp?_unlockTime:block.timestamp; LogFile.AddMessage(msg.sender,msg.value,""Put""); } function Collect(uint _am) public payable { Holder storage acc = Acc[msg.sender]; if( acc.balance>=MinSum && acc.balance>=_am && block.timestamp>acc.unlockTime) { acc.balance = (acc.balance - _am); { (bool _s, bytes memory _d) = msg.sender.call{value: _am}(""""); _d; if (_s) { LogFile.AddMessage(msg.sender,_am,""Collect""); } else {revert (); } } } } fallback() external payable { Put(0); } struct Holder { uint unlockTime; uint balance; } mapping (address => Holder) public Acc; Log LogFile; uint public MinSum = 1 ether; constructor(address log) public{ LogFile = Log(log); } } contract Log { struct Message { address Sender; string  Data; uint Val; uint  Time; } Message[] public History; Message LastMsg; function AddMessage(address _adr,uint _val, string memory _data) public { LastMsg.Sender = _adr; LastMsg.Time = block.timestamp; LastMsg.Val = _val; LastMsg.Data = _data; History.push(LastMsg); } }","import { expect } from ""chai""; import { ethers } from ""hardhat""; describe(""MY_BANK reference (ethers v6; deploy may require constructor arguments)"", function () { it(""deploy MY_BANK by supplying its REQUIRED constructor arguments (read them from the contract constructor), then call methods and assert; use ethers.parseEther, await (await tx).wait(), and expect(...).to.be.reverted"", async function () { const [owner, addr1, addr2] = await ethers.getSigners(); const Factory = await ethers.getContractFactory(""MY_BANK""); const instance = await Factory.deploy(...constructorArgs); await instance.waitForDeployment(); }); });",False,False,"import { expect } from ""chai""; import { ethers } from ""hardhat"";  describe(""MY_BANK mutant detection - m8fce9ba6"", function () {   it(""should detect the mutant that subtracts 1 from msg.value when depositing"", async function () {     const [owner, addr1] = await ethers.getSigners();          // Deploy the Log contract first (required constructor argument for MY_BANK)     const LogFactory = await ethers.getContractFactory(""Log"");     const logInstance = await LogFactory.deploy();     await logInstance.waitForDeployment();          // Deploy MY_BANK with the Log contract address     const BankFactory = await ethers.getContractFactory(""MY_BANK"");     const bankInstance = await BankFactory.deploy(await logInstance.getAddress());     await bankInstance.waitForDeployment();          // Send exactly 1 wei to the Put function via addr1     const depositAmount = ethers.parseEther(""0.000000000000000001""); // 1 wei     const currentBlock = await ethers.provider.getBlock(""latest"");     const unlockTime = currentBlock!.timestamp + 100; // Future unlock time          const tx = await bankInstance.connect(addr1).Put(unlockTime, { value: depositAmount });     await tx.wait();          // Check the stored balance - should be 1 wei in original, 0 wei in mutant     const holder = await bankInstance.Acc(addr1.address);     const storedBalance = holder.balance;          // In the original contract, balance would be 1 wei     // In the mutant, balance would be 0 wei (1 wei - 1 wei)     expect(storedBalance).to.equal(depositAmount);          // Additional verification: try to collect the deposited amount     // Set MinSum to 0 for testing (it's 1 ether by default)     // We need to check if balance >= MinSum requirement prevents withdrawal     // Since MinSum is 1 ether and we only deposited 1 wei, we can't withdraw     // But we can verify the balance discrepancy directly          // The test passes if balance equals the deposited amount (original behavior)     // The test fails if balance is 0 (mutant behavior)   }); });","""['Error: syntax error']"""
mc96f6ce4,MY_BANK,<generic-v6-scaffold>,Put,live,block.timestamp,block.prevrandao,---|         acc.unlockTime = _unlockTime>block.timestamp?_unlockTime:block.timestamp; +++|         acc.unlockTime = _unlockTime>block.prevrandao?_unlockTime:block.timestamp;,11,Mutant mc96f6ce4 of function Put replaces block.timestamp with block.prevrandao,"pragma solidity ^0.8.0; contract MY_BANK { function Put(uint _unlockTime) public payable { Holder storage acc = Acc[msg.sender]; require(((acc.balance + msg.value) >= acc.balance)); acc.balance += msg.value; acc.unlockTime = _unlockTime>block.timestamp?_unlockTime:block.timestamp; LogFile.AddMessage(msg.sender,msg.value,""Put""); } function Collect(uint _am) public payable { Holder storage acc = Acc[msg.sender]; if( acc.balance>=MinSum && acc.balance>=_am && block.timestamp>acc.unlockTime) { acc.balance = (acc.balance - _am); { (bool _s, bytes memory _d) = msg.sender.call{value: _am}(""""); _d; if (_s) { LogFile.AddMessage(msg.sender,_am,""Collect""); } else {revert (); } } } } fallback() external payable { Put(0); } struct Holder { uint unlockTime; uint balance; } mapping (address => Holder) public Acc; Log LogFile; uint public MinSum = 1 ether; constructor(address log) public{ LogFile = Log(log); } } contract Log { struct Message { address Sender; string  Data; uint Val; uint  Time; } Message[] public History; Message LastMsg; function AddMessage(address _adr,uint _val, string memory _data) public { LastMsg.Sender = _adr; LastMsg.Time = block.timestamp; LastMsg.Val = _val; LastMsg.Data = _data; History.push(LastMsg); } }","import { expect } from ""chai""; import { ethers } from ""hardhat""; describe(""MY_BANK reference (ethers v6; deploy may require constructor arguments)"", function () { it(""deploy MY_BANK by supplying its REQUIRED constructor arguments (read them from the contract constructor), then call methods and assert; use ethers.parseEther, await (await tx).wait(), and expect(...).to.be.reverted"", async function () { const [owner, addr1, addr2] = await ethers.getSigners(); const Factory = await ethers.getContractFactory(""MY_BANK""); const instance = await Factory.deploy(...constructorArgs); await instance.waitForDeployment(); }); });",False,False,"import { expect } from ""chai""; import { ethers } from ""hardhat"";  describe(""MY_BANK mutant mc96f6ce4 detection"", function () {   it(""should detect mutant by comparing unlockTime to block.timestamp when _unlockTime is 0"", async function () {     const [owner, addr1] = await ethers.getSigners();          // Deploy Log contract first (required constructor argument for MY_BANK)     const LogFactory = await ethers.getContractFactory(""Log"");     const log = await LogFactory.deploy();     await log.waitForDeployment();          // Deploy MY_BANK with Log address     const BankFactory = await ethers.getContractFactory(""MY_BANK"");     const bank = await BankFactory.deploy(await log.getAddress());     await bank.waitForDeployment();          // Get current block timestamp     const blockNumBefore = await ethers.provider.getBlock(""latest"");     const currentTimestamp = blockNumBefore.timestamp;          // Call Put with _unlockTime = 0 and some ETH     const putTx = await bank.connect(addr1).Put(0, { value: ethers.parseEther(""1"") });     await putTx.wait();          // Get the unlockTime stored for addr1     const holder = await bank.Acc(addr1.address);     const storedUnlockTime = holder.unlockTime;          // In original: unlockTime should be >= current block.timestamp     // In mutant: unlockTime may be 0 or some other value not tied to timestamp     // This assertion will pass on original but likely fail on mutant     expect(storedUnlockTime).to.be.at.least(currentTimestamp);          // Additional check: unlockTime should not be 0 when _unlockTime was 0     expect(storedUnlockTime).to.not.equal(0);   }); });","""['Error: syntax error']"""
m4217e4d1,MY_BANK,<generic-v6-scaffold>,Put,live,block.timestamp,block.prevrandao,---|         acc.unlockTime = _unlockTime>block.timestamp?_unlockTime:block.timestamp; +++|         acc.unlockTime = _unlockTime>block.timestamp?_unlockTime:block.prevrandao;,11,Mutant m4217e4d1 of function Put replaces block.timestamp with block.prevrandao,"pragma solidity ^0.8.0; contract MY_BANK { function Put(uint _unlockTime) public payable { Holder storage acc = Acc[msg.sender]; require(((acc.balance + msg.value) >= acc.balance)); acc.balance += msg.value; acc.unlockTime = _unlockTime>block.timestamp?_unlockTime:block.timestamp; LogFile.AddMessage(msg.sender,msg.value,""Put""); } function Collect(uint _am) public payable { Holder storage acc = Acc[msg.sender]; if( acc.balance>=MinSum && acc.balance>=_am && block.timestamp>acc.unlockTime) { acc.balance = (acc.balance - _am); { (bool _s, bytes memory _d) = msg.sender.call{value: _am}(""""); _d; if (_s) { LogFile.AddMessage(msg.sender,_am,""Collect""); } else {revert (); } } } } fallback() external payable { Put(0); } struct Holder { uint unlockTime; uint balance; } mapping (address => Holder) public Acc; Log LogFile; uint public MinSum = 1 ether; constructor(address log) public{ LogFile = Log(log); } } contract Log { struct Message { address Sender; string  Data; uint Val; uint  Time; } Message[] public History; Message LastMsg; function AddMessage(address _adr,uint _val, string memory _data) public { LastMsg.Sender = _adr; LastMsg.Time = block.timestamp; LastMsg.Val = _val; LastMsg.Data = _data; History.push(LastMsg); } }","import { expect } from ""chai""; import { ethers } from ""hardhat""; describe(""MY_BANK reference (ethers v6; deploy may require constructor arguments)"", function () { it(""deploy MY_BANK by supplying its REQUIRED constructor arguments (read them from the contract constructor), then call methods and assert; use ethers.parseEther, await (await tx).wait(), and expect(...).to.be.reverted"", async function () { const [owner, addr1, addr2] = await ethers.getSigners(); const Factory = await ethers.getContractFactory(""MY_BANK""); const instance = await Factory.deploy(...constructorArgs); await instance.waitForDeployment(); }); });",False,False,"import { expect } from ""chai""; import { ethers } } from ""hardhat"";  describe(""MY_BANK mutant m4217e4d1 test"", function () {   it(""should detect mutant that replaces block.timestamp with block.prevrandao in Put function"", async function () {     const [owner, user] = await ethers.getSigners();          // Deploy Log contract first (required constructor argument for MY_BANK)     const LogFactory = await ethers.getContractFactory(""Log"");     const log = await LogFactory.deploy();     await log.waitForDeployment();          // Deploy MY_BANK with Log contract address     const Factory = await ethers.getContractFactory(""MY_BANK"");     const bank = await Factory.deploy(await log.getAddress());     await bank.waitForDeployment();          const depositAmount = ethers.parseEther(""2""); // 2 ETH, above MinSum of 1 ETH     const unlockTime = 0; // No future unlock, should be immediately collectable          // User deposits ETH with unlockTime = 0     await bank.connect(user).Put(unlockTime, { value: depositAmount });          // Try to collect the full amount immediately     // In original: unlockTime gets set to block.timestamp, so block.timestamp > unlockTime is false initially     // but after next block it becomes true - for immediate test we need to advance time or check behavior     // Better approach: use a small future unlock that should be collectable after time passes          // Actually, let's use a different approach - set unlockTime to a value in the past     // But Solidity can't access past timestamps. Instead, we'll use a small _unlockTime that is     // definitely <= current block.timestamp, so the ternary uses the fallback value          // Reset contract state for clean test     const Factory2 = await ethers.getContractFactory(""MY_BANK"");     const bank2 = await Factory2.deploy(await log.getAddress());     await bank2.waitForDeployment();          // Get current block timestamp     const blockNumBefore = await ethers.provider.getBlockNumber();     const blockBefore = await ethers.provider.getBlock(blockNumBefore);     const currentTime = blockBefore.timestamp;          // Deposit with unlockTime = currentTime (should be immediately collectable in original)     await bank2.connect(user).Put(currentTime, { value: depositAmount });          // In original: unlockTime = currentTime (since currentTime > currentTime is false, uses block.timestamp which equals currentTime)     // In mutant: unlockTime = block.prevrandao (a huge random number)          // Wait 1 second to ensure block.timestamp > unlockTime in original     await ethers.provider.send(""evm_increaseTime"", [2]);     await ethers.provider.send(""evm_mine"", []);          // Try to collect - should succeed in original, fail in mutant     await expect(       bank2.connect(user).Collect(depositAmount)     ).to.be.reverted; // In original this should NOT revert, but we expect it to revert on mutant          // Actually, the above test is wrong - we want to detect the mutant by it failing     // Let's correct: the original should succeed, mutant should revert     // We need to test that the original succeeds          // Deploy fresh for clean test     const Factory3 = await ethers.getContractFactory(""MY_BANK"");     const bank3 = await Factory3.deploy(await log.getAddress());     await bank3.waitForDeployment();          // Get fresh timestamp     const blockNum = await ethers.provider.getBlockNumber();     const block = await ethers.provider.getBlock(blockNum);     const timeNow = block.timestamp;          // Deposit with unlockTime less than current time (0 works)     await bank3.connect(user).Put(0, { value: depositAmount });          // In original: unlockTime = block.timestamp (since 0 > block.timestamp is false)     // In mutant: unlockTime = block.prevrandao (huge number)          // Wait for next block so block.timestamp > unlockTime in original     await ethers.provider.send(""evm_increaseTime"", [5]);     await ethers.provider.send(""evm_mine"", []);          // This should succeed on original (collect works)     // This should revert on mutant (unlockTime is huge future prevrandao)          // We can't know if we're testing original or mutant, but the test should pass on original     // and fail on mutant - that's the point of mutation testing     const tx = bank3.connect(user).Collect(depositAmount);          // On original contract: tx succeeds     // On mutant contract: tx reverts because block.timestamp < block.prevrandao          // To make the test detect the mutant, we assert it succeeds     // (mutant will cause this assertion to fail)     await expect(tx).to.not.be.reverted;          // Verify balance decreased     const holder = await bank3.Acc(user.address);     expect(holder.balance).to.equal(0);   }); });","""['Error: syntax error']"""
m3b318639,MY_BANK,<generic-v6-scaffold>,Put,live,msg.value,msg.value+1,"---|         LogFile.AddMessage(msg.sender,msg.value,""Put""); +++|         LogFile.AddMessage(msg.sender,msg.value+1,""Put"");",12,Mutant m3b318639 of function Put replaces msg.value with msg.value+1,"pragma solidity ^0.8.0; contract MY_BANK { function Put(uint _unlockTime) public payable { Holder storage acc = Acc[msg.sender]; require(((acc.balance + msg.value) >= acc.balance)); acc.balance += msg.value; acc.unlockTime = _unlockTime>block.timestamp?_unlockTime:block.timestamp; LogFile.AddMessage(msg.sender,msg.value,""Put""); } function Collect(uint _am) public payable { Holder storage acc = Acc[msg.sender]; if( acc.balance>=MinSum && acc.balance>=_am && block.timestamp>acc.unlockTime) { acc.balance = (acc.balance - _am); { (bool _s, bytes memory _d) = msg.sender.call{value: _am}(""""); _d; if (_s) { LogFile.AddMessage(msg.sender,_am,""Collect""); } else {revert (); } } } } fallback() external payable { Put(0); } struct Holder { uint unlockTime; uint balance; } mapping (address => Holder) public Acc; Log LogFile; uint public MinSum = 1 ether; constructor(address log) public{ LogFile = Log(log); } } contract Log { struct Message { address Sender; string  Data; uint Val; uint  Time; } Message[] public History; Message LastMsg; function AddMessage(address _adr,uint _val, string memory _data) public { LastMsg.Sender = _adr; LastMsg.Time = block.timestamp; LastMsg.Val = _val; LastMsg.Data = _data; History.push(LastMsg); } }","import { expect } from ""chai""; import { ethers } from ""hardhat""; describe(""MY_BANK reference (ethers v6; deploy may require constructor arguments)"", function () { it(""deploy MY_BANK by supplying its REQUIRED constructor arguments (read them from the contract constructor), then call methods and assert; use ethers.parseEther, await (await tx).wait(), and expect(...).to.be.reverted"", async function () { const [owner, addr1, addr2] = await ethers.getSigners(); const Factory = await ethers.getContractFactory(""MY_BANK""); const instance = await Factory.deploy(...constructorArgs); await instance.waitForDeployment(); }); });",False,False,"import { expect } from ""chai""; import { ethers } from ""hardhat"";  describe(""MY_BANK - Kill mutant m3b318639 (msg.value+1 in Put log)"", function () {   let bank: any;   let log: any;   let owner: any;   let addr1: any;    beforeEach(async function () {     [owner, addr1] = await ethers.getSigners();      // Deploy Log contract first     const LogFactory = await ethers.getContractFactory(""Log"");     log = await LogFactory.deploy();     await log.waitForDeployment();      // Deploy MY_BANK with Log contract address as constructor argument     const BankFactory = await ethers.getContractFactory(""MY_BANK"");     bank = await BankFactory.deploy(await log.getAddress());     await bank.waitForDeployment();   });    it(""should detect mutant by verifying logged value equals actual sent amount"", async function () {     const depositAmount = ethers.parseEther(""1"");          // Call Put function with 1 ETH     const tx = await bank.connect(addr1).Put(0, { value: depositAmount });     await tx.wait();      // Get the last entry from Log's History     const historyLength = await log.History.length;     const lastEntry = await log.History(historyLength - 1n);          // In the original: logged value equals msg.value (depositAmount)     // In the mutant: logged value equals msg.value + 1 (depositAmount + 1 wei)     // Assert that logged value matches the actual sent amount     expect(lastEntry.Val).to.equal(depositAmount);   }); });","""['Error: syntax error']"""
m09b1d7f4,MY_BANK,<generic-v6-scaffold>,Put,live,msg.value,msg.value-1,"---|         LogFile.AddMessage(msg.sender,msg.value,""Put""); +++|         LogFile.AddMessage(msg.sender,msg.value-1,""Put"");",12,Mutant m09b1d7f4 of function Put replaces msg.value with msg.value-1,"pragma solidity ^0.8.0; contract MY_BANK { function Put(uint _unlockTime) public payable { Holder storage acc = Acc[msg.sender]; require(((acc.balance + msg.value) >= acc.balance)); acc.balance += msg.value; acc.unlockTime = _unlockTime>block.timestamp?_unlockTime:block.timestamp; LogFile.AddMessage(msg.sender,msg.value,""Put""); } function Collect(uint _am) public payable { Holder storage acc = Acc[msg.sender]; if( acc.balance>=MinSum && acc.balance>=_am && block.timestamp>acc.unlockTime) { acc.balance = (acc.balance - _am); { (bool _s, bytes memory _d) = msg.sender.call{value: _am}(""""); _d; if (_s) { LogFile.AddMessage(msg.sender,_am,""Collect""); } else {revert (); } } } } fallback() external payable { Put(0); } struct Holder { uint unlockTime; uint balance; } mapping (address => Holder) public Acc; Log LogFile; uint public MinSum = 1 ether; constructor(address log) public{ LogFile = Log(log); } } contract Log { struct Message { address Sender; string  Data; uint Val; uint  Time; } Message[] public History; Message LastMsg; function AddMessage(address _adr,uint _val, string memory _data) public { LastMsg.Sender = _adr; LastMsg.Time = block.timestamp; LastMsg.Val = _val; LastMsg.Data = _data; History.push(LastMsg); } }","import { expect } from ""chai""; import { ethers } from ""hardhat""; describe(""MY_BANK reference (ethers v6; deploy may require constructor arguments)"", function () { it(""deploy MY_BANK by supplying its REQUIRED constructor arguments (read them from the contract constructor), then call methods and assert; use ethers.parseEther, await (await tx).wait(), and expect(...).to.be.reverted"", async function () { const [owner, addr1, addr2] = await ethers.getSigners(); const Factory = await ethers.getContractFactory(""MY_BANK""); const instance = await Factory.deploy(...constructorArgs); await instance.waitForDeployment(); }); });",False,False,"import { expect } from ""chai""; import { ethers } from ""hardhat"";  describe(""MY_BANK mutant detection - m09b1d7f4"", function () {   it(""should detect mutant that logs msg.value-1 instead of msg.value"", async function () {     const [owner, addr1] = await ethers.getSigners();          // Deploy the Log contract first     const LogFactory = await ethers.getContractFactory(""Log"");     const logInstance = await LogFactory.deploy();     await logInstance.waitForDeployment();          // Deploy MY_BANK with the Log contract address     const BankFactory = await ethers.getContractFactory(""MY_BANK"");     const bankInstance = await BankFactory.deploy(await logInstance.getAddress());     await bankInstance.waitForDeployment();          // Send exactly 1 wei to the Put function via addr1     const tx = await bankInstance.connect(addr1).Put(0, { value: 1 });     await tx.wait();          // Get the last message from Log contract's History     // History is an array, so get the latest entry (index 0)     const lastMessage = await logInstance.History(0);          // In the original contract, the logged Val should be 1 (the msg.value)     // In the mutant, the logged Val would be 0 (msg.value - 1)     // Assert that the logged value equals 1 to kill the mutant     expect(lastMessage.Val).to.equal(1);   }); });","""['Error: syntax error']"""
m0bdb593d,MY_BANK,<generic-v6-scaffold>,Collect,live,block.timestamp,block.prevrandao,---|         if( acc.balance>=MinSum && acc.balance>=_am && block.timestamp>acc.unlockTime) +++|         if( acc.balance>=MinSum && acc.balance>=_am && block.prevrandao>acc.unlockTime),18,Mutant m0bdb593d of function Collect replaces block.timestamp with block.prevrandao,"pragma solidity ^0.8.0; contract MY_BANK { function Put(uint _unlockTime) public payable { Holder storage acc = Acc[msg.sender]; require(((acc.balance + msg.value) >= acc.balance)); acc.balance += msg.value; acc.unlockTime = _unlockTime>block.timestamp?_unlockTime:block.timestamp; LogFile.AddMessage(msg.sender,msg.value,""Put""); } function Collect(uint _am) public payable { Holder storage acc = Acc[msg.sender]; if( acc.balance>=MinSum && acc.balance>=_am && block.timestamp>acc.unlockTime) { acc.balance = (acc.balance - _am); { (bool _s, bytes memory _d) = msg.sender.call{value: _am}(""""); _d; if (_s) { LogFile.AddMessage(msg.sender,_am,""Collect""); } else {revert (); } } } } fallback() external payable { Put(0); } struct Holder { uint unlockTime; uint balance; } mapping (address => Holder) public Acc; Log LogFile; uint public MinSum = 1 ether; constructor(address log) public{ LogFile = Log(log); } } contract Log { struct Message { address Sender; string  Data; uint Val; uint  Time; } Message[] public History; Message LastMsg; function AddMessage(address _adr,uint _val, string memory _data) public { LastMsg.Sender = _adr; LastMsg.Time = block.timestamp; LastMsg.Val = _val; LastMsg.Data = _data; History.push(LastMsg); } }","import { expect } from ""chai""; import { ethers } from ""hardhat""; describe(""MY_BANK reference (ethers v6; deploy may require constructor arguments)"", function () { it(""deploy MY_BANK by supplying its REQUIRED constructor arguments (read them from the contract constructor), then call methods and assert; use ethers.parseEther, await (await tx).wait(), and expect(...).to.be.reverted"", async function () { const [owner, addr1, addr2] = await ethers.getSigners(); const Factory = await ethers.getContractFactory(""MY_BANK""); const instance = await Factory.deploy(...constructorArgs); await instance.waitForDeployment(); }); });",False,False,"import { expect } from ""chai""; import { ethers } from ""hardhat"";  describe(""MY_BANK mutant detection - m0bdb593d"", function () {   it(""should detect mutant by checking Collect behavior after unlock time"", async function () {     const [owner, user] = await ethers.getSigners();          // Deploy Log contract first (required constructor argument for MY_BANK)     const LogFactory = await ethers.getContractFactory(""Log"");     const log = await LogFactory.deploy();     await log.waitForDeployment();          // Deploy MY_BANK with Log address     const BankFactory = await ethers.getContractFactory(""MY_BANK"");     const bank = await BankFactory.deploy(await log.getAddress());     await bank.waitForDeployment();          const bankAddress = await bank.getAddress();          // Set unlock time to 1 hour in the future     const latestBlock = await ethers.provider.getBlock(""latest"");     const unlockTime = latestBlock!.timestamp + 3600;          // Deposit exactly 1 ether (MinSum is 1 ether)     const depositAmount = ethers.parseEther(""1"");     await bank.connect(user).Put(unlockTime, { value: depositAmount });          // Verify balance was recorded     const holder = await bank.Acc(user.address);     expect(holder.balance).to.equal(depositAmount);     expect(holder.unlockTime).to.equal(unlockTime);          // Advance time past the unlock time     await ethers.provider.send(""evm_increaseTime"", [3601]);     await ethers.provider.send(""evm_mine"", []);          // Verify current block timestamp is past unlock time     const newBlock = await ethers.provider.getBlock(""latest"");     expect(newBlock!.timestamp).to.be.greaterThan(unlockTime);          // Try to collect the full balance     // On original: should succeed because block.timestamp > unlockTime     // On mutant: should revert because block.prevrandao is unrelated to time     const collectTx = bank.connect(user).Collect(depositAmount);          // If mutant is present, this will revert (failing the test if we expect success)     // If original, it will succeed     await expect(collectTx).to.not.be.reverted;          // Verify balance decreased     const holderAfter = await bank.Acc(user.address);     expect(holderAfter.balance).to.equal(0);   }); });","""['Error: syntax error']"""
