Mutant_id,Contract_id,Test_id,Function_name,Status,Original,Replacement,Diff,StartLine,Details,Contract_Context,Test_Context,Test_Generated,KilledByLLM,Generated_test,Test_errors
m3066fa16,ERCDDAToken,<generic-v6-scaffold>,owned,killed, == , != ,"---|     require(msg.sender == owner, ""Only the current owner can change ownership""); +++|     require(msg.sender != owner, ""Only the current owner can change ownership"");",17,Mutant m3066fa16 of function owned replaces == with !=,"pragma solidity ^0.8.0; contract ERCDDAToken { address public owner; string public name; string public symbol; uint8 public decimals = 0; uint256 public totalSupply; event Transfer(address indexed from, address indexed to, uint256 value); event FrozenFunds(address target, bool frozen); event Burn(address indexed from, uint256 value); mapping (address => uint256) public balanceOf; mapping (address => bool) public frozenAccount; function owned() public { require(msg.sender == owner, ""Only the current owner can change ownership""); } modifier onlyOwner { require(msg.sender == owner); _; } constructor( uint256 initialSupply, string memory tokenName, string memory tokenSymbol) public { owner = payable(msg.sender); totalSupply = initialSupply * 10 ** uint256(decimals); balanceOf[msg.sender] = totalSupply; name = tokenName; symbol = tokenSymbol; } function _transfer(address _from, address _to, uint _value) internal { require (_to != address(0)); require (balanceOf[_from] >= _value); require (balanceOf[_to] + _value >= balanceOf[_to]); require(!frozenAccount[_from]); require(!frozenAccount[_to]); balanceOf[_from] -= _value; balanceOf[_to] += _value; emit Transfer(_from, _to, _value); } function transfer(address _to, uint256 _value) public returns (bool success) { _transfer(msg.sender, _to, _value); return true; } function freezeAccount(address target, bool freeze)  public onlyOwner { frozenAccount[target] = freeze; emit FrozenFunds(target, freeze); } function burn(uint256 _value)  public onlyOwner returns (bool success) { require(balanceOf[msg.sender] >= _value); balanceOf[msg.sender] -= _value; totalSupply -= _value; emit Burn(msg.sender, _value); return true; } function mintToken(address target, uint256 mintedAmount)  public onlyOwner { balanceOf[target] += mintedAmount; totalSupply += mintedAmount; } }","import { expect } from ""chai""; import { ethers } from ""hardhat""; describe(""ERCDDAToken reference (ethers v6; deploy may require constructor arguments)"", function () { it(""deploy ERCDDAToken by supplying its REQUIRED constructor arguments (read them from the contract constructor), then call methods and assert; use ethers.parseEther, await (await tx).wait(), and expect(...).to.be.reverted"", async function () { const [owner, addr1, addr2] = await ethers.getSigners(); const Factory = await ethers.getContractFactory(""ERCDDAToken""); const instance = await Factory.deploy(...constructorArgs); await instance.waitForDeployment(); }); });",False,True,"import { expect } from ""chai""; import { ethers } from ""hardhat"";  describe(""ERCDDAToken mutant detection"", function () {   it(""should kill mutant m3066fa16: owned() should succeed when called by owner"", async function () {     const [owner, addr1] = await ethers.getSigners();     const Factory = await ethers.getContractFactory(""ERCDDAToken"");     const instance = await Factory.deploy(1000, ""TestToken"", ""TT"");     await instance.waitForDeployment();      // The owned() function should pass when called by the owner     // In the mutant, it will revert because of the != operator     await expect(instance.connect(owner).owned()).to.not.be.reverted;   }); });",compiled correctly
m5552774e,ERCDDAToken,<generic-v6-scaffold>,modifier:onlyOwner,killed, == , != ,---|         require(msg.sender == owner); +++|         require(msg.sender != owner);,21,Mutant m5552774e of function modifier:onlyOwner replaces == with !=,"pragma solidity ^0.8.0; contract ERCDDAToken { address public owner; string public name; string public symbol; uint8 public decimals = 0; uint256 public totalSupply; event Transfer(address indexed from, address indexed to, uint256 value); event FrozenFunds(address target, bool frozen); event Burn(address indexed from, uint256 value); mapping (address => uint256) public balanceOf; mapping (address => bool) public frozenAccount; function owned() public { require(msg.sender == owner, ""Only the current owner can change ownership""); } modifier onlyOwner { require(msg.sender == owner); _; } constructor( uint256 initialSupply, string memory tokenName, string memory tokenSymbol) public { owner = payable(msg.sender); totalSupply = initialSupply * 10 ** uint256(decimals); balanceOf[msg.sender] = totalSupply; name = tokenName; symbol = tokenSymbol; } function _transfer(address _from, address _to, uint _value) internal { require (_to != address(0)); require (balanceOf[_from] >= _value); require (balanceOf[_to] + _value >= balanceOf[_to]); require(!frozenAccount[_from]); require(!frozenAccount[_to]); balanceOf[_from] -= _value; balanceOf[_to] += _value; emit Transfer(_from, _to, _value); } function transfer(address _to, uint256 _value) public returns (bool success) { _transfer(msg.sender, _to, _value); return true; } function freezeAccount(address target, bool freeze)  public onlyOwner { frozenAccount[target] = freeze; emit FrozenFunds(target, freeze); } function burn(uint256 _value)  public onlyOwner returns (bool success) { require(balanceOf[msg.sender] >= _value); balanceOf[msg.sender] -= _value; totalSupply -= _value; emit Burn(msg.sender, _value); return true; } function mintToken(address target, uint256 mintedAmount)  public onlyOwner { balanceOf[target] += mintedAmount; totalSupply += mintedAmount; } }","import { expect } from ""chai""; import { ethers } from ""hardhat""; describe(""ERCDDAToken reference (ethers v6; deploy may require constructor arguments)"", function () { it(""deploy ERCDDAToken by supplying its REQUIRED constructor arguments (read them from the contract constructor), then call methods and assert; use ethers.parseEther, await (await tx).wait(), and expect(...).to.be.reverted"", async function () { const [owner, addr1, addr2] = await ethers.getSigners(); const Factory = await ethers.getContractFactory(""ERCDDAToken""); const instance = await Factory.deploy(...constructorArgs); await instance.waitForDeployment(); }); });",False,True,"import { expect } from ""chai""; import { ethers } from ""hardhat"";  describe(""ERCDDAToken reference (ethers v6; deploy may require constructor arguments)"", function () {   it(""should allow owner to call onlyOwner functions, but mutant should revert"", async function () {     const [owner, addr1] = await ethers.getSigners();          // Deploy with initial supply, name, and symbol     const initialSupply = ethers.parseEther(""1000"");     const tokenName = ""TestToken"";     const tokenSymbol = ""TT"";     const Factory = await ethers.getContractFactory(""ERCDDAToken"");     const instance = await Factory.deploy(initialSupply, tokenName, tokenSymbol);     await instance.waitForDeployment();      // Owner calls freezeAccount - should succeed on original, revert on mutant     await expect(       instance.connect(owner).freezeAccount(addr1.address, true)     ).to.not.be.reverted;      // Verify the account was actually frozen (to confirm the call succeeded)     const isFrozen = await instance.frozenAccount(addr1.address);     expect(isFrozen).to.equal(true);   }); });",compiled correctly
m940b13aa,ERCDDAToken,<generic-v6-scaffold>,constructor,live, * , + ,---|         totalSupply = initialSupply * 10 ** uint256(decimals); +++|         totalSupply = initialSupply + 10 ** uint256(decimals);,28,Mutant m940b13aa of function constructor replaces * with +,"pragma solidity ^0.8.0; contract ERCDDAToken { address public owner; string public name; string public symbol; uint8 public decimals = 0; uint256 public totalSupply; event Transfer(address indexed from, address indexed to, uint256 value); event FrozenFunds(address target, bool frozen); event Burn(address indexed from, uint256 value); mapping (address => uint256) public balanceOf; mapping (address => bool) public frozenAccount; function owned() public { require(msg.sender == owner, ""Only the current owner can change ownership""); } modifier onlyOwner { require(msg.sender == owner); _; } constructor( uint256 initialSupply, string memory tokenName, string memory tokenSymbol) public { owner = payable(msg.sender); totalSupply = initialSupply * 10 ** uint256(decimals); balanceOf[msg.sender] = totalSupply; name = tokenName; symbol = tokenSymbol; } function _transfer(address _from, address _to, uint _value) internal { require (_to != address(0)); require (balanceOf[_from] >= _value); require (balanceOf[_to] + _value >= balanceOf[_to]); require(!frozenAccount[_from]); require(!frozenAccount[_to]); balanceOf[_from] -= _value; balanceOf[_to] += _value; emit Transfer(_from, _to, _value); } function transfer(address _to, uint256 _value) public returns (bool success) { _transfer(msg.sender, _to, _value); return true; } function freezeAccount(address target, bool freeze)  public onlyOwner { frozenAccount[target] = freeze; emit FrozenFunds(target, freeze); } function burn(uint256 _value)  public onlyOwner returns (bool success) { require(balanceOf[msg.sender] >= _value); balanceOf[msg.sender] -= _value; totalSupply -= _value; emit Burn(msg.sender, _value); return true; } function mintToken(address target, uint256 mintedAmount)  public onlyOwner { balanceOf[target] += mintedAmount; totalSupply += mintedAmount; } }","import { expect } from ""chai""; import { ethers } from ""hardhat""; describe(""ERCDDAToken reference (ethers v6; deploy may require constructor arguments)"", function () { it(""deploy ERCDDAToken by supplying its REQUIRED constructor arguments (read them from the contract constructor), then call methods and assert; use ethers.parseEther, await (await tx).wait(), and expect(...).to.be.reverted"", async function () { const [owner, addr1, addr2] = await ethers.getSigners(); const Factory = await ethers.getContractFactory(""ERCDDAToken""); const instance = await Factory.deploy(...constructorArgs); await instance.waitForDeployment(); }); });",False,False,"import { expect } from ""chai""; import { ethers } } from ""hardhat"";  describe(""ERCDDAToken mutant kill test"", function () {   it(""should detect mutant that changes totalSupply calculation from multiplication to addition"", async function () {     const [owner] = await ethers.getSigners();     const Factory = await ethers.getContractFactory(""ERCDDAToken"");     const initialSupply = 1000;     const instance = await Factory.deploy(initialSupply, ""TestToken"", ""TT"");     await instance.waitForDeployment();      const totalSupply = await instance.totalSupply();     const ownerBalance = await instance.balanceOf(owner.address);      // Original contract: totalSupply = initialSupply * 10**decimals = initialSupply * 1 = initialSupply     // Mutant: totalSupply = initialSupply + 10**decimals = initialSupply + 1     // So for initialSupply=1000, original gives 1000, mutant gives 1001     expect(totalSupply).to.equal(initialSupply);     expect(ownerBalance).to.equal(initialSupply);   }); });","""['Error: syntax error']"""
m89bf5f42,ERCDDAToken,<generic-v6-scaffold>,constructor,live, * , ** ,---|         totalSupply = initialSupply * 10 ** uint256(decimals); +++|         totalSupply = initialSupply ** 10 ** uint256(decimals);,28,Mutant m89bf5f42 of function constructor replaces * with **,"pragma solidity ^0.8.0; contract ERCDDAToken { address public owner; string public name; string public symbol; uint8 public decimals = 0; uint256 public totalSupply; event Transfer(address indexed from, address indexed to, uint256 value); event FrozenFunds(address target, bool frozen); event Burn(address indexed from, uint256 value); mapping (address => uint256) public balanceOf; mapping (address => bool) public frozenAccount; function owned() public { require(msg.sender == owner, ""Only the current owner can change ownership""); } modifier onlyOwner { require(msg.sender == owner); _; } constructor( uint256 initialSupply, string memory tokenName, string memory tokenSymbol) public { owner = payable(msg.sender); totalSupply = initialSupply * 10 ** uint256(decimals); balanceOf[msg.sender] = totalSupply; name = tokenName; symbol = tokenSymbol; } function _transfer(address _from, address _to, uint _value) internal { require (_to != address(0)); require (balanceOf[_from] >= _value); require (balanceOf[_to] + _value >= balanceOf[_to]); require(!frozenAccount[_from]); require(!frozenAccount[_to]); balanceOf[_from] -= _value; balanceOf[_to] += _value; emit Transfer(_from, _to, _value); } function transfer(address _to, uint256 _value) public returns (bool success) { _transfer(msg.sender, _to, _value); return true; } function freezeAccount(address target, bool freeze)  public onlyOwner { frozenAccount[target] = freeze; emit FrozenFunds(target, freeze); } function burn(uint256 _value)  public onlyOwner returns (bool success) { require(balanceOf[msg.sender] >= _value); balanceOf[msg.sender] -= _value; totalSupply -= _value; emit Burn(msg.sender, _value); return true; } function mintToken(address target, uint256 mintedAmount)  public onlyOwner { balanceOf[target] += mintedAmount; totalSupply += mintedAmount; } }","import { expect } from ""chai""; import { ethers } from ""hardhat""; describe(""ERCDDAToken reference (ethers v6; deploy may require constructor arguments)"", function () { it(""deploy ERCDDAToken by supplying its REQUIRED constructor arguments (read them from the contract constructor), then call methods and assert; use ethers.parseEther, await (await tx).wait(), and expect(...).to.be.reverted"", async function () { const [owner, addr1, addr2] = await ethers.getSigners(); const Factory = await ethers.getContractFactory(""ERCDDAToken""); const instance = await Factory.deploy(...constructorArgs); await instance.waitForDeployment(); }); });",False,False,"import { expect } from ""chai""; import { ethers } from ""hardhat"";  describe(""ERCDDAToken mutant detection - constructor exponentiation bug"", function () {   it(""should detect mutant that uses ** instead of * in totalSupply calculation"", async function () {     const [owner] = await ethers.getSigners();     const Factory = await ethers.getContractFactory(""ERCDDAToken"");          // Use decimals = 18 (non-zero) and initialSupply = 1000     const initialSupply = 1000;     const decimals = 18;     const expectedTotalSupply = initialSupply * (10 ** decimals);          const instance = await Factory.deploy(initialSupply, ""TestToken"", ""TT"");     await instance.waitForDeployment();          const actualTotalSupply = await instance.totalSupply();          // The original contract: totalSupply = initialSupply * 10 ** uint256(decimals)     // The mutant: totalSupply = initialSupply ** 10 ** uint256(decimals)     // For initialSupply=1000 and decimals=18, the mutant would produce an astronomically large number     // that does NOT equal expectedTotalSupply     expect(actualTotalSupply).to.equal(expectedTotalSupply);   }); });","""['Error: syntax error']"""
m376575a1,ERCDDAToken,<generic-v6-scaffold>,constructor,live, ** , * ,---|         totalSupply = initialSupply * 10 ** uint256(decimals); +++|         totalSupply = initialSupply * 10 * uint256(decimals);,28,Mutant m376575a1 of function constructor replaces ** with *,"pragma solidity ^0.8.0; contract ERCDDAToken { address public owner; string public name; string public symbol; uint8 public decimals = 0; uint256 public totalSupply; event Transfer(address indexed from, address indexed to, uint256 value); event FrozenFunds(address target, bool frozen); event Burn(address indexed from, uint256 value); mapping (address => uint256) public balanceOf; mapping (address => bool) public frozenAccount; function owned() public { require(msg.sender == owner, ""Only the current owner can change ownership""); } modifier onlyOwner { require(msg.sender == owner); _; } constructor( uint256 initialSupply, string memory tokenName, string memory tokenSymbol) public { owner = payable(msg.sender); totalSupply = initialSupply * 10 ** uint256(decimals); balanceOf[msg.sender] = totalSupply; name = tokenName; symbol = tokenSymbol; } function _transfer(address _from, address _to, uint _value) internal { require (_to != address(0)); require (balanceOf[_from] >= _value); require (balanceOf[_to] + _value >= balanceOf[_to]); require(!frozenAccount[_from]); require(!frozenAccount[_to]); balanceOf[_from] -= _value; balanceOf[_to] += _value; emit Transfer(_from, _to, _value); } function transfer(address _to, uint256 _value) public returns (bool success) { _transfer(msg.sender, _to, _value); return true; } function freezeAccount(address target, bool freeze)  public onlyOwner { frozenAccount[target] = freeze; emit FrozenFunds(target, freeze); } function burn(uint256 _value)  public onlyOwner returns (bool success) { require(balanceOf[msg.sender] >= _value); balanceOf[msg.sender] -= _value; totalSupply -= _value; emit Burn(msg.sender, _value); return true; } function mintToken(address target, uint256 mintedAmount)  public onlyOwner { balanceOf[target] += mintedAmount; totalSupply += mintedAmount; } }","import { expect } from ""chai""; import { ethers } from ""hardhat""; describe(""ERCDDAToken reference (ethers v6; deploy may require constructor arguments)"", function () { it(""deploy ERCDDAToken by supplying its REQUIRED constructor arguments (read them from the contract constructor), then call methods and assert; use ethers.parseEther, await (await tx).wait(), and expect(...).to.be.reverted"", async function () { const [owner, addr1, addr2] = await ethers.getSigners(); const Factory = await ethers.getContractFactory(""ERCDDAToken""); const instance = await Factory.deploy(...constructorArgs); await instance.waitForDeployment(); }); });",False,False,"import { expect } from ""chai""; import { ethers } from ""hardhat"";  describe(""ERCDDAToken mutant m376575a1 test"", function () {   it(""should detect mutant that replaces ** with * in totalSupply calculation"", async function () {     const [owner] = await ethers.getSigners();     const Factory = await ethers.getContractFactory(""ERCDDAToken"");          // Deploy with initialSupply = 1000 and decimals = 0 (default)     const initialSupply = 1000;     const instance = await Factory.deploy(       initialSupply,       ""TestToken"",       ""TT""     );     await instance.waitForDeployment();      // In the original: totalSupply = initialSupply * 10**0 = initialSupply * 1 = 1000     // In the mutant:   totalSupply = initialSupply * 10 * 0 = 0     // So totalSupply should be 1000 in original, but will be 0 in mutant     const totalSupply = await instance.totalSupply();     expect(totalSupply).to.equal(ethers.parseEther(""1000"")); // ethers.parseEther works as 1000 * 10^18          // Also verify owner balance matches totalSupply     const ownerBalance = await instance.balanceOf(owner.address);     expect(ownerBalance).to.equal(totalSupply);   }); });","""['Error: syntax error']"""
m4c5bd6a9,ERCDDAToken,<generic-v6-scaffold>,_transfer,live, != , == ,---|         require (_to != address(0)); +++|         require (_to == address(0));,35,Mutant m4c5bd6a9 of function _transfer replaces != with ==,"pragma solidity ^0.8.0; contract ERCDDAToken { address public owner; string public name; string public symbol; uint8 public decimals = 0; uint256 public totalSupply; event Transfer(address indexed from, address indexed to, uint256 value); event FrozenFunds(address target, bool frozen); event Burn(address indexed from, uint256 value); mapping (address => uint256) public balanceOf; mapping (address => bool) public frozenAccount; function owned() public { require(msg.sender == owner, ""Only the current owner can change ownership""); } modifier onlyOwner { require(msg.sender == owner); _; } constructor( uint256 initialSupply, string memory tokenName, string memory tokenSymbol) public { owner = payable(msg.sender); totalSupply = initialSupply * 10 ** uint256(decimals); balanceOf[msg.sender] = totalSupply; name = tokenName; symbol = tokenSymbol; } function _transfer(address _from, address _to, uint _value) internal { require (_to != address(0)); require (balanceOf[_from] >= _value); require (balanceOf[_to] + _value >= balanceOf[_to]); require(!frozenAccount[_from]); require(!frozenAccount[_to]); balanceOf[_from] -= _value; balanceOf[_to] += _value; emit Transfer(_from, _to, _value); } function transfer(address _to, uint256 _value) public returns (bool success) { _transfer(msg.sender, _to, _value); return true; } function freezeAccount(address target, bool freeze)  public onlyOwner { frozenAccount[target] = freeze; emit FrozenFunds(target, freeze); } function burn(uint256 _value)  public onlyOwner returns (bool success) { require(balanceOf[msg.sender] >= _value); balanceOf[msg.sender] -= _value; totalSupply -= _value; emit Burn(msg.sender, _value); return true; } function mintToken(address target, uint256 mintedAmount)  public onlyOwner { balanceOf[target] += mintedAmount; totalSupply += mintedAmount; } }","import { expect } from ""chai""; import { ethers } from ""hardhat""; describe(""ERCDDAToken reference (ethers v6; deploy may require constructor arguments)"", function () { it(""deploy ERCDDAToken by supplying its REQUIRED constructor arguments (read them from the contract constructor), then call methods and assert; use ethers.parseEther, await (await tx).wait(), and expect(...).to.be.reverted"", async function () { const [owner, addr1, addr2] = await ethers.getSigners(); const Factory = await ethers.getContractFactory(""ERCDDAToken""); const instance = await Factory.deploy(...constructorArgs); await instance.waitForDeployment(); }); });",False,False,"import { expect } from ""chai""; import { ethers } } from ""hardhat"";  describe(""ERCDDAToken mutant detection - _transfer address check"", function () {   it(""should revert when transferring to address(0) but succeed when transferring to non-zero address"", async function () {     const [owner, addr1] = await ethers.getSigners();     const initialSupply = ethers.parseEther(""1000"");     const Factory = await ethers.getContractFactory(""ERCDDAToken"");     const instance = await Factory.deploy(initialSupply, ""TestToken"", ""TST"");     await instance.waitForDeployment();      // Attempt transfer to non-zero address (should succeed on original, fail on mutant)     const transferAmount = ethers.parseEther(""100"");     const tx = instance.transfer(addr1.address, transferAmount);          // The mutant changes require(_to != address(0)) to require(_to == address(0))     // So a transfer to a non-zero address will revert on the mutant     // A transfer to address(0) will succeed on the mutant (but should revert on original)     await expect(tx).to.not.be.reverted;          // Verify balance change on original (will fail on mutant since tx reverts)     expect(await instance.balanceOf(addr1.address)).to.equal(transferAmount);   }); });","""['Error: syntax error']"""
m7f172e33,ERCDDAToken,<generic-v6-scaffold>,_transfer,live, >= ,  > ,---|         require (balanceOf[_from] >= _value); +++|         require (balanceOf[_from]  > _value);,36,Mutant m7f172e33 of function _transfer replaces >= with >,"pragma solidity ^0.8.0; contract ERCDDAToken { address public owner; string public name; string public symbol; uint8 public decimals = 0; uint256 public totalSupply; event Transfer(address indexed from, address indexed to, uint256 value); event FrozenFunds(address target, bool frozen); event Burn(address indexed from, uint256 value); mapping (address => uint256) public balanceOf; mapping (address => bool) public frozenAccount; function owned() public { require(msg.sender == owner, ""Only the current owner can change ownership""); } modifier onlyOwner { require(msg.sender == owner); _; } constructor( uint256 initialSupply, string memory tokenName, string memory tokenSymbol) public { owner = payable(msg.sender); totalSupply = initialSupply * 10 ** uint256(decimals); balanceOf[msg.sender] = totalSupply; name = tokenName; symbol = tokenSymbol; } function _transfer(address _from, address _to, uint _value) internal { require (_to != address(0)); require (balanceOf[_from] >= _value); require (balanceOf[_to] + _value >= balanceOf[_to]); require(!frozenAccount[_from]); require(!frozenAccount[_to]); balanceOf[_from] -= _value; balanceOf[_to] += _value; emit Transfer(_from, _to, _value); } function transfer(address _to, uint256 _value) public returns (bool success) { _transfer(msg.sender, _to, _value); return true; } function freezeAccount(address target, bool freeze)  public onlyOwner { frozenAccount[target] = freeze; emit FrozenFunds(target, freeze); } function burn(uint256 _value)  public onlyOwner returns (bool success) { require(balanceOf[msg.sender] >= _value); balanceOf[msg.sender] -= _value; totalSupply -= _value; emit Burn(msg.sender, _value); return true; } function mintToken(address target, uint256 mintedAmount)  public onlyOwner { balanceOf[target] += mintedAmount; totalSupply += mintedAmount; } }","import { expect } from ""chai""; import { ethers } from ""hardhat""; describe(""ERCDDAToken reference (ethers v6; deploy may require constructor arguments)"", function () { it(""deploy ERCDDAToken by supplying its REQUIRED constructor arguments (read them from the contract constructor), then call methods and assert; use ethers.parseEther, await (await tx).wait(), and expect(...).to.be.reverted"", async function () { const [owner, addr1, addr2] = await ethers.getSigners(); const Factory = await ethers.getContractFactory(""ERCDDAToken""); const instance = await Factory.deploy(...constructorArgs); await instance.waitForDeployment(); }); });",False,False,"import { expect } from ""chai""; import { ethers } from ""hardhat"";  describe(""ERCDDAToken reference (ethers v6; deploy may require constructor arguments)"", function () {   it(""should detect mutant m7f172e33 by transferring exact full balance and expecting revert"", async function () {     const [owner, addr1] = await ethers.getSigners();     const initialSupply = 1000;     const tokenName = ""TestToken"";     const tokenSymbol = ""TT"";          const Factory = await ethers.getContractFactory(""ERCDDAToken"");     const instance = await Factory.deploy(initialSupply, tokenName, tokenSymbol);     await instance.waitForDeployment();      // Owner has full initial supply (1000 tokens, 0 decimals means 1000 units)     const ownerBalance = await instance.balanceOf(owner.address);     expect(ownerBalance).to.equal(ethers.parseEther(""1000"")); // Actually 1000 units since decimals=0      // Transfer exact full balance from owner to addr1     // In original contract: require(balanceOf[_from] >= _value) allows this     // In mutant: require(balanceOf[_from] > _value) would revert when balances are equal     await expect(       instance.transfer(addr1.address, ownerBalance)     ).to.be.reverted;   }); });","""['Error: syntax error']"""
m8ddb6827,ERCDDAToken,<generic-v6-scaffold>,_transfer,live, >= , <= ,---|         require (balanceOf[_from] >= _value); +++|         require (balanceOf[_from] <= _value);,36,Mutant m8ddb6827 of function _transfer replaces >= with <=,"pragma solidity ^0.8.0; contract ERCDDAToken { address public owner; string public name; string public symbol; uint8 public decimals = 0; uint256 public totalSupply; event Transfer(address indexed from, address indexed to, uint256 value); event FrozenFunds(address target, bool frozen); event Burn(address indexed from, uint256 value); mapping (address => uint256) public balanceOf; mapping (address => bool) public frozenAccount; function owned() public { require(msg.sender == owner, ""Only the current owner can change ownership""); } modifier onlyOwner { require(msg.sender == owner); _; } constructor( uint256 initialSupply, string memory tokenName, string memory tokenSymbol) public { owner = payable(msg.sender); totalSupply = initialSupply * 10 ** uint256(decimals); balanceOf[msg.sender] = totalSupply; name = tokenName; symbol = tokenSymbol; } function _transfer(address _from, address _to, uint _value) internal { require (_to != address(0)); require (balanceOf[_from] >= _value); require (balanceOf[_to] + _value >= balanceOf[_to]); require(!frozenAccount[_from]); require(!frozenAccount[_to]); balanceOf[_from] -= _value; balanceOf[_to] += _value; emit Transfer(_from, _to, _value); } function transfer(address _to, uint256 _value) public returns (bool success) { _transfer(msg.sender, _to, _value); return true; } function freezeAccount(address target, bool freeze)  public onlyOwner { frozenAccount[target] = freeze; emit FrozenFunds(target, freeze); } function burn(uint256 _value)  public onlyOwner returns (bool success) { require(balanceOf[msg.sender] >= _value); balanceOf[msg.sender] -= _value; totalSupply -= _value; emit Burn(msg.sender, _value); return true; } function mintToken(address target, uint256 mintedAmount)  public onlyOwner { balanceOf[target] += mintedAmount; totalSupply += mintedAmount; } }","import { expect } from ""chai""; import { ethers } from ""hardhat""; describe(""ERCDDAToken reference (ethers v6; deploy may require constructor arguments)"", function () { it(""deploy ERCDDAToken by supplying its REQUIRED constructor arguments (read them from the contract constructor), then call methods and assert; use ethers.parseEther, await (await tx).wait(), and expect(...).to.be.reverted"", async function () { const [owner, addr1, addr2] = await ethers.getSigners(); const Factory = await ethers.getContractFactory(""ERCDDAToken""); const instance = await Factory.deploy(...constructorArgs); await instance.waitForDeployment(); }); });",False,False,"import { expect } from ""chai""; import { ethers } } from ""hardhat"";  describe(""ERCDDAToken - Kill mutant m8ddb6827"", function () {   it(""should revert when transferring an amount less than sender's balance due to mutated <= check"", async function () {     const [owner, addr1] = await ethers.getSigners();     const initialSupply = 1000;     const name = ""TestToken"";     const symbol = ""TT"";          const Factory = await ethers.getContractFactory(""ERCDDAToken"");     const instance = await Factory.deploy(initialSupply, name, symbol);     await instance.waitForDeployment();      // Owner has all tokens (1000 * 10^0 = 1000)     // Attempt to transfer 100 tokens (less than owner's full balance)     // Original: require(balanceOf[owner] >= 100) -> true (pass)     // Mutant:   require(balanceOf[owner] <= 100) -> false (revert)     await expect(       instance.transfer(addr1.address, 100)     ).to.be.reverted;   }); });","""['Error: syntax error']"""
m872333e5,ERCDDAToken,<generic-v6-scaffold>,_transfer,live, >= , == ,---|         require (balanceOf[_from] >= _value); +++|         require (balanceOf[_from] == _value);,36,Mutant m872333e5 of function _transfer replaces >= with ==,"pragma solidity ^0.8.0; contract ERCDDAToken { address public owner; string public name; string public symbol; uint8 public decimals = 0; uint256 public totalSupply; event Transfer(address indexed from, address indexed to, uint256 value); event FrozenFunds(address target, bool frozen); event Burn(address indexed from, uint256 value); mapping (address => uint256) public balanceOf; mapping (address => bool) public frozenAccount; function owned() public { require(msg.sender == owner, ""Only the current owner can change ownership""); } modifier onlyOwner { require(msg.sender == owner); _; } constructor( uint256 initialSupply, string memory tokenName, string memory tokenSymbol) public { owner = payable(msg.sender); totalSupply = initialSupply * 10 ** uint256(decimals); balanceOf[msg.sender] = totalSupply; name = tokenName; symbol = tokenSymbol; } function _transfer(address _from, address _to, uint _value) internal { require (_to != address(0)); require (balanceOf[_from] >= _value); require (balanceOf[_to] + _value >= balanceOf[_to]); require(!frozenAccount[_from]); require(!frozenAccount[_to]); balanceOf[_from] -= _value; balanceOf[_to] += _value; emit Transfer(_from, _to, _value); } function transfer(address _to, uint256 _value) public returns (bool success) { _transfer(msg.sender, _to, _value); return true; } function freezeAccount(address target, bool freeze)  public onlyOwner { frozenAccount[target] = freeze; emit FrozenFunds(target, freeze); } function burn(uint256 _value)  public onlyOwner returns (bool success) { require(balanceOf[msg.sender] >= _value); balanceOf[msg.sender] -= _value; totalSupply -= _value; emit Burn(msg.sender, _value); return true; } function mintToken(address target, uint256 mintedAmount)  public onlyOwner { balanceOf[target] += mintedAmount; totalSupply += mintedAmount; } }","import { expect } from ""chai""; import { ethers } from ""hardhat""; describe(""ERCDDAToken reference (ethers v6; deploy may require constructor arguments)"", function () { it(""deploy ERCDDAToken by supplying its REQUIRED constructor arguments (read them from the contract constructor), then call methods and assert; use ethers.parseEther, await (await tx).wait(), and expect(...).to.be.reverted"", async function () { const [owner, addr1, addr2] = await ethers.getSigners(); const Factory = await ethers.getContractFactory(""ERCDDAToken""); const instance = await Factory.deploy(...constructorArgs); await instance.waitForDeployment(); }); });",False,False,"import { expect } from ""chai""; import { ethers } from ""hardhat"";  describe(""ERCDDAToken mutant m872333e5 test"", function () {   it(""should revert when transferring less than full balance due to == check in mutant"", async function () {     const [owner, addr1] = await ethers.getSigners();     const initialSupply = 1000;     const tokenName = ""TestToken"";     const tokenSymbol = ""TT"";          const Factory = await ethers.getContractFactory(""ERCDDAToken"");     const instance = await Factory.deploy(initialSupply, tokenName, tokenSymbol);     await instance.waitForDeployment();      // Owner has 1000 tokens (initialSupply * 10^0 since decimals = 0)     // Try to transfer 500 tokens (less than full balance) to addr1     // Original: succeeds because 1000 >= 500     // Mutant: reverts because 1000 != 500     await expect(       instance.transfer(addr1.address, 500)     ).to.be.reverted;   }); });","""['Error: syntax error']"""
m085f1731,ERCDDAToken,<generic-v6-scaffold>,_transfer,live, >= ,  > ,---|         require (balanceOf[_to] + _value >= balanceOf[_to]); +++|         require (balanceOf[_to] + _value  > balanceOf[_to]);,37,Mutant m085f1731 of function _transfer replaces >= with >,"pragma solidity ^0.8.0; contract ERCDDAToken { address public owner; string public name; string public symbol; uint8 public decimals = 0; uint256 public totalSupply; event Transfer(address indexed from, address indexed to, uint256 value); event FrozenFunds(address target, bool frozen); event Burn(address indexed from, uint256 value); mapping (address => uint256) public balanceOf; mapping (address => bool) public frozenAccount; function owned() public { require(msg.sender == owner, ""Only the current owner can change ownership""); } modifier onlyOwner { require(msg.sender == owner); _; } constructor( uint256 initialSupply, string memory tokenName, string memory tokenSymbol) public { owner = payable(msg.sender); totalSupply = initialSupply * 10 ** uint256(decimals); balanceOf[msg.sender] = totalSupply; name = tokenName; symbol = tokenSymbol; } function _transfer(address _from, address _to, uint _value) internal { require (_to != address(0)); require (balanceOf[_from] >= _value); require (balanceOf[_to] + _value >= balanceOf[_to]); require(!frozenAccount[_from]); require(!frozenAccount[_to]); balanceOf[_from] -= _value; balanceOf[_to] += _value; emit Transfer(_from, _to, _value); } function transfer(address _to, uint256 _value) public returns (bool success) { _transfer(msg.sender, _to, _value); return true; } function freezeAccount(address target, bool freeze)  public onlyOwner { frozenAccount[target] = freeze; emit FrozenFunds(target, freeze); } function burn(uint256 _value)  public onlyOwner returns (bool success) { require(balanceOf[msg.sender] >= _value); balanceOf[msg.sender] -= _value; totalSupply -= _value; emit Burn(msg.sender, _value); return true; } function mintToken(address target, uint256 mintedAmount)  public onlyOwner { balanceOf[target] += mintedAmount; totalSupply += mintedAmount; } }","import { expect } from ""chai""; import { ethers } from ""hardhat""; describe(""ERCDDAToken reference (ethers v6; deploy may require constructor arguments)"", function () { it(""deploy ERCDDAToken by supplying its REQUIRED constructor arguments (read them from the contract constructor), then call methods and assert; use ethers.parseEther, await (await tx).wait(), and expect(...).to.be.reverted"", async function () { const [owner, addr1, addr2] = await ethers.getSigners(); const Factory = await ethers.getContractFactory(""ERCDDAToken""); const instance = await Factory.deploy(...constructorArgs); await instance.waitForDeployment(); }); });",False,False,"import { expect } from ""chai""; import { ethers } from ""hardhat"";  describe(""ERCDDAToken reference (ethers v6; deploy may require constructor arguments)"", function () {   it(""should allow transfer of 0 tokens (mutant kill test)"", async function () {     const [owner, addr1] = await ethers.getSigners();     const initialSupply = 1000;     const tokenName = ""TestToken"";     const tokenSymbol = ""TT"";      const Factory = await ethers.getContractFactory(""ERCDDAToken"");     const instance = await Factory.deploy(initialSupply, tokenName, tokenSymbol);     await instance.waitForDeployment();      // Transfer 0 tokens from owner to addr1 - should succeed on original, fail on mutant     await expect(instance.transfer(addr1.address, 0)).to.not.be.reverted;   }); });","""['Error: syntax error']"""
m053469e8,ERCDDAToken,<generic-v6-scaffold>,_transfer,live, >= , <= ,---|         require (balanceOf[_to] + _value >= balanceOf[_to]); +++|         require (balanceOf[_to] + _value <= balanceOf[_to]);,37,Mutant m053469e8 of function _transfer replaces >= with <=,"pragma solidity ^0.8.0; contract ERCDDAToken { address public owner; string public name; string public symbol; uint8 public decimals = 0; uint256 public totalSupply; event Transfer(address indexed from, address indexed to, uint256 value); event FrozenFunds(address target, bool frozen); event Burn(address indexed from, uint256 value); mapping (address => uint256) public balanceOf; mapping (address => bool) public frozenAccount; function owned() public { require(msg.sender == owner, ""Only the current owner can change ownership""); } modifier onlyOwner { require(msg.sender == owner); _; } constructor( uint256 initialSupply, string memory tokenName, string memory tokenSymbol) public { owner = payable(msg.sender); totalSupply = initialSupply * 10 ** uint256(decimals); balanceOf[msg.sender] = totalSupply; name = tokenName; symbol = tokenSymbol; } function _transfer(address _from, address _to, uint _value) internal { require (_to != address(0)); require (balanceOf[_from] >= _value); require (balanceOf[_to] + _value >= balanceOf[_to]); require(!frozenAccount[_from]); require(!frozenAccount[_to]); balanceOf[_from] -= _value; balanceOf[_to] += _value; emit Transfer(_from, _to, _value); } function transfer(address _to, uint256 _value) public returns (bool success) { _transfer(msg.sender, _to, _value); return true; } function freezeAccount(address target, bool freeze)  public onlyOwner { frozenAccount[target] = freeze; emit FrozenFunds(target, freeze); } function burn(uint256 _value)  public onlyOwner returns (bool success) { require(balanceOf[msg.sender] >= _value); balanceOf[msg.sender] -= _value; totalSupply -= _value; emit Burn(msg.sender, _value); return true; } function mintToken(address target, uint256 mintedAmount)  public onlyOwner { balanceOf[target] += mintedAmount; totalSupply += mintedAmount; } }","import { expect } from ""chai""; import { ethers } from ""hardhat""; describe(""ERCDDAToken reference (ethers v6; deploy may require constructor arguments)"", function () { it(""deploy ERCDDAToken by supplying its REQUIRED constructor arguments (read them from the contract constructor), then call methods and assert; use ethers.parseEther, await (await tx).wait(), and expect(...).to.be.reverted"", async function () { const [owner, addr1, addr2] = await ethers.getSigners(); const Factory = await ethers.getContractFactory(""ERCDDAToken""); const instance = await Factory.deploy(...constructorArgs); await instance.waitForDeployment(); }); });",False,False,"import { expect } from ""chai""; import { ethers } } from ""hardhat"";  describe(""ERCDDAToken - kill mutant m053469e8"", function () {   it(""should revert on normal transfer with positive amount when overflow guard is mutated to <= (kill mutant)"", async function () {     const [owner, addr1] = await ethers.getSigners();          // Deploy contract with initial supply     const initialSupply = 1000;     const tokenName = ""TestToken"";     const tokenSymbol = ""TT"";     const Factory = await ethers.getContractFactory(""ERCDDAToken"");     const instance = await Factory.deploy(initialSupply, tokenName, tokenSymbol);     await instance.waitForDeployment();      // Perform a normal transfer with positive value     const transferValue = 100;          // In the mutant, require(balanceOf[_to] + _value <= balanceOf[_to]) will always revert     // for any positive _value, because sum > original balance     // Original contract would succeed, mutant should revert     await expect(       instance.connect(owner).transfer(addr1.address, transferValue)     ).to.be.reverted;   }); });","""['Error: syntax error']"""
mb18f934c,ERCDDAToken,<generic-v6-scaffold>,_transfer,live, >= , == ,---|         require (balanceOf[_to] + _value >= balanceOf[_to]); +++|         require (balanceOf[_to] + _value == balanceOf[_to]);,37,Mutant mb18f934c of function _transfer replaces >= with ==,"pragma solidity ^0.8.0; contract ERCDDAToken { address public owner; string public name; string public symbol; uint8 public decimals = 0; uint256 public totalSupply; event Transfer(address indexed from, address indexed to, uint256 value); event FrozenFunds(address target, bool frozen); event Burn(address indexed from, uint256 value); mapping (address => uint256) public balanceOf; mapping (address => bool) public frozenAccount; function owned() public { require(msg.sender == owner, ""Only the current owner can change ownership""); } modifier onlyOwner { require(msg.sender == owner); _; } constructor( uint256 initialSupply, string memory tokenName, string memory tokenSymbol) public { owner = payable(msg.sender); totalSupply = initialSupply * 10 ** uint256(decimals); balanceOf[msg.sender] = totalSupply; name = tokenName; symbol = tokenSymbol; } function _transfer(address _from, address _to, uint _value) internal { require (_to != address(0)); require (balanceOf[_from] >= _value); require (balanceOf[_to] + _value >= balanceOf[_to]); require(!frozenAccount[_from]); require(!frozenAccount[_to]); balanceOf[_from] -= _value; balanceOf[_to] += _value; emit Transfer(_from, _to, _value); } function transfer(address _to, uint256 _value) public returns (bool success) { _transfer(msg.sender, _to, _value); return true; } function freezeAccount(address target, bool freeze)  public onlyOwner { frozenAccount[target] = freeze; emit FrozenFunds(target, freeze); } function burn(uint256 _value)  public onlyOwner returns (bool success) { require(balanceOf[msg.sender] >= _value); balanceOf[msg.sender] -= _value; totalSupply -= _value; emit Burn(msg.sender, _value); return true; } function mintToken(address target, uint256 mintedAmount)  public onlyOwner { balanceOf[target] += mintedAmount; totalSupply += mintedAmount; } }","import { expect } from ""chai""; import { ethers } from ""hardhat""; describe(""ERCDDAToken reference (ethers v6; deploy may require constructor arguments)"", function () { it(""deploy ERCDDAToken by supplying its REQUIRED constructor arguments (read them from the contract constructor), then call methods and assert; use ethers.parseEther, await (await tx).wait(), and expect(...).to.be.reverted"", async function () { const [owner, addr1, addr2] = await ethers.getSigners(); const Factory = await ethers.getContractFactory(""ERCDDAToken""); const instance = await Factory.deploy(...constructorArgs); await instance.waitForDeployment(); }); });",False,False,"import { expect } from ""chai""; import { ethers } } from ""hardhat"";  describe(""ERCDDAToken mutant mb18f934c test"", function () {   it(""should detect the mutant that changes >= to == in overflow check"", async function () {     const [owner, addr1, addr2] = await ethers.getSigners();          // Deploy with initial supply of 1000 tokens (0 decimals, so no need for parseEther)     const initialSupply = 1000;     const Factory = await ethers.getContractFactory(""ERCDDAToken"");     const instance = await Factory.deploy(initialSupply, ""TestToken"", ""TT"");     await instance.waitForDeployment();      // Give addr1 some tokens first     await instance.transfer(addr1.address, 100);          // Now transfer from addr1 to addr2 who already has some tokens (addr2 starts with 0)     // First give addr2 some tokens to have a positive balance     await instance.transfer(addr2.address, 50);          // Now try transferring from addr1 to addr2 with a non-zero amount     // In the original contract, this should succeed because 50 + 30 >= 50     // In the mutant, this will revert because 50 + 30 != 50     await expect(       instance.connect(addr1).transfer(addr2.address, 30)     ).to.be.reverted;   }); });","""['Error: syntax error']"""
mcb9a6769,ERCDDAToken,<generic-v6-scaffold>,_transfer,live, + , - ,---|         require (balanceOf[_to] + _value >= balanceOf[_to]); +++|         require (balanceOf[_to] - _value >= balanceOf[_to]);,37,Mutant mcb9a6769 of function _transfer replaces + with -,"pragma solidity ^0.8.0; contract ERCDDAToken { address public owner; string public name; string public symbol; uint8 public decimals = 0; uint256 public totalSupply; event Transfer(address indexed from, address indexed to, uint256 value); event FrozenFunds(address target, bool frozen); event Burn(address indexed from, uint256 value); mapping (address => uint256) public balanceOf; mapping (address => bool) public frozenAccount; function owned() public { require(msg.sender == owner, ""Only the current owner can change ownership""); } modifier onlyOwner { require(msg.sender == owner); _; } constructor( uint256 initialSupply, string memory tokenName, string memory tokenSymbol) public { owner = payable(msg.sender); totalSupply = initialSupply * 10 ** uint256(decimals); balanceOf[msg.sender] = totalSupply; name = tokenName; symbol = tokenSymbol; } function _transfer(address _from, address _to, uint _value) internal { require (_to != address(0)); require (balanceOf[_from] >= _value); require (balanceOf[_to] + _value >= balanceOf[_to]); require(!frozenAccount[_from]); require(!frozenAccount[_to]); balanceOf[_from] -= _value; balanceOf[_to] += _value; emit Transfer(_from, _to, _value); } function transfer(address _to, uint256 _value) public returns (bool success) { _transfer(msg.sender, _to, _value); return true; } function freezeAccount(address target, bool freeze)  public onlyOwner { frozenAccount[target] = freeze; emit FrozenFunds(target, freeze); } function burn(uint256 _value)  public onlyOwner returns (bool success) { require(balanceOf[msg.sender] >= _value); balanceOf[msg.sender] -= _value; totalSupply -= _value; emit Burn(msg.sender, _value); return true; } function mintToken(address target, uint256 mintedAmount)  public onlyOwner { balanceOf[target] += mintedAmount; totalSupply += mintedAmount; } }","import { expect } from ""chai""; import { ethers } from ""hardhat""; describe(""ERCDDAToken reference (ethers v6; deploy may require constructor arguments)"", function () { it(""deploy ERCDDAToken by supplying its REQUIRED constructor arguments (read them from the contract constructor), then call methods and assert; use ethers.parseEther, await (await tx).wait(), and expect(...).to.be.reverted"", async function () { const [owner, addr1, addr2] = await ethers.getSigners(); const Factory = await ethers.getContractFactory(""ERCDDAToken""); const instance = await Factory.deploy(...constructorArgs); await instance.waitForDeployment(); }); });",False,False,"import { expect } from ""chai""; import { ethers } from ""hardhat"";  describe(""ERCDDAToken mutant kill test - mcb9a6769"", function () {   it(""should revert on valid transfer to recipient with existing balance due to broken overflow check"", async function () {     const [owner, addr1, addr2] = await ethers.getSigners();     const Factory = await ethers.getContractFactory(""ERCDDAToken"");     const initialSupply = 1000;     const tokenName = ""TestToken"";     const tokenSymbol = ""TST"";     const instance = await Factory.deploy(initialSupply, tokenName, tokenSymbol);     await instance.waitForDeployment();      // Transfer some tokens to addr1 so addr1 has a non-zero balance     await instance.connect(owner).transfer(addr1.address, 100);          // Now transfer from owner to addr1 (recipient already has balance)     // In original contract this succeeds; in mutant it reverts because     // require(balanceOf[_to] - _value >= balanceOf[_to]) fails for _value > 0     await expect(       instance.connect(owner).transfer(addr1.address, 50)     ).to.not.be.reverted;   }); });","""['Error: syntax error']"""
m073202b5,ERCDDAToken,<generic-v6-scaffold>,_transfer,live, + , * ,---|         require (balanceOf[_to] + _value >= balanceOf[_to]); +++|         require (balanceOf[_to] * _value >= balanceOf[_to]);,37,Mutant m073202b5 of function _transfer replaces + with *,"pragma solidity ^0.8.0; contract ERCDDAToken { address public owner; string public name; string public symbol; uint8 public decimals = 0; uint256 public totalSupply; event Transfer(address indexed from, address indexed to, uint256 value); event FrozenFunds(address target, bool frozen); event Burn(address indexed from, uint256 value); mapping (address => uint256) public balanceOf; mapping (address => bool) public frozenAccount; function owned() public { require(msg.sender == owner, ""Only the current owner can change ownership""); } modifier onlyOwner { require(msg.sender == owner); _; } constructor( uint256 initialSupply, string memory tokenName, string memory tokenSymbol) public { owner = payable(msg.sender); totalSupply = initialSupply * 10 ** uint256(decimals); balanceOf[msg.sender] = totalSupply; name = tokenName; symbol = tokenSymbol; } function _transfer(address _from, address _to, uint _value) internal { require (_to != address(0)); require (balanceOf[_from] >= _value); require (balanceOf[_to] + _value >= balanceOf[_to]); require(!frozenAccount[_from]); require(!frozenAccount[_to]); balanceOf[_from] -= _value; balanceOf[_to] += _value; emit Transfer(_from, _to, _value); } function transfer(address _to, uint256 _value) public returns (bool success) { _transfer(msg.sender, _to, _value); return true; } function freezeAccount(address target, bool freeze)  public onlyOwner { frozenAccount[target] = freeze; emit FrozenFunds(target, freeze); } function burn(uint256 _value)  public onlyOwner returns (bool success) { require(balanceOf[msg.sender] >= _value); balanceOf[msg.sender] -= _value; totalSupply -= _value; emit Burn(msg.sender, _value); return true; } function mintToken(address target, uint256 mintedAmount)  public onlyOwner { balanceOf[target] += mintedAmount; totalSupply += mintedAmount; } }","import { expect } from ""chai""; import { ethers } from ""hardhat""; describe(""ERCDDAToken reference (ethers v6; deploy may require constructor arguments)"", function () { it(""deploy ERCDDAToken by supplying its REQUIRED constructor arguments (read them from the contract constructor), then call methods and assert; use ethers.parseEther, await (await tx).wait(), and expect(...).to.be.reverted"", async function () { const [owner, addr1, addr2] = await ethers.getSigners(); const Factory = await ethers.getContractFactory(""ERCDDAToken""); const instance = await Factory.deploy(...constructorArgs); await instance.waitForDeployment(); }); });",False,False,"import { expect } from ""chai""; import { ethers } from ""hardhat"";  describe(""ERCDDAToken mutant detection test"", function () {   it(""should detect the mutant by testing transfer to an address with zero balance"", async function () {     const [owner, addr1] = await ethers.getSigners();     const initialSupply = 1000;     const tokenName = ""TestToken"";     const tokenSymbol = ""TT"";          const Factory = await ethers.getContractFactory(""ERCDDAToken"");     const instance = await Factory.deploy(initialSupply, tokenName, tokenSymbol);     await instance.waitForDeployment();      // Transfer tokens to addr1 to give it a non-zero balance     await instance.transfer(addr1.address, 100);          // Now transfer again to addr1 - the original check uses addition, mutant uses multiplication     // The original: require(balanceOf[_to] + _value >= balanceOf[_to]) => 100 + 1 >= 100 => true     // The mutant: require(balanceOf[_to] * _value >= balanceOf[_to]) => 100 * 1 >= 100 => true     // Both pass, so we need a case where the multiplication fails but addition succeeds          // Transfer to a new address with zero balance     // Original: 0 + 5 >= 0 => true (passes)     // Mutant: 0 * 5 >= 0 => 0 >= 0 => true (also passes)          // The key difference: when _to has balance > 0 and _value > 1,      // original always passes due to overflow protection, mutant might behave differently     // Let's test with balance[_to] = 2 and _value = 2     // Original: 2 + 2 >= 2 => true     // Mutant: 2 * 2 >= 2 => 4 >= 2 => true (both pass)          // Actually, the real difference is when _value = 0     // Original: balance[_to] + 0 >= balance[_to] => true     // Mutant: balance[_to] * 0 >= balance[_to] => 0 >= balance[_to] => false if balance > 0          // So test: transfer 0 tokens to an address with non-zero balance     // This should succeed in original but fail in mutant     await expect(       instance.transfer(addr1.address, 0)     ).to.be.reverted;   }); });","""['Error: syntax error']"""
m51cb43c0,ERCDDAToken,<generic-v6-scaffold>,burn,live, >= ,  > ,---|         require(balanceOf[msg.sender] >= _value); +++|         require(balanceOf[msg.sender]  > _value);,56,Mutant m51cb43c0 of function burn replaces >= with >,"pragma solidity ^0.8.0; contract ERCDDAToken { address public owner; string public name; string public symbol; uint8 public decimals = 0; uint256 public totalSupply; event Transfer(address indexed from, address indexed to, uint256 value); event FrozenFunds(address target, bool frozen); event Burn(address indexed from, uint256 value); mapping (address => uint256) public balanceOf; mapping (address => bool) public frozenAccount; function owned() public { require(msg.sender == owner, ""Only the current owner can change ownership""); } modifier onlyOwner { require(msg.sender == owner); _; } constructor( uint256 initialSupply, string memory tokenName, string memory tokenSymbol) public { owner = payable(msg.sender); totalSupply = initialSupply * 10 ** uint256(decimals); balanceOf[msg.sender] = totalSupply; name = tokenName; symbol = tokenSymbol; } function _transfer(address _from, address _to, uint _value) internal { require (_to != address(0)); require (balanceOf[_from] >= _value); require (balanceOf[_to] + _value >= balanceOf[_to]); require(!frozenAccount[_from]); require(!frozenAccount[_to]); balanceOf[_from] -= _value; balanceOf[_to] += _value; emit Transfer(_from, _to, _value); } function transfer(address _to, uint256 _value) public returns (bool success) { _transfer(msg.sender, _to, _value); return true; } function freezeAccount(address target, bool freeze)  public onlyOwner { frozenAccount[target] = freeze; emit FrozenFunds(target, freeze); } function burn(uint256 _value)  public onlyOwner returns (bool success) { require(balanceOf[msg.sender] >= _value); balanceOf[msg.sender] -= _value; totalSupply -= _value; emit Burn(msg.sender, _value); return true; } function mintToken(address target, uint256 mintedAmount)  public onlyOwner { balanceOf[target] += mintedAmount; totalSupply += mintedAmount; } }","import { expect } from ""chai""; import { ethers } from ""hardhat""; describe(""ERCDDAToken reference (ethers v6; deploy may require constructor arguments)"", function () { it(""deploy ERCDDAToken by supplying its REQUIRED constructor arguments (read them from the contract constructor), then call methods and assert; use ethers.parseEther, await (await tx).wait(), and expect(...).to.be.reverted"", async function () { const [owner, addr1, addr2] = await ethers.getSigners(); const Factory = await ethers.getContractFactory(""ERCDDAToken""); const instance = await Factory.deploy(...constructorArgs); await instance.waitForDeployment(); }); });",False,False,"import { expect } from ""chai""; import { ethers } from ""hardhat"";  describe(""ERCDDAToken reference (ethers v6; deploy may require constructor arguments)"", function () {   it(""should kill mutant m51cb43c0 by burning exact balance amount"", async function () {     const [owner, addr1] = await ethers.getSigners();     const initialSupply = 1000;     const tokenName = ""TestToken"";     const tokenSymbol = ""TT"";          const Factory = await ethers.getContractFactory(""ERCDDAToken"");     const instance = await Factory.deploy(initialSupply, tokenName, tokenSymbol);     await instance.waitForDeployment();      // Get owner's balance (should be initialSupply since decimals = 0)     const ownerBalance = await instance.balanceOf(owner.address);          // Attempt to burn exactly the owner's full balance     // Original: requires balance >= _value, so burning exact balance works     // Mutant: requires balance > _value, so burning exact balance should revert     await expect(       instance.connect(owner).burn(ownerBalance)     ).to.not.be.reverted;          // Verify balance is now 0 and totalSupply decreased accordingly     expect(await instance.balanceOf(owner.address)).to.equal(0);     expect(await instance.totalSupply()).to.equal(0);   }); });","""['Error: syntax error']"""
m3de9c150,ERCDDAToken,<generic-v6-scaffold>,burn,live, >= , <= ,---|         require(balanceOf[msg.sender] >= _value); +++|         require(balanceOf[msg.sender] <= _value);,56,Mutant m3de9c150 of function burn replaces >= with <=,"pragma solidity ^0.8.0; contract ERCDDAToken { address public owner; string public name; string public symbol; uint8 public decimals = 0; uint256 public totalSupply; event Transfer(address indexed from, address indexed to, uint256 value); event FrozenFunds(address target, bool frozen); event Burn(address indexed from, uint256 value); mapping (address => uint256) public balanceOf; mapping (address => bool) public frozenAccount; function owned() public { require(msg.sender == owner, ""Only the current owner can change ownership""); } modifier onlyOwner { require(msg.sender == owner); _; } constructor( uint256 initialSupply, string memory tokenName, string memory tokenSymbol) public { owner = payable(msg.sender); totalSupply = initialSupply * 10 ** uint256(decimals); balanceOf[msg.sender] = totalSupply; name = tokenName; symbol = tokenSymbol; } function _transfer(address _from, address _to, uint _value) internal { require (_to != address(0)); require (balanceOf[_from] >= _value); require (balanceOf[_to] + _value >= balanceOf[_to]); require(!frozenAccount[_from]); require(!frozenAccount[_to]); balanceOf[_from] -= _value; balanceOf[_to] += _value; emit Transfer(_from, _to, _value); } function transfer(address _to, uint256 _value) public returns (bool success) { _transfer(msg.sender, _to, _value); return true; } function freezeAccount(address target, bool freeze)  public onlyOwner { frozenAccount[target] = freeze; emit FrozenFunds(target, freeze); } function burn(uint256 _value)  public onlyOwner returns (bool success) { require(balanceOf[msg.sender] >= _value); balanceOf[msg.sender] -= _value; totalSupply -= _value; emit Burn(msg.sender, _value); return true; } function mintToken(address target, uint256 mintedAmount)  public onlyOwner { balanceOf[target] += mintedAmount; totalSupply += mintedAmount; } }","import { expect } from ""chai""; import { ethers } from ""hardhat""; describe(""ERCDDAToken reference (ethers v6; deploy may require constructor arguments)"", function () { it(""deploy ERCDDAToken by supplying its REQUIRED constructor arguments (read them from the contract constructor), then call methods and assert; use ethers.parseEther, await (await tx).wait(), and expect(...).to.be.reverted"", async function () { const [owner, addr1, addr2] = await ethers.getSigners(); const Factory = await ethers.getContractFactory(""ERCDDAToken""); const instance = await Factory.deploy(...constructorArgs); await instance.waitForDeployment(); }); });",False,False,"import { expect } from ""chai""; import { ethers } from ""hardhat"";  describe(""ERCDDAToken reference (ethers v6; deploy may require constructor arguments)"", function () {   it(""should kill mutant m3de9c150 by burning less than balance and expecting success on original but revert on mutant"", async function () {     const [owner, addr1, addr2] = await ethers.getSigners();     const Factory = await ethers.getContractFactory(""ERCDDAToken"");     const initialSupply = 1000;     const tokenName = ""TestToken"";     const tokenSymbol = ""TT"";     const instance = await Factory.deploy(initialSupply, tokenName, tokenSymbol);     await instance.waitForDeployment();      // Owner has initialSupply tokens (1000 * 10^0 = 1000)     const ownerBalance = await instance.balanceOf(owner.address);     expect(ownerBalance).to.equal(1000);      // Burn 10 tokens when owner has 1000 tokens (1000 >= 10 is true, but 1000 <= 10 is false)     // On original: should succeed     // On mutant: should revert because 1000 <= 10 is false     const burnAmount = 10;     const tx = instance.connect(owner).burn(burnAmount);          // The test expects revert because the mutant's condition fails     await expect(tx).to.be.reverted;   }); });","""['Error: syntax error']"""
m195765ab,ERCDDAToken,<generic-v6-scaffold>,burn,live, >= , == ,---|         require(balanceOf[msg.sender] >= _value); +++|         require(balanceOf[msg.sender] == _value);,56,Mutant m195765ab of function burn replaces >= with ==,"pragma solidity ^0.8.0; contract ERCDDAToken { address public owner; string public name; string public symbol; uint8 public decimals = 0; uint256 public totalSupply; event Transfer(address indexed from, address indexed to, uint256 value); event FrozenFunds(address target, bool frozen); event Burn(address indexed from, uint256 value); mapping (address => uint256) public balanceOf; mapping (address => bool) public frozenAccount; function owned() public { require(msg.sender == owner, ""Only the current owner can change ownership""); } modifier onlyOwner { require(msg.sender == owner); _; } constructor( uint256 initialSupply, string memory tokenName, string memory tokenSymbol) public { owner = payable(msg.sender); totalSupply = initialSupply * 10 ** uint256(decimals); balanceOf[msg.sender] = totalSupply; name = tokenName; symbol = tokenSymbol; } function _transfer(address _from, address _to, uint _value) internal { require (_to != address(0)); require (balanceOf[_from] >= _value); require (balanceOf[_to] + _value >= balanceOf[_to]); require(!frozenAccount[_from]); require(!frozenAccount[_to]); balanceOf[_from] -= _value; balanceOf[_to] += _value; emit Transfer(_from, _to, _value); } function transfer(address _to, uint256 _value) public returns (bool success) { _transfer(msg.sender, _to, _value); return true; } function freezeAccount(address target, bool freeze)  public onlyOwner { frozenAccount[target] = freeze; emit FrozenFunds(target, freeze); } function burn(uint256 _value)  public onlyOwner returns (bool success) { require(balanceOf[msg.sender] >= _value); balanceOf[msg.sender] -= _value; totalSupply -= _value; emit Burn(msg.sender, _value); return true; } function mintToken(address target, uint256 mintedAmount)  public onlyOwner { balanceOf[target] += mintedAmount; totalSupply += mintedAmount; } }","import { expect } from ""chai""; import { ethers } from ""hardhat""; describe(""ERCDDAToken reference (ethers v6; deploy may require constructor arguments)"", function () { it(""deploy ERCDDAToken by supplying its REQUIRED constructor arguments (read them from the contract constructor), then call methods and assert; use ethers.parseEther, await (await tx).wait(), and expect(...).to.be.reverted"", async function () { const [owner, addr1, addr2] = await ethers.getSigners(); const Factory = await ethers.getContractFactory(""ERCDDAToken""); const instance = await Factory.deploy(...constructorArgs); await instance.waitForDeployment(); }); });",False,False,"import { expect } from ""chai""; import { ethers } from ""hardhat"";  describe(""ERCDDAToken reference (ethers v6; deploy may require constructor arguments)"", function () {   it(""should kill mutant m195765ab by burning less than full balance"", async function () {     const [owner, addr1] = await ethers.getSigners();     const initialSupply = 1000;     const Factory = await ethers.getContractFactory(""ERCDDAToken"");     const instance = await Factory.deploy(initialSupply, ""TestToken"", ""TT"");     await instance.waitForDeployment();      // Owner has full supply, burn only 100 tokens (less than full balance)     const burnAmount = 100;     const ownerBalanceBefore = await instance.balanceOf(owner.address);     expect(ownerBalanceBefore).to.equal(ethers.parseEther(""1000""));      // This should succeed on original (>=) but revert on mutant (==)     await expect(instance.burn(burnAmount)).to.not.be.reverted;      // Verify the burn actually happened (original behavior)     const ownerBalanceAfter = await instance.balanceOf(owner.address);     expect(ownerBalanceAfter).to.equal(ethers.parseEther(""900""));   }); });","""['Error: syntax error']"""
m61a3c614,ERCDDAToken,<generic-v6-scaffold>,_transfer,live,"emit Transfer(_from, _to, _value);","/* emit Transfer(_from, _to, _value); */","---|         emit Transfer(_from, _to, _value); +++|",42,"Mutant m61a3c614 of function _transfer replaces emit Transfer(_from, _to, _value); with ","pragma solidity ^0.8.0; contract ERCDDAToken { address public owner; string public name; string public symbol; uint8 public decimals = 0; uint256 public totalSupply; event Transfer(address indexed from, address indexed to, uint256 value); event FrozenFunds(address target, bool frozen); event Burn(address indexed from, uint256 value); mapping (address => uint256) public balanceOf; mapping (address => bool) public frozenAccount; function owned() public { require(msg.sender == owner, ""Only the current owner can change ownership""); } modifier onlyOwner { require(msg.sender == owner); _; } constructor( uint256 initialSupply, string memory tokenName, string memory tokenSymbol) public { owner = payable(msg.sender); totalSupply = initialSupply * 10 ** uint256(decimals); balanceOf[msg.sender] = totalSupply; name = tokenName; symbol = tokenSymbol; } function _transfer(address _from, address _to, uint _value) internal { require (_to != address(0)); require (balanceOf[_from] >= _value); require (balanceOf[_to] + _value >= balanceOf[_to]); require(!frozenAccount[_from]); require(!frozenAccount[_to]); balanceOf[_from] -= _value; balanceOf[_to] += _value; emit Transfer(_from, _to, _value); } function transfer(address _to, uint256 _value) public returns (bool success) { _transfer(msg.sender, _to, _value); return true; } function freezeAccount(address target, bool freeze)  public onlyOwner { frozenAccount[target] = freeze; emit FrozenFunds(target, freeze); } function burn(uint256 _value)  public onlyOwner returns (bool success) { require(balanceOf[msg.sender] >= _value); balanceOf[msg.sender] -= _value; totalSupply -= _value; emit Burn(msg.sender, _value); return true; } function mintToken(address target, uint256 mintedAmount)  public onlyOwner { balanceOf[target] += mintedAmount; totalSupply += mintedAmount; } }","import { expect } from ""chai""; import { ethers } from ""hardhat""; describe(""ERCDDAToken reference (ethers v6; deploy may require constructor arguments)"", function () { it(""deploy ERCDDAToken by supplying its REQUIRED constructor arguments (read them from the contract constructor), then call methods and assert; use ethers.parseEther, await (await tx).wait(), and expect(...).to.be.reverted"", async function () { const [owner, addr1, addr2] = await ethers.getSigners(); const Factory = await ethers.getContractFactory(""ERCDDAToken""); const instance = await Factory.deploy(...constructorArgs); await instance.waitForDeployment(); }); });",False,False,"import { expect } from ""chai""; import { ethers } from ""hardhat"";  describe(""ERCDDAToken reference (ethers v6; deploy may require constructor arguments)"", function () {   it(""should emit Transfer event on successful transfer, killing mutant that removes the event emission"", async function () {     const [owner, addr1] = await ethers.getSigners();     const initialSupply = 1000;     const tokenName = ""TestToken"";     const tokenSymbol = ""TT"";          const Factory = await ethers.getContractFactory(""ERCDDAToken"");     const instance = await Factory.deploy(initialSupply, tokenName, tokenSymbol);     await instance.waitForDeployment();      // Transfer some tokens and check for Transfer event emission     const transferAmount = 100;     await expect(instance.transfer(addr1.address, transferAmount))       .to.emit(instance, ""Transfer"")       .withArgs(owner.address, addr1.address, transferAmount);   }); });","""['Error: syntax error']"""
mc2c6a4dc,ERCDDAToken,<generic-v6-scaffold>,freezeAccount,live,"emit FrozenFunds(target, freeze);","/* emit FrozenFunds(target, freeze); */","---|         emit FrozenFunds(target, freeze); +++|",52,"Mutant mc2c6a4dc of function freezeAccount replaces emit FrozenFunds(target, freeze); with ","pragma solidity ^0.8.0; contract ERCDDAToken { address public owner; string public name; string public symbol; uint8 public decimals = 0; uint256 public totalSupply; event Transfer(address indexed from, address indexed to, uint256 value); event FrozenFunds(address target, bool frozen); event Burn(address indexed from, uint256 value); mapping (address => uint256) public balanceOf; mapping (address => bool) public frozenAccount; function owned() public { require(msg.sender == owner, ""Only the current owner can change ownership""); } modifier onlyOwner { require(msg.sender == owner); _; } constructor( uint256 initialSupply, string memory tokenName, string memory tokenSymbol) public { owner = payable(msg.sender); totalSupply = initialSupply * 10 ** uint256(decimals); balanceOf[msg.sender] = totalSupply; name = tokenName; symbol = tokenSymbol; } function _transfer(address _from, address _to, uint _value) internal { require (_to != address(0)); require (balanceOf[_from] >= _value); require (balanceOf[_to] + _value >= balanceOf[_to]); require(!frozenAccount[_from]); require(!frozenAccount[_to]); balanceOf[_from] -= _value; balanceOf[_to] += _value; emit Transfer(_from, _to, _value); } function transfer(address _to, uint256 _value) public returns (bool success) { _transfer(msg.sender, _to, _value); return true; } function freezeAccount(address target, bool freeze)  public onlyOwner { frozenAccount[target] = freeze; emit FrozenFunds(target, freeze); } function burn(uint256 _value)  public onlyOwner returns (bool success) { require(balanceOf[msg.sender] >= _value); balanceOf[msg.sender] -= _value; totalSupply -= _value; emit Burn(msg.sender, _value); return true; } function mintToken(address target, uint256 mintedAmount)  public onlyOwner { balanceOf[target] += mintedAmount; totalSupply += mintedAmount; } }","import { expect } from ""chai""; import { ethers } from ""hardhat""; describe(""ERCDDAToken reference (ethers v6; deploy may require constructor arguments)"", function () { it(""deploy ERCDDAToken by supplying its REQUIRED constructor arguments (read them from the contract constructor), then call methods and assert; use ethers.parseEther, await (await tx).wait(), and expect(...).to.be.reverted"", async function () { const [owner, addr1, addr2] = await ethers.getSigners(); const Factory = await ethers.getContractFactory(""ERCDDAToken""); const instance = await Factory.deploy(...constructorArgs); await instance.waitForDeployment(); }); });",False,False,"import { expect } from ""chai""; import { ethers } from ""hardhat"";  describe(""ERCDDAToken reference (ethers v6; deploy may require constructor arguments)"", function () {   it(""should emit FrozenFunds event when freezeAccount is called by owner - mutant removes emit"", async function () {     const [owner, addr1] = await ethers.getSigners();     const Factory = await ethers.getContractFactory(""ERCDDAToken"");     const instance = await Factory.deploy(1000, ""TestToken"", ""TT"");     await instance.waitForDeployment();      // Freeze addr1 and expect the FrozenFunds event to be emitted     await expect(instance.freezeAccount(addr1.address, true))       .to.emit(instance, ""FrozenFunds"")       .withArgs(addr1.address, true);   }); });","""['Error: syntax error']"""
m47d8c138,ERCDDAToken,<generic-v6-scaffold>,burn,live,"emit Burn(msg.sender, _value);","/* emit Burn(msg.sender, _value); */","---|         emit Burn(msg.sender, _value); +++|",59,"Mutant m47d8c138 of function burn replaces emit Burn(msg.sender, _value); with ","pragma solidity ^0.8.0; contract ERCDDAToken { address public owner; string public name; string public symbol; uint8 public decimals = 0; uint256 public totalSupply; event Transfer(address indexed from, address indexed to, uint256 value); event FrozenFunds(address target, bool frozen); event Burn(address indexed from, uint256 value); mapping (address => uint256) public balanceOf; mapping (address => bool) public frozenAccount; function owned() public { require(msg.sender == owner, ""Only the current owner can change ownership""); } modifier onlyOwner { require(msg.sender == owner); _; } constructor( uint256 initialSupply, string memory tokenName, string memory tokenSymbol) public { owner = payable(msg.sender); totalSupply = initialSupply * 10 ** uint256(decimals); balanceOf[msg.sender] = totalSupply; name = tokenName; symbol = tokenSymbol; } function _transfer(address _from, address _to, uint _value) internal { require (_to != address(0)); require (balanceOf[_from] >= _value); require (balanceOf[_to] + _value >= balanceOf[_to]); require(!frozenAccount[_from]); require(!frozenAccount[_to]); balanceOf[_from] -= _value; balanceOf[_to] += _value; emit Transfer(_from, _to, _value); } function transfer(address _to, uint256 _value) public returns (bool success) { _transfer(msg.sender, _to, _value); return true; } function freezeAccount(address target, bool freeze)  public onlyOwner { frozenAccount[target] = freeze; emit FrozenFunds(target, freeze); } function burn(uint256 _value)  public onlyOwner returns (bool success) { require(balanceOf[msg.sender] >= _value); balanceOf[msg.sender] -= _value; totalSupply -= _value; emit Burn(msg.sender, _value); return true; } function mintToken(address target, uint256 mintedAmount)  public onlyOwner { balanceOf[target] += mintedAmount; totalSupply += mintedAmount; } }","import { expect } from ""chai""; import { ethers } from ""hardhat""; describe(""ERCDDAToken reference (ethers v6; deploy may require constructor arguments)"", function () { it(""deploy ERCDDAToken by supplying its REQUIRED constructor arguments (read them from the contract constructor), then call methods and assert; use ethers.parseEther, await (await tx).wait(), and expect(...).to.be.reverted"", async function () { const [owner, addr1, addr2] = await ethers.getSigners(); const Factory = await ethers.getContractFactory(""ERCDDAToken""); const instance = await Factory.deploy(...constructorArgs); await instance.waitForDeployment(); }); });",False,False,"import { expect } from ""chai""; import { ethers } from ""hardhat"";  describe(""ERCDDAToken reference (ethers v6; deploy may require constructor arguments)"", function () {   it(""should emit Burn event when owner burns tokens - kills mutant that removes event emission"", async function () {     const [owner, addr1] = await ethers.getSigners();     const initialSupply = 1000;     const tokenName = ""TestToken"";     const tokenSymbol = ""TT"";          const Factory = await ethers.getContractFactory(""ERCDDAToken"");     const instance = await Factory.deploy(initialSupply, tokenName, tokenSymbol);     await instance.waitForDeployment();      const burnAmount = 100;          // Assert that the Burn event is emitted when burn is called     await expect(instance.burn(burnAmount))       .to.emit(instance, ""Burn"")       .withArgs(owner.address, burnAmount);   }); });","""['Error: syntax error']"""
mea73f135,ERCDDAToken,<generic-v6-scaffold>,owned,live,"require(msg.sender == owner, ""Only the current owner can change ownership"");","/* require(msg.sender == owner, ""Only the current owner can change ownership""); */","---|     require(msg.sender == owner, ""Only the current owner can change ownership""); +++|",17,"Mutant mea73f135 of function owned replaces require(msg.sender == owner, ""Only the current owner can change ownership""); with ","pragma solidity ^0.8.0; contract ERCDDAToken { address public owner; string public name; string public symbol; uint8 public decimals = 0; uint256 public totalSupply; event Transfer(address indexed from, address indexed to, uint256 value); event FrozenFunds(address target, bool frozen); event Burn(address indexed from, uint256 value); mapping (address => uint256) public balanceOf; mapping (address => bool) public frozenAccount; function owned() public { require(msg.sender == owner, ""Only the current owner can change ownership""); } modifier onlyOwner { require(msg.sender == owner); _; } constructor( uint256 initialSupply, string memory tokenName, string memory tokenSymbol) public { owner = payable(msg.sender); totalSupply = initialSupply * 10 ** uint256(decimals); balanceOf[msg.sender] = totalSupply; name = tokenName; symbol = tokenSymbol; } function _transfer(address _from, address _to, uint _value) internal { require (_to != address(0)); require (balanceOf[_from] >= _value); require (balanceOf[_to] + _value >= balanceOf[_to]); require(!frozenAccount[_from]); require(!frozenAccount[_to]); balanceOf[_from] -= _value; balanceOf[_to] += _value; emit Transfer(_from, _to, _value); } function transfer(address _to, uint256 _value) public returns (bool success) { _transfer(msg.sender, _to, _value); return true; } function freezeAccount(address target, bool freeze)  public onlyOwner { frozenAccount[target] = freeze; emit FrozenFunds(target, freeze); } function burn(uint256 _value)  public onlyOwner returns (bool success) { require(balanceOf[msg.sender] >= _value); balanceOf[msg.sender] -= _value; totalSupply -= _value; emit Burn(msg.sender, _value); return true; } function mintToken(address target, uint256 mintedAmount)  public onlyOwner { balanceOf[target] += mintedAmount; totalSupply += mintedAmount; } }","import { expect } from ""chai""; import { ethers } from ""hardhat""; describe(""ERCDDAToken reference (ethers v6; deploy may require constructor arguments)"", function () { it(""deploy ERCDDAToken by supplying its REQUIRED constructor arguments (read them from the contract constructor), then call methods and assert; use ethers.parseEther, await (await tx).wait(), and expect(...).to.be.reverted"", async function () { const [owner, addr1, addr2] = await ethers.getSigners(); const Factory = await ethers.getContractFactory(""ERCDDAToken""); const instance = await Factory.deploy(...constructorArgs); await instance.waitForDeployment(); }); });",False,False,"import { expect } from ""chai""; import { ethers } from ""hardhat"";  describe(""ERCDDAToken mutant mea73f135 test"", function () {   it(""should revert when non-owner calls owned()"", async function () {     const [owner, addr1] = await ethers.getSigners();     const Factory = await ethers.getContractFactory(""ERCDDAToken"");     const instance = await Factory.deploy(1000, ""TestToken"", ""TTK"");     await instance.waitForDeployment();      // Attempt to call owned() from a non-owner address - should revert on original, but not on mutant     await expect(       instance.connect(addr1).owned()     ).to.be.revertedWith(""Only the current owner can change ownership"");   }); });","""['Error: syntax error']"""
m5183008a,ERCDDAToken,<generic-v6-scaffold>,modifier:onlyOwner,live,require(msg.sender == owner);,/* require(msg.sender == owner); */,---|         require(msg.sender == owner); +++|,21,Mutant m5183008a of function modifier:onlyOwner replaces require(msg.sender == owner); with ,"pragma solidity ^0.8.0; contract ERCDDAToken { address public owner; string public name; string public symbol; uint8 public decimals = 0; uint256 public totalSupply; event Transfer(address indexed from, address indexed to, uint256 value); event FrozenFunds(address target, bool frozen); event Burn(address indexed from, uint256 value); mapping (address => uint256) public balanceOf; mapping (address => bool) public frozenAccount; function owned() public { require(msg.sender == owner, ""Only the current owner can change ownership""); } modifier onlyOwner { require(msg.sender == owner); _; } constructor( uint256 initialSupply, string memory tokenName, string memory tokenSymbol) public { owner = payable(msg.sender); totalSupply = initialSupply * 10 ** uint256(decimals); balanceOf[msg.sender] = totalSupply; name = tokenName; symbol = tokenSymbol; } function _transfer(address _from, address _to, uint _value) internal { require (_to != address(0)); require (balanceOf[_from] >= _value); require (balanceOf[_to] + _value >= balanceOf[_to]); require(!frozenAccount[_from]); require(!frozenAccount[_to]); balanceOf[_from] -= _value; balanceOf[_to] += _value; emit Transfer(_from, _to, _value); } function transfer(address _to, uint256 _value) public returns (bool success) { _transfer(msg.sender, _to, _value); return true; } function freezeAccount(address target, bool freeze)  public onlyOwner { frozenAccount[target] = freeze; emit FrozenFunds(target, freeze); } function burn(uint256 _value)  public onlyOwner returns (bool success) { require(balanceOf[msg.sender] >= _value); balanceOf[msg.sender] -= _value; totalSupply -= _value; emit Burn(msg.sender, _value); return true; } function mintToken(address target, uint256 mintedAmount)  public onlyOwner { balanceOf[target] += mintedAmount; totalSupply += mintedAmount; } }","import { expect } from ""chai""; import { ethers } from ""hardhat""; describe(""ERCDDAToken reference (ethers v6; deploy may require constructor arguments)"", function () { it(""deploy ERCDDAToken by supplying its REQUIRED constructor arguments (read them from the contract constructor), then call methods and assert; use ethers.parseEther, await (await tx).wait(), and expect(...).to.be.reverted"", async function () { const [owner, addr1, addr2] = await ethers.getSigners(); const Factory = await ethers.getContractFactory(""ERCDDAToken""); const instance = await Factory.deploy(...constructorArgs); await instance.waitForDeployment(); }); });",False,False,"import { expect } from ""chai""; import { ethers } from ""hardhat"";  describe(""ERCDDAToken mutant detection - m5183008a"", function () {   it(""should revert when non-owner calls freezeAccount (mutant removes owner check)"", async function () {     const [owner, addr1] = await ethers.getSigners();     const initialSupply = 1000;     const tokenName = ""TestToken"";     const tokenSymbol = ""TT"";      const Factory = await ethers.getContractFactory(""ERCDDAToken"");     const instance = await Factory.deploy(initialSupply, tokenName, tokenSymbol);     await instance.waitForDeployment();      // Attempt to call freezeAccount from non-owner address     await expect(       instance.connect(addr1).freezeAccount(addr1.address, true)     ).to.be.reverted;   }); });","""['Error: syntax error']"""
mffbccf95,ERCDDAToken,<generic-v6-scaffold>,_transfer,live,require (_to != address(0));,/* require (_to != address(0)); */,---|         require (_to != address(0)); +++|,35,Mutant mffbccf95 of function _transfer replaces require (_to != address(0)); with ,"pragma solidity ^0.8.0; contract ERCDDAToken { address public owner; string public name; string public symbol; uint8 public decimals = 0; uint256 public totalSupply; event Transfer(address indexed from, address indexed to, uint256 value); event FrozenFunds(address target, bool frozen); event Burn(address indexed from, uint256 value); mapping (address => uint256) public balanceOf; mapping (address => bool) public frozenAccount; function owned() public { require(msg.sender == owner, ""Only the current owner can change ownership""); } modifier onlyOwner { require(msg.sender == owner); _; } constructor( uint256 initialSupply, string memory tokenName, string memory tokenSymbol) public { owner = payable(msg.sender); totalSupply = initialSupply * 10 ** uint256(decimals); balanceOf[msg.sender] = totalSupply; name = tokenName; symbol = tokenSymbol; } function _transfer(address _from, address _to, uint _value) internal { require (_to != address(0)); require (balanceOf[_from] >= _value); require (balanceOf[_to] + _value >= balanceOf[_to]); require(!frozenAccount[_from]); require(!frozenAccount[_to]); balanceOf[_from] -= _value; balanceOf[_to] += _value; emit Transfer(_from, _to, _value); } function transfer(address _to, uint256 _value) public returns (bool success) { _transfer(msg.sender, _to, _value); return true; } function freezeAccount(address target, bool freeze)  public onlyOwner { frozenAccount[target] = freeze; emit FrozenFunds(target, freeze); } function burn(uint256 _value)  public onlyOwner returns (bool success) { require(balanceOf[msg.sender] >= _value); balanceOf[msg.sender] -= _value; totalSupply -= _value; emit Burn(msg.sender, _value); return true; } function mintToken(address target, uint256 mintedAmount)  public onlyOwner { balanceOf[target] += mintedAmount; totalSupply += mintedAmount; } }","import { expect } from ""chai""; import { ethers } from ""hardhat""; describe(""ERCDDAToken reference (ethers v6; deploy may require constructor arguments)"", function () { it(""deploy ERCDDAToken by supplying its REQUIRED constructor arguments (read them from the contract constructor), then call methods and assert; use ethers.parseEther, await (await tx).wait(), and expect(...).to.be.reverted"", async function () { const [owner, addr1, addr2] = await ethers.getSigners(); const Factory = await ethers.getContractFactory(""ERCDDAToken""); const instance = await Factory.deploy(...constructorArgs); await instance.waitForDeployment(); }); });",False,False,"import { expect } from ""chai""; import { ethers } from ""hardhat"";  describe(""ERCDDAToken - kill mutant mffbccf95 (removed zero address check)"", function () {   it(""should revert when transferring to zero address"", async function () {     const [owner] = await ethers.getSigners();     const initialSupply = 1000;     const tokenName = ""TestToken"";     const tokenSymbol = ""TST"";          const Factory = await ethers.getContractFactory(""ERCDDAToken"");     const instance = await Factory.deploy(initialSupply, tokenName, tokenSymbol);     await instance.waitForDeployment();      // Try to transfer to zero address - should revert in original, but mutant would allow it     await expect(       instance.transfer(ethers.ZeroAddress, 100)     ).to.be.reverted;   }); });","""['Error: syntax error']"""
md21f04e1,ERCDDAToken,<generic-v6-scaffold>,_transfer,live,require (balanceOf[_from] >= _value);,/* require (balanceOf[_from] >= _value); */,---|         require (balanceOf[_from] >= _value); +++|,36,Mutant md21f04e1 of function _transfer replaces require (balanceOf[_from] >= _value); with ,"pragma solidity ^0.8.0; contract ERCDDAToken { address public owner; string public name; string public symbol; uint8 public decimals = 0; uint256 public totalSupply; event Transfer(address indexed from, address indexed to, uint256 value); event FrozenFunds(address target, bool frozen); event Burn(address indexed from, uint256 value); mapping (address => uint256) public balanceOf; mapping (address => bool) public frozenAccount; function owned() public { require(msg.sender == owner, ""Only the current owner can change ownership""); } modifier onlyOwner { require(msg.sender == owner); _; } constructor( uint256 initialSupply, string memory tokenName, string memory tokenSymbol) public { owner = payable(msg.sender); totalSupply = initialSupply * 10 ** uint256(decimals); balanceOf[msg.sender] = totalSupply; name = tokenName; symbol = tokenSymbol; } function _transfer(address _from, address _to, uint _value) internal { require (_to != address(0)); require (balanceOf[_from] >= _value); require (balanceOf[_to] + _value >= balanceOf[_to]); require(!frozenAccount[_from]); require(!frozenAccount[_to]); balanceOf[_from] -= _value; balanceOf[_to] += _value; emit Transfer(_from, _to, _value); } function transfer(address _to, uint256 _value) public returns (bool success) { _transfer(msg.sender, _to, _value); return true; } function freezeAccount(address target, bool freeze)  public onlyOwner { frozenAccount[target] = freeze; emit FrozenFunds(target, freeze); } function burn(uint256 _value)  public onlyOwner returns (bool success) { require(balanceOf[msg.sender] >= _value); balanceOf[msg.sender] -= _value; totalSupply -= _value; emit Burn(msg.sender, _value); return true; } function mintToken(address target, uint256 mintedAmount)  public onlyOwner { balanceOf[target] += mintedAmount; totalSupply += mintedAmount; } }","import { expect } from ""chai""; import { ethers } from ""hardhat""; describe(""ERCDDAToken reference (ethers v6; deploy may require constructor arguments)"", function () { it(""deploy ERCDDAToken by supplying its REQUIRED constructor arguments (read them from the contract constructor), then call methods and assert; use ethers.parseEther, await (await tx).wait(), and expect(...).to.be.reverted"", async function () { const [owner, addr1, addr2] = await ethers.getSigners(); const Factory = await ethers.getContractFactory(""ERCDDAToken""); const instance = await Factory.deploy(...constructorArgs); await instance.waitForDeployment(); }); });",False,False,"import { expect } from ""chai""; import { ethers } from ""hardhat"";  describe(""ERCDDAToken mutant kill test - md21f04e1"", function () {   it(""should revert when transferring amount exceeding sender balance, killing mutant that removed balance check"", async function () {     const [owner, addr1] = await ethers.getSigners();     const initialSupply = 1000;     const tokenName = ""TestToken"";     const tokenSymbol = ""TT"";      const Factory = await ethers.getContractFactory(""ERCDDAToken"");     const instance = await Factory.deploy(initialSupply, tokenName, tokenSymbol);     await instance.waitForDeployment();      // Owner has all tokens initially (1000 * 10^0 = 1000)     // addr1 has 0 tokens     // Attempt to transfer 1 token from addr1 to owner - should fail due to insufficient balance     await expect(       instance.connect(addr1).transfer(owner.address, 1)     ).to.be.reverted;   }); });","""['Error: syntax error']"""
m90f7e4d8,ERCDDAToken,<generic-v6-scaffold>,_transfer,live,require (balanceOf[_to] + _value >= balanceOf[_to]);,/* require (balanceOf[_to] + _value >= balanceOf[_to]); */,---|         require (balanceOf[_to] + _value >= balanceOf[_to]); +++|,37,Mutant m90f7e4d8 of function _transfer replaces require (balanceOf[_to] + _value >= balanceOf[_to]); with ,"pragma solidity ^0.8.0; contract ERCDDAToken { address public owner; string public name; string public symbol; uint8 public decimals = 0; uint256 public totalSupply; event Transfer(address indexed from, address indexed to, uint256 value); event FrozenFunds(address target, bool frozen); event Burn(address indexed from, uint256 value); mapping (address => uint256) public balanceOf; mapping (address => bool) public frozenAccount; function owned() public { require(msg.sender == owner, ""Only the current owner can change ownership""); } modifier onlyOwner { require(msg.sender == owner); _; } constructor( uint256 initialSupply, string memory tokenName, string memory tokenSymbol) public { owner = payable(msg.sender); totalSupply = initialSupply * 10 ** uint256(decimals); balanceOf[msg.sender] = totalSupply; name = tokenName; symbol = tokenSymbol; } function _transfer(address _from, address _to, uint _value) internal { require (_to != address(0)); require (balanceOf[_from] >= _value); require (balanceOf[_to] + _value >= balanceOf[_to]); require(!frozenAccount[_from]); require(!frozenAccount[_to]); balanceOf[_from] -= _value; balanceOf[_to] += _value; emit Transfer(_from, _to, _value); } function transfer(address _to, uint256 _value) public returns (bool success) { _transfer(msg.sender, _to, _value); return true; } function freezeAccount(address target, bool freeze)  public onlyOwner { frozenAccount[target] = freeze; emit FrozenFunds(target, freeze); } function burn(uint256 _value)  public onlyOwner returns (bool success) { require(balanceOf[msg.sender] >= _value); balanceOf[msg.sender] -= _value; totalSupply -= _value; emit Burn(msg.sender, _value); return true; } function mintToken(address target, uint256 mintedAmount)  public onlyOwner { balanceOf[target] += mintedAmount; totalSupply += mintedAmount; } }","import { expect } from ""chai""; import { ethers } from ""hardhat""; describe(""ERCDDAToken reference (ethers v6; deploy may require constructor arguments)"", function () { it(""deploy ERCDDAToken by supplying its REQUIRED constructor arguments (read them from the contract constructor), then call methods and assert; use ethers.parseEther, await (await tx).wait(), and expect(...).to.be.reverted"", async function () { const [owner, addr1, addr2] = await ethers.getSigners(); const Factory = await ethers.getContractFactory(""ERCDDAToken""); const instance = await Factory.deploy(...constructorArgs); await instance.waitForDeployment(); }); });",False,False,"import { expect } from ""chai""; import { ethers } from ""hardhat"";  describe(""ERCDDAToken mutant kill test - overflow check removal"", function () {   it(""should revert when transferring tokens that would cause overflow on recipient balance"", async function () {     const [owner, addr1, addr2] = await ethers.getSigners();          // Deploy with initial supply that allows us to set up overflow scenario     const initialSupply = ethers.parseEther(""1000""); // 1000 tokens (0 decimals)     const Factory = await ethers.getContractFactory(""ERCDDAToken"");     const instance = await Factory.deploy(initialSupply, ""TestToken"", ""TT"");     await instance.waitForDeployment();      // First, give addr1 a huge balance to test overflow on receiving end     // We need to mint enough tokens so that addr2's balance + value can overflow uint256     const maxUint256 = ethers.MaxUint256;          // Mint almost max uint256 to addr2 (the recipient)     // We'll mint maxUint256 - 1 to addr2, then try to transfer 2 more tokens to cause overflow     const amountToMint = maxUint256 - 1n;     await instance.connect(owner).mintToken(addr2.address, amountToMint);          // Now give addr1 some tokens to transfer     const transferAmount = 2n;     await instance.connect(owner).transfer(addr1.address, transferAmount);          // Attempt to transfer from addr1 to addr2 - should overflow and revert in original     await expect(       instance.connect(addr1).transfer(addr2.address, transferAmount)     ).to.be.reverted;   }); });","""['Error: syntax error']"""
m2655b4a2,ERCDDAToken,<generic-v6-scaffold>,_transfer,live,require(!frozenAccount[_from]);,/* require(!frozenAccount[_from]); */,---|         require(!frozenAccount[_from]); +++|,38,Mutant m2655b4a2 of function _transfer replaces require(!frozenAccount[_from]); with ,"pragma solidity ^0.8.0; contract ERCDDAToken { address public owner; string public name; string public symbol; uint8 public decimals = 0; uint256 public totalSupply; event Transfer(address indexed from, address indexed to, uint256 value); event FrozenFunds(address target, bool frozen); event Burn(address indexed from, uint256 value); mapping (address => uint256) public balanceOf; mapping (address => bool) public frozenAccount; function owned() public { require(msg.sender == owner, ""Only the current owner can change ownership""); } modifier onlyOwner { require(msg.sender == owner); _; } constructor( uint256 initialSupply, string memory tokenName, string memory tokenSymbol) public { owner = payable(msg.sender); totalSupply = initialSupply * 10 ** uint256(decimals); balanceOf[msg.sender] = totalSupply; name = tokenName; symbol = tokenSymbol; } function _transfer(address _from, address _to, uint _value) internal { require (_to != address(0)); require (balanceOf[_from] >= _value); require (balanceOf[_to] + _value >= balanceOf[_to]); require(!frozenAccount[_from]); require(!frozenAccount[_to]); balanceOf[_from] -= _value; balanceOf[_to] += _value; emit Transfer(_from, _to, _value); } function transfer(address _to, uint256 _value) public returns (bool success) { _transfer(msg.sender, _to, _value); return true; } function freezeAccount(address target, bool freeze)  public onlyOwner { frozenAccount[target] = freeze; emit FrozenFunds(target, freeze); } function burn(uint256 _value)  public onlyOwner returns (bool success) { require(balanceOf[msg.sender] >= _value); balanceOf[msg.sender] -= _value; totalSupply -= _value; emit Burn(msg.sender, _value); return true; } function mintToken(address target, uint256 mintedAmount)  public onlyOwner { balanceOf[target] += mintedAmount; totalSupply += mintedAmount; } }","import { expect } from ""chai""; import { ethers } from ""hardhat""; describe(""ERCDDAToken reference (ethers v6; deploy may require constructor arguments)"", function () { it(""deploy ERCDDAToken by supplying its REQUIRED constructor arguments (read them from the contract constructor), then call methods and assert; use ethers.parseEther, await (await tx).wait(), and expect(...).to.be.reverted"", async function () { const [owner, addr1, addr2] = await ethers.getSigners(); const Factory = await ethers.getContractFactory(""ERCDDAToken""); const instance = await Factory.deploy(...constructorArgs); await instance.waitForDeployment(); }); });",False,False,"import { expect } from ""chai""; import { ethers } from ""hardhat"";  describe(""ERCDDAToken reference (ethers v6; deploy may require constructor arguments)"", function () {   it(""should revert when transferring from a frozen account (kills mutant that removes frozen check)"", async function () {     const [owner, addr1] = await ethers.getSigners();     const initialSupply = 1000;     const tokenName = ""TestToken"";     const tokenSymbol = ""TT"";          const Factory = await ethers.getContractFactory(""ERCDDAToken"");     const instance = await Factory.deploy(initialSupply, tokenName, tokenSymbol);     await instance.waitForDeployment();      // Freeze addr1's account     await instance.freezeAccount(addr1.address, true);      // Transfer some tokens to addr1 first so they have a balance     await instance.transfer(addr1.address, 100);      // Attempt to transfer from frozen addr1 account - should revert in original contract     // but succeed in mutant where the frozen check is removed     await expect(       instance.connect(addr1).transfer(owner.address, 50)     ).to.be.reverted;   }); });","""['Error: syntax error']"""
m13bb4a40,ERCDDAToken,<generic-v6-scaffold>,_transfer,live,require(!frozenAccount[_to]);,/* require(!frozenAccount[_to]); */,---|         require(!frozenAccount[_to]); +++|,39,Mutant m13bb4a40 of function _transfer replaces require(!frozenAccount[_to]); with ,"pragma solidity ^0.8.0; contract ERCDDAToken { address public owner; string public name; string public symbol; uint8 public decimals = 0; uint256 public totalSupply; event Transfer(address indexed from, address indexed to, uint256 value); event FrozenFunds(address target, bool frozen); event Burn(address indexed from, uint256 value); mapping (address => uint256) public balanceOf; mapping (address => bool) public frozenAccount; function owned() public { require(msg.sender == owner, ""Only the current owner can change ownership""); } modifier onlyOwner { require(msg.sender == owner); _; } constructor( uint256 initialSupply, string memory tokenName, string memory tokenSymbol) public { owner = payable(msg.sender); totalSupply = initialSupply * 10 ** uint256(decimals); balanceOf[msg.sender] = totalSupply; name = tokenName; symbol = tokenSymbol; } function _transfer(address _from, address _to, uint _value) internal { require (_to != address(0)); require (balanceOf[_from] >= _value); require (balanceOf[_to] + _value >= balanceOf[_to]); require(!frozenAccount[_from]); require(!frozenAccount[_to]); balanceOf[_from] -= _value; balanceOf[_to] += _value; emit Transfer(_from, _to, _value); } function transfer(address _to, uint256 _value) public returns (bool success) { _transfer(msg.sender, _to, _value); return true; } function freezeAccount(address target, bool freeze)  public onlyOwner { frozenAccount[target] = freeze; emit FrozenFunds(target, freeze); } function burn(uint256 _value)  public onlyOwner returns (bool success) { require(balanceOf[msg.sender] >= _value); balanceOf[msg.sender] -= _value; totalSupply -= _value; emit Burn(msg.sender, _value); return true; } function mintToken(address target, uint256 mintedAmount)  public onlyOwner { balanceOf[target] += mintedAmount; totalSupply += mintedAmount; } }","import { expect } from ""chai""; import { ethers } from ""hardhat""; describe(""ERCDDAToken reference (ethers v6; deploy may require constructor arguments)"", function () { it(""deploy ERCDDAToken by supplying its REQUIRED constructor arguments (read them from the contract constructor), then call methods and assert; use ethers.parseEther, await (await tx).wait(), and expect(...).to.be.reverted"", async function () { const [owner, addr1, addr2] = await ethers.getSigners(); const Factory = await ethers.getContractFactory(""ERCDDAToken""); const instance = await Factory.deploy(...constructorArgs); await instance.waitForDeployment(); }); });",False,False,"import { expect } from ""chai""; import { ethers } from ""hardhat"";  describe(""ERCDDAToken mutant detection - frozen recipient"", function () {   it(""should revert when transferring to a frozen account, but mutant allows it"", async function () {     const [owner, addr1, addr2] = await ethers.getSigners();          const initialSupply = 1000;     const tokenName = ""TestToken"";     const tokenSymbol = ""TT"";          const Factory = await ethers.getContractFactory(""ERCDDAToken"");     const instance = await Factory.deploy(initialSupply, tokenName, tokenSymbol);     await instance.waitForDeployment();          // First, transfer some tokens to addr1 so they can attempt a transfer     await instance.connect(owner).transfer(addr1.address, 100);          // Freeze addr2 (the recipient)     await instance.connect(owner).freezeAccount(addr2.address, true);          // Attempt to transfer from addr1 to frozen addr2 - this should revert in original     await expect(       instance.connect(addr1).transfer(addr2.address, 50)     ).to.be.reverted;   }); });","""['Error: syntax error']"""
m2f925acf,ERCDDAToken,<generic-v6-scaffold>,burn,live,require(balanceOf[msg.sender] >= _value);,/* require(balanceOf[msg.sender] >= _value); */,---|         require(balanceOf[msg.sender] >= _value); +++|,56,Mutant m2f925acf of function burn replaces require(balanceOf[msg.sender] >= _value); with ,"pragma solidity ^0.8.0; contract ERCDDAToken { address public owner; string public name; string public symbol; uint8 public decimals = 0; uint256 public totalSupply; event Transfer(address indexed from, address indexed to, uint256 value); event FrozenFunds(address target, bool frozen); event Burn(address indexed from, uint256 value); mapping (address => uint256) public balanceOf; mapping (address => bool) public frozenAccount; function owned() public { require(msg.sender == owner, ""Only the current owner can change ownership""); } modifier onlyOwner { require(msg.sender == owner); _; } constructor( uint256 initialSupply, string memory tokenName, string memory tokenSymbol) public { owner = payable(msg.sender); totalSupply = initialSupply * 10 ** uint256(decimals); balanceOf[msg.sender] = totalSupply; name = tokenName; symbol = tokenSymbol; } function _transfer(address _from, address _to, uint _value) internal { require (_to != address(0)); require (balanceOf[_from] >= _value); require (balanceOf[_to] + _value >= balanceOf[_to]); require(!frozenAccount[_from]); require(!frozenAccount[_to]); balanceOf[_from] -= _value; balanceOf[_to] += _value; emit Transfer(_from, _to, _value); } function transfer(address _to, uint256 _value) public returns (bool success) { _transfer(msg.sender, _to, _value); return true; } function freezeAccount(address target, bool freeze)  public onlyOwner { frozenAccount[target] = freeze; emit FrozenFunds(target, freeze); } function burn(uint256 _value)  public onlyOwner returns (bool success) { require(balanceOf[msg.sender] >= _value); balanceOf[msg.sender] -= _value; totalSupply -= _value; emit Burn(msg.sender, _value); return true; } function mintToken(address target, uint256 mintedAmount)  public onlyOwner { balanceOf[target] += mintedAmount; totalSupply += mintedAmount; } }","import { expect } from ""chai""; import { ethers } from ""hardhat""; describe(""ERCDDAToken reference (ethers v6; deploy may require constructor arguments)"", function () { it(""deploy ERCDDAToken by supplying its REQUIRED constructor arguments (read them from the contract constructor), then call methods and assert; use ethers.parseEther, await (await tx).wait(), and expect(...).to.be.reverted"", async function () { const [owner, addr1, addr2] = await ethers.getSigners(); const Factory = await ethers.getContractFactory(""ERCDDAToken""); const instance = await Factory.deploy(...constructorArgs); await instance.waitForDeployment(); }); });",False,False,"import { expect } from ""chai""; import { ethers } from ""hardhat"";  describe(""ERCDDAToken reference (ethers v6; deploy may require constructor arguments)"", function () {   it(""should revert when burning more tokens than the caller's balance (detect mutant m2f925acf)"", async function () {     const [owner, addr1] = await ethers.getSigners();     const initialSupply = 1000;     const tokenName = ""TestToken"";     const tokenSymbol = ""TT"";          const Factory = await ethers.getContractFactory(""ERCDDAToken"");     const instance = await Factory.deploy(initialSupply, tokenName, tokenSymbol);     await instance.waitForDeployment();      // Owner has all tokens initially (1000 * 10^0 = 1000)     // Attempt to burn more tokens than owner has (e.g., 2000)     await expect(       instance.burn(2000)     ).to.be.reverted;   }); });","""['Error: syntax error']"""
m92de83e0,ERCDDAToken,<generic-v6-scaffold>,freezeAccount,live,"function freezeAccount(address target, bool freeze)  public onlyOwner ","function freezeAccount(address target, bool freeze)  public  ","---|     function freezeAccount(address target, bool freeze)  public onlyOwner { +++|     function freezeAccount(address target, bool freeze)  public  {",50,"Mutant m92de83e0 of function freezeAccount replaces function freezeAccount(address target, bool freeze)  public onlyOwner with function freezeAccount(address target, bool freeze)  public","pragma solidity ^0.8.0; contract ERCDDAToken { address public owner; string public name; string public symbol; uint8 public decimals = 0; uint256 public totalSupply; event Transfer(address indexed from, address indexed to, uint256 value); event FrozenFunds(address target, bool frozen); event Burn(address indexed from, uint256 value); mapping (address => uint256) public balanceOf; mapping (address => bool) public frozenAccount; function owned() public { require(msg.sender == owner, ""Only the current owner can change ownership""); } modifier onlyOwner { require(msg.sender == owner); _; } constructor( uint256 initialSupply, string memory tokenName, string memory tokenSymbol) public { owner = payable(msg.sender); totalSupply = initialSupply * 10 ** uint256(decimals); balanceOf[msg.sender] = totalSupply; name = tokenName; symbol = tokenSymbol; } function _transfer(address _from, address _to, uint _value) internal { require (_to != address(0)); require (balanceOf[_from] >= _value); require (balanceOf[_to] + _value >= balanceOf[_to]); require(!frozenAccount[_from]); require(!frozenAccount[_to]); balanceOf[_from] -= _value; balanceOf[_to] += _value; emit Transfer(_from, _to, _value); } function transfer(address _to, uint256 _value) public returns (bool success) { _transfer(msg.sender, _to, _value); return true; } function freezeAccount(address target, bool freeze)  public onlyOwner { frozenAccount[target] = freeze; emit FrozenFunds(target, freeze); } function burn(uint256 _value)  public onlyOwner returns (bool success) { require(balanceOf[msg.sender] >= _value); balanceOf[msg.sender] -= _value; totalSupply -= _value; emit Burn(msg.sender, _value); return true; } function mintToken(address target, uint256 mintedAmount)  public onlyOwner { balanceOf[target] += mintedAmount; totalSupply += mintedAmount; } }","import { expect } from ""chai""; import { ethers } from ""hardhat""; describe(""ERCDDAToken reference (ethers v6; deploy may require constructor arguments)"", function () { it(""deploy ERCDDAToken by supplying its REQUIRED constructor arguments (read them from the contract constructor), then call methods and assert; use ethers.parseEther, await (await tx).wait(), and expect(...).to.be.reverted"", async function () { const [owner, addr1, addr2] = await ethers.getSigners(); const Factory = await ethers.getContractFactory(""ERCDDAToken""); const instance = await Factory.deploy(...constructorArgs); await instance.waitForDeployment(); }); });",False,False,"import { expect } from ""chai""; import { ethers } from ""hardhat"";  describe(""ERCDDAToken reference (ethers v6; deploy may require constructor arguments)"", function () {   it(""should revert when non-owner calls freezeAccount (detect mutant m92de83e0)"", async function () {     const [owner, addr1, addr2] = await ethers.getSigners();     const initialSupply = 1000;     const tokenName = ""TestToken"";     const tokenSymbol = ""TT"";     const Factory = await ethers.getContractFactory(""ERCDDAToken"");     const instance = await Factory.deploy(initialSupply, tokenName, tokenSymbol);     await instance.waitForDeployment();      // Attempt to freeze addr2 from non-owner addr1 - should revert in original contract     await expect(       instance.connect(addr1).freezeAccount(addr2.address, true)     ).to.be.reverted;      // Verify that the account was NOT actually frozen (only if the revert didn't stop the state change)     const isFrozen = await instance.frozenAccount(addr2.address);     expect(isFrozen).to.equal(false);   }); });","""['Error: syntax error']"""
me1a23bfb,ERCDDAToken,<generic-v6-scaffold>,burn,live,function burn(uint256 _value)  public onlyOwner returns (bool success) ,function burn(uint256 _value)  public  returns (bool success) ,---|     function burn(uint256 _value)  public onlyOwner returns (bool success) { +++|     function burn(uint256 _value)  public  returns (bool success) {,55,Mutant me1a23bfb of function burn replaces function burn(uint256 _value)  public onlyOwner returns (bool success) with function burn(uint256 _value)  public  returns (bool success),"pragma solidity ^0.8.0; contract ERCDDAToken { address public owner; string public name; string public symbol; uint8 public decimals = 0; uint256 public totalSupply; event Transfer(address indexed from, address indexed to, uint256 value); event FrozenFunds(address target, bool frozen); event Burn(address indexed from, uint256 value); mapping (address => uint256) public balanceOf; mapping (address => bool) public frozenAccount; function owned() public { require(msg.sender == owner, ""Only the current owner can change ownership""); } modifier onlyOwner { require(msg.sender == owner); _; } constructor( uint256 initialSupply, string memory tokenName, string memory tokenSymbol) public { owner = payable(msg.sender); totalSupply = initialSupply * 10 ** uint256(decimals); balanceOf[msg.sender] = totalSupply; name = tokenName; symbol = tokenSymbol; } function _transfer(address _from, address _to, uint _value) internal { require (_to != address(0)); require (balanceOf[_from] >= _value); require (balanceOf[_to] + _value >= balanceOf[_to]); require(!frozenAccount[_from]); require(!frozenAccount[_to]); balanceOf[_from] -= _value; balanceOf[_to] += _value; emit Transfer(_from, _to, _value); } function transfer(address _to, uint256 _value) public returns (bool success) { _transfer(msg.sender, _to, _value); return true; } function freezeAccount(address target, bool freeze)  public onlyOwner { frozenAccount[target] = freeze; emit FrozenFunds(target, freeze); } function burn(uint256 _value)  public onlyOwner returns (bool success) { require(balanceOf[msg.sender] >= _value); balanceOf[msg.sender] -= _value; totalSupply -= _value; emit Burn(msg.sender, _value); return true; } function mintToken(address target, uint256 mintedAmount)  public onlyOwner { balanceOf[target] += mintedAmount; totalSupply += mintedAmount; } }","import { expect } from ""chai""; import { ethers } from ""hardhat""; describe(""ERCDDAToken reference (ethers v6; deploy may require constructor arguments)"", function () { it(""deploy ERCDDAToken by supplying its REQUIRED constructor arguments (read them from the contract constructor), then call methods and assert; use ethers.parseEther, await (await tx).wait(), and expect(...).to.be.reverted"", async function () { const [owner, addr1, addr2] = await ethers.getSigners(); const Factory = await ethers.getContractFactory(""ERCDDAToken""); const instance = await Factory.deploy(...constructorArgs); await instance.waitForDeployment(); }); });",False,False,"import { expect } from ""chai""; import { ethers } from ""hardhat"";  describe(""ERCDDAToken mutant test - me1a23bfb"", function () {   it(""should revert when non-owner tries to burn tokens"", async function () {     const [owner, addr1] = await ethers.getSigners();     const initialSupply = 1000;     const Factory = await ethers.getContractFactory(""ERCDDAToken"");     const instance = await Factory.deploy(       initialSupply,       ""TestToken"",       ""TST""     );     await instance.waitForDeployment();      // Attempt to burn tokens from a non-owner account     await expect(       instance.connect(addr1).burn(100)     ).to.be.reverted;   }); });","""['Error: syntax error']"""
mf4353307,ERCDDAToken,<generic-v6-scaffold>,mintToken,live,"function mintToken(address target, uint256 mintedAmount)  public onlyOwner ","function mintToken(address target, uint256 mintedAmount)  public  ","---| 	function mintToken(address target, uint256 mintedAmount)  public onlyOwner { +++| 	function mintToken(address target, uint256 mintedAmount)  public  {",63,"Mutant mf4353307 of function mintToken replaces function mintToken(address target, uint256 mintedAmount)  public onlyOwner with function mintToken(address target, uint256 mintedAmount)  public","pragma solidity ^0.8.0; contract ERCDDAToken { address public owner; string public name; string public symbol; uint8 public decimals = 0; uint256 public totalSupply; event Transfer(address indexed from, address indexed to, uint256 value); event FrozenFunds(address target, bool frozen); event Burn(address indexed from, uint256 value); mapping (address => uint256) public balanceOf; mapping (address => bool) public frozenAccount; function owned() public { require(msg.sender == owner, ""Only the current owner can change ownership""); } modifier onlyOwner { require(msg.sender == owner); _; } constructor( uint256 initialSupply, string memory tokenName, string memory tokenSymbol) public { owner = payable(msg.sender); totalSupply = initialSupply * 10 ** uint256(decimals); balanceOf[msg.sender] = totalSupply; name = tokenName; symbol = tokenSymbol; } function _transfer(address _from, address _to, uint _value) internal { require (_to != address(0)); require (balanceOf[_from] >= _value); require (balanceOf[_to] + _value >= balanceOf[_to]); require(!frozenAccount[_from]); require(!frozenAccount[_to]); balanceOf[_from] -= _value; balanceOf[_to] += _value; emit Transfer(_from, _to, _value); } function transfer(address _to, uint256 _value) public returns (bool success) { _transfer(msg.sender, _to, _value); return true; } function freezeAccount(address target, bool freeze)  public onlyOwner { frozenAccount[target] = freeze; emit FrozenFunds(target, freeze); } function burn(uint256 _value)  public onlyOwner returns (bool success) { require(balanceOf[msg.sender] >= _value); balanceOf[msg.sender] -= _value; totalSupply -= _value; emit Burn(msg.sender, _value); return true; } function mintToken(address target, uint256 mintedAmount)  public onlyOwner { balanceOf[target] += mintedAmount; totalSupply += mintedAmount; } }","import { expect } from ""chai""; import { ethers } from ""hardhat""; describe(""ERCDDAToken reference (ethers v6; deploy may require constructor arguments)"", function () { it(""deploy ERCDDAToken by supplying its REQUIRED constructor arguments (read them from the contract constructor), then call methods and assert; use ethers.parseEther, await (await tx).wait(), and expect(...).to.be.reverted"", async function () { const [owner, addr1, addr2] = await ethers.getSigners(); const Factory = await ethers.getContractFactory(""ERCDDAToken""); const instance = await Factory.deploy(...constructorArgs); await instance.waitForDeployment(); }); });",False,False,"import { expect } from ""chai""; import { ethers } from ""hardhat"";  describe(""ERCDDAToken mutant detection - mintToken access control"", function () {   it(""should revert when non-owner calls mintToken (original behavior)"", async function () {     const [owner, addr1] = await ethers.getSigners();     const Factory = await ethers.getContractFactory(""ERCDDAToken"");          // Constructor: initialSupply, tokenName, tokenSymbol     const initialSupply = 1000;     const tokenName = ""TestToken"";     const tokenSymbol = ""TT"";          const instance = await Factory.deploy(initialSupply, tokenName, tokenSymbol);     await instance.waitForDeployment();          // Attempt to call mintToken from a non-owner address     // Original contract would revert due to onlyOwner modifier     // Mutant would allow this call to succeed     await expect(       instance.connect(addr1).mintToken(addr1.address, 100)     ).to.be.reverted;   }); });","""['Error: syntax error']"""
m7cc062c3,ERCDDAToken,<generic-v6-scaffold>,transfer,live,return true;,/* return true; */,---|         return true; +++|,47,Mutant m7cc062c3 of function transfer replaces return true; with ,"pragma solidity ^0.8.0; contract ERCDDAToken { address public owner; string public name; string public symbol; uint8 public decimals = 0; uint256 public totalSupply; event Transfer(address indexed from, address indexed to, uint256 value); event FrozenFunds(address target, bool frozen); event Burn(address indexed from, uint256 value); mapping (address => uint256) public balanceOf; mapping (address => bool) public frozenAccount; function owned() public { require(msg.sender == owner, ""Only the current owner can change ownership""); } modifier onlyOwner { require(msg.sender == owner); _; } constructor( uint256 initialSupply, string memory tokenName, string memory tokenSymbol) public { owner = payable(msg.sender); totalSupply = initialSupply * 10 ** uint256(decimals); balanceOf[msg.sender] = totalSupply; name = tokenName; symbol = tokenSymbol; } function _transfer(address _from, address _to, uint _value) internal { require (_to != address(0)); require (balanceOf[_from] >= _value); require (balanceOf[_to] + _value >= balanceOf[_to]); require(!frozenAccount[_from]); require(!frozenAccount[_to]); balanceOf[_from] -= _value; balanceOf[_to] += _value; emit Transfer(_from, _to, _value); } function transfer(address _to, uint256 _value) public returns (bool success) { _transfer(msg.sender, _to, _value); return true; } function freezeAccount(address target, bool freeze)  public onlyOwner { frozenAccount[target] = freeze; emit FrozenFunds(target, freeze); } function burn(uint256 _value)  public onlyOwner returns (bool success) { require(balanceOf[msg.sender] >= _value); balanceOf[msg.sender] -= _value; totalSupply -= _value; emit Burn(msg.sender, _value); return true; } function mintToken(address target, uint256 mintedAmount)  public onlyOwner { balanceOf[target] += mintedAmount; totalSupply += mintedAmount; } }","import { expect } from ""chai""; import { ethers } from ""hardhat""; describe(""ERCDDAToken reference (ethers v6; deploy may require constructor arguments)"", function () { it(""deploy ERCDDAToken by supplying its REQUIRED constructor arguments (read them from the contract constructor), then call methods and assert; use ethers.parseEther, await (await tx).wait(), and expect(...).to.be.reverted"", async function () { const [owner, addr1, addr2] = await ethers.getSigners(); const Factory = await ethers.getContractFactory(""ERCDDAToken""); const instance = await Factory.deploy(...constructorArgs); await instance.waitForDeployment(); }); });",False,False,"import { expect } from ""chai""; import { ethers } from ""hardhat"";  describe(""ERCDDAToken reference (ethers v6; deploy may require constructor arguments)"", function () {   it(""should return true on successful transfer - kills mutant m7cc062c3"", async function () {     const [owner, addr1] = await ethers.getSigners();     const Factory = await ethers.getContractFactory(""ERCDDAToken"");     const initialSupply = 1000;     const tokenName = ""TestToken"";     const tokenSymbol = ""TT"";     const instance = await Factory.deploy(initialSupply, tokenName, tokenSymbol);     await instance.waitForDeployment();      // Perform a valid transfer and check the return value     const transferAmount = 100;     const tx = await instance.transfer(addr1.address, transferAmount);     const receipt = await tx.wait();      // The return value of the transfer function should be true     // Using the tx's value property to get the return value     const returnValue = await instance.transfer.staticCall(addr1.address, transferAmount);     expect(returnValue).to.be.true;   }); });","""['Error: syntax error']"""
m81d0d710,ERCDDAToken,<generic-v6-scaffold>,burn,live,return true;,/* return true; */,---|         return true; +++|,60,Mutant m81d0d710 of function burn replaces return true; with ,"pragma solidity ^0.8.0; contract ERCDDAToken { address public owner; string public name; string public symbol; uint8 public decimals = 0; uint256 public totalSupply; event Transfer(address indexed from, address indexed to, uint256 value); event FrozenFunds(address target, bool frozen); event Burn(address indexed from, uint256 value); mapping (address => uint256) public balanceOf; mapping (address => bool) public frozenAccount; function owned() public { require(msg.sender == owner, ""Only the current owner can change ownership""); } modifier onlyOwner { require(msg.sender == owner); _; } constructor( uint256 initialSupply, string memory tokenName, string memory tokenSymbol) public { owner = payable(msg.sender); totalSupply = initialSupply * 10 ** uint256(decimals); balanceOf[msg.sender] = totalSupply; name = tokenName; symbol = tokenSymbol; } function _transfer(address _from, address _to, uint _value) internal { require (_to != address(0)); require (balanceOf[_from] >= _value); require (balanceOf[_to] + _value >= balanceOf[_to]); require(!frozenAccount[_from]); require(!frozenAccount[_to]); balanceOf[_from] -= _value; balanceOf[_to] += _value; emit Transfer(_from, _to, _value); } function transfer(address _to, uint256 _value) public returns (bool success) { _transfer(msg.sender, _to, _value); return true; } function freezeAccount(address target, bool freeze)  public onlyOwner { frozenAccount[target] = freeze; emit FrozenFunds(target, freeze); } function burn(uint256 _value)  public onlyOwner returns (bool success) { require(balanceOf[msg.sender] >= _value); balanceOf[msg.sender] -= _value; totalSupply -= _value; emit Burn(msg.sender, _value); return true; } function mintToken(address target, uint256 mintedAmount)  public onlyOwner { balanceOf[target] += mintedAmount; totalSupply += mintedAmount; } }","import { expect } from ""chai""; import { ethers } from ""hardhat""; describe(""ERCDDAToken reference (ethers v6; deploy may require constructor arguments)"", function () { it(""deploy ERCDDAToken by supplying its REQUIRED constructor arguments (read them from the contract constructor), then call methods and assert; use ethers.parseEther, await (await tx).wait(), and expect(...).to.be.reverted"", async function () { const [owner, addr1, addr2] = await ethers.getSigners(); const Factory = await ethers.getContractFactory(""ERCDDAToken""); const instance = await Factory.deploy(...constructorArgs); await instance.waitForDeployment(); }); });",False,False,"import { expect } from ""chai""; import { ethers } from ""hardhat"";  describe(""ERCDDAToken mutant m81d0d710 - burn return value"", function () {   it(""should revert when burn function does not return true"", async function () {     const [owner] = await ethers.getSigners();     const initialSupply = 1000;     const tokenName = ""TestToken"";     const tokenSymbol = ""TT"";          const Factory = await ethers.getContractFactory(""ERCDDAToken"");     const instance = await Factory.deploy(initialSupply, tokenName, tokenSymbol);     await instance.waitForDeployment();      // Attempt to call burn and expect the transaction to fail because the mutated function     // no longer returns a boolean value as declared in the function signature     await expect(       instance.burn(100)     ).to.be.reverted;   }); });","""['Error: syntax error']"""
