Mutant_id,Contract_id,Test_id,Function_name,Status,Original,Replacement,Diff,StartLine,Details,Contract_Context,Test_Context,Test_Generated,KilledByLLM,Generated_test,Test_errors
mf7687291,MONEY_BOX,<generic-v6-scaffold>,Put,live, >= ,  > ,---|         require(((acc.balance + msg.value) >= acc.balance)); +++|         require(((acc.balance + msg.value)  > acc.balance));,43,Mutant mf7687291 of function Put replaces >= with >,"pragma solidity ^0.8.0; contract MONEY_BOX { struct Holder { uint unlockTime; uint balance; } mapping (address => Holder) public Acc; uint public MinSum; Log LogFile; bool intitalized; function SetMinSum(uint _val) public { if(intitalized)revert(); MinSum = _val; } function SetLogFile(address _log) public { if(intitalized)revert(); LogFile = Log(_log); } function Initialized() public { intitalized = true; } function Put(uint _lockTime) public payable { Holder storage acc = Acc[msg.sender]; require(((acc.balance + msg.value) >= acc.balance)); acc.balance += msg.value; if(block.timestamp+_lockTime>acc.unlockTime)acc.unlockTime=block.timestamp+_lockTime; LogFile.AddMessage(msg.sender,msg.value,""Put""); } function Collect(uint _am) public payable { Holder storage acc = Acc[msg.sender]; if( acc.balance>=MinSum && acc.balance>=_am && block.timestamp>acc.unlockTime) { acc.balance = (acc.balance - _am); { (bool _s, bytes memory _d) = msg.sender.call{value: _am}(""""); _d; if (_s) { LogFile.AddMessage(msg.sender,_am,""Collect""); } else {revert (); } } } } fallback() external payable { Put(0); } } contract Log { struct Message { address Sender; string  Data; uint Val; uint  Time; } Message[] public History; Message LastMsg; function AddMessage(address _adr,uint _val, string memory _data) public { LastMsg.Sender = _adr; LastMsg.Time = block.timestamp; LastMsg.Val = _val; LastMsg.Data = _data; History.push(LastMsg); } }","import { expect } from ""chai""; import { ethers } from ""hardhat""; describe(""MONEY_BOX reference (ethers v6; deploy may require constructor arguments)"", function () { it(""deploy MONEY_BOX by supplying its REQUIRED constructor arguments (read them from the contract constructor), then call methods and assert; use ethers.parseEther, await (await tx).wait(), and expect(...).to.be.reverted"", async function () { const [owner, addr1, addr2] = await ethers.getSigners(); const Factory = await ethers.getContractFactory(""MONEY_BOX""); const instance = await Factory.deploy(...constructorArgs); await instance.waitForDeployment(); }); });",False,False,"import { expect } from ""chai""; import { ethers } from ""hardhat"";  describe(""MONEY_BOX mutant test - mf7687291"", function () {   it(""should allow zero-value deposit in original but fail in mutant"", async function () {     const [owner, addr1] = await ethers.getSigners();          // Deploy Log contract first (required by MONEY_BOX)     const LogFactory = await ethers.getContractFactory(""Log"");     const logInstance = await LogFactory.deploy();     await logInstance.waitForDeployment();          // Deploy MONEY_BOX     const Factory = await ethers.getContractFactory(""MONEY_BOX"");     const instance = await Factory.deploy();     await instance.waitForDeployment();          // Set up the contract: initialize LogFile and MinSum, then initialize     await instance.connect(owner).SetLogFile(await logInstance.getAddress());     await instance.connect(owner).SetMinSum(ethers.parseEther(""1""));     await instance.connect(owner).Initialized();          // Attempt to call Put with 0 value     // The original allows this (balance + 0 >= balance is true)     // The mutant rejects this (balance + 0 > balance is false)     await expect(       instance.connect(addr1).Put(100, { value: 0 })     ).to.be.reverted;   }); });","""['Error: syntax error']"""
m42fd509d,MONEY_BOX,<generic-v6-scaffold>,Put,live, >= , <= ,---|         require(((acc.balance + msg.value) >= acc.balance)); +++|         require(((acc.balance + msg.value) <= acc.balance));,43,Mutant m42fd509d of function Put replaces >= with <=,"pragma solidity ^0.8.0; contract MONEY_BOX { struct Holder { uint unlockTime; uint balance; } mapping (address => Holder) public Acc; uint public MinSum; Log LogFile; bool intitalized; function SetMinSum(uint _val) public { if(intitalized)revert(); MinSum = _val; } function SetLogFile(address _log) public { if(intitalized)revert(); LogFile = Log(_log); } function Initialized() public { intitalized = true; } function Put(uint _lockTime) public payable { Holder storage acc = Acc[msg.sender]; require(((acc.balance + msg.value) >= acc.balance)); acc.balance += msg.value; if(block.timestamp+_lockTime>acc.unlockTime)acc.unlockTime=block.timestamp+_lockTime; LogFile.AddMessage(msg.sender,msg.value,""Put""); } function Collect(uint _am) public payable { Holder storage acc = Acc[msg.sender]; if( acc.balance>=MinSum && acc.balance>=_am && block.timestamp>acc.unlockTime) { acc.balance = (acc.balance - _am); { (bool _s, bytes memory _d) = msg.sender.call{value: _am}(""""); _d; if (_s) { LogFile.AddMessage(msg.sender,_am,""Collect""); } else {revert (); } } } } fallback() external payable { Put(0); } } contract Log { struct Message { address Sender; string  Data; uint Val; uint  Time; } Message[] public History; Message LastMsg; function AddMessage(address _adr,uint _val, string memory _data) public { LastMsg.Sender = _adr; LastMsg.Time = block.timestamp; LastMsg.Val = _val; LastMsg.Data = _data; History.push(LastMsg); } }","import { expect } from ""chai""; import { ethers } from ""hardhat""; describe(""MONEY_BOX reference (ethers v6; deploy may require constructor arguments)"", function () { it(""deploy MONEY_BOX by supplying its REQUIRED constructor arguments (read them from the contract constructor), then call methods and assert; use ethers.parseEther, await (await tx).wait(), and expect(...).to.be.reverted"", async function () { const [owner, addr1, addr2] = await ethers.getSigners(); const Factory = await ethers.getContractFactory(""MONEY_BOX""); const instance = await Factory.deploy(...constructorArgs); await instance.waitForDeployment(); }); });",False,False,"import { expect } from ""chai""; import { ethers } from ""hardhat"";  describe(""MONEY_BOX mutant m42fd509d test"", function () {   it(""should detect mutant by verifying Put succeeds with non-zero value"", async function () {     const [owner, addr1] = await ethers.getSigners();     const Factory = await ethers.getContractFactory(""MONEY_BOX"");     const instance = await Factory.deploy();     await instance.waitForDeployment();      // First initialize the contract to allow operations     await instance.Initialized();      // Call Put with a non-zero value - should succeed on original, fail on mutant     const tx = instance.connect(addr1).Put(100, { value: ethers.parseEther(""1.0"") });          // Expect the transaction to succeed (original behavior)     await expect(tx).to.not.be.reverted;   }); });","""['Error: syntax error']"""
m71fd66aa,MONEY_BOX,<generic-v6-scaffold>,Put,live, >= , == ,---|         require(((acc.balance + msg.value) >= acc.balance)); +++|         require(((acc.balance + msg.value) == acc.balance));,43,Mutant m71fd66aa of function Put replaces >= with ==,"pragma solidity ^0.8.0; contract MONEY_BOX { struct Holder { uint unlockTime; uint balance; } mapping (address => Holder) public Acc; uint public MinSum; Log LogFile; bool intitalized; function SetMinSum(uint _val) public { if(intitalized)revert(); MinSum = _val; } function SetLogFile(address _log) public { if(intitalized)revert(); LogFile = Log(_log); } function Initialized() public { intitalized = true; } function Put(uint _lockTime) public payable { Holder storage acc = Acc[msg.sender]; require(((acc.balance + msg.value) >= acc.balance)); acc.balance += msg.value; if(block.timestamp+_lockTime>acc.unlockTime)acc.unlockTime=block.timestamp+_lockTime; LogFile.AddMessage(msg.sender,msg.value,""Put""); } function Collect(uint _am) public payable { Holder storage acc = Acc[msg.sender]; if( acc.balance>=MinSum && acc.balance>=_am && block.timestamp>acc.unlockTime) { acc.balance = (acc.balance - _am); { (bool _s, bytes memory _d) = msg.sender.call{value: _am}(""""); _d; if (_s) { LogFile.AddMessage(msg.sender,_am,""Collect""); } else {revert (); } } } } fallback() external payable { Put(0); } } contract Log { struct Message { address Sender; string  Data; uint Val; uint  Time; } Message[] public History; Message LastMsg; function AddMessage(address _adr,uint _val, string memory _data) public { LastMsg.Sender = _adr; LastMsg.Time = block.timestamp; LastMsg.Val = _val; LastMsg.Data = _data; History.push(LastMsg); } }","import { expect } from ""chai""; import { ethers } from ""hardhat""; describe(""MONEY_BOX reference (ethers v6; deploy may require constructor arguments)"", function () { it(""deploy MONEY_BOX by supplying its REQUIRED constructor arguments (read them from the contract constructor), then call methods and assert; use ethers.parseEther, await (await tx).wait(), and expect(...).to.be.reverted"", async function () { const [owner, addr1, addr2] = await ethers.getSigners(); const Factory = await ethers.getContractFactory(""MONEY_BOX""); const instance = await Factory.deploy(...constructorArgs); await instance.waitForDeployment(); }); });",False,False,"import { expect } from ""chai""; import { ethers } from ""hardhat"";  describe(""MONEY_BOX mutant detection"", function () {     it(""should kill mutant m71fd66aa by sending positive msg.value to Put and expecting success"", async function () {         const [owner] = await ethers.getSigners();         const Factory = await ethers.getContractFactory(""MONEY_BOX"");         const instance = await Factory.deploy();         await instance.waitForDeployment();          // Initialize the contract (required before Put can be called meaningfully)         await (await instance.Initialized()).wait();          // Send 1 wei to Put - this should succeed in original but revert in mutant         const tx = await instance.Put(0, { value: 1 });         await expect(tx).to.not.be.reverted;          // Verify balance increased (optional but thorough)         const holder = await instance.Acc(owner.address);         expect(holder.balance).to.equal(1);     }); });","""['Error: syntax error']"""
mb5024317,MONEY_BOX,<generic-v6-scaffold>,Put,live, + , - ,---|         require(((acc.balance + msg.value) >= acc.balance)); +++|         require(((acc.balance - msg.value) >= acc.balance));,43,Mutant mb5024317 of function Put replaces + with -,"pragma solidity ^0.8.0; contract MONEY_BOX { struct Holder { uint unlockTime; uint balance; } mapping (address => Holder) public Acc; uint public MinSum; Log LogFile; bool intitalized; function SetMinSum(uint _val) public { if(intitalized)revert(); MinSum = _val; } function SetLogFile(address _log) public { if(intitalized)revert(); LogFile = Log(_log); } function Initialized() public { intitalized = true; } function Put(uint _lockTime) public payable { Holder storage acc = Acc[msg.sender]; require(((acc.balance + msg.value) >= acc.balance)); acc.balance += msg.value; if(block.timestamp+_lockTime>acc.unlockTime)acc.unlockTime=block.timestamp+_lockTime; LogFile.AddMessage(msg.sender,msg.value,""Put""); } function Collect(uint _am) public payable { Holder storage acc = Acc[msg.sender]; if( acc.balance>=MinSum && acc.balance>=_am && block.timestamp>acc.unlockTime) { acc.balance = (acc.balance - _am); { (bool _s, bytes memory _d) = msg.sender.call{value: _am}(""""); _d; if (_s) { LogFile.AddMessage(msg.sender,_am,""Collect""); } else {revert (); } } } } fallback() external payable { Put(0); } } contract Log { struct Message { address Sender; string  Data; uint Val; uint  Time; } Message[] public History; Message LastMsg; function AddMessage(address _adr,uint _val, string memory _data) public { LastMsg.Sender = _adr; LastMsg.Time = block.timestamp; LastMsg.Val = _val; LastMsg.Data = _data; History.push(LastMsg); } }","import { expect } from ""chai""; import { ethers } from ""hardhat""; describe(""MONEY_BOX reference (ethers v6; deploy may require constructor arguments)"", function () { it(""deploy MONEY_BOX by supplying its REQUIRED constructor arguments (read them from the contract constructor), then call methods and assert; use ethers.parseEther, await (await tx).wait(), and expect(...).to.be.reverted"", async function () { const [owner, addr1, addr2] = await ethers.getSigners(); const Factory = await ethers.getContractFactory(""MONEY_BOX""); const instance = await Factory.deploy(...constructorArgs); await instance.waitForDeployment(); }); });",False,False,"import { expect } from ""chai""; import { ethers } } from ""hardhat"";  describe(""MONEY_BOX mutant mb5024317 test"", function () {   it(""should revert when calling Put with positive msg.value due to subtraction bug"", async function () {     const [owner] = await ethers.getSigners();     const Factory = await ethers.getContractFactory(""MONEY_BOX"");     const instance = await Factory.deploy();     await instance.waitForDeployment();      // The mutant changes require(((acc.balance + msg.value) >= acc.balance))     // to require(((acc.balance - msg.value) >= acc.balance))     // Sending any positive amount should now revert because (balance - amount) < balance     await expect(       instance.connect(owner).Put(0, { value: ethers.parseEther(""1"") })     ).to.be.reverted;   }); });","""['Error: syntax error']"""
mf7784a01,MONEY_BOX,<generic-v6-scaffold>,Put,live, + , * ,---|         require(((acc.balance + msg.value) >= acc.balance)); +++|         require(((acc.balance * msg.value) >= acc.balance));,43,Mutant mf7784a01 of function Put replaces + with *,"pragma solidity ^0.8.0; contract MONEY_BOX { struct Holder { uint unlockTime; uint balance; } mapping (address => Holder) public Acc; uint public MinSum; Log LogFile; bool intitalized; function SetMinSum(uint _val) public { if(intitalized)revert(); MinSum = _val; } function SetLogFile(address _log) public { if(intitalized)revert(); LogFile = Log(_log); } function Initialized() public { intitalized = true; } function Put(uint _lockTime) public payable { Holder storage acc = Acc[msg.sender]; require(((acc.balance + msg.value) >= acc.balance)); acc.balance += msg.value; if(block.timestamp+_lockTime>acc.unlockTime)acc.unlockTime=block.timestamp+_lockTime; LogFile.AddMessage(msg.sender,msg.value,""Put""); } function Collect(uint _am) public payable { Holder storage acc = Acc[msg.sender]; if( acc.balance>=MinSum && acc.balance>=_am && block.timestamp>acc.unlockTime) { acc.balance = (acc.balance - _am); { (bool _s, bytes memory _d) = msg.sender.call{value: _am}(""""); _d; if (_s) { LogFile.AddMessage(msg.sender,_am,""Collect""); } else {revert (); } } } } fallback() external payable { Put(0); } } contract Log { struct Message { address Sender; string  Data; uint Val; uint  Time; } Message[] public History; Message LastMsg; function AddMessage(address _adr,uint _val, string memory _data) public { LastMsg.Sender = _adr; LastMsg.Time = block.timestamp; LastMsg.Val = _val; LastMsg.Data = _data; History.push(LastMsg); } }","import { expect } from ""chai""; import { ethers } from ""hardhat""; describe(""MONEY_BOX reference (ethers v6; deploy may require constructor arguments)"", function () { it(""deploy MONEY_BOX by supplying its REQUIRED constructor arguments (read them from the contract constructor), then call methods and assert; use ethers.parseEther, await (await tx).wait(), and expect(...).to.be.reverted"", async function () { const [owner, addr1, addr2] = await ethers.getSigners(); const Factory = await ethers.getContractFactory(""MONEY_BOX""); const instance = await Factory.deploy(...constructorArgs); await instance.waitForDeployment(); }); });",False,False,"import { expect } from ""chai""; import { ethers } from ""hardhat"";  describe(""MONEY_BOX mutant detection"", function () {   it(""should detect mutant mf7784a01 by sending msg.value = 0 when balance > 0"", async function () {     const [owner, addr1] = await ethers.getSigners();     const Factory = await ethers.getContractFactory(""MONEY_BOX"");     const instance = await Factory.deploy();     await instance.waitForDeployment();      // First, send a normal deposit to create a positive balance for addr1     const depositAmount = ethers.parseEther(""1.0"");     await instance.connect(addr1).Put(100, { value: depositAmount });      // Now send a transaction with msg.value = 0 via the fallback function (which calls Put(0))     // This should succeed on original but revert on mutant because 0 * balance >= balance is false     await expect(       addr1.sendTransaction({         to: await instance.getAddress(),         value: 0,         data: ""0x""       })     ).to.be.reverted;   }); });","""['Error: syntax error']"""
m6c33583f,MONEY_BOX,<generic-v6-scaffold>,Put,live,>,<,---|         if(block.timestamp+_lockTime>acc.unlockTime)acc.unlockTime=block.timestamp+_lockTime; +++|         if(block.timestamp+_lockTime<acc.unlockTime)acc.unlockTime=block.timestamp+_lockTime;,45,Mutant m6c33583f of function Put replaces > with <,"pragma solidity ^0.8.0; contract MONEY_BOX { struct Holder { uint unlockTime; uint balance; } mapping (address => Holder) public Acc; uint public MinSum; Log LogFile; bool intitalized; function SetMinSum(uint _val) public { if(intitalized)revert(); MinSum = _val; } function SetLogFile(address _log) public { if(intitalized)revert(); LogFile = Log(_log); } function Initialized() public { intitalized = true; } function Put(uint _lockTime) public payable { Holder storage acc = Acc[msg.sender]; require(((acc.balance + msg.value) >= acc.balance)); acc.balance += msg.value; if(block.timestamp+_lockTime>acc.unlockTime)acc.unlockTime=block.timestamp+_lockTime; LogFile.AddMessage(msg.sender,msg.value,""Put""); } function Collect(uint _am) public payable { Holder storage acc = Acc[msg.sender]; if( acc.balance>=MinSum && acc.balance>=_am && block.timestamp>acc.unlockTime) { acc.balance = (acc.balance - _am); { (bool _s, bytes memory _d) = msg.sender.call{value: _am}(""""); _d; if (_s) { LogFile.AddMessage(msg.sender,_am,""Collect""); } else {revert (); } } } } fallback() external payable { Put(0); } } contract Log { struct Message { address Sender; string  Data; uint Val; uint  Time; } Message[] public History; Message LastMsg; function AddMessage(address _adr,uint _val, string memory _data) public { LastMsg.Sender = _adr; LastMsg.Time = block.timestamp; LastMsg.Val = _val; LastMsg.Data = _data; History.push(LastMsg); } }","import { expect } from ""chai""; import { ethers } from ""hardhat""; describe(""MONEY_BOX reference (ethers v6; deploy may require constructor arguments)"", function () { it(""deploy MONEY_BOX by supplying its REQUIRED constructor arguments (read them from the contract constructor), then call methods and assert; use ethers.parseEther, await (await tx).wait(), and expect(...).to.be.reverted"", async function () { const [owner, addr1, addr2] = await ethers.getSigners(); const Factory = await ethers.getContractFactory(""MONEY_BOX""); const instance = await Factory.deploy(...constructorArgs); await instance.waitForDeployment(); }); });",False,False,"import { expect } from ""chai""; import { ethers } } from ""hardhat"";  describe(""MONEY_BOX mutant m6c33583f test"", function () {   it(""should kill mutant by verifying unlockTime is updated when new lock time is later"", async function () {     const [owner, user] = await ethers.getSigners();          // Deploy MONEY_BOX - no constructor arguments needed     const Factory = await ethers.getContractFactory(""MONEY_BOX"");     const instance = await Factory.deploy();     await instance.waitForDeployment();          // Deploy Log contract (required by MONEY_BOX)     const LogFactory = await ethers.getContractFactory(""Log"");     const logInstance = await LogFactory.deploy();     await logInstance.waitForDeployment();          // Initialize the contract     await instance.connect(owner).SetLogFile(await logInstance.getAddress());     await instance.connect(owner).Initialized();          // First Put with a 100-second lock time     const initialLockTime = 100;     const tx1 = await instance.connect(user).Put(initialLockTime, { value: ethers.parseEther(""1.0"") });     await tx1.wait();          // Get the unlock time after first deposit     let acc = await instance.Acc(user.address);     const firstUnlockTime = acc.unlockTime;          // Second Put with a longer lock time (200 seconds) - should extend unlockTime     const longerLockTime = 200;     const tx2 = await instance.connect(user).Put(longerLockTime, { value: ethers.parseEther(""0.5"") });     await tx2.wait();          // Get the unlock time after second deposit     acc = await instance.Acc(user.address);     const secondUnlockTime = acc.unlockTime;          // In the original contract, the unlock time should be extended     // In the mutant (with < instead of >), the unlock time would NOT be updated     // because the new time (block.timestamp + 200) is GREATER than the existing one,     // and the mutant only updates when the new time is LESS than the existing one     expect(secondUnlockTime).to.be.gt(firstUnlockTime);   }); });","""['Error: syntax error']"""
m8ff84a1c,MONEY_BOX,<generic-v6-scaffold>,Put,live,>,>= ,---|         if(block.timestamp+_lockTime>acc.unlockTime)acc.unlockTime=block.timestamp+_lockTime; +++|         if(block.timestamp+_lockTime>= acc.unlockTime)acc.unlockTime=block.timestamp+_lockTime;,45,Mutant m8ff84a1c of function Put replaces > with >=,"pragma solidity ^0.8.0; contract MONEY_BOX { struct Holder { uint unlockTime; uint balance; } mapping (address => Holder) public Acc; uint public MinSum; Log LogFile; bool intitalized; function SetMinSum(uint _val) public { if(intitalized)revert(); MinSum = _val; } function SetLogFile(address _log) public { if(intitalized)revert(); LogFile = Log(_log); } function Initialized() public { intitalized = true; } function Put(uint _lockTime) public payable { Holder storage acc = Acc[msg.sender]; require(((acc.balance + msg.value) >= acc.balance)); acc.balance += msg.value; if(block.timestamp+_lockTime>acc.unlockTime)acc.unlockTime=block.timestamp+_lockTime; LogFile.AddMessage(msg.sender,msg.value,""Put""); } function Collect(uint _am) public payable { Holder storage acc = Acc[msg.sender]; if( acc.balance>=MinSum && acc.balance>=_am && block.timestamp>acc.unlockTime) { acc.balance = (acc.balance - _am); { (bool _s, bytes memory _d) = msg.sender.call{value: _am}(""""); _d; if (_s) { LogFile.AddMessage(msg.sender,_am,""Collect""); } else {revert (); } } } } fallback() external payable { Put(0); } } contract Log { struct Message { address Sender; string  Data; uint Val; uint  Time; } Message[] public History; Message LastMsg; function AddMessage(address _adr,uint _val, string memory _data) public { LastMsg.Sender = _adr; LastMsg.Time = block.timestamp; LastMsg.Val = _val; LastMsg.Data = _data; History.push(LastMsg); } }","import { expect } from ""chai""; import { ethers } from ""hardhat""; describe(""MONEY_BOX reference (ethers v6; deploy may require constructor arguments)"", function () { it(""deploy MONEY_BOX by supplying its REQUIRED constructor arguments (read them from the contract constructor), then call methods and assert; use ethers.parseEther, await (await tx).wait(), and expect(...).to.be.reverted"", async function () { const [owner, addr1, addr2] = await ethers.getSigners(); const Factory = await ethers.getContractFactory(""MONEY_BOX""); const instance = await Factory.deploy(...constructorArgs); await instance.waitForDeployment(); }); });",False,False,"import { expect } from ""chai""; import { ethers } } from ""hardhat"";  describe(""MONEY_BOX mutant test - m8ff84a1c"", function () {   it(""should detect mutant by showing unlock time is updated when it should not be"", async function () {     const [owner, addr1] = await ethers.getSigners();          // Deploy MONEY_BOX (no constructor arguments)     const Factory = await ethers.getContractFactory(""MONEY_BOX"");     const instance = await Factory.deploy();     await instance.waitForDeployment();          // First, initialize the contract     await instance.connect(owner).Initialized();          // Set minimum sum to 0 to simplify     await instance.connect(owner).SetMinSum(0);          // Set a log file address (can be any address, even zero address since we don't test logging)     await instance.connect(owner).SetLogFile(ethers.ZeroAddress);          // First Put call: set an initial unlock time     // We'll use a lock time of 100 seconds from now     const initialLockTime = 100;     const putAmount = ethers.parseEther(""1"");     const tx1 = await instance.connect(addr1).Put(initialLockTime, { value: putAmount });     await tx1.wait();          // Get the current block timestamp and compute expected unlock time     const block1 = await ethers.provider.getBlock(tx1.blockNumber);     const expectedUnlockTime1 = block1.timestamp + initialLockTime;          // Get the actual unlock time from storage     const acc1 = await instance.Acc(addr1.address);     expect(acc1.unlockTime).to.equal(expectedUnlockTime1);          // Now, call Put again with a lock time that would produce the EXACT SAME unlock time     // We need to wait enough blocks so that block.timestamp + newLockTime == acc.unlockTime     // The simplest approach: use a lock time of 0, which gives block.timestamp + 0 = current timestamp     // But we need the new timestamp to equal the old unlock time exactly          // Instead, let's mine blocks until we reach a timestamp equal to the expected unlock time     // Then call Put with lockTime=0 so that new unlock = current timestamp = old unlock time          // Fast forward to the exact unlock time     await ethers.provider.send(""evm_setNextBlockTimestamp"", [expectedUnlockTime1]);          // Call Put with lockTime=0, which should produce new unlock = expectedUnlockTime1 (same as old)     const tx2 = await instance.connect(addr1).Put(0, { value: ethers.parseEther(""0.5"") });     await tx2.wait();          // Get the stored unlock time after the second call     const accAfter = await instance.Acc(addr1.address);          // In the ORIGINAL contract: unlockTime should NOT change (strictly greater check)     // In the MUTANT: unlockTime WILL be updated (greater-or-equal check) - same value but state change          // The test asserts that unlock time remains exactly the same as before     // This passes on original (no change) but fails on mutant (state change detected)     expect(accAfter.unlockTime).to.equal(expectedUnlockTime1);          // Additional verification: check that the balance was properly updated (should work in both)     expect(accAfter.balance).to.equal(putAmount + ethers.parseEther(""0.5""));   }); });","""['Error: syntax error']"""
mc4f8898f,MONEY_BOX,<generic-v6-scaffold>,Put,live,+,-,---|         if(block.timestamp+_lockTime>acc.unlockTime)acc.unlockTime=block.timestamp+_lockTime; +++|         if(block.timestamp-_lockTime>acc.unlockTime)acc.unlockTime=block.timestamp+_lockTime;,45,Mutant mc4f8898f of function Put replaces + with -,"pragma solidity ^0.8.0; contract MONEY_BOX { struct Holder { uint unlockTime; uint balance; } mapping (address => Holder) public Acc; uint public MinSum; Log LogFile; bool intitalized; function SetMinSum(uint _val) public { if(intitalized)revert(); MinSum = _val; } function SetLogFile(address _log) public { if(intitalized)revert(); LogFile = Log(_log); } function Initialized() public { intitalized = true; } function Put(uint _lockTime) public payable { Holder storage acc = Acc[msg.sender]; require(((acc.balance + msg.value) >= acc.balance)); acc.balance += msg.value; if(block.timestamp+_lockTime>acc.unlockTime)acc.unlockTime=block.timestamp+_lockTime; LogFile.AddMessage(msg.sender,msg.value,""Put""); } function Collect(uint _am) public payable { Holder storage acc = Acc[msg.sender]; if( acc.balance>=MinSum && acc.balance>=_am && block.timestamp>acc.unlockTime) { acc.balance = (acc.balance - _am); { (bool _s, bytes memory _d) = msg.sender.call{value: _am}(""""); _d; if (_s) { LogFile.AddMessage(msg.sender,_am,""Collect""); } else {revert (); } } } } fallback() external payable { Put(0); } } contract Log { struct Message { address Sender; string  Data; uint Val; uint  Time; } Message[] public History; Message LastMsg; function AddMessage(address _adr,uint _val, string memory _data) public { LastMsg.Sender = _adr; LastMsg.Time = block.timestamp; LastMsg.Val = _val; LastMsg.Data = _data; History.push(LastMsg); } }","import { expect } from ""chai""; import { ethers } from ""hardhat""; describe(""MONEY_BOX reference (ethers v6; deploy may require constructor arguments)"", function () { it(""deploy MONEY_BOX by supplying its REQUIRED constructor arguments (read them from the contract constructor), then call methods and assert; use ethers.parseEther, await (await tx).wait(), and expect(...).to.be.reverted"", async function () { const [owner, addr1, addr2] = await ethers.getSigners(); const Factory = await ethers.getContractFactory(""MONEY_BOX""); const instance = await Factory.deploy(...constructorArgs); await instance.waitForDeployment(); }); });",False,False,"import { expect } from ""chai""; import { ethers } from ""hardhat"";  describe(""MONEY_BOX mutant test - mc4f8898f"", function () {   it(""should detect the mutant by showing that unlockTime is not updated when _lockTime is smaller than existing unlockTime"", async function () {     const [owner, addr1] = await ethers.getSigners();     const Factory = await ethers.getContractFactory(""MONEY_BOX"");     const instance = await Factory.deploy();     await instance.waitForDeployment();      // Initialize the contract     await instance.connect(owner).Initialized();          // Set MinSum to 0 so Collect can work with any balance     await instance.connect(owner).SetMinSum(0);          // Deploy a Log contract and set it     const LogFactory = await ethers.getContractFactory(""Log"");     const logInstance = await LogFactory.deploy();     await logInstance.waitForDeployment();     await instance.connect(owner).SetLogFile(await logInstance.getAddress());      // First Put: set unlockTime to block.timestamp + 100 seconds     const lockTime1 = 100;     const depositAmount = ethers.parseEther(""1.0"");     await instance.connect(addr1).Put(lockTime1, { value: depositAmount });      // Get the unlockTime after first Put     const accAfterFirstPut = await instance.Acc(addr1.address);     const unlockTimeAfterFirst = accAfterFirstPut.unlockTime;      // Second Put: with a smaller lockTime (10 seconds)     const lockTime2 = 10;     await instance.connect(addr1).Put(lockTime2, { value: ethers.parseEther(""0.5"") });      // Get the unlockTime after second Put     const accAfterSecondPut = await instance.Acc(addr1.address);     const unlockTimeAfterSecond = accAfterSecondPut.unlockTime;      // In the original: unlockTime should be updated to block.timestamp + 10 (smaller value)     // In the mutant: unlockTime should remain at block.timestamp + 100 (not updated)     // The difference is detectable because the mutant condition fails to update unlockTime          // Wait until after the first unlockTime (block.timestamp + 100) but before the second would have been (block.timestamp + 10)     // Since block.timestamp + 10 < block.timestamp + 100, we need to wait past the first unlockTime     await ethers.provider.send(""evm_increaseTime"", [101]);     await ethers.provider.send(""evm_mine"", []);      // Try to Collect - in original it should succeed (unlockTime was updated to block.timestamp + 10 which is now past)     // In mutant it should revert (unlockTime is still block.timestamp + 100 which hasn't passed yet)     const collectAmount = ethers.parseEther(""0.5"");          // This will revert in the mutant but succeed in the original     await expect(       instance.connect(addr1).Collect(collectAmount)     ).to.be.reverted;   }); });","""['Error: syntax error']"""
m05a0b445,MONEY_BOX,<generic-v6-scaffold>,Put,live,+,*,---|         if(block.timestamp+_lockTime>acc.unlockTime)acc.unlockTime=block.timestamp+_lockTime; +++|         if(block.timestamp*_lockTime>acc.unlockTime)acc.unlockTime=block.timestamp+_lockTime;,45,Mutant m05a0b445 of function Put replaces + with *,"pragma solidity ^0.8.0; contract MONEY_BOX { struct Holder { uint unlockTime; uint balance; } mapping (address => Holder) public Acc; uint public MinSum; Log LogFile; bool intitalized; function SetMinSum(uint _val) public { if(intitalized)revert(); MinSum = _val; } function SetLogFile(address _log) public { if(intitalized)revert(); LogFile = Log(_log); } function Initialized() public { intitalized = true; } function Put(uint _lockTime) public payable { Holder storage acc = Acc[msg.sender]; require(((acc.balance + msg.value) >= acc.balance)); acc.balance += msg.value; if(block.timestamp+_lockTime>acc.unlockTime)acc.unlockTime=block.timestamp+_lockTime; LogFile.AddMessage(msg.sender,msg.value,""Put""); } function Collect(uint _am) public payable { Holder storage acc = Acc[msg.sender]; if( acc.balance>=MinSum && acc.balance>=_am && block.timestamp>acc.unlockTime) { acc.balance = (acc.balance - _am); { (bool _s, bytes memory _d) = msg.sender.call{value: _am}(""""); _d; if (_s) { LogFile.AddMessage(msg.sender,_am,""Collect""); } else {revert (); } } } } fallback() external payable { Put(0); } } contract Log { struct Message { address Sender; string  Data; uint Val; uint  Time; } Message[] public History; Message LastMsg; function AddMessage(address _adr,uint _val, string memory _data) public { LastMsg.Sender = _adr; LastMsg.Time = block.timestamp; LastMsg.Val = _val; LastMsg.Data = _data; History.push(LastMsg); } }","import { expect } from ""chai""; import { ethers } from ""hardhat""; describe(""MONEY_BOX reference (ethers v6; deploy may require constructor arguments)"", function () { it(""deploy MONEY_BOX by supplying its REQUIRED constructor arguments (read them from the contract constructor), then call methods and assert; use ethers.parseEther, await (await tx).wait(), and expect(...).to.be.reverted"", async function () { const [owner, addr1, addr2] = await ethers.getSigners(); const Factory = await ethers.getContractFactory(""MONEY_BOX""); const instance = await Factory.deploy(...constructorArgs); await instance.waitForDeployment(); }); });",False,False,"import { expect } from ""chai""; import { ethers } from ""hardhat"";  describe(""MONEY_BOX mutant m05a0b445 detection"", function () {   it(""should detect mutant by verifying unlockTime reset when _lockTime=0"", async function () {     const [owner, addr1] = await ethers.getSigners();          // Deploy MONEY_BOX (no constructor arguments)     const Factory = await ethers.getContractFactory(""MONEY_BOX"");     const instance = await Factory.deploy();     await instance.waitForDeployment();          // Deploy Log contract (required by MONEY_BOX)     const LogFactory = await ethers.getContractFactory(""Log"");     const logInstance = await LogFactory.deploy();     await logInstance.waitForDeployment();          // Initialize the contract     await instance.connect(owner).SetLogFile(await logInstance.getAddress());     await instance.connect(owner).SetMinSum(0);     await instance.connect(owner).Initialized();          // First Put with a future lock time (e.g., 1000 seconds)     const lockTime1 = 1000;     const depositAmount = ethers.parseEther(""1"");     await instance.connect(addr1).Put(lockTime1, { value: depositAmount });          // Check that unlockTime was set to future timestamp     const acc1 = await instance.Acc(addr1.address);     const currentTimestamp = (await ethers.provider.getBlock(""latest"")).timestamp;     expect(acc1.unlockTime).to.be.greaterThan(currentTimestamp + 999);          // Second Put with _lockTime = 0 (should reset unlockTime to current timestamp in original)     await instance.connect(addr1).Put(0, { value: ethers.parseEther(""0"") });          // Check unlockTime - in original it should be ~currentTimestamp, in mutant it remains future     const accAfter = await instance.Acc(addr1.address);     const blockAfter = await ethers.provider.getBlock(""latest"");          // In original: unlockTime should be reset to block.timestamp (current time)     // In mutant: unlockTime remains the future value from first Put     // We verify by trying to collect immediately - should succeed in original, fail in mutant     const collectAmount = ethers.parseEther(""0.5"");          // Try to collect - in original this succeeds (unlockTime reset to now), in mutant it reverts     const balanceBefore = await ethers.provider.getBalance(addr1.address);          // This should succeed on original, revert on mutant     if (accAfter.unlockTime > blockAfter.timestamp) {       // Mutant detected: unlockTime wasn't reset       expect(accAfter.unlockTime).to.be.greaterThan(blockAfter.timestamp);     } else {       // Original behavior: unlockTime was reset, collect should work       await expect(         instance.connect(addr1).Collect(collectAmount)       ).to.not.be.reverted;     }          // Alternative direct detection: verify unlockTime is NOT equal to block.timestamp     // In original, after Put(0), unlockTime should be ~block.timestamp     // In mutant, unlockTime remains the old future value     expect(accAfter.unlockTime).to.not.equal(blockAfter.timestamp);   }); });","""['Error: syntax error']"""
mfc27e025,MONEY_BOX,<generic-v6-scaffold>,Put,live,+,-,---|         if(block.timestamp+_lockTime>acc.unlockTime)acc.unlockTime=block.timestamp+_lockTime; +++|         if(block.timestamp+_lockTime>acc.unlockTime)acc.unlockTime=block.timestamp-_lockTime;,45,Mutant mfc27e025 of function Put replaces + with -,"pragma solidity ^0.8.0; contract MONEY_BOX { struct Holder { uint unlockTime; uint balance; } mapping (address => Holder) public Acc; uint public MinSum; Log LogFile; bool intitalized; function SetMinSum(uint _val) public { if(intitalized)revert(); MinSum = _val; } function SetLogFile(address _log) public { if(intitalized)revert(); LogFile = Log(_log); } function Initialized() public { intitalized = true; } function Put(uint _lockTime) public payable { Holder storage acc = Acc[msg.sender]; require(((acc.balance + msg.value) >= acc.balance)); acc.balance += msg.value; if(block.timestamp+_lockTime>acc.unlockTime)acc.unlockTime=block.timestamp+_lockTime; LogFile.AddMessage(msg.sender,msg.value,""Put""); } function Collect(uint _am) public payable { Holder storage acc = Acc[msg.sender]; if( acc.balance>=MinSum && acc.balance>=_am && block.timestamp>acc.unlockTime) { acc.balance = (acc.balance - _am); { (bool _s, bytes memory _d) = msg.sender.call{value: _am}(""""); _d; if (_s) { LogFile.AddMessage(msg.sender,_am,""Collect""); } else {revert (); } } } } fallback() external payable { Put(0); } } contract Log { struct Message { address Sender; string  Data; uint Val; uint  Time; } Message[] public History; Message LastMsg; function AddMessage(address _adr,uint _val, string memory _data) public { LastMsg.Sender = _adr; LastMsg.Time = block.timestamp; LastMsg.Val = _val; LastMsg.Data = _data; History.push(LastMsg); } }","import { expect } from ""chai""; import { ethers } from ""hardhat""; describe(""MONEY_BOX reference (ethers v6; deploy may require constructor arguments)"", function () { it(""deploy MONEY_BOX by supplying its REQUIRED constructor arguments (read them from the contract constructor), then call methods and assert; use ethers.parseEther, await (await tx).wait(), and expect(...).to.be.reverted"", async function () { const [owner, addr1, addr2] = await ethers.getSigners(); const Factory = await ethers.getContractFactory(""MONEY_BOX""); const instance = await Factory.deploy(...constructorArgs); await instance.waitForDeployment(); }); });",False,False,"import { expect } from ""chai""; import { ethers } from ""hardhat"";  describe(""MONEY_BOX mutant mfc27e025 detection"", function () {   it(""should detect the mutant by verifying that Put with a positive _lockTime prevents immediate Collect"", async function () {     const [owner, user] = await ethers.getSigners();          // Deploy MONEY_BOX (no constructor arguments needed)     const Factory = await ethers.getContractFactory(""MONEY_BOX"");     const instance = await Factory.deploy();     await instance.waitForDeployment();          // Initialize the contract     await (await instance.Initialized()).wait();          // Set minimum sum to 0 so any balance passes the check     await (await instance.SetMinSum(0)).wait();          // Set LogFile to a valid address (deploy a Log contract)     const LogFactory = await ethers.getContractFactory(""Log"");     const logInstance = await LogFactory.deploy();     await logInstance.waitForDeployment();     await (await instance.SetLogFile(await logInstance.getAddress())).wait();          // User puts 1 ether with a lock time of 1 hour (3600 seconds)     const lockTime = 3600;     const depositAmount = ethers.parseEther(""1"");          await (await instance.connect(user).Put(lockTime, { value: depositAmount })).wait();          // Attempt to collect the full amount immediately     // On the original contract, this should revert because unlockTime is in the future     // On the mutant (where unlockTime = block.timestamp - _lockTime), it would succeed     await expect(       instance.connect(user).Collect(depositAmount)     ).to.be.reverted;   }); });","""['Error: syntax error']"""
m74357613,MONEY_BOX,<generic-v6-scaffold>,Put,live,+,*,---|         if(block.timestamp+_lockTime>acc.unlockTime)acc.unlockTime=block.timestamp+_lockTime; +++|         if(block.timestamp+_lockTime>acc.unlockTime)acc.unlockTime=block.timestamp*_lockTime;,45,Mutant m74357613 of function Put replaces + with *,"pragma solidity ^0.8.0; contract MONEY_BOX { struct Holder { uint unlockTime; uint balance; } mapping (address => Holder) public Acc; uint public MinSum; Log LogFile; bool intitalized; function SetMinSum(uint _val) public { if(intitalized)revert(); MinSum = _val; } function SetLogFile(address _log) public { if(intitalized)revert(); LogFile = Log(_log); } function Initialized() public { intitalized = true; } function Put(uint _lockTime) public payable { Holder storage acc = Acc[msg.sender]; require(((acc.balance + msg.value) >= acc.balance)); acc.balance += msg.value; if(block.timestamp+_lockTime>acc.unlockTime)acc.unlockTime=block.timestamp+_lockTime; LogFile.AddMessage(msg.sender,msg.value,""Put""); } function Collect(uint _am) public payable { Holder storage acc = Acc[msg.sender]; if( acc.balance>=MinSum && acc.balance>=_am && block.timestamp>acc.unlockTime) { acc.balance = (acc.balance - _am); { (bool _s, bytes memory _d) = msg.sender.call{value: _am}(""""); _d; if (_s) { LogFile.AddMessage(msg.sender,_am,""Collect""); } else {revert (); } } } } fallback() external payable { Put(0); } } contract Log { struct Message { address Sender; string  Data; uint Val; uint  Time; } Message[] public History; Message LastMsg; function AddMessage(address _adr,uint _val, string memory _data) public { LastMsg.Sender = _adr; LastMsg.Time = block.timestamp; LastMsg.Val = _val; LastMsg.Data = _data; History.push(LastMsg); } }","import { expect } from ""chai""; import { ethers } from ""hardhat""; describe(""MONEY_BOX reference (ethers v6; deploy may require constructor arguments)"", function () { it(""deploy MONEY_BOX by supplying its REQUIRED constructor arguments (read them from the contract constructor), then call methods and assert; use ethers.parseEther, await (await tx).wait(), and expect(...).to.be.reverted"", async function () { const [owner, addr1, addr2] = await ethers.getSigners(); const Factory = await ethers.getContractFactory(""MONEY_BOX""); const instance = await Factory.deploy(...constructorArgs); await instance.waitForDeployment(); }); });",False,False,"import { expect } from ""chai""; import { ethers } from ""hardhat"";  describe(""MONEY_BOX mutant detection - Put unlockTime calculation"", function () {   it(""should detect mutant where block.timestamp+_lockTime is replaced with block.timestamp*_lockTime"", async function () {     const [owner, addr1] = await ethers.getSigners();          // Deploy MONEY_BOX (no constructor arguments)     const Factory = await ethers.getContractFactory(""MONEY_BOX"");     const instance = await Factory.deploy();     await instance.waitForDeployment();          // Deploy Log contract (needed for Put to work)     const LogFactory = await ethers.getContractFactory(""Log"");     const logInstance = await LogFactory.deploy();     await logInstance.waitForDeployment();          // Set LogFile address (required for Put to not revert)     await instance.connect(owner).SetLogFile(await logInstance.getAddress());          // Initialize the contract     await instance.connect(owner).Initialized();          // Get current block timestamp     const blockNumBefore = await ethers.provider.getBlockNumber();     const blockBefore = await ethers.provider.getBlock(blockNumBefore);     const currentTimestamp = blockBefore.timestamp;          // Call Put with a small lock time (e.g., 100 seconds)     const lockTime = 100;     const depositAmount = ethers.parseEther(""1.0"");          await instance.connect(addr1).Put(lockTime, { value: depositAmount });          // Read the unlockTime from the account storage     const holder = await instance.Acc(addr1.address);     const unlockTime = holder.unlockTime;          // In the original contract: unlockTime should be currentTimestamp + lockTime     // In the mutant: unlockTime would be currentTimestamp * lockTime (huge number)     const expectedUnlockTime = BigInt(currentTimestamp) + BigInt(lockTime);          // The mutant would set unlockTime to currentTimestamp * 100     // This would be an astronomically large number (e.g., ~170000000000)     // The original sets it to currentTimestamp + 100 (e.g., ~1700000100)     // So the mutant value would be ~100x larger, easily detectable     expect(unlockTime).to.equal(expectedUnlockTime);          // Additional check: verify that Collect would work with original calculation     // but fail with mutant calculation (since unlockTime would be too large)     const minSum = ethers.parseEther(""0.1"");     await instance.connect(owner).SetMinSum(minSum);          // Wait until after unlock time     await ethers.provider.send(""evm_increaseTime"", [lockTime + 1]);     await ethers.provider.send(""evm_mine"", []);          // This should succeed with original but fail with mutant     const collectAmount = ethers.parseEther(""0.5"");          // With original: collect should succeed (unlockTime passed)     // With mutant: collect would revert because unlockTime is huge     const tx = instance.connect(addr1).Collect(collectAmount);          // If the contract has the original logic, this should succeed     // If the contract has the mutant logic, this should revert     // We expect it to succeed (original behavior)     await expect(tx).to.not.be.reverted;   }); });","""['Error: syntax error']"""
md9825658,MONEY_BOX,<generic-v6-scaffold>,Collect,live, && , || ,---|         if( acc.balance>=MinSum && acc.balance>=_am && block.timestamp>acc.unlockTime) +++|         if( acc.balance>=MinSum && acc.balance>=_am || block.timestamp>acc.unlockTime),52,Mutant md9825658 of function Collect replaces && with ||,"pragma solidity ^0.8.0; contract MONEY_BOX { struct Holder { uint unlockTime; uint balance; } mapping (address => Holder) public Acc; uint public MinSum; Log LogFile; bool intitalized; function SetMinSum(uint _val) public { if(intitalized)revert(); MinSum = _val; } function SetLogFile(address _log) public { if(intitalized)revert(); LogFile = Log(_log); } function Initialized() public { intitalized = true; } function Put(uint _lockTime) public payable { Holder storage acc = Acc[msg.sender]; require(((acc.balance + msg.value) >= acc.balance)); acc.balance += msg.value; if(block.timestamp+_lockTime>acc.unlockTime)acc.unlockTime=block.timestamp+_lockTime; LogFile.AddMessage(msg.sender,msg.value,""Put""); } function Collect(uint _am) public payable { Holder storage acc = Acc[msg.sender]; if( acc.balance>=MinSum && acc.balance>=_am && block.timestamp>acc.unlockTime) { acc.balance = (acc.balance - _am); { (bool _s, bytes memory _d) = msg.sender.call{value: _am}(""""); _d; if (_s) { LogFile.AddMessage(msg.sender,_am,""Collect""); } else {revert (); } } } } fallback() external payable { Put(0); } } contract Log { struct Message { address Sender; string  Data; uint Val; uint  Time; } Message[] public History; Message LastMsg; function AddMessage(address _adr,uint _val, string memory _data) public { LastMsg.Sender = _adr; LastMsg.Time = block.timestamp; LastMsg.Val = _val; LastMsg.Data = _data; History.push(LastMsg); } }","import { expect } from ""chai""; import { ethers } from ""hardhat""; describe(""MONEY_BOX reference (ethers v6; deploy may require constructor arguments)"", function () { it(""deploy MONEY_BOX by supplying its REQUIRED constructor arguments (read them from the contract constructor), then call methods and assert; use ethers.parseEther, await (await tx).wait(), and expect(...).to.be.reverted"", async function () { const [owner, addr1, addr2] = await ethers.getSigners(); const Factory = await ethers.getContractFactory(""MONEY_BOX""); const instance = await Factory.deploy(...constructorArgs); await instance.waitForDeployment(); }); });",False,False,"import { expect } from ""chai""; import { ethers } from ""hardhat"";  describe(""MONEY_BOX mutant md9825658 detection"", function () {   it(""should revert when collecting before unlock time if balance conditions are met (detect || mutant)"", async function () {     const [owner, user] = await ethers.getSigners();          // Deploy MONEY_BOX (no constructor arguments)     const Factory = await ethers.getContractFactory(""MONEY_BOX"");     const instance = await Factory.deploy();     await instance.waitForDeployment();          // Deploy Log contract (needed for Put/Collect)     const LogFactory = await ethers.getContractFactory(""Log"");     const logInstance = await LogFactory.deploy();     await logInstance.waitForDeployment();          // Initialize the contract     await instance.connect(owner).SetLogFile(await logInstance.getAddress());     await instance.connect(owner).SetMinSum(ethers.parseEther(""1""));     await instance.connect(owner).Initialized();          // User deposits 2 ether (meets MinSum of 1)     await instance.connect(user).Put(100, { value: ethers.parseEther(""2"") });          // Get the unlock time set by Put     const userAcc = await instance.Acc(user.address);     const unlockTime = userAcc.unlockTime;          // Fast forward to just before unlock time     await ethers.provider.send(""evm_setNextBlockTimestamp"", [Number(unlockTime) - 1]);          // Attempt to collect 1 ether before unlock time - should revert in original, succeed in mutant     await expect(       instance.connect(user).Collect(ethers.parseEther(""1""))     ).to.be.reverted;   }); });","""['Error: syntax error']"""
mc0ec32b2,MONEY_BOX,<generic-v6-scaffold>,Collect,live, && , || ,---|         if( acc.balance>=MinSum && acc.balance>=_am && block.timestamp>acc.unlockTime) +++|         if( acc.balance>=MinSum || acc.balance>=_am && block.timestamp>acc.unlockTime),52,Mutant mc0ec32b2 of function Collect replaces && with ||,"pragma solidity ^0.8.0; contract MONEY_BOX { struct Holder { uint unlockTime; uint balance; } mapping (address => Holder) public Acc; uint public MinSum; Log LogFile; bool intitalized; function SetMinSum(uint _val) public { if(intitalized)revert(); MinSum = _val; } function SetLogFile(address _log) public { if(intitalized)revert(); LogFile = Log(_log); } function Initialized() public { intitalized = true; } function Put(uint _lockTime) public payable { Holder storage acc = Acc[msg.sender]; require(((acc.balance + msg.value) >= acc.balance)); acc.balance += msg.value; if(block.timestamp+_lockTime>acc.unlockTime)acc.unlockTime=block.timestamp+_lockTime; LogFile.AddMessage(msg.sender,msg.value,""Put""); } function Collect(uint _am) public payable { Holder storage acc = Acc[msg.sender]; if( acc.balance>=MinSum && acc.balance>=_am && block.timestamp>acc.unlockTime) { acc.balance = (acc.balance - _am); { (bool _s, bytes memory _d) = msg.sender.call{value: _am}(""""); _d; if (_s) { LogFile.AddMessage(msg.sender,_am,""Collect""); } else {revert (); } } } } fallback() external payable { Put(0); } } contract Log { struct Message { address Sender; string  Data; uint Val; uint  Time; } Message[] public History; Message LastMsg; function AddMessage(address _adr,uint _val, string memory _data) public { LastMsg.Sender = _adr; LastMsg.Time = block.timestamp; LastMsg.Val = _val; LastMsg.Data = _data; History.push(LastMsg); } }","import { expect } from ""chai""; import { ethers } from ""hardhat""; describe(""MONEY_BOX reference (ethers v6; deploy may require constructor arguments)"", function () { it(""deploy MONEY_BOX by supplying its REQUIRED constructor arguments (read them from the contract constructor), then call methods and assert; use ethers.parseEther, await (await tx).wait(), and expect(...).to.be.reverted"", async function () { const [owner, addr1, addr2] = await ethers.getSigners(); const Factory = await ethers.getContractFactory(""MONEY_BOX""); const instance = await Factory.deploy(...constructorArgs); await instance.waitForDeployment(); }); });",False,False,"import { expect } from ""chai""; import { ethers } from ""hardhat"";  describe(""MONEY_BOX mutant mc0ec32b2 detection"", function () {   it(""should detect || mutant by testing Collect with balance >= MinSum but balance < _am and time not unlocked"", async function () {     const [owner, addr1] = await ethers.getSigners();          // Deploy MONEY_BOX (no constructor arguments)     const Factory = await ethers.getContractFactory(""MONEY_BOX"");     const instance = await Factory.deploy();     await instance.waitForDeployment();          // Deploy a Log contract for the LogFile     const LogFactory = await ethers.getContractFactory(""Log"");     const logInstance = await LogFactory.deploy();     await logInstance.waitForDeployment();          // Initialize the contract: set MinSum, set LogFile, and mark as initialized     await instance.connect(owner).SetMinSum(ethers.parseEther(""1""));     await instance.connect(owner).SetLogFile(await logInstance.getAddress());     await instance.connect(owner).Initialized();          // addr1 puts 2 ETH (balance = 2 ETH, above MinSum of 1 ETH)     await instance.connect(addr1).Put(100, { value: ethers.parseEther(""2"") });          // Now try to Collect 3 ETH (more than balance) when unlock time hasn't passed     // In original: acc.balance(2) >= MinSum(1) && acc.balance(2) >= _am(3) && time > unlockTime     // Original fails because 2 >= 3 is false → revert     // In mutant: acc.balance(2) >= MinSum(1) || (acc.balance(2) >= _am(3) && time > unlockTime)     // Mutant passes because first condition (2 >= 1) is true (OR short-circuits)     await expect(       instance.connect(addr1).Collect(ethers.parseEther(""3""))     ).to.be.reverted;   }); });","""['Error: syntax error']"""
m8dfbb895,MONEY_BOX,<generic-v6-scaffold>,Collect,live,>=, >,---|         if( acc.balance>=MinSum && acc.balance>=_am && block.timestamp>acc.unlockTime) +++|         if( acc.balance >MinSum && acc.balance>=_am && block.timestamp>acc.unlockTime),52,Mutant m8dfbb895 of function Collect replaces >= with >,"pragma solidity ^0.8.0; contract MONEY_BOX { struct Holder { uint unlockTime; uint balance; } mapping (address => Holder) public Acc; uint public MinSum; Log LogFile; bool intitalized; function SetMinSum(uint _val) public { if(intitalized)revert(); MinSum = _val; } function SetLogFile(address _log) public { if(intitalized)revert(); LogFile = Log(_log); } function Initialized() public { intitalized = true; } function Put(uint _lockTime) public payable { Holder storage acc = Acc[msg.sender]; require(((acc.balance + msg.value) >= acc.balance)); acc.balance += msg.value; if(block.timestamp+_lockTime>acc.unlockTime)acc.unlockTime=block.timestamp+_lockTime; LogFile.AddMessage(msg.sender,msg.value,""Put""); } function Collect(uint _am) public payable { Holder storage acc = Acc[msg.sender]; if( acc.balance>=MinSum && acc.balance>=_am && block.timestamp>acc.unlockTime) { acc.balance = (acc.balance - _am); { (bool _s, bytes memory _d) = msg.sender.call{value: _am}(""""); _d; if (_s) { LogFile.AddMessage(msg.sender,_am,""Collect""); } else {revert (); } } } } fallback() external payable { Put(0); } } contract Log { struct Message { address Sender; string  Data; uint Val; uint  Time; } Message[] public History; Message LastMsg; function AddMessage(address _adr,uint _val, string memory _data) public { LastMsg.Sender = _adr; LastMsg.Time = block.timestamp; LastMsg.Val = _val; LastMsg.Data = _data; History.push(LastMsg); } }","import { expect } from ""chai""; import { ethers } from ""hardhat""; describe(""MONEY_BOX reference (ethers v6; deploy may require constructor arguments)"", function () { it(""deploy MONEY_BOX by supplying its REQUIRED constructor arguments (read them from the contract constructor), then call methods and assert; use ethers.parseEther, await (await tx).wait(), and expect(...).to.be.reverted"", async function () { const [owner, addr1, addr2] = await ethers.getSigners(); const Factory = await ethers.getContractFactory(""MONEY_BOX""); const instance = await Factory.deploy(...constructorArgs); await instance.waitForDeployment(); }); });",False,False,"import { expect } from ""chai""; import { ethers } from ""hardhat"";  describe(""MONEY_BOX mutant m8dfbb895 test"", function () {   it(""should detect mutant that changed >= to > in Collect condition"", async function () {     const [owner, user] = await ethers.getSigners();          // Deploy Log contract first (MONEY_BOX requires Log address)     const LogFactory = await ethers.getContractFactory(""Log"");     const logInstance = await LogFactory.deploy();     await logInstance.waitForDeployment();          // Deploy MONEY_BOX     const Factory = await ethers.getContractFactory(""MONEY_BOX"");     const instance = await Factory.deploy();     await instance.waitForDeployment();          // Initialize the contract     await instance.connect(owner).Initialized();          // Set MinSum to 1 ether     await instance.connect(owner).SetMinSum(ethers.parseEther(""1""));          // Set LogFile     await instance.connect(owner).SetLogFile(await logInstance.getAddress());          // User deposits exactly 1 ether (balance == MinSum)     const depositAmount = ethers.parseEther(""1"");     await instance.connect(user).Put(0, { value: depositAmount });          // Advance time past unlockTime (unlockTime was set to block.timestamp + 0 = block.timestamp)     await ethers.provider.send(""evm_increaseTime"", [3600]); // 1 hour     await ethers.provider.send(""evm_mine"", []);          // User tries to collect exactly 1 ether (balance == MinSum)     // In original: acc.balance >= MinSum (1 >= 1) is true -> should succeed     // In mutant: acc.balance > MinSum (1 > 1) is false -> should revert     const collectAmount = ethers.parseEther(""1"");          // The test expects success (original behavior), but mutant will revert     // So we expect a revert to detect the mutant     await expect(       instance.connect(user).Collect(collectAmount)     ).to.be.reverted;   }); });","""['Error: syntax error']"""
mc51dac11,MONEY_BOX,<generic-v6-scaffold>,Collect,live,>=,<=,---|         if( acc.balance>=MinSum && acc.balance>=_am && block.timestamp>acc.unlockTime) +++|         if( acc.balance<=MinSum && acc.balance>=_am && block.timestamp>acc.unlockTime),52,Mutant mc51dac11 of function Collect replaces >= with <=,"pragma solidity ^0.8.0; contract MONEY_BOX { struct Holder { uint unlockTime; uint balance; } mapping (address => Holder) public Acc; uint public MinSum; Log LogFile; bool intitalized; function SetMinSum(uint _val) public { if(intitalized)revert(); MinSum = _val; } function SetLogFile(address _log) public { if(intitalized)revert(); LogFile = Log(_log); } function Initialized() public { intitalized = true; } function Put(uint _lockTime) public payable { Holder storage acc = Acc[msg.sender]; require(((acc.balance + msg.value) >= acc.balance)); acc.balance += msg.value; if(block.timestamp+_lockTime>acc.unlockTime)acc.unlockTime=block.timestamp+_lockTime; LogFile.AddMessage(msg.sender,msg.value,""Put""); } function Collect(uint _am) public payable { Holder storage acc = Acc[msg.sender]; if( acc.balance>=MinSum && acc.balance>=_am && block.timestamp>acc.unlockTime) { acc.balance = (acc.balance - _am); { (bool _s, bytes memory _d) = msg.sender.call{value: _am}(""""); _d; if (_s) { LogFile.AddMessage(msg.sender,_am,""Collect""); } else {revert (); } } } } fallback() external payable { Put(0); } } contract Log { struct Message { address Sender; string  Data; uint Val; uint  Time; } Message[] public History; Message LastMsg; function AddMessage(address _adr,uint _val, string memory _data) public { LastMsg.Sender = _adr; LastMsg.Time = block.timestamp; LastMsg.Val = _val; LastMsg.Data = _data; History.push(LastMsg); } }","import { expect } from ""chai""; import { ethers } from ""hardhat""; describe(""MONEY_BOX reference (ethers v6; deploy may require constructor arguments)"", function () { it(""deploy MONEY_BOX by supplying its REQUIRED constructor arguments (read them from the contract constructor), then call methods and assert; use ethers.parseEther, await (await tx).wait(), and expect(...).to.be.reverted"", async function () { const [owner, addr1, addr2] = await ethers.getSigners(); const Factory = await ethers.getContractFactory(""MONEY_BOX""); const instance = await Factory.deploy(...constructorArgs); await instance.waitForDeployment(); }); });",False,False,"import { expect } from ""chai""; import { ethers } from ""hardhat"";  describe(""MONEY_BOX mutant test - mc51dac11"", function () {   it(""should kill mutant by testing Collect with balance > MinSum (mutant uses <= instead of >=)"", async function () {     const [owner, user] = await ethers.getSigners();          // Deploy MONEY_BOX (no constructor arguments)     const Factory = await ethers.getContractFactory(""MONEY_BOX"");     const instance = await Factory.deploy();     await instance.waitForDeployment();          // Deploy Log contract     const LogFactory = await ethers.getContractFactory(""Log"");     const logInstance = await LogFactory.deploy();     await logInstance.waitForDeployment();          // Initialize the contract     await (await instance.connect(owner).SetLogFile(await logInstance.getAddress())).wait();     await (await instance.connect(owner).SetMinSum(ethers.parseEther(""1""))).wait();     await (await instance.connect(owner).Initialized()).wait();          // User puts 2 ETH (balance = 2, MinSum = 1)     await (await instance.connect(user).Put(0, { value: ethers.parseEther(""2"") })).wait();          // Wait for unlock (lockTime = 0 means immediately unlockable)     await ethers.provider.send(""evm_increaseTime"", [1]);     await ethers.provider.send(""evm_mine"", []);          // Attempt to collect 0.5 ETH - should succeed in original (2 >= 1 && 2 >= 0.5)     // But should FAIL in mutant (2 <= 1 is false)     await expect(       instance.connect(user).Collect(ethers.parseEther(""0.5""))     ).to.be.reverted;   }); });","""['Error: syntax error']"""
m31719e1f,MONEY_BOX,<generic-v6-scaffold>,Collect,live,>=,==,---|         if( acc.balance>=MinSum && acc.balance>=_am && block.timestamp>acc.unlockTime) +++|         if( acc.balance==MinSum && acc.balance>=_am && block.timestamp>acc.unlockTime),52,Mutant m31719e1f of function Collect replaces >= with ==,"pragma solidity ^0.8.0; contract MONEY_BOX { struct Holder { uint unlockTime; uint balance; } mapping (address => Holder) public Acc; uint public MinSum; Log LogFile; bool intitalized; function SetMinSum(uint _val) public { if(intitalized)revert(); MinSum = _val; } function SetLogFile(address _log) public { if(intitalized)revert(); LogFile = Log(_log); } function Initialized() public { intitalized = true; } function Put(uint _lockTime) public payable { Holder storage acc = Acc[msg.sender]; require(((acc.balance + msg.value) >= acc.balance)); acc.balance += msg.value; if(block.timestamp+_lockTime>acc.unlockTime)acc.unlockTime=block.timestamp+_lockTime; LogFile.AddMessage(msg.sender,msg.value,""Put""); } function Collect(uint _am) public payable { Holder storage acc = Acc[msg.sender]; if( acc.balance>=MinSum && acc.balance>=_am && block.timestamp>acc.unlockTime) { acc.balance = (acc.balance - _am); { (bool _s, bytes memory _d) = msg.sender.call{value: _am}(""""); _d; if (_s) { LogFile.AddMessage(msg.sender,_am,""Collect""); } else {revert (); } } } } fallback() external payable { Put(0); } } contract Log { struct Message { address Sender; string  Data; uint Val; uint  Time; } Message[] public History; Message LastMsg; function AddMessage(address _adr,uint _val, string memory _data) public { LastMsg.Sender = _adr; LastMsg.Time = block.timestamp; LastMsg.Val = _val; LastMsg.Data = _data; History.push(LastMsg); } }","import { expect } from ""chai""; import { ethers } from ""hardhat""; describe(""MONEY_BOX reference (ethers v6; deploy may require constructor arguments)"", function () { it(""deploy MONEY_BOX by supplying its REQUIRED constructor arguments (read them from the contract constructor), then call methods and assert; use ethers.parseEther, await (await tx).wait(), and expect(...).to.be.reverted"", async function () { const [owner, addr1, addr2] = await ethers.getSigners(); const Factory = await ethers.getContractFactory(""MONEY_BOX""); const instance = await Factory.deploy(...constructorArgs); await instance.waitForDeployment(); }); });",False,False,"import { expect } from ""chai""; import { ethers } from ""hardhat"";  describe(""MONEY_BOX mutant m31719e1f test"", function () {   it(""should detect mutant where >= MinSum is replaced with == MinSum"", async function () {     const [owner, user] = await ethers.getSigners();          // Deploy MONEY_BOX (no constructor arguments)     const MoneyBoxFactory = await ethers.getContractFactory(""MONEY_BOX"");     const moneyBox = await MoneyBoxFactory.deploy();     await moneyBox.waitForDeployment();          // Deploy a Log contract to satisfy the LogFile requirement     const LogFactory = await ethers.getContractFactory(""Log"");     const log = await LogFactory.deploy();     await log.waitForDeployment();          // Initialize the contract     await moneyBox.setLogFile(await log.getAddress());     await moneyBox.setMinSum(ethers.parseEther(""10""));     await moneyBox.initialized();          // User deposits 15 ether (balance = 15, MinSum = 10)     await moneyBox.connect(user).put(0, { value: ethers.parseEther(""15"") });          // User tries to collect 5 ether     // Original: balance(15) >= MinSum(10) passes → collect succeeds     // Mutant:  balance(15) == MinSum(10) fails → transaction reverts     await expect(       moneyBox.connect(user).collect(ethers.parseEther(""5""))     ).to.be.reverted;   }); });","""['Error: syntax error']"""
m05a3b431,MONEY_BOX,<generic-v6-scaffold>,Collect,live,>=, >,---|         if( acc.balance>=MinSum && acc.balance>=_am && block.timestamp>acc.unlockTime) +++|         if( acc.balance>=MinSum && acc.balance >_am && block.timestamp>acc.unlockTime),52,Mutant m05a3b431 of function Collect replaces >= with >,"pragma solidity ^0.8.0; contract MONEY_BOX { struct Holder { uint unlockTime; uint balance; } mapping (address => Holder) public Acc; uint public MinSum; Log LogFile; bool intitalized; function SetMinSum(uint _val) public { if(intitalized)revert(); MinSum = _val; } function SetLogFile(address _log) public { if(intitalized)revert(); LogFile = Log(_log); } function Initialized() public { intitalized = true; } function Put(uint _lockTime) public payable { Holder storage acc = Acc[msg.sender]; require(((acc.balance + msg.value) >= acc.balance)); acc.balance += msg.value; if(block.timestamp+_lockTime>acc.unlockTime)acc.unlockTime=block.timestamp+_lockTime; LogFile.AddMessage(msg.sender,msg.value,""Put""); } function Collect(uint _am) public payable { Holder storage acc = Acc[msg.sender]; if( acc.balance>=MinSum && acc.balance>=_am && block.timestamp>acc.unlockTime) { acc.balance = (acc.balance - _am); { (bool _s, bytes memory _d) = msg.sender.call{value: _am}(""""); _d; if (_s) { LogFile.AddMessage(msg.sender,_am,""Collect""); } else {revert (); } } } } fallback() external payable { Put(0); } } contract Log { struct Message { address Sender; string  Data; uint Val; uint  Time; } Message[] public History; Message LastMsg; function AddMessage(address _adr,uint _val, string memory _data) public { LastMsg.Sender = _adr; LastMsg.Time = block.timestamp; LastMsg.Val = _val; LastMsg.Data = _data; History.push(LastMsg); } }","import { expect } from ""chai""; import { ethers } from ""hardhat""; describe(""MONEY_BOX reference (ethers v6; deploy may require constructor arguments)"", function () { it(""deploy MONEY_BOX by supplying its REQUIRED constructor arguments (read them from the contract constructor), then call methods and assert; use ethers.parseEther, await (await tx).wait(), and expect(...).to.be.reverted"", async function () { const [owner, addr1, addr2] = await ethers.getSigners(); const Factory = await ethers.getContractFactory(""MONEY_BOX""); const instance = await Factory.deploy(...constructorArgs); await instance.waitForDeployment(); }); });",False,False,"import { expect } from ""chai""; import { ethers } } from ""hardhat"";  describe(""MONEY_BOX mutant m05a3b431 test"", function () {     it(""should detect mutant that changes >= to > in Collect condition"", async function () {         const [owner, user] = await ethers.getSigners();         const MoneyBoxFactory = await ethers.getContractFactory(""MONEY_BOX"");         const moneyBox = await MoneyBoxFactory.deploy();         await moneyBox.waitForDeployment();          // Set up the contract: initialize and set MinSum to 0         await moneyBox.connect(owner).SetMinSum(0);         await moneyBox.connect(owner).Initialized();          // User deposits 1 ether         const depositAmount = ethers.parseEther(""1.0"");         await moneyBox.connect(user).Put(0, { value: depositAmount });          // Fast forward time to ensure unlock condition is met         await ethers.provider.send(""evm_increaseTime"", [1]);         await ethers.provider.send(""evm_mine"", []);          // User tries to collect exactly their balance (1 ether)         // In the original contract this should succeed, in the mutant it should revert         await expect(             moneyBox.connect(user).Collect(depositAmount)         ).to.be.reverted;     }); });","""['Error: syntax error']"""
m58bd3770,MONEY_BOX,<generic-v6-scaffold>,Collect,live,>=,<=,---|         if( acc.balance>=MinSum && acc.balance>=_am && block.timestamp>acc.unlockTime) +++|         if( acc.balance>=MinSum && acc.balance<=_am && block.timestamp>acc.unlockTime),52,Mutant m58bd3770 of function Collect replaces >= with <=,"pragma solidity ^0.8.0; contract MONEY_BOX { struct Holder { uint unlockTime; uint balance; } mapping (address => Holder) public Acc; uint public MinSum; Log LogFile; bool intitalized; function SetMinSum(uint _val) public { if(intitalized)revert(); MinSum = _val; } function SetLogFile(address _log) public { if(intitalized)revert(); LogFile = Log(_log); } function Initialized() public { intitalized = true; } function Put(uint _lockTime) public payable { Holder storage acc = Acc[msg.sender]; require(((acc.balance + msg.value) >= acc.balance)); acc.balance += msg.value; if(block.timestamp+_lockTime>acc.unlockTime)acc.unlockTime=block.timestamp+_lockTime; LogFile.AddMessage(msg.sender,msg.value,""Put""); } function Collect(uint _am) public payable { Holder storage acc = Acc[msg.sender]; if( acc.balance>=MinSum && acc.balance>=_am && block.timestamp>acc.unlockTime) { acc.balance = (acc.balance - _am); { (bool _s, bytes memory _d) = msg.sender.call{value: _am}(""""); _d; if (_s) { LogFile.AddMessage(msg.sender,_am,""Collect""); } else {revert (); } } } } fallback() external payable { Put(0); } } contract Log { struct Message { address Sender; string  Data; uint Val; uint  Time; } Message[] public History; Message LastMsg; function AddMessage(address _adr,uint _val, string memory _data) public { LastMsg.Sender = _adr; LastMsg.Time = block.timestamp; LastMsg.Val = _val; LastMsg.Data = _data; History.push(LastMsg); } }","import { expect } from ""chai""; import { ethers } from ""hardhat""; describe(""MONEY_BOX reference (ethers v6; deploy may require constructor arguments)"", function () { it(""deploy MONEY_BOX by supplying its REQUIRED constructor arguments (read them from the contract constructor), then call methods and assert; use ethers.parseEther, await (await tx).wait(), and expect(...).to.be.reverted"", async function () { const [owner, addr1, addr2] = await ethers.getSigners(); const Factory = await ethers.getContractFactory(""MONEY_BOX""); const instance = await Factory.deploy(...constructorArgs); await instance.waitForDeployment(); }); });",False,False,"import { expect } from ""chai""; import { ethers } from ""hardhat"";  describe(""MONEY_BOX mutant kill test - m58bd3770"", function () {   it(""should detect the >= vs <= mutation in Collect by withdrawing less than full balance"", async function () {     const [owner, addr1] = await ethers.getSigners();          // Deploy MONEY_BOX (no constructor arguments needed)     const Factory = await ethers.getContractFactory(""MONEY_BOX"");     const instance = await Factory.deploy();     await instance.waitForDeployment();          // Deploy Log contract (no constructor arguments needed)     const LogFactory = await ethers.getContractFactory(""Log"");     const logInstance = await LogFactory.deploy();     await logInstance.waitForDeployment();          // Initialize the contract: set MinSum, set LogFile, and call Initialized     const minSum = ethers.parseEther(""1"");     await (await instance.connect(owner).SetMinSum(minSum)).wait();     await (await instance.connect(owner).SetLogFile(await logInstance.getAddress())).wait();     await (await instance.connect(owner).Initialized()).wait();          // addr1 puts 10 ETH into the contract with lockTime = 0 (unlock immediately)     const depositAmount = ethers.parseEther(""10"");     await (await instance.connect(addr1).Put(0, { value: depositAmount })).wait();          // Verify addr1's balance is 10 ETH     const acc = await instance.Acc(addr1.address);     expect(acc.balance).to.equal(depositAmount);          // Now addr1 tries to collect 5 ETH (less than their full balance)     const withdrawAmount = ethers.parseEther(""5"");          // In the ORIGINAL contract, this should succeed (balance 10 >= 5 and >= MinSum 1)     // In the MUTANT (balance <= _am), balance 10 <= 5 is FALSE, so it should revert     await expect(       instance.connect(addr1).Collect(withdrawAmount)     ).to.be.reverted;   }); });","""['Error: syntax error']"""
md4935e6d,MONEY_BOX,<generic-v6-scaffold>,Collect,live,>=,==,---|         if( acc.balance>=MinSum && acc.balance>=_am && block.timestamp>acc.unlockTime) +++|         if( acc.balance>=MinSum && acc.balance==_am && block.timestamp>acc.unlockTime),52,Mutant md4935e6d of function Collect replaces >= with ==,"pragma solidity ^0.8.0; contract MONEY_BOX { struct Holder { uint unlockTime; uint balance; } mapping (address => Holder) public Acc; uint public MinSum; Log LogFile; bool intitalized; function SetMinSum(uint _val) public { if(intitalized)revert(); MinSum = _val; } function SetLogFile(address _log) public { if(intitalized)revert(); LogFile = Log(_log); } function Initialized() public { intitalized = true; } function Put(uint _lockTime) public payable { Holder storage acc = Acc[msg.sender]; require(((acc.balance + msg.value) >= acc.balance)); acc.balance += msg.value; if(block.timestamp+_lockTime>acc.unlockTime)acc.unlockTime=block.timestamp+_lockTime; LogFile.AddMessage(msg.sender,msg.value,""Put""); } function Collect(uint _am) public payable { Holder storage acc = Acc[msg.sender]; if( acc.balance>=MinSum && acc.balance>=_am && block.timestamp>acc.unlockTime) { acc.balance = (acc.balance - _am); { (bool _s, bytes memory _d) = msg.sender.call{value: _am}(""""); _d; if (_s) { LogFile.AddMessage(msg.sender,_am,""Collect""); } else {revert (); } } } } fallback() external payable { Put(0); } } contract Log { struct Message { address Sender; string  Data; uint Val; uint  Time; } Message[] public History; Message LastMsg; function AddMessage(address _adr,uint _val, string memory _data) public { LastMsg.Sender = _adr; LastMsg.Time = block.timestamp; LastMsg.Val = _val; LastMsg.Data = _data; History.push(LastMsg); } }","import { expect } from ""chai""; import { ethers } from ""hardhat""; describe(""MONEY_BOX reference (ethers v6; deploy may require constructor arguments)"", function () { it(""deploy MONEY_BOX by supplying its REQUIRED constructor arguments (read them from the contract constructor), then call methods and assert; use ethers.parseEther, await (await tx).wait(), and expect(...).to.be.reverted"", async function () { const [owner, addr1, addr2] = await ethers.getSigners(); const Factory = await ethers.getContractFactory(""MONEY_BOX""); const instance = await Factory.deploy(...constructorArgs); await instance.waitForDeployment(); }); });",False,False,"import { expect } from ""chai""; import { ethers } from ""hardhat"";  describe(""MONEY_BOX mutant detection"", function () {   it(""should detect mutant that changes >= to == in Collect function"", async function () {     const [owner, user] = await ethers.getSigners();          // Deploy MONEY_BOX (no constructor arguments needed based on contract code)     const Factory = await ethers.getContractFactory(""MONEY_BOX"");     const instance = await Factory.deploy();     await instance.waitForDeployment();          // Deploy Log contract (needed for LogFile reference)     const LogFactory = await ethers.getContractFactory(""Log"");     const logInstance = await LogFactory.deploy();     await logInstance.waitForDeployment();          // Initialize the contract: set MinSum, LogFile, and mark as initialized     await (await instance.SetMinSum(ethers.parseEther(""1""))).wait();     await (await instance.SetLogFile(await logInstance.getAddress())).wait();     await (await instance.Initialized()).wait();          // User deposits 10 ETH     await (await instance.connect(user).Put(0, { value: ethers.parseEther(""10"") })).wait();          // Advance time past the unlock time (which is block.timestamp since lockTime=0)     await ethers.provider.send(""evm_increaseTime"", [3600]); // 1 hour     await ethers.provider.send(""evm_mine"", []);          // User tries to collect 5 ETH (less than balance)     // Original: should succeed (5 >= 5 is true)     // Mutant: should revert (5 == 10 is false)     const collectTx = instance.connect(user).Collect(ethers.parseEther(""5""));          // The mutant will revert, so we expect a revert     await expect(collectTx).to.be.reverted;   }); });","""['Error: syntax error']"""
m6192917b,MONEY_BOX,<generic-v6-scaffold>,Collect,live,>,<,---|         if( acc.balance>=MinSum && acc.balance>=_am && block.timestamp>acc.unlockTime) +++|         if( acc.balance>=MinSum && acc.balance>=_am && block.timestamp<acc.unlockTime),52,Mutant m6192917b of function Collect replaces > with <,"pragma solidity ^0.8.0; contract MONEY_BOX { struct Holder { uint unlockTime; uint balance; } mapping (address => Holder) public Acc; uint public MinSum; Log LogFile; bool intitalized; function SetMinSum(uint _val) public { if(intitalized)revert(); MinSum = _val; } function SetLogFile(address _log) public { if(intitalized)revert(); LogFile = Log(_log); } function Initialized() public { intitalized = true; } function Put(uint _lockTime) public payable { Holder storage acc = Acc[msg.sender]; require(((acc.balance + msg.value) >= acc.balance)); acc.balance += msg.value; if(block.timestamp+_lockTime>acc.unlockTime)acc.unlockTime=block.timestamp+_lockTime; LogFile.AddMessage(msg.sender,msg.value,""Put""); } function Collect(uint _am) public payable { Holder storage acc = Acc[msg.sender]; if( acc.balance>=MinSum && acc.balance>=_am && block.timestamp>acc.unlockTime) { acc.balance = (acc.balance - _am); { (bool _s, bytes memory _d) = msg.sender.call{value: _am}(""""); _d; if (_s) { LogFile.AddMessage(msg.sender,_am,""Collect""); } else {revert (); } } } } fallback() external payable { Put(0); } } contract Log { struct Message { address Sender; string  Data; uint Val; uint  Time; } Message[] public History; Message LastMsg; function AddMessage(address _adr,uint _val, string memory _data) public { LastMsg.Sender = _adr; LastMsg.Time = block.timestamp; LastMsg.Val = _val; LastMsg.Data = _data; History.push(LastMsg); } }","import { expect } from ""chai""; import { ethers } from ""hardhat""; describe(""MONEY_BOX reference (ethers v6; deploy may require constructor arguments)"", function () { it(""deploy MONEY_BOX by supplying its REQUIRED constructor arguments (read them from the contract constructor), then call methods and assert; use ethers.parseEther, await (await tx).wait(), and expect(...).to.be.reverted"", async function () { const [owner, addr1, addr2] = await ethers.getSigners(); const Factory = await ethers.getContractFactory(""MONEY_BOX""); const instance = await Factory.deploy(...constructorArgs); await instance.waitForDeployment(); }); });",False,False,"import { expect } from ""chai""; import { ethers } from ""hardhat"";  describe(""MONEY_BOX mutant test for m6192917b"", function () {   it(""should detect the mutant that changed > to < in Collect function"", async function () {     const [owner, addr1] = await ethers.getSigners();     const Factory = await ethers.getContractFactory(""MONEY_BOX"");     const instance = await Factory.deploy();     await instance.waitForDeployment();      // Set MinSum to 0 so we don't need a minimum balance to collect     await (await instance.SetMinSum(0)).wait();          // Set a dummy LogFile address (any address works since we won't check logs)     await (await instance.SetLogFile(ethers.ZeroAddress)).wait();          // Initialize the contract     await (await instance.Initialized()).wait();      // Put 1 ether with a lock time of 1 second     const putAmount = ethers.parseEther(""1"");     const lockTime = 1;     await (await instance.connect(addr1).Put(lockTime, { value: putAmount })).wait();      // Wait until after the lock time has passed     await ethers.provider.send(""evm_increaseTime"", [2]);     await ethers.provider.send(""evm_mine"", []);      // Try to collect the full amount     // Original: should succeed (block.timestamp > acc.unlockTime)     // Mutant: should revert (block.timestamp < acc.unlockTime is false since we're after unlock time)     const collectAmount = ethers.parseEther(""1"");     await expect(       instance.connect(addr1).Collect(collectAmount)     ).to.not.be.reverted;      // Verify the balance was reduced after successful collection     const acc = await instance.Acc(addr1.address);     expect(acc.balance).to.equal(0);   }); });","""['Error: syntax error']"""
me74fcaaa,MONEY_BOX,<generic-v6-scaffold>,Collect,live,>,>= ,---|         if( acc.balance>=MinSum && acc.balance>=_am && block.timestamp>acc.unlockTime) +++|         if( acc.balance>=MinSum && acc.balance>=_am && block.timestamp>= acc.unlockTime),52,Mutant me74fcaaa of function Collect replaces > with >=,"pragma solidity ^0.8.0; contract MONEY_BOX { struct Holder { uint unlockTime; uint balance; } mapping (address => Holder) public Acc; uint public MinSum; Log LogFile; bool intitalized; function SetMinSum(uint _val) public { if(intitalized)revert(); MinSum = _val; } function SetLogFile(address _log) public { if(intitalized)revert(); LogFile = Log(_log); } function Initialized() public { intitalized = true; } function Put(uint _lockTime) public payable { Holder storage acc = Acc[msg.sender]; require(((acc.balance + msg.value) >= acc.balance)); acc.balance += msg.value; if(block.timestamp+_lockTime>acc.unlockTime)acc.unlockTime=block.timestamp+_lockTime; LogFile.AddMessage(msg.sender,msg.value,""Put""); } function Collect(uint _am) public payable { Holder storage acc = Acc[msg.sender]; if( acc.balance>=MinSum && acc.balance>=_am && block.timestamp>acc.unlockTime) { acc.balance = (acc.balance - _am); { (bool _s, bytes memory _d) = msg.sender.call{value: _am}(""""); _d; if (_s) { LogFile.AddMessage(msg.sender,_am,""Collect""); } else {revert (); } } } } fallback() external payable { Put(0); } } contract Log { struct Message { address Sender; string  Data; uint Val; uint  Time; } Message[] public History; Message LastMsg; function AddMessage(address _adr,uint _val, string memory _data) public { LastMsg.Sender = _adr; LastMsg.Time = block.timestamp; LastMsg.Val = _val; LastMsg.Data = _data; History.push(LastMsg); } }","import { expect } from ""chai""; import { ethers } from ""hardhat""; describe(""MONEY_BOX reference (ethers v6; deploy may require constructor arguments)"", function () { it(""deploy MONEY_BOX by supplying its REQUIRED constructor arguments (read them from the contract constructor), then call methods and assert; use ethers.parseEther, await (await tx).wait(), and expect(...).to.be.reverted"", async function () { const [owner, addr1, addr2] = await ethers.getSigners(); const Factory = await ethers.getContractFactory(""MONEY_BOX""); const instance = await Factory.deploy(...constructorArgs); await instance.waitForDeployment(); }); });",False,False,"import { expect } from ""chai""; import { ethers } from ""hardhat"";  describe(""MONEY_BOX mutant kill test - me74fcaaa"", function () {   it(""should revert when trying to Collect exactly at unlockTime (mutant bug: >= allows it)"", async function () {     const [owner, addr1] = await ethers.getSigners();          // Deploy MONEY_BOX (no constructor arguments)     const MoneyBoxFactory = await ethers.getContractFactory(""MONEY_BOX"");     const moneyBox = await MoneyBoxFactory.deploy();     await moneyBox.waitForDeployment();          // Deploy Log contract (required for Collect to work)     const LogFactory = await ethers.getContractFactory(""Log"");     const log = await LogFactory.deploy();     await log.waitForDeployment();          // Initialize the money box     await moneyBox.connect(owner).SetMinSum(ethers.parseEther(""0.1""));     await moneyBox.connect(owner).SetLogFile(await log.getAddress());     await moneyBox.connect(owner).Initialized();          // addr1 puts 1 ETH with lock time of 100 seconds     const lockTime = 100;     await moneyBox.connect(addr1).Put(lockTime, { value: ethers.parseEther(""1"") });          // Get the unlock time from storage     const acc = await moneyBox.Acc(addr1.address);     const unlockTime = acc.unlockTime;          // Advance time to exactly the unlock time (not after)     const currentTime = await ethers.provider.getBlock(""latest"").then(b => b!.timestamp);     const timeToAdvance = Number(unlockTime) - currentTime;          if (timeToAdvance > 0) {       await ethers.provider.send(""evm_increaseTime"", [timeToAdvance]);       await ethers.provider.send(""evm_mine"", []);     }          // Verify we are exactly at unlockTime     const blockAfter = await ethers.provider.getBlock(""latest"");     expect(Number(blockAfter!.timestamp)).to.equal(Number(unlockTime));          // Attempt Collect - should revert in original (strict >) but might pass in mutant (>=)     await expect(       moneyBox.connect(addr1).Collect(ethers.parseEther(""0.5""))     ).to.be.reverted;   }); });","""['Error: syntax error']"""
ma3d486c4,MONEY_BOX,<generic-v6-scaffold>,Collect,live, - , + ,---|             acc.balance = (acc.balance - _am); +++|             acc.balance = (acc.balance + _am);,55,Mutant ma3d486c4 of function Collect replaces - with +,"pragma solidity ^0.8.0; contract MONEY_BOX { struct Holder { uint unlockTime; uint balance; } mapping (address => Holder) public Acc; uint public MinSum; Log LogFile; bool intitalized; function SetMinSum(uint _val) public { if(intitalized)revert(); MinSum = _val; } function SetLogFile(address _log) public { if(intitalized)revert(); LogFile = Log(_log); } function Initialized() public { intitalized = true; } function Put(uint _lockTime) public payable { Holder storage acc = Acc[msg.sender]; require(((acc.balance + msg.value) >= acc.balance)); acc.balance += msg.value; if(block.timestamp+_lockTime>acc.unlockTime)acc.unlockTime=block.timestamp+_lockTime; LogFile.AddMessage(msg.sender,msg.value,""Put""); } function Collect(uint _am) public payable { Holder storage acc = Acc[msg.sender]; if( acc.balance>=MinSum && acc.balance>=_am && block.timestamp>acc.unlockTime) { acc.balance = (acc.balance - _am); { (bool _s, bytes memory _d) = msg.sender.call{value: _am}(""""); _d; if (_s) { LogFile.AddMessage(msg.sender,_am,""Collect""); } else {revert (); } } } } fallback() external payable { Put(0); } } contract Log { struct Message { address Sender; string  Data; uint Val; uint  Time; } Message[] public History; Message LastMsg; function AddMessage(address _adr,uint _val, string memory _data) public { LastMsg.Sender = _adr; LastMsg.Time = block.timestamp; LastMsg.Val = _val; LastMsg.Data = _data; History.push(LastMsg); } }","import { expect } from ""chai""; import { ethers } from ""hardhat""; describe(""MONEY_BOX reference (ethers v6; deploy may require constructor arguments)"", function () { it(""deploy MONEY_BOX by supplying its REQUIRED constructor arguments (read them from the contract constructor), then call methods and assert; use ethers.parseEther, await (await tx).wait(), and expect(...).to.be.reverted"", async function () { const [owner, addr1, addr2] = await ethers.getSigners(); const Factory = await ethers.getContractFactory(""MONEY_BOX""); const instance = await Factory.deploy(...constructorArgs); await instance.waitForDeployment(); }); });",False,False,"import { expect } from ""chai""; import { ethers } from ""hardhat"";  describe(""MONEY_BOX mutant test - ma3d486c4"", function () {   it(""should detect balance addition bug in Collect function"", async function () {     const [owner, user] = await ethers.getSigners();          // Deploy MONEY_BOX (no constructor arguments)     const Factory = await ethers.getContractFactory(""MONEY_BOX"");     const instance = await Factory.deploy();     await instance.waitForDeployment();          // Deploy Log contract (required for LogFile)     const LogFactory = await ethers.getContractFactory(""Log"");     const logInstance = await LogFactory.deploy();     await logInstance.waitForDeployment();          // Initialize the contract     await instance.connect(owner).SetLogFile(await logInstance.getAddress());     await instance.connect(owner).SetMinSum(ethers.parseEther(""0.1""));     await instance.connect(owner).Initialized();          // User deposits 1 ETH with 1 hour lock time     const depositAmount = ethers.parseEther(""1"");     const tx1 = await instance.connect(user).Put(3600, { value: depositAmount });     await tx1.wait();          // Get initial balance     const holderBefore = await instance.Acc(user.address);     const balanceBefore = holderBefore.balance;          // Collect 0.5 ETH after lock time expires     const collectAmount = ethers.parseEther(""0.5"");          // Fast-forward time past the unlock time     await ethers.provider.send(""evm_increaseTime"", [3601]);     await ethers.provider.send(""evm_mine"", []);          const tx2 = await instance.connect(user).Collect(collectAmount);     await tx2.wait();          // Check the balance after collection     const holderAfter = await instance.Acc(user.address);     const balanceAfter = holderAfter.balance;          // In the original contract: balanceAfter should be balanceBefore - collectAmount     // In the mutant: balanceAfter will be balanceBefore + collectAmount (incorrect)     // This assertion will fail on the mutant, killing it     expect(balanceAfter).to.equal(balanceBefore - collectAmount);   }); });","""['Error: syntax error']"""
m5f208094,MONEY_BOX,<generic-v6-scaffold>,Collect,live, - , / ,---|             acc.balance = (acc.balance - _am); +++|             acc.balance = (acc.balance / _am);,55,Mutant m5f208094 of function Collect replaces - with /,"pragma solidity ^0.8.0; contract MONEY_BOX { struct Holder { uint unlockTime; uint balance; } mapping (address => Holder) public Acc; uint public MinSum; Log LogFile; bool intitalized; function SetMinSum(uint _val) public { if(intitalized)revert(); MinSum = _val; } function SetLogFile(address _log) public { if(intitalized)revert(); LogFile = Log(_log); } function Initialized() public { intitalized = true; } function Put(uint _lockTime) public payable { Holder storage acc = Acc[msg.sender]; require(((acc.balance + msg.value) >= acc.balance)); acc.balance += msg.value; if(block.timestamp+_lockTime>acc.unlockTime)acc.unlockTime=block.timestamp+_lockTime; LogFile.AddMessage(msg.sender,msg.value,""Put""); } function Collect(uint _am) public payable { Holder storage acc = Acc[msg.sender]; if( acc.balance>=MinSum && acc.balance>=_am && block.timestamp>acc.unlockTime) { acc.balance = (acc.balance - _am); { (bool _s, bytes memory _d) = msg.sender.call{value: _am}(""""); _d; if (_s) { LogFile.AddMessage(msg.sender,_am,""Collect""); } else {revert (); } } } } fallback() external payable { Put(0); } } contract Log { struct Message { address Sender; string  Data; uint Val; uint  Time; } Message[] public History; Message LastMsg; function AddMessage(address _adr,uint _val, string memory _data) public { LastMsg.Sender = _adr; LastMsg.Time = block.timestamp; LastMsg.Val = _val; LastMsg.Data = _data; History.push(LastMsg); } }","import { expect } from ""chai""; import { ethers } from ""hardhat""; describe(""MONEY_BOX reference (ethers v6; deploy may require constructor arguments)"", function () { it(""deploy MONEY_BOX by supplying its REQUIRED constructor arguments (read them from the contract constructor), then call methods and assert; use ethers.parseEther, await (await tx).wait(), and expect(...).to.be.reverted"", async function () { const [owner, addr1, addr2] = await ethers.getSigners(); const Factory = await ethers.getContractFactory(""MONEY_BOX""); const instance = await Factory.deploy(...constructorArgs); await instance.waitForDeployment(); }); });",False,False,"import { expect } from ""chai""; import { ethers } from ""hardhat"";  describe(""MONEY_BOX mutant test - m5f208094 (division instead of subtraction)"", function () {   it(""should detect mutant by testing Collect with non-divisible amount"", async function () {     const [owner, addr1] = await ethers.getSigners();     const Factory = await ethers.getContractFactory(""MONEY_BOX"");     const instance = await Factory.deploy();     await instance.waitForDeployment();      // Setup: initialize the contract and set MinSum to 1 wei     await instance.SetMinSum(1);     await instance.SetLogFile(ethers.ZeroAddress);     await instance.Initialized();      // addr1 deposits 10 wei with lock time 0     await instance.connect(addr1).Put(0, { value: 10 });      // Advance time past unlockTime (block.timestamp + 0 is already past)     await ethers.provider.send(""evm_mine"");      // Try to collect 3 wei (10 - 3 = 7 in original; 10 / 3 = 3 in mutant)     const collectTx = instance.connect(addr1).Collect(3);          // In the original contract this should succeed and leave balance = 7     // In the mutant this would set balance to 10/3 = 3 (integer division)     // We can detect the mutant by checking the balance after Collect     await expect(collectTx).to.not.be.reverted;          const acc = await instance.Acc(addr1.address);     // Original: balance should be 7 (10 - 3)     // Mutant: balance would be 3 (10 / 3)     expect(acc.balance).to.equal(7);   }); });","""['Error: syntax error']"""
md66284a7,MONEY_BOX,<generic-v6-scaffold>,SetMinSum,live,intitalized,true,---|         if(intitalized)revert(); +++|         if(true)revert();,23,Mutant md66284a7 of function SetMinSum replaces intitalized with true,"pragma solidity ^0.8.0; contract MONEY_BOX { struct Holder { uint unlockTime; uint balance; } mapping (address => Holder) public Acc; uint public MinSum; Log LogFile; bool intitalized; function SetMinSum(uint _val) public { if(intitalized)revert(); MinSum = _val; } function SetLogFile(address _log) public { if(intitalized)revert(); LogFile = Log(_log); } function Initialized() public { intitalized = true; } function Put(uint _lockTime) public payable { Holder storage acc = Acc[msg.sender]; require(((acc.balance + msg.value) >= acc.balance)); acc.balance += msg.value; if(block.timestamp+_lockTime>acc.unlockTime)acc.unlockTime=block.timestamp+_lockTime; LogFile.AddMessage(msg.sender,msg.value,""Put""); } function Collect(uint _am) public payable { Holder storage acc = Acc[msg.sender]; if( acc.balance>=MinSum && acc.balance>=_am && block.timestamp>acc.unlockTime) { acc.balance = (acc.balance - _am); { (bool _s, bytes memory _d) = msg.sender.call{value: _am}(""""); _d; if (_s) { LogFile.AddMessage(msg.sender,_am,""Collect""); } else {revert (); } } } } fallback() external payable { Put(0); } } contract Log { struct Message { address Sender; string  Data; uint Val; uint  Time; } Message[] public History; Message LastMsg; function AddMessage(address _adr,uint _val, string memory _data) public { LastMsg.Sender = _adr; LastMsg.Time = block.timestamp; LastMsg.Val = _val; LastMsg.Data = _data; History.push(LastMsg); } }","import { expect } from ""chai""; import { ethers } from ""hardhat""; describe(""MONEY_BOX reference (ethers v6; deploy may require constructor arguments)"", function () { it(""deploy MONEY_BOX by supplying its REQUIRED constructor arguments (read them from the contract constructor), then call methods and assert; use ethers.parseEther, await (await tx).wait(), and expect(...).to.be.reverted"", async function () { const [owner, addr1, addr2] = await ethers.getSigners(); const Factory = await ethers.getContractFactory(""MONEY_BOX""); const instance = await Factory.deploy(...constructorArgs); await instance.waitForDeployment(); }); });",False,False,"import { expect } from ""chai""; import { ethers } from ""hardhat"";  describe(""MONEY_BOX mutant md66284a7 test"", function () {   it(""should kill mutant by calling SetMinSum before Initialized"", async function () {     const [owner] = await ethers.getSigners();          // Deploy MONEY_BOX (no constructor arguments)     const Factory = await ethers.getContractFactory(""MONEY_BOX"");     const instance = await Factory.deploy();     await instance.waitForDeployment();          // Call SetMinSum BEFORE Initialized() is called     // In original: should succeed (intitalized is false)     // In mutant: should revert (if(true) always reverts)     await expect(       instance.SetMinSum(ethers.parseEther(""1""))     ).to.not.be.reverted;   }); });","""['Error: syntax error']"""
m46dedefc,MONEY_BOX,<generic-v6-scaffold>,SetMinSum,live,intitalized,false,---|         if(intitalized)revert(); +++|         if(false)revert();,23,Mutant m46dedefc of function SetMinSum replaces intitalized with false,"pragma solidity ^0.8.0; contract MONEY_BOX { struct Holder { uint unlockTime; uint balance; } mapping (address => Holder) public Acc; uint public MinSum; Log LogFile; bool intitalized; function SetMinSum(uint _val) public { if(intitalized)revert(); MinSum = _val; } function SetLogFile(address _log) public { if(intitalized)revert(); LogFile = Log(_log); } function Initialized() public { intitalized = true; } function Put(uint _lockTime) public payable { Holder storage acc = Acc[msg.sender]; require(((acc.balance + msg.value) >= acc.balance)); acc.balance += msg.value; if(block.timestamp+_lockTime>acc.unlockTime)acc.unlockTime=block.timestamp+_lockTime; LogFile.AddMessage(msg.sender,msg.value,""Put""); } function Collect(uint _am) public payable { Holder storage acc = Acc[msg.sender]; if( acc.balance>=MinSum && acc.balance>=_am && block.timestamp>acc.unlockTime) { acc.balance = (acc.balance - _am); { (bool _s, bytes memory _d) = msg.sender.call{value: _am}(""""); _d; if (_s) { LogFile.AddMessage(msg.sender,_am,""Collect""); } else {revert (); } } } } fallback() external payable { Put(0); } } contract Log { struct Message { address Sender; string  Data; uint Val; uint  Time; } Message[] public History; Message LastMsg; function AddMessage(address _adr,uint _val, string memory _data) public { LastMsg.Sender = _adr; LastMsg.Time = block.timestamp; LastMsg.Val = _val; LastMsg.Data = _data; History.push(LastMsg); } }","import { expect } from ""chai""; import { ethers } from ""hardhat""; describe(""MONEY_BOX reference (ethers v6; deploy may require constructor arguments)"", function () { it(""deploy MONEY_BOX by supplying its REQUIRED constructor arguments (read them from the contract constructor), then call methods and assert; use ethers.parseEther, await (await tx).wait(), and expect(...).to.be.reverted"", async function () { const [owner, addr1, addr2] = await ethers.getSigners(); const Factory = await ethers.getContractFactory(""MONEY_BOX""); const instance = await Factory.deploy(...constructorArgs); await instance.waitForDeployment(); }); });",False,False,"import { expect } from ""chai""; import { ethers } from ""hardhat"";  describe(""MONEY_BOX mutant m46dedefc - SetMinSum initialization guard"", function () {   it(""should revert SetMinSum after Initialized() is called, but mutant allows it"", async function () {     const [owner] = await ethers.getSigners();     const Factory = await ethers.getContractFactory(""MONEY_BOX"");     const instance = await Factory.deploy();     await instance.waitForDeployment();      // First, initialize the contract     await instance.Initialized();      // Now try to call SetMinSum - should revert in original, but mutant allows it     await expect(       instance.SetMinSum(100)     ).to.be.reverted;   }); });","""['Error: syntax error']"""
mf8f64144,MONEY_BOX,<generic-v6-scaffold>,SetLogFile,live,intitalized,true,---|         if(intitalized)revert(); +++|         if(true)revert();,30,Mutant mf8f64144 of function SetLogFile replaces intitalized with true,"pragma solidity ^0.8.0; contract MONEY_BOX { struct Holder { uint unlockTime; uint balance; } mapping (address => Holder) public Acc; uint public MinSum; Log LogFile; bool intitalized; function SetMinSum(uint _val) public { if(intitalized)revert(); MinSum = _val; } function SetLogFile(address _log) public { if(intitalized)revert(); LogFile = Log(_log); } function Initialized() public { intitalized = true; } function Put(uint _lockTime) public payable { Holder storage acc = Acc[msg.sender]; require(((acc.balance + msg.value) >= acc.balance)); acc.balance += msg.value; if(block.timestamp+_lockTime>acc.unlockTime)acc.unlockTime=block.timestamp+_lockTime; LogFile.AddMessage(msg.sender,msg.value,""Put""); } function Collect(uint _am) public payable { Holder storage acc = Acc[msg.sender]; if( acc.balance>=MinSum && acc.balance>=_am && block.timestamp>acc.unlockTime) { acc.balance = (acc.balance - _am); { (bool _s, bytes memory _d) = msg.sender.call{value: _am}(""""); _d; if (_s) { LogFile.AddMessage(msg.sender,_am,""Collect""); } else {revert (); } } } } fallback() external payable { Put(0); } } contract Log { struct Message { address Sender; string  Data; uint Val; uint  Time; } Message[] public History; Message LastMsg; function AddMessage(address _adr,uint _val, string memory _data) public { LastMsg.Sender = _adr; LastMsg.Time = block.timestamp; LastMsg.Val = _val; LastMsg.Data = _data; History.push(LastMsg); } }","import { expect } from ""chai""; import { ethers } from ""hardhat""; describe(""MONEY_BOX reference (ethers v6; deploy may require constructor arguments)"", function () { it(""deploy MONEY_BOX by supplying its REQUIRED constructor arguments (read them from the contract constructor), then call methods and assert; use ethers.parseEther, await (await tx).wait(), and expect(...).to.be.reverted"", async function () { const [owner, addr1, addr2] = await ethers.getSigners(); const Factory = await ethers.getContractFactory(""MONEY_BOX""); const instance = await Factory.deploy(...constructorArgs); await instance.waitForDeployment(); }); });",False,False,"import { expect } from ""chai""; import { ethers } from ""hardhat"";  describe(""MONEY_BOX mutant mf8f64144 test"", function () {     it(""should kill mutant by showing SetLogFile reverts even after initialization"", async function () {         const [owner] = await ethers.getSigners();         const Factory = await ethers.getContractFactory(""MONEY_BOX"");         const instance = await Factory.deploy();         await instance.waitForDeployment();          // First initialize the contract         await instance.Initialized();          // Now call SetLogFile with a valid address - in the original contract this should succeed         // because SetLogFile only reverts if NOT initialized, but the mutant always reverts         await expect(             instance.SetLogFile(owner.address)         ).to.not.be.reverted;     }); });","""['Error: syntax error']"""
maae47908,MONEY_BOX,<generic-v6-scaffold>,SetLogFile,live,intitalized,false,---|         if(intitalized)revert(); +++|         if(false)revert();,30,Mutant maae47908 of function SetLogFile replaces intitalized with false,"pragma solidity ^0.8.0; contract MONEY_BOX { struct Holder { uint unlockTime; uint balance; } mapping (address => Holder) public Acc; uint public MinSum; Log LogFile; bool intitalized; function SetMinSum(uint _val) public { if(intitalized)revert(); MinSum = _val; } function SetLogFile(address _log) public { if(intitalized)revert(); LogFile = Log(_log); } function Initialized() public { intitalized = true; } function Put(uint _lockTime) public payable { Holder storage acc = Acc[msg.sender]; require(((acc.balance + msg.value) >= acc.balance)); acc.balance += msg.value; if(block.timestamp+_lockTime>acc.unlockTime)acc.unlockTime=block.timestamp+_lockTime; LogFile.AddMessage(msg.sender,msg.value,""Put""); } function Collect(uint _am) public payable { Holder storage acc = Acc[msg.sender]; if( acc.balance>=MinSum && acc.balance>=_am && block.timestamp>acc.unlockTime) { acc.balance = (acc.balance - _am); { (bool _s, bytes memory _d) = msg.sender.call{value: _am}(""""); _d; if (_s) { LogFile.AddMessage(msg.sender,_am,""Collect""); } else {revert (); } } } } fallback() external payable { Put(0); } } contract Log { struct Message { address Sender; string  Data; uint Val; uint  Time; } Message[] public History; Message LastMsg; function AddMessage(address _adr,uint _val, string memory _data) public { LastMsg.Sender = _adr; LastMsg.Time = block.timestamp; LastMsg.Val = _val; LastMsg.Data = _data; History.push(LastMsg); } }","import { expect } from ""chai""; import { ethers } from ""hardhat""; describe(""MONEY_BOX reference (ethers v6; deploy may require constructor arguments)"", function () { it(""deploy MONEY_BOX by supplying its REQUIRED constructor arguments (read them from the contract constructor), then call methods and assert; use ethers.parseEther, await (await tx).wait(), and expect(...).to.be.reverted"", async function () { const [owner, addr1, addr2] = await ethers.getSigners(); const Factory = await ethers.getContractFactory(""MONEY_BOX""); const instance = await Factory.deploy(...constructorArgs); await instance.waitForDeployment(); }); });",False,False,"import { expect } from ""chai""; import { ethers } from ""hardhat"";  describe(""MONEY_BOX mutant test for SetLogFile"", function () {     it(""should revert SetLogFile after Initialized is called, but mutant allows it"", async function () {         const [owner] = await ethers.getSigners();         const Factory = await ethers.getContractFactory(""MONEY_BOX"");         const instance = await Factory.deploy();         await instance.waitForDeployment();          // First initialize the contract         const txInit = await instance.Initialized();         await txInit.wait();          // Now try to set the log file - should revert in original, but not in mutant         const logFactory = await ethers.getContractFactory(""Log"");         const logInstance = await logFactory.deploy();         await logInstance.waitForDeployment();          await expect(             instance.SetLogFile(await logInstance.getAddress())         ).to.be.reverted;     }); });","""['Error: syntax error']"""
m0436d2f8,MONEY_BOX,<generic-v6-scaffold>,Put,live,block.timestamp+_lockTime>acc.unlockTime,true,---|         if(block.timestamp+_lockTime>acc.unlockTime)acc.unlockTime=block.timestamp+_lockTime; +++|         if(true)acc.unlockTime=block.timestamp+_lockTime;,45,Mutant m0436d2f8 of function Put replaces block.timestamp+_lockTime>acc.unlockTime with true,"pragma solidity ^0.8.0; contract MONEY_BOX { struct Holder { uint unlockTime; uint balance; } mapping (address => Holder) public Acc; uint public MinSum; Log LogFile; bool intitalized; function SetMinSum(uint _val) public { if(intitalized)revert(); MinSum = _val; } function SetLogFile(address _log) public { if(intitalized)revert(); LogFile = Log(_log); } function Initialized() public { intitalized = true; } function Put(uint _lockTime) public payable { Holder storage acc = Acc[msg.sender]; require(((acc.balance + msg.value) >= acc.balance)); acc.balance += msg.value; if(block.timestamp+_lockTime>acc.unlockTime)acc.unlockTime=block.timestamp+_lockTime; LogFile.AddMessage(msg.sender,msg.value,""Put""); } function Collect(uint _am) public payable { Holder storage acc = Acc[msg.sender]; if( acc.balance>=MinSum && acc.balance>=_am && block.timestamp>acc.unlockTime) { acc.balance = (acc.balance - _am); { (bool _s, bytes memory _d) = msg.sender.call{value: _am}(""""); _d; if (_s) { LogFile.AddMessage(msg.sender,_am,""Collect""); } else {revert (); } } } } fallback() external payable { Put(0); } } contract Log { struct Message { address Sender; string  Data; uint Val; uint  Time; } Message[] public History; Message LastMsg; function AddMessage(address _adr,uint _val, string memory _data) public { LastMsg.Sender = _adr; LastMsg.Time = block.timestamp; LastMsg.Val = _val; LastMsg.Data = _data; History.push(LastMsg); } }","import { expect } from ""chai""; import { ethers } from ""hardhat""; describe(""MONEY_BOX reference (ethers v6; deploy may require constructor arguments)"", function () { it(""deploy MONEY_BOX by supplying its REQUIRED constructor arguments (read them from the contract constructor), then call methods and assert; use ethers.parseEther, await (await tx).wait(), and expect(...).to.be.reverted"", async function () { const [owner, addr1, addr2] = await ethers.getSigners(); const Factory = await ethers.getContractFactory(""MONEY_BOX""); const instance = await Factory.deploy(...constructorArgs); await instance.waitForDeployment(); }); });",False,False,"import { expect } from ""chai""; import { ethers } from ""hardhat"";  describe(""MONEY_BOX mutant kill test m0436d2f8"", function () {   it(""should detect mutant that always overwrites unlockTime"", async function () {     const [owner, user] = await ethers.getSigners();          // Deploy MONEY_BOX and Log contracts (MONEY_BOX constructor takes no arguments)     const MoneyBoxFactory = await ethers.getContractFactory(""MONEY_BOX"");     const moneyBox = await MoneyBoxFactory.deploy();     await moneyBox.waitForDeployment();          const LogFactory = await ethers.getContractFactory(""Log"");     const logFile = await LogFactory.deploy();     await logFile.waitForDeployment();          // Initialize the contract: set MinSum and LogFile, then initialize     await moneyBox.connect(owner).SetMinSum(ethers.parseEther(""0.1""));     await moneyBox.connect(owner).SetLogFile(await logFile.getAddress());     await moneyBox.connect(owner).Initialized();          // Step 1: User puts ETH with a long lock time (e.g., 1000 seconds)     const longLockTime = 1000;     const depositAmount = ethers.parseEther(""1"");     await moneyBox.connect(user).Put(longLockTime, { value: depositAmount });          // Record the unlock time set by the first Put     const userAccountAfterFirstPut = await moneyBox.Acc(user.address);     const firstUnlockTime = userAccountAfterFirstPut.unlockTime;          // Step 2: User calls Put again with lock time = 0 (immediate unlock)     await moneyBox.connect(user).Put(0, { value: 0 });          // Record the unlock time after the second Put     const userAccountAfterSecondPut = await moneyBox.Acc(user.address);     const secondUnlockTime = userAccountAfterSecondPut.unlockTime;          // On the ORIGINAL contract: second Put should NOT change unlockTime (0+now < firstUnlockTime)     // On the MUTANT: second Put will ALWAYS overwrite unlockTime to now     // So secondUnlockTime will be approximately current timestamp on mutant          // Step 3: Try to collect before the original long unlock time     // On original: block.timestamp is still < firstUnlockTime, so Collect reverts     // On mutant: block.timestamp == secondUnlockTime (set to now), so Collect succeeds     const collectAmount = ethers.parseEther(""0.5"");          // Fast forward time to just after second Put but still before firstUnlockTime     const currentTime = (await ethers.provider.getBlock(""latest"")).timestamp;     if (currentTime < firstUnlockTime) {       // We're still before the original unlock time, good       // On original: Collect should revert       // On mutant: Collect should succeed (since unlockTime was overwritten to now)              // Check if we need to increase time slightly to pass the mutant's check       if (currentTime >= secondUnlockTime) {         // Mutant would allow collect now, original should still revert         await expect(           moneyBox.connect(user).Collect(collectAmount)         ).to.be.reverted;       } else {         // Need to advance time to pass the mutant's new unlock time         await ethers.provider.send(""evm_increaseTime"", [2]);         await ethers.provider.send(""evm_mine"", []);                  await expect(           moneyBox.connect(user).Collect(collectAmount)         ).to.be.reverted;       }     } else {       // Edge case: if firstUnlockTime already passed, we need a different approach       // Increase time to be clearly between the two unlock times       const targetTime = firstUnlockTime - 100;       await ethers.provider.send(""evm_setNextBlockTimestamp"", [targetTime]);              // Now call Collect - original should revert (still before unlock), mutant might not       await expect(         moneyBox.connect(user).Collect(collectAmount)       ).to.be.reverted;     }   }); });","""['Error: syntax error']"""
ma9ce275e,MONEY_BOX,<generic-v6-scaffold>,Put,live,block.timestamp+_lockTime>acc.unlockTime,false,---|         if(block.timestamp+_lockTime>acc.unlockTime)acc.unlockTime=block.timestamp+_lockTime; +++|         if(false)acc.unlockTime=block.timestamp+_lockTime;,45,Mutant ma9ce275e of function Put replaces block.timestamp+_lockTime>acc.unlockTime with false,"pragma solidity ^0.8.0; contract MONEY_BOX { struct Holder { uint unlockTime; uint balance; } mapping (address => Holder) public Acc; uint public MinSum; Log LogFile; bool intitalized; function SetMinSum(uint _val) public { if(intitalized)revert(); MinSum = _val; } function SetLogFile(address _log) public { if(intitalized)revert(); LogFile = Log(_log); } function Initialized() public { intitalized = true; } function Put(uint _lockTime) public payable { Holder storage acc = Acc[msg.sender]; require(((acc.balance + msg.value) >= acc.balance)); acc.balance += msg.value; if(block.timestamp+_lockTime>acc.unlockTime)acc.unlockTime=block.timestamp+_lockTime; LogFile.AddMessage(msg.sender,msg.value,""Put""); } function Collect(uint _am) public payable { Holder storage acc = Acc[msg.sender]; if( acc.balance>=MinSum && acc.balance>=_am && block.timestamp>acc.unlockTime) { acc.balance = (acc.balance - _am); { (bool _s, bytes memory _d) = msg.sender.call{value: _am}(""""); _d; if (_s) { LogFile.AddMessage(msg.sender,_am,""Collect""); } else {revert (); } } } } fallback() external payable { Put(0); } } contract Log { struct Message { address Sender; string  Data; uint Val; uint  Time; } Message[] public History; Message LastMsg; function AddMessage(address _adr,uint _val, string memory _data) public { LastMsg.Sender = _adr; LastMsg.Time = block.timestamp; LastMsg.Val = _val; LastMsg.Data = _data; History.push(LastMsg); } }","import { expect } from ""chai""; import { ethers } from ""hardhat""; describe(""MONEY_BOX reference (ethers v6; deploy may require constructor arguments)"", function () { it(""deploy MONEY_BOX by supplying its REQUIRED constructor arguments (read them from the contract constructor), then call methods and assert; use ethers.parseEther, await (await tx).wait(), and expect(...).to.be.reverted"", async function () { const [owner, addr1, addr2] = await ethers.getSigners(); const Factory = await ethers.getContractFactory(""MONEY_BOX""); const instance = await Factory.deploy(...constructorArgs); await instance.waitForDeployment(); }); });",False,False,"import { expect } from ""chai""; import { ethers } from ""hardhat"";  describe(""MONEY_BOX mutant test - ma9ce275e"", function () {   it(""should revert Collect when unlock time is extended by a subsequent Put with longer lock time"", async function () {     const [owner, user] = await ethers.getSigners();          // Deploy MONEY_BOX (no constructor arguments needed)     const Factory = await ethers.getContractFactory(""MONEY_BOX"");     const instance = await Factory.deploy();     await instance.waitForDeployment();          // Deploy Log contract (MONEY_BOX needs a LogFile)     const LogFactory = await ethers.getContractFactory(""Log"");     const logInstance = await LogFactory.deploy();     await logInstance.waitForDeployment();          // Initialize MONEY_BOX: set MinSum, set LogFile, then call Initialized     await (await instance.SetMinSum(ethers.parseEther(""0.1""))).wait();     await (await instance.SetLogFile(await logInstance.getAddress())).wait();     await (await instance.Initialized()).wait();          // User deposits 1 ETH with a short lock time (e.g., 1 second)     const shortLockTime = 1;     const depositAmount = ethers.parseEther(""1"");     await (await instance.connect(user).Put(shortLockTime, { value: depositAmount })).wait();          // User deposits another 1 ETH with a very long lock time (e.g., 1 year = 31536000 seconds)     const longLockTime = 31536000;     await (await instance.connect(user).Put(longLockTime, { value: depositAmount })).wait();          // Fast-forward time to after the short lock time but before the long lock time expires     await ethers.provider.send(""evm_increaseTime"", [shortLockTime + 10]);     await ethers.provider.send(""evm_mine"", []);          // Attempt to collect 0.5 ETH - should revert because unlock time was extended to longLockTime     const collectAmount = ethers.parseEther(""0.5"");     await expect(       instance.connect(user).Collect(collectAmount)     ).to.be.reverted;   }); });","""['Error: syntax error']"""
maaae0441,MONEY_BOX,<generic-v6-scaffold>,Collect,live,acc.balance>=MinSum && acc.balance>=_am && block.timestamp>acc.unlockTime,true,---|         if( acc.balance>=MinSum && acc.balance>=_am && block.timestamp>acc.unlockTime) +++|         if( true),52,Mutant maaae0441 of function Collect replaces acc.balance>=MinSum && acc.balance>=_am && block.timestamp>acc.unlockTime with true,"pragma solidity ^0.8.0; contract MONEY_BOX { struct Holder { uint unlockTime; uint balance; } mapping (address => Holder) public Acc; uint public MinSum; Log LogFile; bool intitalized; function SetMinSum(uint _val) public { if(intitalized)revert(); MinSum = _val; } function SetLogFile(address _log) public { if(intitalized)revert(); LogFile = Log(_log); } function Initialized() public { intitalized = true; } function Put(uint _lockTime) public payable { Holder storage acc = Acc[msg.sender]; require(((acc.balance + msg.value) >= acc.balance)); acc.balance += msg.value; if(block.timestamp+_lockTime>acc.unlockTime)acc.unlockTime=block.timestamp+_lockTime; LogFile.AddMessage(msg.sender,msg.value,""Put""); } function Collect(uint _am) public payable { Holder storage acc = Acc[msg.sender]; if( acc.balance>=MinSum && acc.balance>=_am && block.timestamp>acc.unlockTime) { acc.balance = (acc.balance - _am); { (bool _s, bytes memory _d) = msg.sender.call{value: _am}(""""); _d; if (_s) { LogFile.AddMessage(msg.sender,_am,""Collect""); } else {revert (); } } } } fallback() external payable { Put(0); } } contract Log { struct Message { address Sender; string  Data; uint Val; uint  Time; } Message[] public History; Message LastMsg; function AddMessage(address _adr,uint _val, string memory _data) public { LastMsg.Sender = _adr; LastMsg.Time = block.timestamp; LastMsg.Val = _val; LastMsg.Data = _data; History.push(LastMsg); } }","import { expect } from ""chai""; import { ethers } from ""hardhat""; describe(""MONEY_BOX reference (ethers v6; deploy may require constructor arguments)"", function () { it(""deploy MONEY_BOX by supplying its REQUIRED constructor arguments (read them from the contract constructor), then call methods and assert; use ethers.parseEther, await (await tx).wait(), and expect(...).to.be.reverted"", async function () { const [owner, addr1, addr2] = await ethers.getSigners(); const Factory = await ethers.getContractFactory(""MONEY_BOX""); const instance = await Factory.deploy(...constructorArgs); await instance.waitForDeployment(); }); });",False,False,"import { expect } from ""chai""; import { ethers } } from ""hardhat"";  describe(""MONEY_BOX mutant test - maaae0441"", function () {   it(""should revert Collect when balance is less than MinSum and unlock time not reached"", async function () {     const [owner, addr1] = await ethers.getSigners();          // Deploy Log contract first (required by MONEY_BOX)     const LogFactory = await ethers.getContractFactory(""Log"");     const logInstance = await LogFactory.deploy();     await logInstance.waitForDeployment();          // Deploy MONEY_BOX - no constructor arguments needed     const MoneyBoxFactory = await ethers.getContractFactory(""MONEY_BOX"");     const moneyBox = await MoneyBoxFactory.deploy();     await moneyBox.waitForDeployment();          // Set up the contract     await moneyBox.SetMinSum(ethers.parseEther(""10""));     await moneyBox.SetLogFile(await logInstance.getAddress());     await moneyBox.Initialized();          // addr1 puts 1 ETH (less than MinSum of 10 ETH)     const putTx = await moneyBox.connect(addr1).Put(100, { value: ethers.parseEther(""1"") });     await putTx.wait();          // Try to collect 1 ETH before unlock time (block.timestamp + 100 seconds)     // In original: should revert because balance (1 ETH) < MinSum (10 ETH) AND block.timestamp <= unlockTime     // In mutant: will succeed because condition is replaced with true     await expect(       moneyBox.connect(addr1).Collect(ethers.parseEther(""1""))     ).to.be.reverted;   }); });","""['Error: syntax error']"""
m35d5f70d,MONEY_BOX,<generic-v6-scaffold>,Collect,live,acc.balance>=MinSum && acc.balance>=_am && block.timestamp>acc.unlockTime,false,---|         if( acc.balance>=MinSum && acc.balance>=_am && block.timestamp>acc.unlockTime) +++|         if( false),52,Mutant m35d5f70d of function Collect replaces acc.balance>=MinSum && acc.balance>=_am && block.timestamp>acc.unlockTime with false,"pragma solidity ^0.8.0; contract MONEY_BOX { struct Holder { uint unlockTime; uint balance; } mapping (address => Holder) public Acc; uint public MinSum; Log LogFile; bool intitalized; function SetMinSum(uint _val) public { if(intitalized)revert(); MinSum = _val; } function SetLogFile(address _log) public { if(intitalized)revert(); LogFile = Log(_log); } function Initialized() public { intitalized = true; } function Put(uint _lockTime) public payable { Holder storage acc = Acc[msg.sender]; require(((acc.balance + msg.value) >= acc.balance)); acc.balance += msg.value; if(block.timestamp+_lockTime>acc.unlockTime)acc.unlockTime=block.timestamp+_lockTime; LogFile.AddMessage(msg.sender,msg.value,""Put""); } function Collect(uint _am) public payable { Holder storage acc = Acc[msg.sender]; if( acc.balance>=MinSum && acc.balance>=_am && block.timestamp>acc.unlockTime) { acc.balance = (acc.balance - _am); { (bool _s, bytes memory _d) = msg.sender.call{value: _am}(""""); _d; if (_s) { LogFile.AddMessage(msg.sender,_am,""Collect""); } else {revert (); } } } } fallback() external payable { Put(0); } } contract Log { struct Message { address Sender; string  Data; uint Val; uint  Time; } Message[] public History; Message LastMsg; function AddMessage(address _adr,uint _val, string memory _data) public { LastMsg.Sender = _adr; LastMsg.Time = block.timestamp; LastMsg.Val = _val; LastMsg.Data = _data; History.push(LastMsg); } }","import { expect } from ""chai""; import { ethers } from ""hardhat""; describe(""MONEY_BOX reference (ethers v6; deploy may require constructor arguments)"", function () { it(""deploy MONEY_BOX by supplying its REQUIRED constructor arguments (read them from the contract constructor), then call methods and assert; use ethers.parseEther, await (await tx).wait(), and expect(...).to.be.reverted"", async function () { const [owner, addr1, addr2] = await ethers.getSigners(); const Factory = await ethers.getContractFactory(""MONEY_BOX""); const instance = await Factory.deploy(...constructorArgs); await instance.waitForDeployment(); }); });",False,False,"import { expect } from ""chai""; import { ethers } } from ""hardhat"";  describe(""MONEY_BOX mutant detection test"", function () {   it(""should detect mutant m35d5f70d where Collect condition is replaced with false"", async function () {     const [owner, user] = await ethers.getSigners();          // Deploy Log contract first (required by MONEY_BOX)     const LogFactory = await ethers.getContractFactory(""Log"");     const log = await LogFactory.deploy();     await log.waitForDeployment();          // Deploy MONEY_BOX with Log address     const MoneyBoxFactory = await ethers.getContractFactory(""MONEY_BOX"");     const moneyBox = await MoneyBoxFactory.deploy();     await moneyBox.waitForDeployment();          // Setup: Set MinSum, set LogFile, initialize     await (await moneyBox.SetMinSum(ethers.parseEther(""0.1""))).wait();     await (await moneyBox.SetLogFile(log.target)).wait();     await (await moneyBox.Initialized()).wait();          // User deposits 1 ETH with 1 second lock time     const depositAmount = ethers.parseEther(""1"");     await (await moneyBox.connect(user).Put(1, { value: depositAmount })).wait();          // Wait for lock time to expire     await ethers.provider.send(""evm_increaseTime"", [2]);     await ethers.provider.send(""evm_mine"", []);          // Attempt to collect 0.5 ETH (valid: balance >= MinSum && balance >= _am && time > unlockTime)     const collectAmount = ethers.parseEther(""0.5"");          // On original: should succeed; on mutant: will revert due to false condition     await expect(       moneyBox.connect(user).Collect(collectAmount)     ).to.be.reverted;          // Verify balance unchanged (mutant prevents withdrawal)     const holder = await moneyBox.Acc(user.address);     expect(holder.balance).to.equal(depositAmount);   }); });","""['Error: syntax error']"""
mbc4c8885,MONEY_BOX,<generic-v6-scaffold>,Collect,live,_s,true,"---|             { (bool _s, bytes memory _d) = msg.sender.call{value: _am}(""""); _d; if (_s) { +++|             { (bool _s, bytes memory _d) = msg.sender.call{value: _am}(""""); _d; if (true) {",56,Mutant mbc4c8885 of function Collect replaces _s with true,"pragma solidity ^0.8.0; contract MONEY_BOX { struct Holder { uint unlockTime; uint balance; } mapping (address => Holder) public Acc; uint public MinSum; Log LogFile; bool intitalized; function SetMinSum(uint _val) public { if(intitalized)revert(); MinSum = _val; } function SetLogFile(address _log) public { if(intitalized)revert(); LogFile = Log(_log); } function Initialized() public { intitalized = true; } function Put(uint _lockTime) public payable { Holder storage acc = Acc[msg.sender]; require(((acc.balance + msg.value) >= acc.balance)); acc.balance += msg.value; if(block.timestamp+_lockTime>acc.unlockTime)acc.unlockTime=block.timestamp+_lockTime; LogFile.AddMessage(msg.sender,msg.value,""Put""); } function Collect(uint _am) public payable { Holder storage acc = Acc[msg.sender]; if( acc.balance>=MinSum && acc.balance>=_am && block.timestamp>acc.unlockTime) { acc.balance = (acc.balance - _am); { (bool _s, bytes memory _d) = msg.sender.call{value: _am}(""""); _d; if (_s) { LogFile.AddMessage(msg.sender,_am,""Collect""); } else {revert (); } } } } fallback() external payable { Put(0); } } contract Log { struct Message { address Sender; string  Data; uint Val; uint  Time; } Message[] public History; Message LastMsg; function AddMessage(address _adr,uint _val, string memory _data) public { LastMsg.Sender = _adr; LastMsg.Time = block.timestamp; LastMsg.Val = _val; LastMsg.Data = _data; History.push(LastMsg); } }","import { expect } from ""chai""; import { ethers } from ""hardhat""; describe(""MONEY_BOX reference (ethers v6; deploy may require constructor arguments)"", function () { it(""deploy MONEY_BOX by supplying its REQUIRED constructor arguments (read them from the contract constructor), then call methods and assert; use ethers.parseEther, await (await tx).wait(), and expect(...).to.be.reverted"", async function () { const [owner, addr1, addr2] = await ethers.getSigners(); const Factory = await ethers.getContractFactory(""MONEY_BOX""); const instance = await Factory.deploy(...constructorArgs); await instance.waitForDeployment(); }); });",False,False,"import { expect } from ""chai""; import { ethers } from ""hardhat"";  describe(""MONEY_BOX mutant kill test - mbc4c8885"", function () {   it(""should revert when Collect is called from a contract that rejects ETH, but mutant passes"", async function () {     const [owner, addr1] = await ethers.getSigners();          // Deploy the Log contract first (no constructor args)     const LogFactory = await ethers.getContractFactory(""Log"");     const log = await LogFactory.deploy();     await log.waitForDeployment();          // Deploy MONEY_BOX (no constructor args based on the contract code)     const MoneyBoxFactory = await ethers.getContractFactory(""MONEY_BOX"");     const moneyBox = await MoneyBoxFactory.deploy();     await moneyBox.waitForDeployment();          // Setup: Initialize the contract     await moneyBox.setMinSum(ethers.parseEther(""0.1""));     await moneyBox.setLogFile(await log.getAddress());     await moneyBox.initialized();          // Deploy a contract that rejects incoming ETH     const RejectorFactory = await ethers.getContractFactory(""contract Rejector { receive() external payable { revert(); } }"");     const rejector = await RejectorFactory.deploy();     await rejector.waitForDeployment();          // Fund the rejector contract via MONEY_BOX (using Put)     await moneyBox.connect(owner).put(0, { value: ethers.parseEther(""1.0"") });          // Now try to collect from the rejector contract     // The original contract should revert because the call to rejector fails     // The mutant with `if (true)` will not revert, allowing the balance deduction          // First, transfer ownership of the balance to the rejector contract     // We can't transfer directly, so we'll use the rejector as msg.sender     // Need to call Put from rejector first to give it balance     await owner.sendTransaction({       to: await rejector.getAddress(),       value: ethers.parseEther(""1.0"")     });          // Put ETH into MONEY_BOX from the rejector contract     // This requires the rejector to have a function to call Put     // Since we can't modify the rejector, let's use a different approach          // Alternative: Use addr1 as a regular address that will succeed     // Then test that the mutant would incorrectly handle a failing call     // The key is: the mutant will never revert on failed external calls          // Let's test the behavior directly: call Collect with an amount that should succeed     // but verify that the balance is correctly deducted     await moneyBox.connect(owner).put(0, { value: ethers.parseEther(""1.0"") });          // Wait for unlock time to pass (lock time was 0)     await ethers.provider.send(""evm_increaseTime"", [3600]);     await ethers.provider.send(""evm_mine"", []);          // This should succeed in both original and mutant     await moneyBox.connect(owner).collect(ethers.parseEther(""0.5""));          // The real test: verify that a contract that rejects ETH would cause revert in original     // but pass in mutant. Since we can't deploy a contract that calls Collect easily,     // we test the mutant's behavior by checking that it doesn't revert when it should          // Actually, the simplest approach: deploy a contract that can call Collect and reverts on receive     const CallerFactory = await ethers.getContractFactory(       ""contract Caller { function callCollect(address target, uint amount) public { (bool ok,) = target.call(abi.encodeWithSignature(\""collect(uint256)\"", amount)); require(ok, \""call failed\""); } receive() external payable { revert(); } }""     );     const caller = await CallerFactory.deploy();     await caller.waitForDeployment();          // Fund the caller in MONEY_BOX     await owner.sendTransaction({       to: await caller.getAddress(),       value: ethers.parseEther(""1.0"")     });          // Have caller put money into MONEY_BOX     await caller.getFunction(""callCollect"")(       await moneyBox.getAddress(),       ethers.parseEther(""0.5"")     );          // The call to Collect from caller will fail because caller rejects ETH     // In the original, this reverts; in the mutant, it doesn't     // So we expect revert for the original behavior     await expect(       caller.getFunction(""callCollect"")(         await moneyBox.getAddress(),         ethers.parseEther(""0.3"")       )     ).to.be.reverted;   }); });","""['Error: syntax error']"""
mdd84f42c,MONEY_BOX,<generic-v6-scaffold>,Collect,live,_s,false,"---|             { (bool _s, bytes memory _d) = msg.sender.call{value: _am}(""""); _d; if (_s) { +++|             { (bool _s, bytes memory _d) = msg.sender.call{value: _am}(""""); _d; if (false) {",56,Mutant mdd84f42c of function Collect replaces _s with false,"pragma solidity ^0.8.0; contract MONEY_BOX { struct Holder { uint unlockTime; uint balance; } mapping (address => Holder) public Acc; uint public MinSum; Log LogFile; bool intitalized; function SetMinSum(uint _val) public { if(intitalized)revert(); MinSum = _val; } function SetLogFile(address _log) public { if(intitalized)revert(); LogFile = Log(_log); } function Initialized() public { intitalized = true; } function Put(uint _lockTime) public payable { Holder storage acc = Acc[msg.sender]; require(((acc.balance + msg.value) >= acc.balance)); acc.balance += msg.value; if(block.timestamp+_lockTime>acc.unlockTime)acc.unlockTime=block.timestamp+_lockTime; LogFile.AddMessage(msg.sender,msg.value,""Put""); } function Collect(uint _am) public payable { Holder storage acc = Acc[msg.sender]; if( acc.balance>=MinSum && acc.balance>=_am && block.timestamp>acc.unlockTime) { acc.balance = (acc.balance - _am); { (bool _s, bytes memory _d) = msg.sender.call{value: _am}(""""); _d; if (_s) { LogFile.AddMessage(msg.sender,_am,""Collect""); } else {revert (); } } } } fallback() external payable { Put(0); } } contract Log { struct Message { address Sender; string  Data; uint Val; uint  Time; } Message[] public History; Message LastMsg; function AddMessage(address _adr,uint _val, string memory _data) public { LastMsg.Sender = _adr; LastMsg.Time = block.timestamp; LastMsg.Val = _val; LastMsg.Data = _data; History.push(LastMsg); } }","import { expect } from ""chai""; import { ethers } from ""hardhat""; describe(""MONEY_BOX reference (ethers v6; deploy may require constructor arguments)"", function () { it(""deploy MONEY_BOX by supplying its REQUIRED constructor arguments (read them from the contract constructor), then call methods and assert; use ethers.parseEther, await (await tx).wait(), and expect(...).to.be.reverted"", async function () { const [owner, addr1, addr2] = await ethers.getSigners(); const Factory = await ethers.getContractFactory(""MONEY_BOX""); const instance = await Factory.deploy(...constructorArgs); await instance.waitForDeployment(); }); });",False,False,"import { expect } from ""chai""; import { ethers } } from ""hardhat"";  describe(""MONEY_BOX mutant test"", function () {   it(""should detect mutant that replaces _s with false in Collect function"", async function () {     const [owner, addr1] = await ethers.getSigners();          // Deploy MONEY_BOX (no constructor arguments needed)     const Factory = await ethers.getContractFactory(""MONEY_BOX"");     const instance = await Factory.deploy();     await instance.waitForDeployment();          // Deploy a Log contract to use as LogFile     const LogFactory = await ethers.getContractFactory(""Log"");     const logInstance = await LogFactory.deploy();     await logInstance.waitForDeployment();          // Setup: set MinSum to 0, set LogFile, and initialize the contract     await instance.connect(owner).SetMinSum(0);     await instance.connect(owner).SetLogFile(await logInstance.getAddress());     await instance.connect(owner).Initialized();          // Deposit 1 ether from addr1 with lock time of 1 second     const depositAmount = ethers.parseEther(""1"");     await instance.connect(addr1).Put(1, { value: depositAmount });          // Wait for lock time to expire     await ethers.provider.send(""evm_increaseTime"", [2]);     await ethers.provider.send(""evm_mine"", []);          // Get initial balance of addr1     const initialBalance = await ethers.provider.getBalance(addr1.address);          // Attempt to collect the deposited amount     const tx = await instance.connect(addr1).Collect(depositAmount);     const receipt = await tx.wait();          // Check that the transaction succeeded (not reverted)     expect(receipt.status).to.equal(1);          // Check that addr1 received the ether (balance increased by deposit amount minus gas)     const finalBalance = await ethers.provider.getBalance(addr1.address);     expect(finalBalance - initialBalance).to.equal(depositAmount);          // Verify contract balance decreased accordingly     const contractBalance = await ethers.provider.getBalance(await instance.getAddress());     expect(contractBalance).to.equal(0);   }); });","""['Error: syntax error']"""
m2e1b110f,MONEY_BOX,<generic-v6-scaffold>,Collect,live,else {revert (); },,---|             } else {revert (); } } +++|             }  },59,Mutant m2e1b110f of function Collect replaces else {revert (); } with ,"pragma solidity ^0.8.0; contract MONEY_BOX { struct Holder { uint unlockTime; uint balance; } mapping (address => Holder) public Acc; uint public MinSum; Log LogFile; bool intitalized; function SetMinSum(uint _val) public { if(intitalized)revert(); MinSum = _val; } function SetLogFile(address _log) public { if(intitalized)revert(); LogFile = Log(_log); } function Initialized() public { intitalized = true; } function Put(uint _lockTime) public payable { Holder storage acc = Acc[msg.sender]; require(((acc.balance + msg.value) >= acc.balance)); acc.balance += msg.value; if(block.timestamp+_lockTime>acc.unlockTime)acc.unlockTime=block.timestamp+_lockTime; LogFile.AddMessage(msg.sender,msg.value,""Put""); } function Collect(uint _am) public payable { Holder storage acc = Acc[msg.sender]; if( acc.balance>=MinSum && acc.balance>=_am && block.timestamp>acc.unlockTime) { acc.balance = (acc.balance - _am); { (bool _s, bytes memory _d) = msg.sender.call{value: _am}(""""); _d; if (_s) { LogFile.AddMessage(msg.sender,_am,""Collect""); } else {revert (); } } } } fallback() external payable { Put(0); } } contract Log { struct Message { address Sender; string  Data; uint Val; uint  Time; } Message[] public History; Message LastMsg; function AddMessage(address _adr,uint _val, string memory _data) public { LastMsg.Sender = _adr; LastMsg.Time = block.timestamp; LastMsg.Val = _val; LastMsg.Data = _data; History.push(LastMsg); } }","import { expect } from ""chai""; import { ethers } from ""hardhat""; describe(""MONEY_BOX reference (ethers v6; deploy may require constructor arguments)"", function () { it(""deploy MONEY_BOX by supplying its REQUIRED constructor arguments (read them from the contract constructor), then call methods and assert; use ethers.parseEther, await (await tx).wait(), and expect(...).to.be.reverted"", async function () { const [owner, addr1, addr2] = await ethers.getSigners(); const Factory = await ethers.getContractFactory(""MONEY_BOX""); const instance = await Factory.deploy(...constructorArgs); await instance.waitForDeployment(); }); });",False,False,"import { expect } from ""chai""; import { ethers } from ""hardhat"";  describe(""MONEY_BOX mutant test for m2e1b110f"", function () {   it(""should revert when Collect external call fails (mutant silently ignores failure)"", async function () {     const [owner, attacker] = await ethers.getSigners();      // Deploy Log contract first (MONEY_BOX references it)     const LogFactory = await ethers.getContractFactory(""Log"");     const logInstance = await LogFactory.deploy();     await logInstance.waitForDeployment();      // Deploy MONEY_BOX     const MoneyBoxFactory = await ethers.getContractFactory(""MONEY_BOX"");     const moneyBox = await MoneyBoxFactory.deploy();     await moneyBox.waitForDeployment();      // Initialize the contract (set LogFile and MinSum, then mark initialized)     await (await moneyBox.connect(owner).SetLogFile(await logInstance.getAddress())).wait();     await (await moneyBox.connect(owner).SetMinSum(ethers.parseEther(""0.1""))).wait();     await (await moneyBox.connect(owner).Initialized()).wait();      // Fund the attacker's account in MONEY_BOX     const depositAmount = ethers.parseEther(""1"");     await (await moneyBox.connect(attacker).Put(0, { value: depositAmount })).wait();      // Deploy a malicious receiver contract that reverts on receiving Ether     const RevertReceiverFactory = await ethers.getContractFactory(       ""contract RevertReceiver { receive() external payable { revert('receive failed'); } }""     );     const revertReceiver = await RevertReceiverFactory.deploy();     await revertReceiver.waitForDeployment();      // Attempt to call Collect from the attacker, sending funds to the revert receiver     // This should revert in the original contract but succeed in the mutant     await expect(       moneyBox.connect(attacker).Collect(ethers.parseEther(""0.5""), {         to: await revertReceiver.getAddress()       })     ).to.be.revertedWith(""receive failed""); // Original would revert; mutant would not revert   }); });","""['Error: syntax error']"""
m7bc6c63e,MONEY_BOX,<generic-v6-scaffold>,SetMinSum,live,revert();,/* revert(); */,---|         if(intitalized)revert(); +++|         if(intitalized),23,Mutant m7bc6c63e of function SetMinSum replaces revert(); with ,"pragma solidity ^0.8.0; contract MONEY_BOX { struct Holder { uint unlockTime; uint balance; } mapping (address => Holder) public Acc; uint public MinSum; Log LogFile; bool intitalized; function SetMinSum(uint _val) public { if(intitalized)revert(); MinSum = _val; } function SetLogFile(address _log) public { if(intitalized)revert(); LogFile = Log(_log); } function Initialized() public { intitalized = true; } function Put(uint _lockTime) public payable { Holder storage acc = Acc[msg.sender]; require(((acc.balance + msg.value) >= acc.balance)); acc.balance += msg.value; if(block.timestamp+_lockTime>acc.unlockTime)acc.unlockTime=block.timestamp+_lockTime; LogFile.AddMessage(msg.sender,msg.value,""Put""); } function Collect(uint _am) public payable { Holder storage acc = Acc[msg.sender]; if( acc.balance>=MinSum && acc.balance>=_am && block.timestamp>acc.unlockTime) { acc.balance = (acc.balance - _am); { (bool _s, bytes memory _d) = msg.sender.call{value: _am}(""""); _d; if (_s) { LogFile.AddMessage(msg.sender,_am,""Collect""); } else {revert (); } } } } fallback() external payable { Put(0); } } contract Log { struct Message { address Sender; string  Data; uint Val; uint  Time; } Message[] public History; Message LastMsg; function AddMessage(address _adr,uint _val, string memory _data) public { LastMsg.Sender = _adr; LastMsg.Time = block.timestamp; LastMsg.Val = _val; LastMsg.Data = _data; History.push(LastMsg); } }","import { expect } from ""chai""; import { ethers } from ""hardhat""; describe(""MONEY_BOX reference (ethers v6; deploy may require constructor arguments)"", function () { it(""deploy MONEY_BOX by supplying its REQUIRED constructor arguments (read them from the contract constructor), then call methods and assert; use ethers.parseEther, await (await tx).wait(), and expect(...).to.be.reverted"", async function () { const [owner, addr1, addr2] = await ethers.getSigners(); const Factory = await ethers.getContractFactory(""MONEY_BOX""); const instance = await Factory.deploy(...constructorArgs); await instance.waitForDeployment(); }); });",False,False,"import { expect } from ""chai""; import { ethers } } from ""hardhat"";  describe(""MONEY_BOX mutant detection test"", function () {   it(""should detect mutant m7bc6c63e by verifying SetMinSum reverts after initialization"", async function () {     const [owner] = await ethers.getSigners();          // Deploy the contract - no constructor arguments needed     const Factory = await ethers.getContractFactory(""MONEY_BOX"");     const instance = await Factory.deploy();     await instance.waitForDeployment();          // First set MinSum to a known value     const initialMinSum = ethers.parseEther(""1"");     await instance.SetMinSum(initialMinSum);          // Verify initial value was set     expect(await instance.MinSum()).to.equal(initialMinSum);          // Initialize the contract (lock configuration)     await instance.Initialized();          // Now try to call SetMinSum after initialization     // Original should revert, mutant will not revert     const newMinSum = ethers.parseEther(""2"");     await expect(       instance.SetMinSum(newMinSum)     ).to.be.reverted;          // After the call (if it didn't revert), verify MinSum stayed the same     // This assertion will fail on the mutant where MinSum was changed     expect(await instance.MinSum()).to.equal(initialMinSum);   }); });","""['Error: syntax error']"""
me837541f,MONEY_BOX,<generic-v6-scaffold>,SetLogFile,live,revert();,/* revert(); */,---|         if(intitalized)revert(); +++|         if(intitalized),30,Mutant me837541f of function SetLogFile replaces revert(); with ,"pragma solidity ^0.8.0; contract MONEY_BOX { struct Holder { uint unlockTime; uint balance; } mapping (address => Holder) public Acc; uint public MinSum; Log LogFile; bool intitalized; function SetMinSum(uint _val) public { if(intitalized)revert(); MinSum = _val; } function SetLogFile(address _log) public { if(intitalized)revert(); LogFile = Log(_log); } function Initialized() public { intitalized = true; } function Put(uint _lockTime) public payable { Holder storage acc = Acc[msg.sender]; require(((acc.balance + msg.value) >= acc.balance)); acc.balance += msg.value; if(block.timestamp+_lockTime>acc.unlockTime)acc.unlockTime=block.timestamp+_lockTime; LogFile.AddMessage(msg.sender,msg.value,""Put""); } function Collect(uint _am) public payable { Holder storage acc = Acc[msg.sender]; if( acc.balance>=MinSum && acc.balance>=_am && block.timestamp>acc.unlockTime) { acc.balance = (acc.balance - _am); { (bool _s, bytes memory _d) = msg.sender.call{value: _am}(""""); _d; if (_s) { LogFile.AddMessage(msg.sender,_am,""Collect""); } else {revert (); } } } } fallback() external payable { Put(0); } } contract Log { struct Message { address Sender; string  Data; uint Val; uint  Time; } Message[] public History; Message LastMsg; function AddMessage(address _adr,uint _val, string memory _data) public { LastMsg.Sender = _adr; LastMsg.Time = block.timestamp; LastMsg.Val = _val; LastMsg.Data = _data; History.push(LastMsg); } }","import { expect } from ""chai""; import { ethers } from ""hardhat""; describe(""MONEY_BOX reference (ethers v6; deploy may require constructor arguments)"", function () { it(""deploy MONEY_BOX by supplying its REQUIRED constructor arguments (read them from the contract constructor), then call methods and assert; use ethers.parseEther, await (await tx).wait(), and expect(...).to.be.reverted"", async function () { const [owner, addr1, addr2] = await ethers.getSigners(); const Factory = await ethers.getContractFactory(""MONEY_BOX""); const instance = await Factory.deploy(...constructorArgs); await instance.waitForDeployment(); }); });",False,False,"import { expect } from ""chai""; import { ethers } from ""hardhat"";  describe(""MONEY_BOX mutant me837541f test"", function () {   it(""should revert when calling SetLogFile after initialization"", async function () {     const [owner] = await ethers.getSigners();     const Factory = await ethers.getContractFactory(""MONEY_BOX"");     const instance = await Factory.deploy();     await instance.waitForDeployment();      // First initialize the contract     await instance.Initialized();      // Now calling SetLogFile should revert because intitalized is true     await expect(       instance.SetLogFile(owner.address)     ).to.be.reverted;   }); });","""['Error: syntax error']"""
m53dec9de,MONEY_BOX,<generic-v6-scaffold>,Put,live,require(((acc.balance + msg.value) >= acc.balance));,/* require(((acc.balance + msg.value) >= acc.balance)); */,---|         require(((acc.balance + msg.value) >= acc.balance)); +++|,43,Mutant m53dec9de of function Put replaces require(((acc.balance + msg.value) >= acc.balance)); with ,"pragma solidity ^0.8.0; contract MONEY_BOX { struct Holder { uint unlockTime; uint balance; } mapping (address => Holder) public Acc; uint public MinSum; Log LogFile; bool intitalized; function SetMinSum(uint _val) public { if(intitalized)revert(); MinSum = _val; } function SetLogFile(address _log) public { if(intitalized)revert(); LogFile = Log(_log); } function Initialized() public { intitalized = true; } function Put(uint _lockTime) public payable { Holder storage acc = Acc[msg.sender]; require(((acc.balance + msg.value) >= acc.balance)); acc.balance += msg.value; if(block.timestamp+_lockTime>acc.unlockTime)acc.unlockTime=block.timestamp+_lockTime; LogFile.AddMessage(msg.sender,msg.value,""Put""); } function Collect(uint _am) public payable { Holder storage acc = Acc[msg.sender]; if( acc.balance>=MinSum && acc.balance>=_am && block.timestamp>acc.unlockTime) { acc.balance = (acc.balance - _am); { (bool _s, bytes memory _d) = msg.sender.call{value: _am}(""""); _d; if (_s) { LogFile.AddMessage(msg.sender,_am,""Collect""); } else {revert (); } } } } fallback() external payable { Put(0); } } contract Log { struct Message { address Sender; string  Data; uint Val; uint  Time; } Message[] public History; Message LastMsg; function AddMessage(address _adr,uint _val, string memory _data) public { LastMsg.Sender = _adr; LastMsg.Time = block.timestamp; LastMsg.Val = _val; LastMsg.Data = _data; History.push(LastMsg); } }","import { expect } from ""chai""; import { ethers } from ""hardhat""; describe(""MONEY_BOX reference (ethers v6; deploy may require constructor arguments)"", function () { it(""deploy MONEY_BOX by supplying its REQUIRED constructor arguments (read them from the contract constructor), then call methods and assert; use ethers.parseEther, await (await tx).wait(), and expect(...).to.be.reverted"", async function () { const [owner, addr1, addr2] = await ethers.getSigners(); const Factory = await ethers.getContractFactory(""MONEY_BOX""); const instance = await Factory.deploy(...constructorArgs); await instance.waitForDeployment(); }); });",False,False,"import { expect } from ""chai""; import { ethers } } from ""hardhat"";  describe(""MONEY_BOX mutant kill test - overflow check removal in Put"", function () {   it(""should revert on overflow in Put, but mutant allows it (kills mutant)"", async function () {     const [owner, addr1] = await ethers.getSigners();     const Factory = await ethers.getContractFactory(""MONEY_BOX"");     const instance = await Factory.deploy();     await instance.waitForDeployment();      // First initialize the contract to enable Put (optional but follows flow)     await instance.connect(owner).Initialized();      // Get the maximum uint256 value     const MAX_UINT = ethers.MaxUint256;      // First, deposit a small amount to have a base balance     const smallDeposit = ethers.parseEther(""1"");     await instance.connect(addr1).Put(0, { value: smallDeposit });      // Now attempt to send an amount that would cause overflow: send MAX_UINT - current balance + 1     const currentBalance = await instance.Acc(addr1.address).then(acc => acc.balance);     const overflowAmount = MAX_UINT - currentBalance + 1n;      // On the original contract this should revert due to overflow check     // On the mutant it will succeed (killing the mutant)     await expect(       instance.connect(addr1).Put(0, { value: overflowAmount })     ).to.be.reverted;      // Verify balance is unchanged (still the small deposit)     const finalBalance = await instance.Acc(addr1.address).then(acc => acc.balance);     expect(finalBalance).to.equal(smallDeposit);   }); });","""['Error: syntax error']"""
m3c1a7f77,MONEY_BOX,<generic-v6-scaffold>,Collect,live,revert ();,/* revert (); */,---|             } else {revert (); } } +++|             } else { } },59,Mutant m3c1a7f77 of function Collect replaces revert (); with ,"pragma solidity ^0.8.0; contract MONEY_BOX { struct Holder { uint unlockTime; uint balance; } mapping (address => Holder) public Acc; uint public MinSum; Log LogFile; bool intitalized; function SetMinSum(uint _val) public { if(intitalized)revert(); MinSum = _val; } function SetLogFile(address _log) public { if(intitalized)revert(); LogFile = Log(_log); } function Initialized() public { intitalized = true; } function Put(uint _lockTime) public payable { Holder storage acc = Acc[msg.sender]; require(((acc.balance + msg.value) >= acc.balance)); acc.balance += msg.value; if(block.timestamp+_lockTime>acc.unlockTime)acc.unlockTime=block.timestamp+_lockTime; LogFile.AddMessage(msg.sender,msg.value,""Put""); } function Collect(uint _am) public payable { Holder storage acc = Acc[msg.sender]; if( acc.balance>=MinSum && acc.balance>=_am && block.timestamp>acc.unlockTime) { acc.balance = (acc.balance - _am); { (bool _s, bytes memory _d) = msg.sender.call{value: _am}(""""); _d; if (_s) { LogFile.AddMessage(msg.sender,_am,""Collect""); } else {revert (); } } } } fallback() external payable { Put(0); } } contract Log { struct Message { address Sender; string  Data; uint Val; uint  Time; } Message[] public History; Message LastMsg; function AddMessage(address _adr,uint _val, string memory _data) public { LastMsg.Sender = _adr; LastMsg.Time = block.timestamp; LastMsg.Val = _val; LastMsg.Data = _data; History.push(LastMsg); } }","import { expect } from ""chai""; import { ethers } from ""hardhat""; describe(""MONEY_BOX reference (ethers v6; deploy may require constructor arguments)"", function () { it(""deploy MONEY_BOX by supplying its REQUIRED constructor arguments (read them from the contract constructor), then call methods and assert; use ethers.parseEther, await (await tx).wait(), and expect(...).to.be.reverted"", async function () { const [owner, addr1, addr2] = await ethers.getSigners(); const Factory = await ethers.getContractFactory(""MONEY_BOX""); const instance = await Factory.deploy(...constructorArgs); await instance.waitForDeployment(); }); });",False,False,"import { expect } from ""chai""; import { ethers } } from ""hardhat"";  describe(""MONEY_BOX mutant detection test"", function () {     it(""should revert Collect when external call fails (detect mutant removing revert)"", async function () {         const [owner, attacker] = await ethers.getSigners();                  // Deploy Log contract first (no constructor arguments)         const LogFactory = await ethers.getContractFactory(""Log"");         const log = await LogFactory.deploy();         await log.waitForDeployment();                  // Deploy MONEY_BOX with Log address as constructor argument         const Factory = await ethers.getContractFactory(""MONEY_BOX"");         const instance = await Factory.deploy();         await instance.waitForDeployment();                  // Set up the contract         await instance.SetLogFile(await log.getAddress());         await instance.SetMinSum(ethers.parseEther(""1""));         await instance.Initialized();                  // Create a malicious contract that rejects ether         const MaliciousFactory = await ethers.getContractFactory(""MaliciousReceiver"");         const malicious = await MaliciousFactory.deploy();         await malicious.waitForDeployment();                  // Fund the malicious contract so it can put ether         await owner.sendTransaction({             to: await malicious.getAddress(),             value: ethers.parseEther(""10"")         });                  // Put ether into MONEY_BOX from malicious contract         await malicious.connect(owner).putEther(await instance.getAddress(), ethers.parseEther(""5""), 0);                  // Wait for unlock time to pass (lock time was 0)         await ethers.provider.send(""evm_increaseTime"", [3600]);         await ethers.provider.send(""evm_mine"", []);                  // Attempt to collect - this should revert because the external call fails         // In the mutant, it would NOT revert and would deduct balance         await expect(             malicious.connect(owner).collectAttempt(await instance.getAddress(), ethers.parseEther(""2""))         ).to.be.reverted;                  // Verify balance wasn't deducted (should still be 5 ether)         const holder = await instance.Acc(await malicious.getAddress());         expect(holder.balance).to.equal(ethers.parseEther(""5""));     }); });  // Helper contract to receive ether but reject when called via call{} contract MaliciousReceiver {     function putEther(address moneyBox, uint amount, uint lockTime) external {         (bool success, ) = moneyBox.call{value: amount}(abi.encodeWithSignature(""Put(uint256)"", lockTime));         require(success, ""Put failed"");     }          function collectAttempt(address moneyBox, uint amount) external {         (bool success, ) = moneyBox.call(abi.encodeWithSignature(""Collect(uint256)"", amount));         require(success, ""Collect failed"");     }          receive() external payable {         revert(""Rejecting ether"");     }          fallback() external payable {         revert(""Rejecting ether"");     } }","""['Error: syntax error']"""
m8ddea4ca,MONEY_BOX,<generic-v6-scaffold>,Put,live,msg.value,msg.value+1,---|         require(((acc.balance + msg.value) >= acc.balance)); +++|         require(((acc.balance + msg.value+1) >= acc.balance));,43,Mutant m8ddea4ca of function Put replaces msg.value with msg.value+1,"pragma solidity ^0.8.0; contract MONEY_BOX { struct Holder { uint unlockTime; uint balance; } mapping (address => Holder) public Acc; uint public MinSum; Log LogFile; bool intitalized; function SetMinSum(uint _val) public { if(intitalized)revert(); MinSum = _val; } function SetLogFile(address _log) public { if(intitalized)revert(); LogFile = Log(_log); } function Initialized() public { intitalized = true; } function Put(uint _lockTime) public payable { Holder storage acc = Acc[msg.sender]; require(((acc.balance + msg.value) >= acc.balance)); acc.balance += msg.value; if(block.timestamp+_lockTime>acc.unlockTime)acc.unlockTime=block.timestamp+_lockTime; LogFile.AddMessage(msg.sender,msg.value,""Put""); } function Collect(uint _am) public payable { Holder storage acc = Acc[msg.sender]; if( acc.balance>=MinSum && acc.balance>=_am && block.timestamp>acc.unlockTime) { acc.balance = (acc.balance - _am); { (bool _s, bytes memory _d) = msg.sender.call{value: _am}(""""); _d; if (_s) { LogFile.AddMessage(msg.sender,_am,""Collect""); } else {revert (); } } } } fallback() external payable { Put(0); } } contract Log { struct Message { address Sender; string  Data; uint Val; uint  Time; } Message[] public History; Message LastMsg; function AddMessage(address _adr,uint _val, string memory _data) public { LastMsg.Sender = _adr; LastMsg.Time = block.timestamp; LastMsg.Val = _val; LastMsg.Data = _data; History.push(LastMsg); } }","import { expect } from ""chai""; import { ethers } from ""hardhat""; describe(""MONEY_BOX reference (ethers v6; deploy may require constructor arguments)"", function () { it(""deploy MONEY_BOX by supplying its REQUIRED constructor arguments (read them from the contract constructor), then call methods and assert; use ethers.parseEther, await (await tx).wait(), and expect(...).to.be.reverted"", async function () { const [owner, addr1, addr2] = await ethers.getSigners(); const Factory = await ethers.getContractFactory(""MONEY_BOX""); const instance = await Factory.deploy(...constructorArgs); await instance.waitForDeployment(); }); });",False,False,"import { expect } from ""chai""; import { ethers } from ""hardhat"";  describe(""MONEY_BOX mutant detection test"", function () {   it(""should detect mutant m8ddea4ca by causing revert when balance + msg.value equals max uint256"", async function () {     const [owner, addr1] = await ethers.getSigners();     const Factory = await ethers.getContractFactory(""MONEY_BOX"");     const instance = await Factory.deploy();     await instance.waitForDeployment();      // First, set MinSum to 0 so balance checks don't interfere     await instance.SetMinSum(0);          // Calculate max uint256 value     const maxUint256 = ethers.MaxUint256;          // We need to make the contract's balance such that current balance + msg.value == maxUint256     // Send exactly maxUint256 - 1 wei to the contract via Put, so balance becomes maxUint256 - 1     const firstDeposit = maxUint256 - 1n;     await instance.connect(addr1).Put(0, { value: firstDeposit });          // Now send 1 wei - this should succeed in original but revert in mutant     // because the mutant's require adds 1 to msg.value, making left side overflow     await expect(       instance.connect(addr1).Put(0, { value: 1n })     ).to.be.reverted;   }); });","""['Error: syntax error']"""
mde0a5d2a,MONEY_BOX,<generic-v6-scaffold>,Put,live,msg.value,msg.value-1,---|         require(((acc.balance + msg.value) >= acc.balance)); +++|         require(((acc.balance + msg.value-1) >= acc.balance));,43,Mutant mde0a5d2a of function Put replaces msg.value with msg.value-1,"pragma solidity ^0.8.0; contract MONEY_BOX { struct Holder { uint unlockTime; uint balance; } mapping (address => Holder) public Acc; uint public MinSum; Log LogFile; bool intitalized; function SetMinSum(uint _val) public { if(intitalized)revert(); MinSum = _val; } function SetLogFile(address _log) public { if(intitalized)revert(); LogFile = Log(_log); } function Initialized() public { intitalized = true; } function Put(uint _lockTime) public payable { Holder storage acc = Acc[msg.sender]; require(((acc.balance + msg.value) >= acc.balance)); acc.balance += msg.value; if(block.timestamp+_lockTime>acc.unlockTime)acc.unlockTime=block.timestamp+_lockTime; LogFile.AddMessage(msg.sender,msg.value,""Put""); } function Collect(uint _am) public payable { Holder storage acc = Acc[msg.sender]; if( acc.balance>=MinSum && acc.balance>=_am && block.timestamp>acc.unlockTime) { acc.balance = (acc.balance - _am); { (bool _s, bytes memory _d) = msg.sender.call{value: _am}(""""); _d; if (_s) { LogFile.AddMessage(msg.sender,_am,""Collect""); } else {revert (); } } } } fallback() external payable { Put(0); } } contract Log { struct Message { address Sender; string  Data; uint Val; uint  Time; } Message[] public History; Message LastMsg; function AddMessage(address _adr,uint _val, string memory _data) public { LastMsg.Sender = _adr; LastMsg.Time = block.timestamp; LastMsg.Val = _val; LastMsg.Data = _data; History.push(LastMsg); } }","import { expect } from ""chai""; import { ethers } from ""hardhat""; describe(""MONEY_BOX reference (ethers v6; deploy may require constructor arguments)"", function () { it(""deploy MONEY_BOX by supplying its REQUIRED constructor arguments (read them from the contract constructor), then call methods and assert; use ethers.parseEther, await (await tx).wait(), and expect(...).to.be.reverted"", async function () { const [owner, addr1, addr2] = await ethers.getSigners(); const Factory = await ethers.getContractFactory(""MONEY_BOX""); const instance = await Factory.deploy(...constructorArgs); await instance.waitForDeployment(); }); });",False,False,"import { expect } from ""chai""; import { ethers } from ""hardhat"";  describe(""MONEY_BOX mutant detection - mde0a5d2a"", function () {   it(""should kill mutant by sending 0 wei to Put (via fallback) and expecting success on original but revert on mutant"", async function () {     const [owner] = await ethers.getSigners();          // Deploy Log contract first (required by MONEY_BOX constructor)     const LogFactory = await ethers.getContractFactory(""Log"");     const logInstance = await LogFactory.deploy();     await logInstance.waitForDeployment();          // Deploy MONEY_BOX with Log address     const MoneyBoxFactory = await ethers.getContractFactory(""MONEY_BOX"");     const moneyBox = await MoneyBoxFactory.deploy();     await moneyBox.waitForDeployment();          // Set MinSum to 0 so balance checks don't interfere     await moneyBox.SetMinSum(0);          // Set LogFile to the deployed Log contract     await moneyBox.SetLogFile(await logInstance.getAddress());          // Initialize the contract     await moneyBox.Initialized();          // First deposit some ether to create a balance (required for the mutant to fail)     await owner.sendTransaction({       to: await moneyBox.getAddress(),       value: ethers.parseEther(""1"")     });          // Now test the mutant: sending 0 wei should fail in mutant but succeed in original     // The fallback calls Put(0) which triggers the mutated require check     await expect(       owner.sendTransaction({         to: await moneyBox.getAddress(),         value: 0       })     ).to.be.reverted;   }); });","""['Error: syntax error']"""
m8144e2c5,MONEY_BOX,<generic-v6-scaffold>,Put,live,msg.value,msg.value+1,---|         acc.balance += msg.value; +++|         acc.balance += msg.value+1;,44,Mutant m8144e2c5 of function Put replaces msg.value with msg.value+1,"pragma solidity ^0.8.0; contract MONEY_BOX { struct Holder { uint unlockTime; uint balance; } mapping (address => Holder) public Acc; uint public MinSum; Log LogFile; bool intitalized; function SetMinSum(uint _val) public { if(intitalized)revert(); MinSum = _val; } function SetLogFile(address _log) public { if(intitalized)revert(); LogFile = Log(_log); } function Initialized() public { intitalized = true; } function Put(uint _lockTime) public payable { Holder storage acc = Acc[msg.sender]; require(((acc.balance + msg.value) >= acc.balance)); acc.balance += msg.value; if(block.timestamp+_lockTime>acc.unlockTime)acc.unlockTime=block.timestamp+_lockTime; LogFile.AddMessage(msg.sender,msg.value,""Put""); } function Collect(uint _am) public payable { Holder storage acc = Acc[msg.sender]; if( acc.balance>=MinSum && acc.balance>=_am && block.timestamp>acc.unlockTime) { acc.balance = (acc.balance - _am); { (bool _s, bytes memory _d) = msg.sender.call{value: _am}(""""); _d; if (_s) { LogFile.AddMessage(msg.sender,_am,""Collect""); } else {revert (); } } } } fallback() external payable { Put(0); } } contract Log { struct Message { address Sender; string  Data; uint Val; uint  Time; } Message[] public History; Message LastMsg; function AddMessage(address _adr,uint _val, string memory _data) public { LastMsg.Sender = _adr; LastMsg.Time = block.timestamp; LastMsg.Val = _val; LastMsg.Data = _data; History.push(LastMsg); } }","import { expect } from ""chai""; import { ethers } from ""hardhat""; describe(""MONEY_BOX reference (ethers v6; deploy may require constructor arguments)"", function () { it(""deploy MONEY_BOX by supplying its REQUIRED constructor arguments (read them from the contract constructor), then call methods and assert; use ethers.parseEther, await (await tx).wait(), and expect(...).to.be.reverted"", async function () { const [owner, addr1, addr2] = await ethers.getSigners(); const Factory = await ethers.getContractFactory(""MONEY_BOX""); const instance = await Factory.deploy(...constructorArgs); await instance.waitForDeployment(); }); });",False,False,"import { expect } from ""chai""; import { ethers } from ""hardhat"";  describe(""MONEY_BOX mutant detection - m8144e2c5"", function () {   it(""should detect the mutant that adds 1 extra wei to balance on Put"", async function () {     const [owner, user] = await ethers.getSigners();          // Deploy MONEY_BOX (no constructor arguments)     const Factory = await ethers.getContractFactory(""MONEY_BOX"");     const instance = await Factory.deploy();     await instance.waitForDeployment();          // Deploy a Log contract (needed for Put to work)     const LogFactory = await ethers.getContractFactory(""Log"");     const logInstance = await LogFactory.deploy();     await logInstance.waitForDeployment();          // Set the Log file address and initialize     await instance.connect(owner).SetLogFile(await logInstance.getAddress());     await instance.connect(owner).SetMinSum(0);     await instance.connect(owner).Initialized();          // Send exactly 100 wei to Put     const depositAmount = ethers.parseEther(""0.0000000000000001""); // 100 wei     await instance.connect(user).Put(0, { value: depositAmount });          // Check balance in contract - should be 100 wei originally, but mutant will have 101 wei     const holder = await instance.Acc(user.address);     const expectedBalance = depositAmount; // 100 wei          // Try to collect exactly the deposit amount     await instance.connect(user).Collect(depositAmount);          // After collection, balance should be exactly 0 in original     const finalHolder = await instance.Acc(user.address);          // In the original, this will be 0; in the mutant, balance will be 1 wei remaining     expect(finalHolder.balance).to.equal(0);   }); });","""['Error: syntax error']"""
mc8757a44,MONEY_BOX,<generic-v6-scaffold>,Put,live,msg.value,msg.value-1,---|         acc.balance += msg.value; +++|         acc.balance += msg.value-1;,44,Mutant mc8757a44 of function Put replaces msg.value with msg.value-1,"pragma solidity ^0.8.0; contract MONEY_BOX { struct Holder { uint unlockTime; uint balance; } mapping (address => Holder) public Acc; uint public MinSum; Log LogFile; bool intitalized; function SetMinSum(uint _val) public { if(intitalized)revert(); MinSum = _val; } function SetLogFile(address _log) public { if(intitalized)revert(); LogFile = Log(_log); } function Initialized() public { intitalized = true; } function Put(uint _lockTime) public payable { Holder storage acc = Acc[msg.sender]; require(((acc.balance + msg.value) >= acc.balance)); acc.balance += msg.value; if(block.timestamp+_lockTime>acc.unlockTime)acc.unlockTime=block.timestamp+_lockTime; LogFile.AddMessage(msg.sender,msg.value,""Put""); } function Collect(uint _am) public payable { Holder storage acc = Acc[msg.sender]; if( acc.balance>=MinSum && acc.balance>=_am && block.timestamp>acc.unlockTime) { acc.balance = (acc.balance - _am); { (bool _s, bytes memory _d) = msg.sender.call{value: _am}(""""); _d; if (_s) { LogFile.AddMessage(msg.sender,_am,""Collect""); } else {revert (); } } } } fallback() external payable { Put(0); } } contract Log { struct Message { address Sender; string  Data; uint Val; uint  Time; } Message[] public History; Message LastMsg; function AddMessage(address _adr,uint _val, string memory _data) public { LastMsg.Sender = _adr; LastMsg.Time = block.timestamp; LastMsg.Val = _val; LastMsg.Data = _data; History.push(LastMsg); } }","import { expect } from ""chai""; import { ethers } from ""hardhat""; describe(""MONEY_BOX reference (ethers v6; deploy may require constructor arguments)"", function () { it(""deploy MONEY_BOX by supplying its REQUIRED constructor arguments (read them from the contract constructor), then call methods and assert; use ethers.parseEther, await (await tx).wait(), and expect(...).to.be.reverted"", async function () { const [owner, addr1, addr2] = await ethers.getSigners(); const Factory = await ethers.getContractFactory(""MONEY_BOX""); const instance = await Factory.deploy(...constructorArgs); await instance.waitForDeployment(); }); });",False,False,"import { expect } from ""chai""; import { ethers } from ""hardhat"";  describe(""MONEY_BOX mutant test - mc8757a44"", function () {   it(""should detect mutant that subtracts 1 from msg.value in Put function"", async function () {     const [owner, addr1] = await ethers.getSigners();     const Factory = await ethers.getContractFactory(""MONEY_BOX"");          // Deploy with constructor arguments (none required for MONEY_BOX)     const instance = await Factory.deploy();     await instance.waitForDeployment();      // Send exactly 1 wei to Put function     const tx = await instance.connect(addr1).Put(0, { value: ethers.parseEther(""0.000000000000000001"") });     await tx.wait();      // Check the stored balance for addr1     const holder = await instance.Acc(addr1.address);     const balance = holder.balance;      // On original contract, balance should be 1 wei     // On mutant (msg.value - 1), balance will be 0 wei     expect(balance).to.equal(ethers.parseEther(""0.000000000000000001""));   }); });","""['Error: syntax error']"""
me2e058b2,MONEY_BOX,<generic-v6-scaffold>,Put,live,block.timestamp,block.prevrandao,---|         if(block.timestamp+_lockTime>acc.unlockTime)acc.unlockTime=block.timestamp+_lockTime; +++|         if(block.prevrandao+_lockTime>acc.unlockTime)acc.unlockTime=block.timestamp+_lockTime;,45,Mutant me2e058b2 of function Put replaces block.timestamp with block.prevrandao,"pragma solidity ^0.8.0; contract MONEY_BOX { struct Holder { uint unlockTime; uint balance; } mapping (address => Holder) public Acc; uint public MinSum; Log LogFile; bool intitalized; function SetMinSum(uint _val) public { if(intitalized)revert(); MinSum = _val; } function SetLogFile(address _log) public { if(intitalized)revert(); LogFile = Log(_log); } function Initialized() public { intitalized = true; } function Put(uint _lockTime) public payable { Holder storage acc = Acc[msg.sender]; require(((acc.balance + msg.value) >= acc.balance)); acc.balance += msg.value; if(block.timestamp+_lockTime>acc.unlockTime)acc.unlockTime=block.timestamp+_lockTime; LogFile.AddMessage(msg.sender,msg.value,""Put""); } function Collect(uint _am) public payable { Holder storage acc = Acc[msg.sender]; if( acc.balance>=MinSum && acc.balance>=_am && block.timestamp>acc.unlockTime) { acc.balance = (acc.balance - _am); { (bool _s, bytes memory _d) = msg.sender.call{value: _am}(""""); _d; if (_s) { LogFile.AddMessage(msg.sender,_am,""Collect""); } else {revert (); } } } } fallback() external payable { Put(0); } } contract Log { struct Message { address Sender; string  Data; uint Val; uint  Time; } Message[] public History; Message LastMsg; function AddMessage(address _adr,uint _val, string memory _data) public { LastMsg.Sender = _adr; LastMsg.Time = block.timestamp; LastMsg.Val = _val; LastMsg.Data = _data; History.push(LastMsg); } }","import { expect } from ""chai""; import { ethers } from ""hardhat""; describe(""MONEY_BOX reference (ethers v6; deploy may require constructor arguments)"", function () { it(""deploy MONEY_BOX by supplying its REQUIRED constructor arguments (read them from the contract constructor), then call methods and assert; use ethers.parseEther, await (await tx).wait(), and expect(...).to.be.reverted"", async function () { const [owner, addr1, addr2] = await ethers.getSigners(); const Factory = await ethers.getContractFactory(""MONEY_BOX""); const instance = await Factory.deploy(...constructorArgs); await instance.waitForDeployment(); }); });",False,False,"import { expect } from ""chai""; import { ethers } from ""hardhat"";  describe(""MONEY_BOX mutant kill test"", function () {   it(""should detect the block.timestamp vs block.prevrandao mutation in Put"", async function () {     const [owner, addr1] = await ethers.getSigners();          // Deploy MONEY_BOX (no constructor arguments)     const Factory = await ethers.getContractFactory(""MONEY_BOX"");     const instance = await Factory.deploy();     await instance.waitForDeployment();          // Initialize the contract (set intitalized = true)     await (await instance.Initialized()).wait();          // Set MinSum to some value, e.g., 1 ether     await (await instance.SetMinSum(ethers.parseEther(""1""))).wait();          // Deploy a Log contract to set as LogFile     const LogFactory = await ethers.getContractFactory(""Log"");     const logInstance = await LogFactory.deploy();     await logInstance.waitForDeployment();     await (await instance.SetLogFile(await logInstance.getAddress())).wait();          // addr1 deposits 0.5 ether with _lockTime = 0     const depositAmount = ethers.parseEther(""0.5"");     await (await instance.connect(addr1).Put(0, { value: depositAmount })).wait();          // Now addr1 tries to Collect 0.5 ether immediately     // In original: acc.unlockTime = block.timestamp + 0 = block.timestamp, so block.timestamp > acc.unlockTime is false -> revert     // In mutant: condition uses block.prevrandao, which may be less than block.timestamp, so acc.unlockTime might not be updated     // and could remain 0, making block.timestamp > 0 true -> would succeed incorrectly     // We expect the Collect to revert because unlockTime equals current block.timestamp     await expect(       instance.connect(addr1).Collect(depositAmount)     ).to.be.reverted;   }); });","""['Error: syntax error']"""
m0f3138c5,MONEY_BOX,<generic-v6-scaffold>,Put,live,block.timestamp,block.prevrandao,---|         if(block.timestamp+_lockTime>acc.unlockTime)acc.unlockTime=block.timestamp+_lockTime; +++|         if(block.timestamp+_lockTime>acc.unlockTime)acc.unlockTime=block.prevrandao+_lockTime;,45,Mutant m0f3138c5 of function Put replaces block.timestamp with block.prevrandao,"pragma solidity ^0.8.0; contract MONEY_BOX { struct Holder { uint unlockTime; uint balance; } mapping (address => Holder) public Acc; uint public MinSum; Log LogFile; bool intitalized; function SetMinSum(uint _val) public { if(intitalized)revert(); MinSum = _val; } function SetLogFile(address _log) public { if(intitalized)revert(); LogFile = Log(_log); } function Initialized() public { intitalized = true; } function Put(uint _lockTime) public payable { Holder storage acc = Acc[msg.sender]; require(((acc.balance + msg.value) >= acc.balance)); acc.balance += msg.value; if(block.timestamp+_lockTime>acc.unlockTime)acc.unlockTime=block.timestamp+_lockTime; LogFile.AddMessage(msg.sender,msg.value,""Put""); } function Collect(uint _am) public payable { Holder storage acc = Acc[msg.sender]; if( acc.balance>=MinSum && acc.balance>=_am && block.timestamp>acc.unlockTime) { acc.balance = (acc.balance - _am); { (bool _s, bytes memory _d) = msg.sender.call{value: _am}(""""); _d; if (_s) { LogFile.AddMessage(msg.sender,_am,""Collect""); } else {revert (); } } } } fallback() external payable { Put(0); } } contract Log { struct Message { address Sender; string  Data; uint Val; uint  Time; } Message[] public History; Message LastMsg; function AddMessage(address _adr,uint _val, string memory _data) public { LastMsg.Sender = _adr; LastMsg.Time = block.timestamp; LastMsg.Val = _val; LastMsg.Data = _data; History.push(LastMsg); } }","import { expect } from ""chai""; import { ethers } from ""hardhat""; describe(""MONEY_BOX reference (ethers v6; deploy may require constructor arguments)"", function () { it(""deploy MONEY_BOX by supplying its REQUIRED constructor arguments (read them from the contract constructor), then call methods and assert; use ethers.parseEther, await (await tx).wait(), and expect(...).to.be.reverted"", async function () { const [owner, addr1, addr2] = await ethers.getSigners(); const Factory = await ethers.getContractFactory(""MONEY_BOX""); const instance = await Factory.deploy(...constructorArgs); await instance.waitForDeployment(); }); });",False,False,"import { expect } from ""chai""; import { ethers } from ""hardhat"";  describe(""MONEY_BOX mutant kill test - m0f3138c5"", function () {     it(""should kill the mutant by detecting timestamp vs prevrandao mismatch in unlockTime assignment"", async function () {         const [owner, addr1] = await ethers.getSigners();                  // Deploy MONEY_BOX (no constructor arguments needed)         const MoneyBoxFactory = await ethers.getContractFactory(""MONEY_BOX"");         const moneyBox = await MoneyBoxFactory.deploy();         await moneyBox.waitForDeployment();                  // Deploy Log contract (needed for AddMessage calls)         const LogFactory = await ethers.getContractFactory(""Log"");         const log = await LogFactory.deploy();         await log.waitForDeployment();                  // Initialize the contract with LogFile and MinSum         await moneyBox.connect(owner).SetLogFile(await log.getAddress());         await moneyBox.connect(owner).SetMinSum(ethers.parseEther(""0.01""));         await moneyBox.connect(owner).Initialized();                  // Get current block timestamp         const blockNumBefore = await ethers.provider.getBlockNumber();         const blockBefore = await ethers.provider.getBlock(blockNumBefore);         const currentTimestamp = blockBefore!.timestamp;                  // addr1 puts 1 ETH with 0 lock time         const putAmount = ethers.parseEther(""1"");         const txPut = await moneyBox.connect(addr1).Put(0, { value: putAmount });         await txPut.wait();                  // Check the unlock time set by the contract         const holder = await moneyBox.Acc(addr1.address);         const unlockTime = holder.unlockTime;                  // In original: unlockTime = block.timestamp + 0 = currentTimestamp         // In mutant: unlockTime = block.prevrandao + 0 = block.prevrandao         // block.prevrandao is typically a large number, not equal to currentTimestamp                  // Attempt Collect - should succeed in original, revert in mutant         // because mutant sets unlockTime to prevrandao which is >> currentTimestamp         const collectAmount = ethers.parseEther(""0.5"");                  // The collect should revert if mutant is active because          // block.timestamp (current time) < block.prevrandao (unlockTime)         await expect(             moneyBox.connect(addr1).Collect(collectAmount)         ).to.be.reverted;                  // Verify the test passed (mutant killed)         // In original, this would NOT revert, but in mutant it does     }); });","""['Error: syntax error']"""
mad482e01,MONEY_BOX,<generic-v6-scaffold>,Put,live,msg.value,msg.value+1,"---|         LogFile.AddMessage(msg.sender,msg.value,""Put""); +++|         LogFile.AddMessage(msg.sender,msg.value+1,""Put"");",46,Mutant mad482e01 of function Put replaces msg.value with msg.value+1,"pragma solidity ^0.8.0; contract MONEY_BOX { struct Holder { uint unlockTime; uint balance; } mapping (address => Holder) public Acc; uint public MinSum; Log LogFile; bool intitalized; function SetMinSum(uint _val) public { if(intitalized)revert(); MinSum = _val; } function SetLogFile(address _log) public { if(intitalized)revert(); LogFile = Log(_log); } function Initialized() public { intitalized = true; } function Put(uint _lockTime) public payable { Holder storage acc = Acc[msg.sender]; require(((acc.balance + msg.value) >= acc.balance)); acc.balance += msg.value; if(block.timestamp+_lockTime>acc.unlockTime)acc.unlockTime=block.timestamp+_lockTime; LogFile.AddMessage(msg.sender,msg.value,""Put""); } function Collect(uint _am) public payable { Holder storage acc = Acc[msg.sender]; if( acc.balance>=MinSum && acc.balance>=_am && block.timestamp>acc.unlockTime) { acc.balance = (acc.balance - _am); { (bool _s, bytes memory _d) = msg.sender.call{value: _am}(""""); _d; if (_s) { LogFile.AddMessage(msg.sender,_am,""Collect""); } else {revert (); } } } } fallback() external payable { Put(0); } } contract Log { struct Message { address Sender; string  Data; uint Val; uint  Time; } Message[] public History; Message LastMsg; function AddMessage(address _adr,uint _val, string memory _data) public { LastMsg.Sender = _adr; LastMsg.Time = block.timestamp; LastMsg.Val = _val; LastMsg.Data = _data; History.push(LastMsg); } }","import { expect } from ""chai""; import { ethers } from ""hardhat""; describe(""MONEY_BOX reference (ethers v6; deploy may require constructor arguments)"", function () { it(""deploy MONEY_BOX by supplying its REQUIRED constructor arguments (read them from the contract constructor), then call methods and assert; use ethers.parseEther, await (await tx).wait(), and expect(...).to.be.reverted"", async function () { const [owner, addr1, addr2] = await ethers.getSigners(); const Factory = await ethers.getContractFactory(""MONEY_BOX""); const instance = await Factory.deploy(...constructorArgs); await instance.waitForDeployment(); }); });",False,False,"import { expect } from ""chai""; import { ethers } from ""hardhat"";  describe(""MONEY_BOX mutant kill test - mad482e01"", function () {   it(""should detect mutant that logs msg.value+1 instead of msg.value in Put function"", async function () {     const [owner, addr1] = await ethers.getSigners();          // Deploy MONEY_BOX - no constructor arguments     const MoneyBoxFactory = await ethers.getContractFactory(""MONEY_BOX"");     const moneyBox = await MoneyBoxFactory.deploy();     await moneyBox.waitForDeployment();          // Deploy Log contract - no constructor arguments     const LogFactory = await ethers.getContractFactory(""Log"");     const log = await LogFactory.deploy();     await log.waitForDeployment();          // Initialize the system     await moneyBox.connect(owner).SetLogFile(await log.getAddress());     await moneyBox.connect(owner).SetMinSum(0);     await moneyBox.connect(owner).Initialized();          // Send exactly 100 wei via Put function     const depositAmount = ethers.parseEther(""0.0000000000000001""); // 100 wei     const tx = await moneyBox.connect(addr1).Put(0, { value: depositAmount });     await tx.wait();          // Check the logged value in the Log contract     const lastMessage = await log.History(0);          // In the original contract, logged Val should equal depositAmount     // In the mutant, logged Val would be depositAmount + 1 (msg.value+1)     expect(lastMessage.Val).to.equal(depositAmount);   }); });","""['Error: syntax error']"""
ma097b614,MONEY_BOX,<generic-v6-scaffold>,Put,live,msg.value,msg.value-1,"---|         LogFile.AddMessage(msg.sender,msg.value,""Put""); +++|         LogFile.AddMessage(msg.sender,msg.value-1,""Put"");",46,Mutant ma097b614 of function Put replaces msg.value with msg.value-1,"pragma solidity ^0.8.0; contract MONEY_BOX { struct Holder { uint unlockTime; uint balance; } mapping (address => Holder) public Acc; uint public MinSum; Log LogFile; bool intitalized; function SetMinSum(uint _val) public { if(intitalized)revert(); MinSum = _val; } function SetLogFile(address _log) public { if(intitalized)revert(); LogFile = Log(_log); } function Initialized() public { intitalized = true; } function Put(uint _lockTime) public payable { Holder storage acc = Acc[msg.sender]; require(((acc.balance + msg.value) >= acc.balance)); acc.balance += msg.value; if(block.timestamp+_lockTime>acc.unlockTime)acc.unlockTime=block.timestamp+_lockTime; LogFile.AddMessage(msg.sender,msg.value,""Put""); } function Collect(uint _am) public payable { Holder storage acc = Acc[msg.sender]; if( acc.balance>=MinSum && acc.balance>=_am && block.timestamp>acc.unlockTime) { acc.balance = (acc.balance - _am); { (bool _s, bytes memory _d) = msg.sender.call{value: _am}(""""); _d; if (_s) { LogFile.AddMessage(msg.sender,_am,""Collect""); } else {revert (); } } } } fallback() external payable { Put(0); } } contract Log { struct Message { address Sender; string  Data; uint Val; uint  Time; } Message[] public History; Message LastMsg; function AddMessage(address _adr,uint _val, string memory _data) public { LastMsg.Sender = _adr; LastMsg.Time = block.timestamp; LastMsg.Val = _val; LastMsg.Data = _data; History.push(LastMsg); } }","import { expect } from ""chai""; import { ethers } from ""hardhat""; describe(""MONEY_BOX reference (ethers v6; deploy may require constructor arguments)"", function () { it(""deploy MONEY_BOX by supplying its REQUIRED constructor arguments (read them from the contract constructor), then call methods and assert; use ethers.parseEther, await (await tx).wait(), and expect(...).to.be.reverted"", async function () { const [owner, addr1, addr2] = await ethers.getSigners(); const Factory = await ethers.getContractFactory(""MONEY_BOX""); const instance = await Factory.deploy(...constructorArgs); await instance.waitForDeployment(); }); });",False,False,"import { expect } from ""chai""; import { ethers } from ""hardhat"";  describe(""MONEY_BOX mutant ma097b614 detection"", function () {   it(""should detect the mutant that logs msg.value-1 instead of msg.value in Put"", async function () {     const [owner, user] = await ethers.getSigners();          // Deploy MONEY_BOX (no constructor arguments needed)     const MoneyBoxFactory = await ethers.getContractFactory(""MONEY_BOX"");     const moneyBox = await MoneyBoxFactory.deploy();     await moneyBox.waitForDeployment();          // Deploy Log contract (no constructor arguments needed)     const LogFactory = await ethers.getContractFactory(""Log"");     const logContract = await LogFactory.deploy();     await logContract.waitForDeployment();          // Set up the MONEY_BOX: initialize and set the log file     await moneyBox.connect(owner).SetLogFile(await logContract.getAddress());     await moneyBox.connect(owner).Initialized();          // Send exactly 5 wei to the Put function via user     const sentAmount = ethers.parseEther(""0.000000000000000005""); // 5 wei     const tx = await moneyBox.connect(user).Put(0, { value: sentAmount });     await tx.wait();          // Check the last logged message in the Log contract     const lastMsg = await logContract.LastMsg();          // The logged Val should equal the exact msg.value sent (5 wei)     // Mutant would log msg.value-1 = 4 wei, causing this assertion to fail     expect(lastMsg.Val).to.equal(sentAmount);   }); });","""['Error: syntax error']"""
m0b41c7e2,MONEY_BOX,<generic-v6-scaffold>,Collect,live,block.timestamp,block.prevrandao,---|         if( acc.balance>=MinSum && acc.balance>=_am && block.timestamp>acc.unlockTime) +++|         if( acc.balance>=MinSum && acc.balance>=_am && block.prevrandao>acc.unlockTime),52,Mutant m0b41c7e2 of function Collect replaces block.timestamp with block.prevrandao,"pragma solidity ^0.8.0; contract MONEY_BOX { struct Holder { uint unlockTime; uint balance; } mapping (address => Holder) public Acc; uint public MinSum; Log LogFile; bool intitalized; function SetMinSum(uint _val) public { if(intitalized)revert(); MinSum = _val; } function SetLogFile(address _log) public { if(intitalized)revert(); LogFile = Log(_log); } function Initialized() public { intitalized = true; } function Put(uint _lockTime) public payable { Holder storage acc = Acc[msg.sender]; require(((acc.balance + msg.value) >= acc.balance)); acc.balance += msg.value; if(block.timestamp+_lockTime>acc.unlockTime)acc.unlockTime=block.timestamp+_lockTime; LogFile.AddMessage(msg.sender,msg.value,""Put""); } function Collect(uint _am) public payable { Holder storage acc = Acc[msg.sender]; if( acc.balance>=MinSum && acc.balance>=_am && block.timestamp>acc.unlockTime) { acc.balance = (acc.balance - _am); { (bool _s, bytes memory _d) = msg.sender.call{value: _am}(""""); _d; if (_s) { LogFile.AddMessage(msg.sender,_am,""Collect""); } else {revert (); } } } } fallback() external payable { Put(0); } } contract Log { struct Message { address Sender; string  Data; uint Val; uint  Time; } Message[] public History; Message LastMsg; function AddMessage(address _adr,uint _val, string memory _data) public { LastMsg.Sender = _adr; LastMsg.Time = block.timestamp; LastMsg.Val = _val; LastMsg.Data = _data; History.push(LastMsg); } }","import { expect } from ""chai""; import { ethers } from ""hardhat""; describe(""MONEY_BOX reference (ethers v6; deploy may require constructor arguments)"", function () { it(""deploy MONEY_BOX by supplying its REQUIRED constructor arguments (read them from the contract constructor), then call methods and assert; use ethers.parseEther, await (await tx).wait(), and expect(...).to.be.reverted"", async function () { const [owner, addr1, addr2] = await ethers.getSigners(); const Factory = await ethers.getContractFactory(""MONEY_BOX""); const instance = await Factory.deploy(...constructorArgs); await instance.waitForDeployment(); }); });",False,False,"import { expect } from ""chai""; import { ethers } from ""hardhat"";  describe(""MONEY_BOX mutant m0b41c7e2 - block.prevrandao vs block.timestamp"", function () {   it(""should revert Collect when block.prevrandao is less than unlockTime, but original would succeed with block.timestamp"", async function () {     const [owner, user] = await ethers.getSigners();          // Deploy MONEY_BOX (no constructor arguments)     const Factory = await ethers.getContractFactory(""MONEY_BOX"");     const instance = await Factory.deploy();     await instance.waitForDeployment();          // Deploy Log contract (no constructor arguments)     const LogFactory = await ethers.getContractFactory(""Log"");     const logInstance = await LogFactory.deploy();     await logInstance.waitForDeployment();          // Initialize the contract     await instance.connect(owner).SetMinSum(ethers.parseEther(""0.01""));     await instance.connect(owner).SetLogFile(await logInstance.getAddress());     await instance.connect(owner).Initialized();          // User puts 1 ETH with a 1-second lock time     const putAmount = ethers.parseEther(""1"");     await instance.connect(user).Put(1, { value: putAmount });          // Wait for the unlock time to pass (block.timestamp > unlockTime)     await ethers.provider.send(""evm_increaseTime"", [2]);     await ethers.provider.send(""evm_mine"", []);          // Get current block info to verify condition     const block = await ethers.provider.getBlock(""latest"");     console.log(""Current block timestamp:"", block.timestamp);     console.log(""block.prevrandao:"", block.prevrandao);          // Attempt to collect - should revert on mutant because block.prevrandao is 0 or unrelated     // On original contract this would succeed since block.timestamp > unlockTime     await expect(       instance.connect(user).Collect(ethers.parseEther(""0.5""))     ).to.be.reverted;   });      it(""should succeed on original contract when block.timestamp > unlockTime"", async function () {     const [owner, user] = await ethers.getSigners();          const Factory = await ethers.getContractFactory(""MONEY_BOX"");     const instance = await Factory.deploy();     await instance.waitForDeployment();          const LogFactory = await ethers.getContractFactory(""Log"");     const logInstance = await LogFactory.deploy();     await logInstance.waitForDeployment();          await instance.connect(owner).SetMinSum(ethers.parseEther(""0.01""));     await instance.connect(owner).SetLogFile(await logInstance.getAddress());     await instance.connect(owner).Initialized();          await instance.connect(user).Put(1, { value: ethers.parseEther(""1"") });          await ethers.provider.send(""evm_increaseTime"", [2]);     await ethers.provider.send(""evm_mine"", []);          // This would succeed on original, but we expect revert on mutant     await expect(       instance.connect(user).Collect(ethers.parseEther(""0.5""))     ).to.be.reverted;   }); });","""['Error: syntax error']"""
