Mutant_id,Contract_id,Test_id,Function_name,Status,Original,Replacement,Diff,StartLine,Details,Contract_Context,Test_Context,Test_Generated,KilledByLLM,Generated_test,Test_errors
m76902ac8,PredictTheBlockHashChallenge,<generic-v6-scaffold>,constructor,killed, == , <= ,---|         require(msg.value == 1 ether); +++|         require(msg.value <= 1 ether);,14,Mutant m76902ac8 of function constructor replaces == with <=,pragma solidity ^0.8.0; contract PredictTheBlockHashChallenge { struct Guess { uint block; bytes32 guess; } mapping(address => Guess) guesses; constructor() public payable { require(msg.value == 1 ether); } function lockInGuess(bytes32 hash) public payable { require(guesses[msg.sender].block == 0); require(msg.value == 1 ether); guesses[msg.sender].guess = hash; guesses[msg.sender].block = block.number + 1; } function settle() public { require(guesses[msg.sender].block != 0); require(block.number > guesses[msg.sender].block); bytes32 answer = keccak256(abi.encodePacked(blockhash(guesses[msg.sender].block))); guesses[msg.sender].block = 0; if (guesses[msg.sender].guess == answer) { payable(msg.sender).transfer(2 ether); } } },"import { expect } from ""chai""; import { ethers } from ""hardhat""; describe(""PredictTheBlockHashChallenge reference (ethers v6; deploy may require constructor arguments)"", function () { it(""deploy PredictTheBlockHashChallenge by supplying its REQUIRED constructor arguments (read them from the contract constructor), then call methods and assert; use ethers.parseEther, await (await tx).wait(), and expect(...).to.be.reverted"", async function () { const [owner, addr1, addr2] = await ethers.getSigners(); const Factory = await ethers.getContractFactory(""PredictTheBlockHashChallenge""); const instance = await Factory.deploy(...constructorArgs); await instance.waitForDeployment(); }); });",False,True,"import { expect } from ""chai""; import { ethers } from ""hardhat"";  describe(""PredictTheBlockHashChallenge mutant test - constructor value check"", function () {   it(""should revert when deploying with less than 1 ether (mutant allows <= instead of ==)"", async function () {     const [owner] = await ethers.getSigners();     const Factory = await ethers.getContractFactory(""PredictTheBlockHashChallenge"");      // The mutant constructor allows msg.value <= 1 ether instead of == 1 ether.     // Deploy with 0.5 ether - this should revert on the original but succeed on the mutant.     // We expect revert to kill the mutant, because the mutant would not revert.     await expect(       Factory.deploy({ value: ethers.parseEther(""0.5"") })     ).to.be.reverted;   }); });",compiled correctly
m547448e7,PredictTheBlockHashChallenge,<generic-v6-scaffold>,constructor,killed, == , >= ,---|         require(msg.value == 1 ether); +++|         require(msg.value >= 1 ether);,14,Mutant m547448e7 of function constructor replaces == with >=,pragma solidity ^0.8.0; contract PredictTheBlockHashChallenge { struct Guess { uint block; bytes32 guess; } mapping(address => Guess) guesses; constructor() public payable { require(msg.value == 1 ether); } function lockInGuess(bytes32 hash) public payable { require(guesses[msg.sender].block == 0); require(msg.value == 1 ether); guesses[msg.sender].guess = hash; guesses[msg.sender].block = block.number + 1; } function settle() public { require(guesses[msg.sender].block != 0); require(block.number > guesses[msg.sender].block); bytes32 answer = keccak256(abi.encodePacked(blockhash(guesses[msg.sender].block))); guesses[msg.sender].block = 0; if (guesses[msg.sender].guess == answer) { payable(msg.sender).transfer(2 ether); } } },"import { expect } from ""chai""; import { ethers } from ""hardhat""; describe(""PredictTheBlockHashChallenge reference (ethers v6; deploy may require constructor arguments)"", function () { it(""deploy PredictTheBlockHashChallenge by supplying its REQUIRED constructor arguments (read them from the contract constructor), then call methods and assert; use ethers.parseEther, await (await tx).wait(), and expect(...).to.be.reverted"", async function () { const [owner, addr1, addr2] = await ethers.getSigners(); const Factory = await ethers.getContractFactory(""PredictTheBlockHashChallenge""); const instance = await Factory.deploy(...constructorArgs); await instance.waitForDeployment(); }); });",False,True,"import { expect } from ""chai""; import { ethers } from ""hardhat"";  describe(""PredictTheBlockHashChallenge mutant test"", function () {   it(""should revert when deploying with more than 1 ether (mutant accepts >= 1 ether, original requires exactly 1 ether)"", async function () {     const [owner] = await ethers.getSigners();     const Factory = await ethers.getContractFactory(""PredictTheBlockHashChallenge"");          // Attempt to deploy with 2 ether instead of exactly 1 ether     // The original contract requires msg.value == 1 ether, so this should revert     // The mutant with >= 1 ether would accept it, so this test kills the mutant     await expect(       Factory.deploy({ value: ethers.parseEther(""2"") })     ).to.be.reverted;   }); });",compiled correctly
md5e14906,PredictTheBlockHashChallenge,<generic-v6-scaffold>,constructor,live, == , != ,---|         require(msg.value == 1 ether); +++|         require(msg.value != 1 ether);,14,Mutant md5e14906 of function constructor replaces == with !=,pragma solidity ^0.8.0; contract PredictTheBlockHashChallenge { struct Guess { uint block; bytes32 guess; } mapping(address => Guess) guesses; constructor() public payable { require(msg.value == 1 ether); } function lockInGuess(bytes32 hash) public payable { require(guesses[msg.sender].block == 0); require(msg.value == 1 ether); guesses[msg.sender].guess = hash; guesses[msg.sender].block = block.number + 1; } function settle() public { require(guesses[msg.sender].block != 0); require(block.number > guesses[msg.sender].block); bytes32 answer = keccak256(abi.encodePacked(blockhash(guesses[msg.sender].block))); guesses[msg.sender].block = 0; if (guesses[msg.sender].guess == answer) { payable(msg.sender).transfer(2 ether); } } },"import { expect } from ""chai""; import { ethers } from ""hardhat""; describe(""PredictTheBlockHashChallenge reference (ethers v6; deploy may require constructor arguments)"", function () { it(""deploy PredictTheBlockHashChallenge by supplying its REQUIRED constructor arguments (read them from the contract constructor), then call methods and assert; use ethers.parseEther, await (await tx).wait(), and expect(...).to.be.reverted"", async function () { const [owner, addr1, addr2] = await ethers.getSigners(); const Factory = await ethers.getContractFactory(""PredictTheBlockHashChallenge""); const instance = await Factory.deploy(...constructorArgs); await instance.waitForDeployment(); }); });",False,False,"import { expect } from ""chai""; import { ethers } from ""hardhat"";  describe(""PredictTheBlockHashChallenge mutant detection"", function () {   it(""should kill mutant md5e14906 by deploying with exactly 1 ether and expecting success"", async function () {     const [owner] = await ethers.getSigners();     const Factory = await ethers.getContractFactory(""PredictTheBlockHashChallenge"");          // Deploy with exactly 1 ether - this should succeed on original but fail on mutant     // because mutant requires msg.value != 1 ether     const ONE_ETHER = ethers.parseEther(""1.0"");          // The original contract constructor requires msg.value == 1 ether     // The mutant changes it to require(msg.value != 1 ether)     // Therefore deploying with exactly 1 ether will revert on the mutant     await expect(       Factory.deploy({ value: ONE_ETHER })     ).to.be.reverted;   }); });","""['Error: syntax error']"""
m9752078e,PredictTheBlockHashChallenge,<generic-v6-scaffold>,lockInGuess,live, == , != ,---|         require(guesses[msg.sender].block == 0); +++|         require(guesses[msg.sender].block != 0);,18,Mutant m9752078e of function lockInGuess replaces == with !=,pragma solidity ^0.8.0; contract PredictTheBlockHashChallenge { struct Guess { uint block; bytes32 guess; } mapping(address => Guess) guesses; constructor() public payable { require(msg.value == 1 ether); } function lockInGuess(bytes32 hash) public payable { require(guesses[msg.sender].block == 0); require(msg.value == 1 ether); guesses[msg.sender].guess = hash; guesses[msg.sender].block = block.number + 1; } function settle() public { require(guesses[msg.sender].block != 0); require(block.number > guesses[msg.sender].block); bytes32 answer = keccak256(abi.encodePacked(blockhash(guesses[msg.sender].block))); guesses[msg.sender].block = 0; if (guesses[msg.sender].guess == answer) { payable(msg.sender).transfer(2 ether); } } },"import { expect } from ""chai""; import { ethers } from ""hardhat""; describe(""PredictTheBlockHashChallenge reference (ethers v6; deploy may require constructor arguments)"", function () { it(""deploy PredictTheBlockHashChallenge by supplying its REQUIRED constructor arguments (read them from the contract constructor), then call methods and assert; use ethers.parseEther, await (await tx).wait(), and expect(...).to.be.reverted"", async function () { const [owner, addr1, addr2] = await ethers.getSigners(); const Factory = await ethers.getContractFactory(""PredictTheBlockHashChallenge""); const instance = await Factory.deploy(...constructorArgs); await instance.waitForDeployment(); }); });",False,False,"import { expect } from ""chai""; import { ethers } } from ""hardhat"";  describe(""PredictTheBlockHashChallenge mutant detection"", function () {     it(""should revert on first lockInGuess call from a fresh address when mutant changes == to !="", async function () {         const [owner, addr1] = await ethers.getSigners();         const Factory = await ethers.getContractFactory(""PredictTheBlockHashChallenge"");         const instance = await Factory.deploy({ value: ethers.parseEther(""1"") });         await instance.waitForDeployment();          // Attempt to call lockInGuess for the first time from addr1 (no previous guess)         // In the original contract this would succeed, but the mutant requires guesses[addr1].block != 0         // Since it's 0, the transaction should revert         const dummyHash = ethers.keccak256(ethers.toUtf8Bytes(""test""));         await expect(             instance.connect(addr1).lockInGuess(dummyHash, { value: ethers.parseEther(""1"") })         ).to.be.reverted;     }); });","""['Error: syntax error']"""
mba599e32,PredictTheBlockHashChallenge,<generic-v6-scaffold>,lockInGuess,live, == , <= ,---|         require(msg.value == 1 ether); +++|         require(msg.value <= 1 ether);,19,Mutant mba599e32 of function lockInGuess replaces == with <=,pragma solidity ^0.8.0; contract PredictTheBlockHashChallenge { struct Guess { uint block; bytes32 guess; } mapping(address => Guess) guesses; constructor() public payable { require(msg.value == 1 ether); } function lockInGuess(bytes32 hash) public payable { require(guesses[msg.sender].block == 0); require(msg.value == 1 ether); guesses[msg.sender].guess = hash; guesses[msg.sender].block = block.number + 1; } function settle() public { require(guesses[msg.sender].block != 0); require(block.number > guesses[msg.sender].block); bytes32 answer = keccak256(abi.encodePacked(blockhash(guesses[msg.sender].block))); guesses[msg.sender].block = 0; if (guesses[msg.sender].guess == answer) { payable(msg.sender).transfer(2 ether); } } },"import { expect } from ""chai""; import { ethers } from ""hardhat""; describe(""PredictTheBlockHashChallenge reference (ethers v6; deploy may require constructor arguments)"", function () { it(""deploy PredictTheBlockHashChallenge by supplying its REQUIRED constructor arguments (read them from the contract constructor), then call methods and assert; use ethers.parseEther, await (await tx).wait(), and expect(...).to.be.reverted"", async function () { const [owner, addr1, addr2] = await ethers.getSigners(); const Factory = await ethers.getContractFactory(""PredictTheBlockHashChallenge""); const instance = await Factory.deploy(...constructorArgs); await instance.waitForDeployment(); }); });",False,False,"import { expect } from ""chai""; import { ethers } from ""hardhat"";  describe(""PredictTheBlockHashChallenge mutant mba599e32"", function () {   it(""should allow lockInGuess with msg.value less than 1 ether (mutant accepts <= 1 ether)"", async function () {     const [owner, player] = await ethers.getSigners();     const Factory = await ethers.getContractFactory(""PredictTheBlockHashChallenge"");     const instance = await Factory.deploy({ value: ethers.parseEther(""1"") });     await instance.waitForDeployment();      // Send only 0.5 ether - mutant should accept it (<= 1 ether), original would revert     const guessHash = ethers.keccak256(ethers.toUtf8Bytes(""test""));     await expect(       instance.connect(player).lockInGuess(guessHash, { value: ethers.parseEther(""0.5"") })     ).to.not.be.reverted;   }); });","""['Error: syntax error']"""
m17725045,PredictTheBlockHashChallenge,<generic-v6-scaffold>,lockInGuess,live, == , >= ,---|         require(msg.value == 1 ether); +++|         require(msg.value >= 1 ether);,19,Mutant m17725045 of function lockInGuess replaces == with >=,pragma solidity ^0.8.0; contract PredictTheBlockHashChallenge { struct Guess { uint block; bytes32 guess; } mapping(address => Guess) guesses; constructor() public payable { require(msg.value == 1 ether); } function lockInGuess(bytes32 hash) public payable { require(guesses[msg.sender].block == 0); require(msg.value == 1 ether); guesses[msg.sender].guess = hash; guesses[msg.sender].block = block.number + 1; } function settle() public { require(guesses[msg.sender].block != 0); require(block.number > guesses[msg.sender].block); bytes32 answer = keccak256(abi.encodePacked(blockhash(guesses[msg.sender].block))); guesses[msg.sender].block = 0; if (guesses[msg.sender].guess == answer) { payable(msg.sender).transfer(2 ether); } } },"import { expect } from ""chai""; import { ethers } from ""hardhat""; describe(""PredictTheBlockHashChallenge reference (ethers v6; deploy may require constructor arguments)"", function () { it(""deploy PredictTheBlockHashChallenge by supplying its REQUIRED constructor arguments (read them from the contract constructor), then call methods and assert; use ethers.parseEther, await (await tx).wait(), and expect(...).to.be.reverted"", async function () { const [owner, addr1, addr2] = await ethers.getSigners(); const Factory = await ethers.getContractFactory(""PredictTheBlockHashChallenge""); const instance = await Factory.deploy(...constructorArgs); await instance.waitForDeployment(); }); });",False,False,"import { expect } from ""chai""; import { ethers } from ""hardhat"";  describe(""PredictTheBlockHashChallenge mutant m17725045 test"", function () {   it(""should kill mutant by sending more than 1 ether to lockInGuess"", async function () {     const [owner, addr1] = await ethers.getSigners();     const Factory = await ethers.getContractFactory(""PredictTheBlockHashChallenge"");     const instance = await Factory.deploy({ value: ethers.parseEther(""1"") });     await instance.waitForDeployment();      // Send 2 ether (more than the required 1 ether) - should fail on original but succeed on mutant     const guessHash = ethers.keccak256(ethers.toUtf8Bytes(""testGuess""));     const tx = instance.connect(addr1).lockInGuess(guessHash, { value: ethers.parseEther(""2"") });          // On original contract this would revert because msg.value must be exactly 1 ether     // On mutant this succeeds because msg.value >= 1 ether is allowed     await expect(tx).to.be.reverted;   }); });","""['Error: syntax error']"""
me2432ecd,PredictTheBlockHashChallenge,<generic-v6-scaffold>,lockInGuess,live, == , != ,---|         require(msg.value == 1 ether); +++|         require(msg.value != 1 ether);,19,Mutant me2432ecd of function lockInGuess replaces == with !=,pragma solidity ^0.8.0; contract PredictTheBlockHashChallenge { struct Guess { uint block; bytes32 guess; } mapping(address => Guess) guesses; constructor() public payable { require(msg.value == 1 ether); } function lockInGuess(bytes32 hash) public payable { require(guesses[msg.sender].block == 0); require(msg.value == 1 ether); guesses[msg.sender].guess = hash; guesses[msg.sender].block = block.number + 1; } function settle() public { require(guesses[msg.sender].block != 0); require(block.number > guesses[msg.sender].block); bytes32 answer = keccak256(abi.encodePacked(blockhash(guesses[msg.sender].block))); guesses[msg.sender].block = 0; if (guesses[msg.sender].guess == answer) { payable(msg.sender).transfer(2 ether); } } },"import { expect } from ""chai""; import { ethers } from ""hardhat""; describe(""PredictTheBlockHashChallenge reference (ethers v6; deploy may require constructor arguments)"", function () { it(""deploy PredictTheBlockHashChallenge by supplying its REQUIRED constructor arguments (read them from the contract constructor), then call methods and assert; use ethers.parseEther, await (await tx).wait(), and expect(...).to.be.reverted"", async function () { const [owner, addr1, addr2] = await ethers.getSigners(); const Factory = await ethers.getContractFactory(""PredictTheBlockHashChallenge""); const instance = await Factory.deploy(...constructorArgs); await instance.waitForDeployment(); }); });",False,False,"import { expect } from ""chai""; import { ethers } from ""hardhat"";  describe(""PredictTheBlockHashChallenge mutant test"", function () {   it(""should kill mutant me2432ecd by sending exactly 1 ether to lockInGuess"", async function () {     const [owner, player] = await ethers.getSigners();     const Factory = await ethers.getContractFactory(""PredictTheBlockHashChallenge"");     const instance = await Factory.deploy({ value: ethers.parseEther(""1"") });     await instance.waitForDeployment();      const hashToLock = ethers.keccak256(ethers.toUtf8Bytes(""test""));          // This should succeed on original but fail on mutant (mutant requires msg.value != 1 ether)     await expect(       instance.connect(player).lockInGuess(hashToLock, { value: ethers.parseEther(""1"") })     ).to.not.be.reverted;   }); });","""['Error: syntax error']"""
m49c0eb3e,PredictTheBlockHashChallenge,<generic-v6-scaffold>,lockInGuess,live, + , - ,---|         guesses[msg.sender].block = block.number + 1; +++|         guesses[msg.sender].block = block.number - 1;,22,Mutant m49c0eb3e of function lockInGuess replaces + with -,pragma solidity ^0.8.0; contract PredictTheBlockHashChallenge { struct Guess { uint block; bytes32 guess; } mapping(address => Guess) guesses; constructor() public payable { require(msg.value == 1 ether); } function lockInGuess(bytes32 hash) public payable { require(guesses[msg.sender].block == 0); require(msg.value == 1 ether); guesses[msg.sender].guess = hash; guesses[msg.sender].block = block.number + 1; } function settle() public { require(guesses[msg.sender].block != 0); require(block.number > guesses[msg.sender].block); bytes32 answer = keccak256(abi.encodePacked(blockhash(guesses[msg.sender].block))); guesses[msg.sender].block = 0; if (guesses[msg.sender].guess == answer) { payable(msg.sender).transfer(2 ether); } } },"import { expect } from ""chai""; import { ethers } from ""hardhat""; describe(""PredictTheBlockHashChallenge reference (ethers v6; deploy may require constructor arguments)"", function () { it(""deploy PredictTheBlockHashChallenge by supplying its REQUIRED constructor arguments (read them from the contract constructor), then call methods and assert; use ethers.parseEther, await (await tx).wait(), and expect(...).to.be.reverted"", async function () { const [owner, addr1, addr2] = await ethers.getSigners(); const Factory = await ethers.getContractFactory(""PredictTheBlockHashChallenge""); const instance = await Factory.deploy(...constructorArgs); await instance.waitForDeployment(); }); });",False,False,"import { expect } from ""chai""; import { ethers } from ""hardhat"";  describe(""PredictTheBlockHashChallenge mutant m49c0eb3e test"", function () {   it(""should kill the mutant by settling with a past blockhash"", async function () {     const [owner, attacker] = await ethers.getSigners();          // Deploy with 1 ether as required by constructor     const Factory = await ethers.getContractFactory(""PredictTheBlockHashChallenge"");     const instance = await Factory.deploy({ value: ethers.parseEther(""1"") });     await instance.waitForDeployment();          // Get current block number     const currentBlock = await ethers.provider.getBlockNumber();          // The mutant sets guesses[msg.sender].block = block.number - 1     // So if we lock in at block N, the target block will be N-1 (a past block)     // Get the blockhash of the block just before the current one     const pastBlockHash = (await ethers.provider.getBlock(currentBlock - 1)).hash;          // Lock in a guess with the known past blockhash     // We need to provide 1 ether as msg.value     const lockTx = await instance.connect(attacker).lockInGuess(       ethers.keccak256(ethers.toUtf8Bytes(pastBlockHash)),       { value: ethers.parseEther(""1"") }     );     await lockTx.wait();          // Now the locked block is currentBlock - 1 (due to mutation)     // We can immediately settle since block.number > (block.number - 1)     // The answer will be blockhash(block.number - 1) which we already know     const settleTx = await instance.connect(attacker).settle();     await settleTx.wait();          // Check that attacker received 2 ether     const attackerBalance = await ethers.provider.getBalance(attacker.address);     // Attacker spent 1 ether to lock in, should have gained 2 ether net +1     expect(attackerBalance).to.be.gt(ethers.parseEther(""10000"")); // Initial balance is ~10000 ETH   }); });","""['Error: syntax error']"""
mfeda8edf,PredictTheBlockHashChallenge,<generic-v6-scaffold>,lockInGuess,live, + , * ,---|         guesses[msg.sender].block = block.number + 1; +++|         guesses[msg.sender].block = block.number * 1;,22,Mutant mfeda8edf of function lockInGuess replaces + with *,pragma solidity ^0.8.0; contract PredictTheBlockHashChallenge { struct Guess { uint block; bytes32 guess; } mapping(address => Guess) guesses; constructor() public payable { require(msg.value == 1 ether); } function lockInGuess(bytes32 hash) public payable { require(guesses[msg.sender].block == 0); require(msg.value == 1 ether); guesses[msg.sender].guess = hash; guesses[msg.sender].block = block.number + 1; } function settle() public { require(guesses[msg.sender].block != 0); require(block.number > guesses[msg.sender].block); bytes32 answer = keccak256(abi.encodePacked(blockhash(guesses[msg.sender].block))); guesses[msg.sender].block = 0; if (guesses[msg.sender].guess == answer) { payable(msg.sender).transfer(2 ether); } } },"import { expect } from ""chai""; import { ethers } from ""hardhat""; describe(""PredictTheBlockHashChallenge reference (ethers v6; deploy may require constructor arguments)"", function () { it(""deploy PredictTheBlockHashChallenge by supplying its REQUIRED constructor arguments (read them from the contract constructor), then call methods and assert; use ethers.parseEther, await (await tx).wait(), and expect(...).to.be.reverted"", async function () { const [owner, addr1, addr2] = await ethers.getSigners(); const Factory = await ethers.getContractFactory(""PredictTheBlockHashChallenge""); const instance = await Factory.deploy(...constructorArgs); await instance.waitForDeployment(); }); });",False,False,"import { expect } from ""chai""; import { ethers } from ""hardhat"";  describe(""PredictTheBlockHashChallenge mutant detection"", function () {   it(""should detect the mutant by verifying that settle() uses the correct block number"", async function () {     const [owner, player] = await ethers.getSigners();          // Deploy the contract with 1 ether     const Factory = await ethers.getContractFactory(""PredictTheBlockHashChallenge"");     const contract = await Factory.deploy({ value: ethers.parseEther(""1"") });     await contract.waitForDeployment();      // Player locks in a guess with 1 ether     const guessHash = ethers.keccak256(ethers.toUtf8Bytes(""test""));     const lockTx = await contract.connect(player).lockInGuess(guessHash, { value: ethers.parseEther(""1"") });     await lockTx.wait();      // Get the block number when lockInGuess was mined     const lockBlock = await ethers.provider.getBlock(lockTx.blockNumber);     const lockBlockNumber = lockBlock.number;      // Mine one more block so block.number > stored block     await ethers.provider.send(""evm_mine"", []);      // Settle the challenge     const settleTx = await contract.connect(player).settle();     const settleReceipt = await settleTx.wait();      // Get the blockhash that would be used in the original contract (block.number + 1)     const expectedBlockNumber = lockBlockNumber + 1;     const expectedBlock = await ethers.provider.getBlock(expectedBlockNumber);     const expectedBlockHash = expectedBlock.hash;      // The original contract uses blockhash(guesses[msg.sender].block) where block = block.number + 1     // The mutant uses block = block.number * 1, which equals lockBlockNumber     // If the mutant is present, it will use blockhash(lockBlockNumber) instead of blockhash(lockBlockNumber + 1)          // To detect the mutant, we check if the contract behaved correctly:     // The correct behavior (original) uses blockhash of lockBlockNumber + 1     // The mutant uses blockhash of lockBlockNumber          // If the player's guess matches the expected blockhash (original behavior),      // the transfer of 2 ether should happen. If mutant is present, it won't match.          // We can verify by checking if the player's balance increased by 2 ether     const playerBalanceBefore = await ethers.provider.getBalance(player.address);          // If guess matches expectedBlockHash (which it doesn't - we just set a random hash),     // then in original: no transfer happens     // In mutant: no transfer happens either (since guess doesn't match lockBlockNumber's hash)          // To properly detect, we need to make the guess match what the mutant would check     // Let's redo with proper guess for mutant detection          // Deploy new contract for clean test     const contract2 = await Factory.deploy({ value: ethers.parseEther(""1"") });     await contract2.waitForDeployment();      // Get current block number     const currentBlock = await ethers.provider.getBlock(""latest"");     const currentBlockNum = currentBlock.number;      // Lock in guess with the actual blockhash of current block (what mutant would use)     const currentBlockHash = currentBlock.hash;     const lockTx2 = await contract2.connect(player).lockInGuess(currentBlockHash, { value: ethers.parseEther(""1"") });     await lockTx2.wait();      // Mine two blocks to satisfy block.number > stored block     await ethers.provider.send(""evm_mine"", []);     await ethers.provider.send(""evm_mine"", []);      // Check player balance before settle     const balanceBefore = await ethers.provider.getBalance(player.address);          // Settle - in original: uses blockhash(currentBlockNum + 1) != currentBlockHash, so no transfer     // In mutant: uses blockhash(currentBlockNum) == currentBlockHash, so transfer of 2 ether happens     await contract2.connect(player).settle();          const balanceAfter = await ethers.provider.getBalance(player.address);     const difference = balanceAfter - balanceBefore;      // The original would not transfer (difference = 0 minus gas costs)     // The mutant would transfer 2 ether (difference = 2 ether minus gas costs)     // So if difference is close to 2 ether, mutant is present     // If difference is close to 0 (or negative due to gas), original is present     expect(difference).to.be.lessThan(ethers.parseEther(""2""));     expect(difference).to.be.greaterThan(ethers.parseEther(""-0.1"")); // Allow for gas costs   }); });","""['Error: syntax error']"""
m761dc6e2,PredictTheBlockHashChallenge,<generic-v6-scaffold>,settle,live, != , == ,---|         require(guesses[msg.sender].block != 0); +++|         require(guesses[msg.sender].block == 0);,26,Mutant m761dc6e2 of function settle replaces != with ==,pragma solidity ^0.8.0; contract PredictTheBlockHashChallenge { struct Guess { uint block; bytes32 guess; } mapping(address => Guess) guesses; constructor() public payable { require(msg.value == 1 ether); } function lockInGuess(bytes32 hash) public payable { require(guesses[msg.sender].block == 0); require(msg.value == 1 ether); guesses[msg.sender].guess = hash; guesses[msg.sender].block = block.number + 1; } function settle() public { require(guesses[msg.sender].block != 0); require(block.number > guesses[msg.sender].block); bytes32 answer = keccak256(abi.encodePacked(blockhash(guesses[msg.sender].block))); guesses[msg.sender].block = 0; if (guesses[msg.sender].guess == answer) { payable(msg.sender).transfer(2 ether); } } },"import { expect } from ""chai""; import { ethers } from ""hardhat""; describe(""PredictTheBlockHashChallenge reference (ethers v6; deploy may require constructor arguments)"", function () { it(""deploy PredictTheBlockHashChallenge by supplying its REQUIRED constructor arguments (read them from the contract constructor), then call methods and assert; use ethers.parseEther, await (await tx).wait(), and expect(...).to.be.reverted"", async function () { const [owner, addr1, addr2] = await ethers.getSigners(); const Factory = await ethers.getContractFactory(""PredictTheBlockHashChallenge""); const instance = await Factory.deploy(...constructorArgs); await instance.waitForDeployment(); }); });",False,False,"import { expect } from ""chai""; import { ethers } } from ""hardhat"";  describe(""PredictTheBlockHashChallenge mutant detection"", function () {   it(""should kill mutant m761dc6e2 by testing that settle reverts when block == 0 is required"", async function () {     const [owner, player] = await ethers.getSigners();          // Deploy contract with 1 ether     const Factory = await ethers.getContractFactory(""PredictTheBlockHashChallenge"");     const contract = await Factory.deploy({ value: ethers.parseEther(""1"") });     await contract.waitForDeployment();          // Player locks in a guess with 1 ether     const guessHash = ethers.keccak256(ethers.toUtf8Bytes(""test""));     const lockTx = await contract.connect(player).lockInGuess(guessHash, { value: ethers.parseEther(""1"") });     await lockTx.wait();          // Get the block number where guess was locked     const lockBlock = await ethers.provider.getBlock(lockTx.blockNumber);     const targetBlock = lockBlock.number + 1;          // Mine enough blocks to surpass the target block     await ethers.provider.send(""hardhat_mine"", [ethers.toQuantity(2)]);          // Now try to settle - should revert because the mutant requires guesses[msg.sender].block == 0     // but the player's block is set to a non-zero value from lockInGuess     await expect(       contract.connect(player).settle()     ).to.be.reverted;   }); });","""['Error: syntax error']"""
mc8eaf088,PredictTheBlockHashChallenge,<generic-v6-scaffold>,settle,live, > , < ,---|         require(block.number > guesses[msg.sender].block); +++|         require(block.number < guesses[msg.sender].block);,27,Mutant mc8eaf088 of function settle replaces > with <,pragma solidity ^0.8.0; contract PredictTheBlockHashChallenge { struct Guess { uint block; bytes32 guess; } mapping(address => Guess) guesses; constructor() public payable { require(msg.value == 1 ether); } function lockInGuess(bytes32 hash) public payable { require(guesses[msg.sender].block == 0); require(msg.value == 1 ether); guesses[msg.sender].guess = hash; guesses[msg.sender].block = block.number + 1; } function settle() public { require(guesses[msg.sender].block != 0); require(block.number > guesses[msg.sender].block); bytes32 answer = keccak256(abi.encodePacked(blockhash(guesses[msg.sender].block))); guesses[msg.sender].block = 0; if (guesses[msg.sender].guess == answer) { payable(msg.sender).transfer(2 ether); } } },"import { expect } from ""chai""; import { ethers } from ""hardhat""; describe(""PredictTheBlockHashChallenge reference (ethers v6; deploy may require constructor arguments)"", function () { it(""deploy PredictTheBlockHashChallenge by supplying its REQUIRED constructor arguments (read them from the contract constructor), then call methods and assert; use ethers.parseEther, await (await tx).wait(), and expect(...).to.be.reverted"", async function () { const [owner, addr1, addr2] = await ethers.getSigners(); const Factory = await ethers.getContractFactory(""PredictTheBlockHashChallenge""); const instance = await Factory.deploy(...constructorArgs); await instance.waitForDeployment(); }); });",False,False,"import { expect } from ""chai""; import { ethers } from ""hardhat"";  describe(""PredictTheBlockHashChallenge mutant mc8eaf088 test"", function () {   it(""should detect mutant by settling immediately after lock-in (block.number < guesses[msg.sender].block)"", async function () {     const [owner, player] = await ethers.getSigners();          // Deploy contract with 1 ETH     const Factory = await ethers.getContractFactory(""PredictTheBlockHashChallenge"");     const instance = await Factory.deploy({ value: ethers.parseEther(""1"") });     await instance.waitForDeployment();          // Player locks in a guess with 1 ETH     const guessHash = ethers.keccak256(ethers.toUtf8Bytes(""test""));     const lockTx = await instance.connect(player).lockInGuess(guessHash, { value: ethers.parseEther(""1"") });     await lockTx.wait();          // Immediately try to settle (before any new block is mined)     // In the original contract this would revert because block.number <= guesses[msg.sender].block     // In the mutant with < instead of >, this should succeed and pay out 2 ETH     const playerBalanceBefore = await ethers.provider.getBalance(player.address);          const settleTx = await instance.connect(player).settle();     await settleTx.wait();          const playerBalanceAfter = await ethers.provider.getBalance(player.address);          // The mutant allows settlement to succeed and transfer 2 ETH     // The original would revert, so if we get here without revert and balance increased, mutant is killed     expect(playerBalanceAfter).to.be.greaterThan(playerBalanceBefore);   }); });","""['Error: syntax error']"""
m8d485f63,PredictTheBlockHashChallenge,<generic-v6-scaffold>,settle,live, > , >=  ,---|         require(block.number > guesses[msg.sender].block); +++|         require(block.number >=  guesses[msg.sender].block);,27,Mutant m8d485f63 of function settle replaces > with >=,pragma solidity ^0.8.0; contract PredictTheBlockHashChallenge { struct Guess { uint block; bytes32 guess; } mapping(address => Guess) guesses; constructor() public payable { require(msg.value == 1 ether); } function lockInGuess(bytes32 hash) public payable { require(guesses[msg.sender].block == 0); require(msg.value == 1 ether); guesses[msg.sender].guess = hash; guesses[msg.sender].block = block.number + 1; } function settle() public { require(guesses[msg.sender].block != 0); require(block.number > guesses[msg.sender].block); bytes32 answer = keccak256(abi.encodePacked(blockhash(guesses[msg.sender].block))); guesses[msg.sender].block = 0; if (guesses[msg.sender].guess == answer) { payable(msg.sender).transfer(2 ether); } } },"import { expect } from ""chai""; import { ethers } from ""hardhat""; describe(""PredictTheBlockHashChallenge reference (ethers v6; deploy may require constructor arguments)"", function () { it(""deploy PredictTheBlockHashChallenge by supplying its REQUIRED constructor arguments (read them from the contract constructor), then call methods and assert; use ethers.parseEther, await (await tx).wait(), and expect(...).to.be.reverted"", async function () { const [owner, addr1, addr2] = await ethers.getSigners(); const Factory = await ethers.getContractFactory(""PredictTheBlockHashChallenge""); const instance = await Factory.deploy(...constructorArgs); await instance.waitForDeployment(); }); });",False,False,"import { expect } from ""chai""; import { ethers } from ""hardhat"";  describe(""PredictTheBlockHashChallenge mutant detection"", function () {   it(""should revert when settle is called in the same block as lockInGuess (original contract) but succeed on mutant"", async function () {     const [owner, player] = await ethers.getSigners();     const Factory = await ethers.getContractFactory(""PredictTheBlockHashChallenge"");     const instance = await Factory.deploy({ value: ethers.parseEther(""1"") });     await instance.waitForDeployment();      // Player locks in a guess with 1 ether     const guessHash = ethers.keccak256(ethers.toUtf8Bytes(""test""));     await instance.connect(player).lockInGuess(guessHash, { value: ethers.parseEther(""1"") });      // Try to settle immediately in the same block - should revert in original, pass in mutant     await expect(       instance.connect(player).settle()     ).to.be.reverted;   }); });","""['Error: syntax error']"""
m4e91fff5,PredictTheBlockHashChallenge,<generic-v6-scaffold>,settle,live, == , <= ,---|         if (guesses[msg.sender].guess == answer) { +++|         if (guesses[msg.sender].guess <= answer) {,32,Mutant m4e91fff5 of function settle replaces == with <=,pragma solidity ^0.8.0; contract PredictTheBlockHashChallenge { struct Guess { uint block; bytes32 guess; } mapping(address => Guess) guesses; constructor() public payable { require(msg.value == 1 ether); } function lockInGuess(bytes32 hash) public payable { require(guesses[msg.sender].block == 0); require(msg.value == 1 ether); guesses[msg.sender].guess = hash; guesses[msg.sender].block = block.number + 1; } function settle() public { require(guesses[msg.sender].block != 0); require(block.number > guesses[msg.sender].block); bytes32 answer = keccak256(abi.encodePacked(blockhash(guesses[msg.sender].block))); guesses[msg.sender].block = 0; if (guesses[msg.sender].guess == answer) { payable(msg.sender).transfer(2 ether); } } },"import { expect } from ""chai""; import { ethers } from ""hardhat""; describe(""PredictTheBlockHashChallenge reference (ethers v6; deploy may require constructor arguments)"", function () { it(""deploy PredictTheBlockHashChallenge by supplying its REQUIRED constructor arguments (read them from the contract constructor), then call methods and assert; use ethers.parseEther, await (await tx).wait(), and expect(...).to.be.reverted"", async function () { const [owner, addr1, addr2] = await ethers.getSigners(); const Factory = await ethers.getContractFactory(""PredictTheBlockHashChallenge""); const instance = await Factory.deploy(...constructorArgs); await instance.waitForDeployment(); }); });",False,False,"import { expect } from ""chai""; import { ethers } from ""hardhat"";  describe(""PredictTheBlockHashChallenge mutant detection (m4e91fff5)"", function () {   it(""should kill the mutant by submitting a guess less than the actual block hash"", async function () {     const [owner, player] = await ethers.getSigners();          // Deploy the contract with 1 ether     const Factory = await ethers.getContractFactory(""PredictTheBlockHashChallenge"");     const contract = await Factory.deploy({ value: ethers.parseEther(""1"") });     await contract.waitForDeployment();          // Player locks in a guess - we'll use a hash that is numerically smaller     // than the actual blockhash that will be revealed     const guessHash = ethers.keccak256(ethers.toUtf8Bytes(""small""));          // Player locks in the guess with 1 ether     const lockTx = await contract.connect(player).lockInGuess(guessHash, {       value: ethers.parseEther(""1"")     });     await lockTx.wait();          // Mine a block to advance past the target block     await ethers.provider.send(""evm_mine"", []);          // Settle the guess     const settleTx = await contract.connect(player).settle();     await settleTx.wait();          // Get the contract balance after settlement     const balanceAfter = await ethers.provider.getBalance(contract.getAddress());          // In the original contract, the player should NOT win because the guess     // is not equal to the blockhash. The contract should still have 2 ether     // (original 1 + player's 1 = 2, no payout since guess doesn't match)     // In the mutant, the <= comparison would incorrectly pay out, reducing balance to 0     expect(balanceAfter).to.equal(ethers.parseEther(""2""));   }); });","""['Error: syntax error']"""
md067b820,PredictTheBlockHashChallenge,<generic-v6-scaffold>,settle,live, == , >= ,---|         if (guesses[msg.sender].guess == answer) { +++|         if (guesses[msg.sender].guess >= answer) {,32,Mutant md067b820 of function settle replaces == with >=,pragma solidity ^0.8.0; contract PredictTheBlockHashChallenge { struct Guess { uint block; bytes32 guess; } mapping(address => Guess) guesses; constructor() public payable { require(msg.value == 1 ether); } function lockInGuess(bytes32 hash) public payable { require(guesses[msg.sender].block == 0); require(msg.value == 1 ether); guesses[msg.sender].guess = hash; guesses[msg.sender].block = block.number + 1; } function settle() public { require(guesses[msg.sender].block != 0); require(block.number > guesses[msg.sender].block); bytes32 answer = keccak256(abi.encodePacked(blockhash(guesses[msg.sender].block))); guesses[msg.sender].block = 0; if (guesses[msg.sender].guess == answer) { payable(msg.sender).transfer(2 ether); } } },"import { expect } from ""chai""; import { ethers } from ""hardhat""; describe(""PredictTheBlockHashChallenge reference (ethers v6; deploy may require constructor arguments)"", function () { it(""deploy PredictTheBlockHashChallenge by supplying its REQUIRED constructor arguments (read them from the contract constructor), then call methods and assert; use ethers.parseEther, await (await tx).wait(), and expect(...).to.be.reverted"", async function () { const [owner, addr1, addr2] = await ethers.getSigners(); const Factory = await ethers.getContractFactory(""PredictTheBlockHashChallenge""); const instance = await Factory.deploy(...constructorArgs); await instance.waitForDeployment(); }); });",False,False,"import { expect } from ""chai""; import { ethers } from ""hardhat"";  describe(""PredictTheBlockHashChallenge - kill mutant md067b820"", function () {   it(""should fail to win with max bytes32 guess on original but pass on mutant"", async function () {     const [owner, player] = await ethers.getSigners();          // Deploy contract with 1 ether     const Factory = await ethers.getContractFactory(""PredictTheBlockHashChallenge"");     const instance = await Factory.deploy({ value: ethers.parseEther(""1"") });     await instance.waitForDeployment();          // Player locks in guess with the maximum possible bytes32 value     const maxBytes32 = ""0xffffffffffffffffffffffffffffffffffffffffffffffffffffffffffffffff"";     const lockTx = await instance.connect(player).lockInGuess(maxBytes32, {       value: ethers.parseEther(""1"")     });     await lockTx.wait();          // Mine blocks to advance past the target block     const targetBlock = (await ethers.provider.getBlock(""latest"")).number + 1;     while ((await ethers.provider.getBlock(""latest"")).number <= targetBlock) {       await ethers.provider.send(""evm_mine"", []);     }          // Settle the guess - should revert because max value != blockhash     await expect(       instance.connect(player).settle()     ).to.be.reverted;   }); });","""['Error: syntax error']"""
mc1f84c66,PredictTheBlockHashChallenge,<generic-v6-scaffold>,settle,live, == , != ,---|         if (guesses[msg.sender].guess == answer) { +++|         if (guesses[msg.sender].guess != answer) {,32,Mutant mc1f84c66 of function settle replaces == with !=,pragma solidity ^0.8.0; contract PredictTheBlockHashChallenge { struct Guess { uint block; bytes32 guess; } mapping(address => Guess) guesses; constructor() public payable { require(msg.value == 1 ether); } function lockInGuess(bytes32 hash) public payable { require(guesses[msg.sender].block == 0); require(msg.value == 1 ether); guesses[msg.sender].guess = hash; guesses[msg.sender].block = block.number + 1; } function settle() public { require(guesses[msg.sender].block != 0); require(block.number > guesses[msg.sender].block); bytes32 answer = keccak256(abi.encodePacked(blockhash(guesses[msg.sender].block))); guesses[msg.sender].block = 0; if (guesses[msg.sender].guess == answer) { payable(msg.sender).transfer(2 ether); } } },"import { expect } from ""chai""; import { ethers } from ""hardhat""; describe(""PredictTheBlockHashChallenge reference (ethers v6; deploy may require constructor arguments)"", function () { it(""deploy PredictTheBlockHashChallenge by supplying its REQUIRED constructor arguments (read them from the contract constructor), then call methods and assert; use ethers.parseEther, await (await tx).wait(), and expect(...).to.be.reverted"", async function () { const [owner, addr1, addr2] = await ethers.getSigners(); const Factory = await ethers.getContractFactory(""PredictTheBlockHashChallenge""); const instance = await Factory.deploy(...constructorArgs); await instance.waitForDeployment(); }); });",False,False,"import { expect } from ""chai""; import { ethers } from ""hardhat"";  describe(""PredictTheBlockHashChallenge mutant test"", function () {   it(""should kill mutant mc1f84c66 by verifying correct guess pays out, not incorrect guess"", async function () {     const [owner, player] = await ethers.getSigners();     const Factory = await ethers.getContractFactory(""PredictTheBlockHashChallenge"");     const contract = await Factory.deploy({ value: ethers.parseEther(""1"") });     await contract.waitForDeployment();      // Player locks in 1 ether and guesses the hash of block number 1 (block after lock-in)     const targetBlock = 1;     const blockHash = ethers.keccak256(       ethers.toUtf8Bytes(ethers.toBeHex(targetBlock))     );     // We need a real blockhash, so we mine blocks and capture actual blockhash     await network.provider.send(""evm_mine"");     const block = await ethers.provider.getBlock(""latest"");     const realBlockHash = block.hash;      // Player locks in a correct guess (the actual blockhash of block 1)     await contract.connect(player).lockInGuess(realBlockHash, {       value: ethers.parseEther(""1""),     });      // Mine blocks until we pass the target block     await network.provider.send(""evm_mine"");      // Get player balance before settle     const balanceBefore = await ethers.provider.getBalance(player.address);      // Settle the guess     const tx = await contract.connect(player).settle();     const receipt = await tx.wait();      // Get player balance after settle     const balanceAfter = await ethers.provider.getBalance(player.address);      // In original contract, correct guess should pay 2 ether     // In mutant (== changed to !=), correct guess would NOT pay     // So we assert that player gained ether (original behavior) vs mutant would fail this     expect(balanceAfter - balanceBefore).to.equal(ethers.parseEther(""2""));   }); });","""['Error: syntax error']"""
m29a9ca51,PredictTheBlockHashChallenge,<generic-v6-scaffold>,settle,live,guesses[msg.sender].guess == answer,true,---|         if (guesses[msg.sender].guess == answer) { +++|         if (true) {,32,Mutant m29a9ca51 of function settle replaces guesses[msg.sender].guess == answer with true,pragma solidity ^0.8.0; contract PredictTheBlockHashChallenge { struct Guess { uint block; bytes32 guess; } mapping(address => Guess) guesses; constructor() public payable { require(msg.value == 1 ether); } function lockInGuess(bytes32 hash) public payable { require(guesses[msg.sender].block == 0); require(msg.value == 1 ether); guesses[msg.sender].guess = hash; guesses[msg.sender].block = block.number + 1; } function settle() public { require(guesses[msg.sender].block != 0); require(block.number > guesses[msg.sender].block); bytes32 answer = keccak256(abi.encodePacked(blockhash(guesses[msg.sender].block))); guesses[msg.sender].block = 0; if (guesses[msg.sender].guess == answer) { payable(msg.sender).transfer(2 ether); } } },"import { expect } from ""chai""; import { ethers } from ""hardhat""; describe(""PredictTheBlockHashChallenge reference (ethers v6; deploy may require constructor arguments)"", function () { it(""deploy PredictTheBlockHashChallenge by supplying its REQUIRED constructor arguments (read them from the contract constructor), then call methods and assert; use ethers.parseEther, await (await tx).wait(), and expect(...).to.be.reverted"", async function () { const [owner, addr1, addr2] = await ethers.getSigners(); const Factory = await ethers.getContractFactory(""PredictTheBlockHashChallenge""); const instance = await Factory.deploy(...constructorArgs); await instance.waitForDeployment(); }); });",False,False,"import { expect } from ""chai""; import { ethers } from ""hardhat"";  describe(""PredictTheBlockHashChallenge mutant m29a9ca51 detection"", function () {   it(""should detect mutant by verifying incorrect guess does not receive reward"", async function () {     const [owner, player] = await ethers.getSigners();          // Deploy contract with 1 ether     const Factory = await ethers.getContractFactory(""PredictTheBlockHashChallenge"");     const instance = await Factory.deploy({ value: ethers.parseEther(""1"") });     await instance.waitForDeployment();          // Player locks in an arbitrary incorrect guess     const incorrectHash = ethers.keccak256(ethers.toUtf8Bytes(""wrong_guess""));     const lockTx = await instance.connect(player).lockInGuess(incorrectHash, {       value: ethers.parseEther(""1"")     });     await lockTx.wait();          // Wait for the target block to pass (block.number + 1)     const targetBlock = (await ethers.provider.getBlock(""latest"")).number + 1;     await ethers.provider.send(""hardhat_mine"", [ethers.toQuantity(2)]); // mine 2 blocks to pass target          // Record player's balance before settle     const balanceBefore = await ethers.provider.getBalance(player.address);          // Attempt to settle - in original contract this would revert or not transfer     // In mutant it incorrectly transfers 2 ether     const settleTx = await instance.connect(player).settle();     await settleTx.wait();          // Check balance - in original, no transfer should occur     const balanceAfter = await ethers.provider.getBalance(player.address);          // Calculate gas costs (approximate)     const receipt = await ethers.provider.getTransactionReceipt(settleTx.hash);     const gasCost = receipt.gasUsed * receipt.effectiveGasPrice;          // In original: balanceAfter should be balanceBefore - gasCost (no transfer)     // In mutant: balanceAfter should be balanceBefore - gasCost + 2 ether     // We expect the original behavior (no reward for incorrect guess)     expect(balanceAfter).to.be.closeTo(balanceBefore - gasCost, ethers.parseEther(""0.01""));          // Alternative check: verify the contract balance is still 2 ether (1 original + 1 from player)     const contractBalance = await ethers.provider.getBalance(instance.target);     expect(contractBalance).to.equal(ethers.parseEther(""2""));   }); });","""['Error: syntax error']"""
m02208262,PredictTheBlockHashChallenge,<generic-v6-scaffold>,settle,live,guesses[msg.sender].guess == answer,false,---|         if (guesses[msg.sender].guess == answer) { +++|         if (false) {,32,Mutant m02208262 of function settle replaces guesses[msg.sender].guess == answer with false,pragma solidity ^0.8.0; contract PredictTheBlockHashChallenge { struct Guess { uint block; bytes32 guess; } mapping(address => Guess) guesses; constructor() public payable { require(msg.value == 1 ether); } function lockInGuess(bytes32 hash) public payable { require(guesses[msg.sender].block == 0); require(msg.value == 1 ether); guesses[msg.sender].guess = hash; guesses[msg.sender].block = block.number + 1; } function settle() public { require(guesses[msg.sender].block != 0); require(block.number > guesses[msg.sender].block); bytes32 answer = keccak256(abi.encodePacked(blockhash(guesses[msg.sender].block))); guesses[msg.sender].block = 0; if (guesses[msg.sender].guess == answer) { payable(msg.sender).transfer(2 ether); } } },"import { expect } from ""chai""; import { ethers } from ""hardhat""; describe(""PredictTheBlockHashChallenge reference (ethers v6; deploy may require constructor arguments)"", function () { it(""deploy PredictTheBlockHashChallenge by supplying its REQUIRED constructor arguments (read them from the contract constructor), then call methods and assert; use ethers.parseEther, await (await tx).wait(), and expect(...).to.be.reverted"", async function () { const [owner, addr1, addr2] = await ethers.getSigners(); const Factory = await ethers.getContractFactory(""PredictTheBlockHashChallenge""); const instance = await Factory.deploy(...constructorArgs); await instance.waitForDeployment(); }); });",False,False,"import { expect } from ""chai""; import { ethers } from ""hardhat"";  describe(""PredictTheBlockHashChallenge mutant m02208262 test"", function () {   it(""should kill the mutant by verifying that a correct guess receives the 2 ether reward"", async function () {     const [owner, player] = await ethers.getSigners();     const Factory = await ethers.getContractFactory(""PredictTheBlockHashChallenge"");     const instance = await Factory.deploy({ value: ethers.parseEther(""1"") });     await instance.waitForDeployment();      // Player locks in a guess for block number + 1     const lockTx = await instance.connect(player).lockInGuess(       ethers.ZeroHash, // any placeholder guess; we'll compute the real answer later       { value: ethers.parseEther(""1"") }     );     await lockTx.wait();      // Get the block number when the guess was locked     const lockBlock = await ethers.provider.getBlock(lockTx.blockNumber);     const targetBlockNumber = lockBlock.number + 1;      // Mine blocks until the target block is reached     while ((await ethers.provider.getBlockNumber()) <= targetBlockNumber) {       await ethers.provider.send(""evm_mine"", []);     }      // Compute the actual answer using the blockhash of the target block     const targetBlock = await ethers.provider.getBlock(targetBlockNumber);     const blockHash = targetBlock.hash;     const answer = ethers.keccak256(       ethers.solidityPacked([""bytes32""], [blockHash])     );      // Re-lock with the correct guess (need to do it again since we used a placeholder)     // Actually we need to re-deploy or use a different player; simplest: use a new player     const [player2] = await ethers.getSigners();     const Factory2 = await ethers.getContractFactory(""PredictTheBlockHashChallenge"");     const instance2 = await Factory2.deploy({ value: ethers.parseEther(""1"") });     await instance2.waitForDeployment();      const lockTx2 = await instance2.connect(player2).lockInGuess(answer, {       value: ethers.parseEther(""1""),     });     await lockTx2.wait();      // Mine to the next block after lock     const lockBlock2 = await ethers.provider.getBlock(lockTx2.blockNumber);     const targetBlockNumber2 = lockBlock2.number + 1;     while ((await ethers.provider.getBlockNumber()) <= targetBlockNumber2) {       await ethers.provider.send(""evm_mine"", []);     }      // Get balance before settle     const balanceBefore = await ethers.provider.getBalance(player2.address);      // Settle     const settleTx = await instance2.connect(player2).settle();     await settleTx.wait();      // Check balance increased by 2 ether     const balanceAfter = await ethers.provider.getBalance(player2.address);     expect(balanceAfter - balanceBefore).to.equal(ethers.parseEther(""2""));   }); });","""['Error: syntax error']"""
m16e102ae,PredictTheBlockHashChallenge,<generic-v6-scaffold>,constructor,live,require(msg.value == 1 ether);,/* require(msg.value == 1 ether); */,---|         require(msg.value == 1 ether); +++|,14,Mutant m16e102ae of function constructor replaces require(msg.value == 1 ether); with ,pragma solidity ^0.8.0; contract PredictTheBlockHashChallenge { struct Guess { uint block; bytes32 guess; } mapping(address => Guess) guesses; constructor() public payable { require(msg.value == 1 ether); } function lockInGuess(bytes32 hash) public payable { require(guesses[msg.sender].block == 0); require(msg.value == 1 ether); guesses[msg.sender].guess = hash; guesses[msg.sender].block = block.number + 1; } function settle() public { require(guesses[msg.sender].block != 0); require(block.number > guesses[msg.sender].block); bytes32 answer = keccak256(abi.encodePacked(blockhash(guesses[msg.sender].block))); guesses[msg.sender].block = 0; if (guesses[msg.sender].guess == answer) { payable(msg.sender).transfer(2 ether); } } },"import { expect } from ""chai""; import { ethers } from ""hardhat""; describe(""PredictTheBlockHashChallenge reference (ethers v6; deploy may require constructor arguments)"", function () { it(""deploy PredictTheBlockHashChallenge by supplying its REQUIRED constructor arguments (read them from the contract constructor), then call methods and assert; use ethers.parseEther, await (await tx).wait(), and expect(...).to.be.reverted"", async function () { const [owner, addr1, addr2] = await ethers.getSigners(); const Factory = await ethers.getContractFactory(""PredictTheBlockHashChallenge""); const instance = await Factory.deploy(...constructorArgs); await instance.waitForDeployment(); }); });",False,False,"import { expect } from ""chai""; import { ethers } from ""hardhat"";  describe(""PredictTheBlockHashChallenge mutant m16e102ae"", function () {   it(""should fail when deploying without sending exactly 1 ether"", async function () {     const [owner] = await ethers.getSigners();     const Factory = await ethers.getContractFactory(""PredictTheBlockHashChallenge"");          // Attempt to deploy with 0 ether (mutant allows this, original should revert)     await expect(       Factory.deploy({ value: 0 })     ).to.be.revertedWith(""VM Exception while processing transaction: reverted with reason string 'require(msg.value == 1 ether)'"");   });      it(""should successfully deploy with exactly 1 ether"", async function () {     const [owner] = await ethers.getSigners();     const Factory = await ethers.getContractFactory(""PredictTheBlockHashChallenge"");          const instance = await Factory.deploy({ value: ethers.parseEther(""1"") });     await instance.waitForDeployment();          expect(await ethers.provider.getBalance(instance.target)).to.equal(ethers.parseEther(""1""));   });      it(""should kill the mutant by deploying with 0 ether and then attempting to interact"", async function () {     const [owner] = await ethers.getSigners();     const Factory = await ethers.getContractFactory(""PredictTheBlockHashChallenge"");          // Deploy with 0 ether - mutant allows this, original would revert     const instance = await Factory.deploy({ value: 0 });     await instance.waitForDeployment();          // Verify contract was deployed despite missing required ether     expect(await ethers.provider.getBalance(instance.target)).to.equal(0);          // Try to lock in a guess - should succeed on mutant (but contract has no funds)     const guessHash = ethers.keccak256(ethers.toUtf8Bytes(""test""));     await instance.connect(owner).lockInGuess(guessHash, { value: ethers.parseEther(""1"") });          // Mine blocks to advance past the lock     for (let i = 0; i < 2; i++) {       await ethers.provider.send(""evm_mine"", []);     }          // Settle the guess - this will fail because contract has no ether to transfer     await expect(       instance.connect(owner).settle()     ).to.be.reverted;   }); });","""['Error: syntax error']"""
m7b8abcbe,PredictTheBlockHashChallenge,<generic-v6-scaffold>,lockInGuess,live,require(guesses[msg.sender].block == 0);,/* require(guesses[msg.sender].block == 0); */,---|         require(guesses[msg.sender].block == 0); +++|,18,Mutant m7b8abcbe of function lockInGuess replaces require(guesses[msg.sender].block == 0); with ,pragma solidity ^0.8.0; contract PredictTheBlockHashChallenge { struct Guess { uint block; bytes32 guess; } mapping(address => Guess) guesses; constructor() public payable { require(msg.value == 1 ether); } function lockInGuess(bytes32 hash) public payable { require(guesses[msg.sender].block == 0); require(msg.value == 1 ether); guesses[msg.sender].guess = hash; guesses[msg.sender].block = block.number + 1; } function settle() public { require(guesses[msg.sender].block != 0); require(block.number > guesses[msg.sender].block); bytes32 answer = keccak256(abi.encodePacked(blockhash(guesses[msg.sender].block))); guesses[msg.sender].block = 0; if (guesses[msg.sender].guess == answer) { payable(msg.sender).transfer(2 ether); } } },"import { expect } from ""chai""; import { ethers } from ""hardhat""; describe(""PredictTheBlockHashChallenge reference (ethers v6; deploy may require constructor arguments)"", function () { it(""deploy PredictTheBlockHashChallenge by supplying its REQUIRED constructor arguments (read them from the contract constructor), then call methods and assert; use ethers.parseEther, await (await tx).wait(), and expect(...).to.be.reverted"", async function () { const [owner, addr1, addr2] = await ethers.getSigners(); const Factory = await ethers.getContractFactory(""PredictTheBlockHashChallenge""); const instance = await Factory.deploy(...constructorArgs); await instance.waitForDeployment(); }); });",False,False,"import { expect } from ""chai""; import { ethers } from ""hardhat"";  describe(""PredictTheBlockHashChallenge mutant test - m7b8abcbe"", function () {   it(""should detect removal of duplicate lockInGuess check by allowing second call that should have reverted"", async function () {     const [owner, addr1] = await ethers.getSigners();     const Factory = await ethers.getContractFactory(""PredictTheBlockHashChallenge"");     const instance = await Factory.deploy({ value: ethers.parseEther(""1"") });     await instance.waitForDeployment();      // First lockInGuess call - should succeed     const hash1 = ethers.keccak256(ethers.toUtf8Bytes(""guess1""));     await instance.connect(addr1).lockInGuess(hash1, { value: ethers.parseEther(""1"") });      // Second lockInGuess call from same address - in original contract this would revert     // In the mutant, the require(guesses[msg.sender].block == 0) is removed, so it should succeed     const hash2 = ethers.keccak256(ethers.toUtf8Bytes(""guess2""));     await expect(       instance.connect(addr1).lockInGuess(hash2, { value: ethers.parseEther(""1"") })     ).to.not.be.reverted;      // Verify the guess was overwritten by calling settle and checking if second guess was used     // Mine blocks to satisfy block.number > guesses[msg.sender].block     await ethers.provider.send(""evm_mine"");          // The settle should succeed (not revert) because the mutant allows the second lockInGuess     await expect(instance.connect(addr1).settle()).to.not.be.reverted;   }); });","""['Error: syntax error']"""
mf0c5b6ad,PredictTheBlockHashChallenge,<generic-v6-scaffold>,lockInGuess,live,require(msg.value == 1 ether);,/* require(msg.value == 1 ether); */,---|         require(msg.value == 1 ether); +++|,19,Mutant mf0c5b6ad of function lockInGuess replaces require(msg.value == 1 ether); with ,pragma solidity ^0.8.0; contract PredictTheBlockHashChallenge { struct Guess { uint block; bytes32 guess; } mapping(address => Guess) guesses; constructor() public payable { require(msg.value == 1 ether); } function lockInGuess(bytes32 hash) public payable { require(guesses[msg.sender].block == 0); require(msg.value == 1 ether); guesses[msg.sender].guess = hash; guesses[msg.sender].block = block.number + 1; } function settle() public { require(guesses[msg.sender].block != 0); require(block.number > guesses[msg.sender].block); bytes32 answer = keccak256(abi.encodePacked(blockhash(guesses[msg.sender].block))); guesses[msg.sender].block = 0; if (guesses[msg.sender].guess == answer) { payable(msg.sender).transfer(2 ether); } } },"import { expect } from ""chai""; import { ethers } from ""hardhat""; describe(""PredictTheBlockHashChallenge reference (ethers v6; deploy may require constructor arguments)"", function () { it(""deploy PredictTheBlockHashChallenge by supplying its REQUIRED constructor arguments (read them from the contract constructor), then call methods and assert; use ethers.parseEther, await (await tx).wait(), and expect(...).to.be.reverted"", async function () { const [owner, addr1, addr2] = await ethers.getSigners(); const Factory = await ethers.getContractFactory(""PredictTheBlockHashChallenge""); const instance = await Factory.deploy(...constructorArgs); await instance.waitForDeployment(); }); });",False,False,"import { expect } from ""chai""; import { ethers } from ""hardhat"";  describe(""PredictTheBlockHashChallenge mutant mf0c5b6ad"", function () {   it(""should revert when lockInGuess is called without sending exactly 1 ether"", async function () {     const [owner] = await ethers.getSigners();     const Factory = await ethers.getContractFactory(""PredictTheBlockHashChallenge"");     const instance = await Factory.deploy({ value: ethers.parseEther(""1"") });     await instance.waitForDeployment();      const dummyHash = ethers.keccak256(ethers.toUtf8Bytes(""test""));      // Attempt to call lockInGuess with 0 ether - should revert in original, but mutant allows it     await expect(       instance.connect(owner).lockInGuess(dummyHash, { value: 0 })     ).to.be.reverted;   }); });","""['Error: syntax error']"""
m81fa91c3,PredictTheBlockHashChallenge,<generic-v6-scaffold>,settle,live,require(guesses[msg.sender].block != 0);,/* require(guesses[msg.sender].block != 0); */,---|         require(guesses[msg.sender].block != 0); +++|,26,Mutant m81fa91c3 of function settle replaces require(guesses[msg.sender].block != 0); with ,pragma solidity ^0.8.0; contract PredictTheBlockHashChallenge { struct Guess { uint block; bytes32 guess; } mapping(address => Guess) guesses; constructor() public payable { require(msg.value == 1 ether); } function lockInGuess(bytes32 hash) public payable { require(guesses[msg.sender].block == 0); require(msg.value == 1 ether); guesses[msg.sender].guess = hash; guesses[msg.sender].block = block.number + 1; } function settle() public { require(guesses[msg.sender].block != 0); require(block.number > guesses[msg.sender].block); bytes32 answer = keccak256(abi.encodePacked(blockhash(guesses[msg.sender].block))); guesses[msg.sender].block = 0; if (guesses[msg.sender].guess == answer) { payable(msg.sender).transfer(2 ether); } } },"import { expect } from ""chai""; import { ethers } from ""hardhat""; describe(""PredictTheBlockHashChallenge reference (ethers v6; deploy may require constructor arguments)"", function () { it(""deploy PredictTheBlockHashChallenge by supplying its REQUIRED constructor arguments (read them from the contract constructor), then call methods and assert; use ethers.parseEther, await (await tx).wait(), and expect(...).to.be.reverted"", async function () { const [owner, addr1, addr2] = await ethers.getSigners(); const Factory = await ethers.getContractFactory(""PredictTheBlockHashChallenge""); const instance = await Factory.deploy(...constructorArgs); await instance.waitForDeployment(); }); });",False,False,"import { expect } from ""chai""; import { ethers } from ""hardhat"";  describe(""PredictTheBlockHashChallenge mutant kill test"", function () {   it(""should revert when settle() is called without prior lockInGuess()"", async function () {     const [owner, addr1] = await ethers.getSigners();     const Factory = await ethers.getContractFactory(""PredictTheBlockHashChallenge"");     const instance = await Factory.deploy({ value: ethers.parseEther(""1"") });     await instance.waitForDeployment();      // Attempt to call settle() directly without first calling lockInGuess()     // In the original contract, this should revert because guesses[msg.sender].block == 0     // In the mutant (which removes the require check), it will NOT revert, thus killing the mutant     await expect(       instance.connect(addr1).settle()     ).to.be.reverted;   }); });","""['Error: syntax error']"""
m32f286a9,PredictTheBlockHashChallenge,<generic-v6-scaffold>,settle,live,require(block.number > guesses[msg.sender].block);,/* require(block.number > guesses[msg.sender].block); */,---|         require(block.number > guesses[msg.sender].block); +++|,27,Mutant m32f286a9 of function settle replaces require(block.number > guesses[msg.sender].block); with ,pragma solidity ^0.8.0; contract PredictTheBlockHashChallenge { struct Guess { uint block; bytes32 guess; } mapping(address => Guess) guesses; constructor() public payable { require(msg.value == 1 ether); } function lockInGuess(bytes32 hash) public payable { require(guesses[msg.sender].block == 0); require(msg.value == 1 ether); guesses[msg.sender].guess = hash; guesses[msg.sender].block = block.number + 1; } function settle() public { require(guesses[msg.sender].block != 0); require(block.number > guesses[msg.sender].block); bytes32 answer = keccak256(abi.encodePacked(blockhash(guesses[msg.sender].block))); guesses[msg.sender].block = 0; if (guesses[msg.sender].guess == answer) { payable(msg.sender).transfer(2 ether); } } },"import { expect } from ""chai""; import { ethers } from ""hardhat""; describe(""PredictTheBlockHashChallenge reference (ethers v6; deploy may require constructor arguments)"", function () { it(""deploy PredictTheBlockHashChallenge by supplying its REQUIRED constructor arguments (read them from the contract constructor), then call methods and assert; use ethers.parseEther, await (await tx).wait(), and expect(...).to.be.reverted"", async function () { const [owner, addr1, addr2] = await ethers.getSigners(); const Factory = await ethers.getContractFactory(""PredictTheBlockHashChallenge""); const instance = await Factory.deploy(...constructorArgs); await instance.waitForDeployment(); }); });",False,False,"import { expect } from ""chai""; import { ethers } from ""hardhat"";  describe(""PredictTheBlockHashChallenge mutant detection"", function () {   it(""should revert when settle is called before the predicted block is reached"", async function () {     const [owner, player] = await ethers.getSigners();          // Deploy the contract with 1 ether     const Factory = await ethers.getContractFactory(""PredictTheBlockHashChallenge"");     const instance = await Factory.deploy({ value: ethers.parseEther(""1"") });     await instance.waitForDeployment();          // Player locks in a guess with 1 ether     const guessHash = ethers.keccak256(ethers.toUtf8Bytes(""test""));     const lockTx = await instance.connect(player).lockInGuess(guessHash, {       value: ethers.parseEther(""1"")     });     await lockTx.wait();          // Try to settle immediately in the same block (before predicted block is reached)     // This should revert in the original contract because block.number is not > guesses[player].block     await expect(       instance.connect(player).settle()     ).to.be.reverted;   }); });","""['Error: syntax error']"""
mc9696791,PredictTheBlockHashChallenge,<generic-v6-scaffold>,constructor,live,msg.value,msg.value+1,---|         require(msg.value == 1 ether); +++|         require(msg.value+1 == 1 ether);,14,Mutant mc9696791 of function constructor replaces msg.value with msg.value+1,pragma solidity ^0.8.0; contract PredictTheBlockHashChallenge { struct Guess { uint block; bytes32 guess; } mapping(address => Guess) guesses; constructor() public payable { require(msg.value == 1 ether); } function lockInGuess(bytes32 hash) public payable { require(guesses[msg.sender].block == 0); require(msg.value == 1 ether); guesses[msg.sender].guess = hash; guesses[msg.sender].block = block.number + 1; } function settle() public { require(guesses[msg.sender].block != 0); require(block.number > guesses[msg.sender].block); bytes32 answer = keccak256(abi.encodePacked(blockhash(guesses[msg.sender].block))); guesses[msg.sender].block = 0; if (guesses[msg.sender].guess == answer) { payable(msg.sender).transfer(2 ether); } } },"import { expect } from ""chai""; import { ethers } from ""hardhat""; describe(""PredictTheBlockHashChallenge reference (ethers v6; deploy may require constructor arguments)"", function () { it(""deploy PredictTheBlockHashChallenge by supplying its REQUIRED constructor arguments (read them from the contract constructor), then call methods and assert; use ethers.parseEther, await (await tx).wait(), and expect(...).to.be.reverted"", async function () { const [owner, addr1, addr2] = await ethers.getSigners(); const Factory = await ethers.getContractFactory(""PredictTheBlockHashChallenge""); const instance = await Factory.deploy(...constructorArgs); await instance.waitForDeployment(); }); });",False,False,"import { expect } from ""chai""; import { ethers } from ""hardhat"";  describe(""PredictTheBlockHashChallenge mutant kill test (mc9696791)"", function () {   it(""should fail to deploy when sending exactly 1 ether because the mutated constructor uses msg.value+1 == 1 ether which always reverts"", async function () {     const [owner] = await ethers.getSigners();     const Factory = await ethers.getContractFactory(""PredictTheBlockHashChallenge"");          // Attempt to deploy with exactly 1 ether as required by original constructor     // The mutant changes require(msg.value == 1 ether) to require(msg.value+1 == 1 ether)     // This means for msg.value = 1 ether, msg.value+1 = 1 ether + 1 wei, which != 1 ether     // So the deployment should revert     await expect(       Factory.deploy({ value: ethers.parseEther(""1.0"") })     ).to.be.reverted;   }); });","""['Error: syntax error']"""
m58ea0036,PredictTheBlockHashChallenge,<generic-v6-scaffold>,constructor,live,msg.value,msg.value-1,---|         require(msg.value == 1 ether); +++|         require(msg.value-1 == 1 ether);,14,Mutant m58ea0036 of function constructor replaces msg.value with msg.value-1,pragma solidity ^0.8.0; contract PredictTheBlockHashChallenge { struct Guess { uint block; bytes32 guess; } mapping(address => Guess) guesses; constructor() public payable { require(msg.value == 1 ether); } function lockInGuess(bytes32 hash) public payable { require(guesses[msg.sender].block == 0); require(msg.value == 1 ether); guesses[msg.sender].guess = hash; guesses[msg.sender].block = block.number + 1; } function settle() public { require(guesses[msg.sender].block != 0); require(block.number > guesses[msg.sender].block); bytes32 answer = keccak256(abi.encodePacked(blockhash(guesses[msg.sender].block))); guesses[msg.sender].block = 0; if (guesses[msg.sender].guess == answer) { payable(msg.sender).transfer(2 ether); } } },"import { expect } from ""chai""; import { ethers } from ""hardhat""; describe(""PredictTheBlockHashChallenge reference (ethers v6; deploy may require constructor arguments)"", function () { it(""deploy PredictTheBlockHashChallenge by supplying its REQUIRED constructor arguments (read them from the contract constructor), then call methods and assert; use ethers.parseEther, await (await tx).wait(), and expect(...).to.be.reverted"", async function () { const [owner, addr1, addr2] = await ethers.getSigners(); const Factory = await ethers.getContractFactory(""PredictTheBlockHashChallenge""); const instance = await Factory.deploy(...constructorArgs); await instance.waitForDeployment(); }); });",False,False,"import { expect } from ""chai""; import { ethers } from ""hardhat"";  describe(""PredictTheBlockHashChallenge mutant m58ea0036"", function () {   it(""should kill the mutant by deploying with exactly 1 ether and expecting success, while mutant requires 2 ether"", async function () {     const [owner] = await ethers.getSigners();     const Factory = await ethers.getContractFactory(""PredictTheBlockHashChallenge"");          // Original constructor requires msg.value == 1 ether     // Mutant changes to require(msg.value - 1 == 1 ether) i.e. msg.value == 2 ether     // So deploying with 1 ether should succeed on original but revert on mutant     await expect(       Factory.deploy({ value: ethers.parseEther(""1"") })     ).to.not.be.reverted;   }); });","""['Error: syntax error']"""
mc70f3ddf,PredictTheBlockHashChallenge,<generic-v6-scaffold>,lockInGuess,live,msg.value,msg.value+1,---|         require(msg.value == 1 ether); +++|         require(msg.value+1 == 1 ether);,19,Mutant mc70f3ddf of function lockInGuess replaces msg.value with msg.value+1,pragma solidity ^0.8.0; contract PredictTheBlockHashChallenge { struct Guess { uint block; bytes32 guess; } mapping(address => Guess) guesses; constructor() public payable { require(msg.value == 1 ether); } function lockInGuess(bytes32 hash) public payable { require(guesses[msg.sender].block == 0); require(msg.value == 1 ether); guesses[msg.sender].guess = hash; guesses[msg.sender].block = block.number + 1; } function settle() public { require(guesses[msg.sender].block != 0); require(block.number > guesses[msg.sender].block); bytes32 answer = keccak256(abi.encodePacked(blockhash(guesses[msg.sender].block))); guesses[msg.sender].block = 0; if (guesses[msg.sender].guess == answer) { payable(msg.sender).transfer(2 ether); } } },"import { expect } from ""chai""; import { ethers } from ""hardhat""; describe(""PredictTheBlockHashChallenge reference (ethers v6; deploy may require constructor arguments)"", function () { it(""deploy PredictTheBlockHashChallenge by supplying its REQUIRED constructor arguments (read them from the contract constructor), then call methods and assert; use ethers.parseEther, await (await tx).wait(), and expect(...).to.be.reverted"", async function () { const [owner, addr1, addr2] = await ethers.getSigners(); const Factory = await ethers.getContractFactory(""PredictTheBlockHashChallenge""); const instance = await Factory.deploy(...constructorArgs); await instance.waitForDeployment(); }); });",False,False,"import { expect } from ""chai""; import { ethers } from ""hardhat"";  describe(""PredictTheBlockHashChallenge mutant test"", function () {   it(""should kill mutant mc70f3ddf by sending 1 ether to lockInGuess and expecting success"", async function () {     const [owner] = await ethers.getSigners();     const Factory = await ethers.getContractFactory(""PredictTheBlockHashChallenge"");     const instance = await Factory.deploy({ value: ethers.parseEther(""1"") });     await instance.waitForDeployment();      const hash = ethers.keccak256(ethers.toUtf8Bytes(""test""));     const tx = instance.lockInGuess(hash, { value: ethers.parseEther(""1"") });     await expect(tx).to.not.be.reverted;   }); });","""['Error: syntax error']"""
m8d76b967,PredictTheBlockHashChallenge,<generic-v6-scaffold>,lockInGuess,live,msg.value,msg.value-1,---|         require(msg.value == 1 ether); +++|         require(msg.value-1 == 1 ether);,19,Mutant m8d76b967 of function lockInGuess replaces msg.value with msg.value-1,pragma solidity ^0.8.0; contract PredictTheBlockHashChallenge { struct Guess { uint block; bytes32 guess; } mapping(address => Guess) guesses; constructor() public payable { require(msg.value == 1 ether); } function lockInGuess(bytes32 hash) public payable { require(guesses[msg.sender].block == 0); require(msg.value == 1 ether); guesses[msg.sender].guess = hash; guesses[msg.sender].block = block.number + 1; } function settle() public { require(guesses[msg.sender].block != 0); require(block.number > guesses[msg.sender].block); bytes32 answer = keccak256(abi.encodePacked(blockhash(guesses[msg.sender].block))); guesses[msg.sender].block = 0; if (guesses[msg.sender].guess == answer) { payable(msg.sender).transfer(2 ether); } } },"import { expect } from ""chai""; import { ethers } from ""hardhat""; describe(""PredictTheBlockHashChallenge reference (ethers v6; deploy may require constructor arguments)"", function () { it(""deploy PredictTheBlockHashChallenge by supplying its REQUIRED constructor arguments (read them from the contract constructor), then call methods and assert; use ethers.parseEther, await (await tx).wait(), and expect(...).to.be.reverted"", async function () { const [owner, addr1, addr2] = await ethers.getSigners(); const Factory = await ethers.getContractFactory(""PredictTheBlockHashChallenge""); const instance = await Factory.deploy(...constructorArgs); await instance.waitForDeployment(); }); });",False,False,"import { expect } from ""chai""; import { ethers } } from ""hardhat"";  describe(""PredictTheBlockHashChallenge mutant m8d76b967"", function () {   it(""should revert when lockInGuess is called with exactly 1 ether (mutant requires 2 ether)"", async function () {     const [owner, addr1] = await ethers.getSigners();     const Factory = await ethers.getContractFactory(""PredictTheBlockHashChallenge"");          // Deploy with 1 ether as required by constructor     const instance = await Factory.deploy({ value: ethers.parseEther(""1"") });     await instance.waitForDeployment();      // Attempt to call lockInGuess with exactly 1 ether - should succeed on original but revert on mutant     const guessHash = ethers.keccak256(ethers.toUtf8Bytes(""test""));     await expect(       instance.connect(addr1).lockInGuess(guessHash, { value: ethers.parseEther(""1"") })     ).to.be.reverted;   }); });","""['Error: syntax error']"""
m59dd3a49,PredictTheBlockHashChallenge,<generic-v6-scaffold>,lockInGuess,live,block.number,block.number+1,---|         guesses[msg.sender].block = block.number + 1; +++|         guesses[msg.sender].block = block.number+1 + 1;,22,Mutant m59dd3a49 of function lockInGuess replaces block.number with block.number+1,pragma solidity ^0.8.0; contract PredictTheBlockHashChallenge { struct Guess { uint block; bytes32 guess; } mapping(address => Guess) guesses; constructor() public payable { require(msg.value == 1 ether); } function lockInGuess(bytes32 hash) public payable { require(guesses[msg.sender].block == 0); require(msg.value == 1 ether); guesses[msg.sender].guess = hash; guesses[msg.sender].block = block.number + 1; } function settle() public { require(guesses[msg.sender].block != 0); require(block.number > guesses[msg.sender].block); bytes32 answer = keccak256(abi.encodePacked(blockhash(guesses[msg.sender].block))); guesses[msg.sender].block = 0; if (guesses[msg.sender].guess == answer) { payable(msg.sender).transfer(2 ether); } } },"import { expect } from ""chai""; import { ethers } from ""hardhat""; describe(""PredictTheBlockHashChallenge reference (ethers v6; deploy may require constructor arguments)"", function () { it(""deploy PredictTheBlockHashChallenge by supplying its REQUIRED constructor arguments (read them from the contract constructor), then call methods and assert; use ethers.parseEther, await (await tx).wait(), and expect(...).to.be.reverted"", async function () { const [owner, addr1, addr2] = await ethers.getSigners(); const Factory = await ethers.getContractFactory(""PredictTheBlockHashChallenge""); const instance = await Factory.deploy(...constructorArgs); await instance.waitForDeployment(); }); });",False,False,"import { expect } from ""chai""; import { ethers } } from ""hardhat"";  describe(""PredictTheBlockHashChallenge mutant kill test"", function () {   it(""should kill mutant m59dd3a49 by locking in a guess for the next block and settling immediately after one block"", async function () {     const [owner, player] = await ethers.getSigners();          // Deploy with 1 ether as required by constructor     const Factory = await ethers.getContractFactory(""PredictTheBlockHashChallenge"");     const instance = await Factory.deploy({ value: ethers.parseEther(""1"") });     await instance.waitForDeployment();          // Player locks in a guess for the next block (block.number + 1)     const lockTx = await instance.connect(player).lockInGuess(       ethers.ZeroHash,       { value: ethers.parseEther(""1"") }     );     await lockTx.wait();          // Mine exactly one block to reach the target block     await ethers.provider.send(""evm_mine"", []);          // Settle should succeed on original but fail on mutant     // On original: target block = block.number + 1, we mined one block so answer matches     // On mutant: target block = block.number + 2, so answer won't match and no transfer     const settleTx = await instance.connect(player).settle();     const receipt = await settleTx.wait();          // Check player received 2 ether on original (but not on mutant)     const playerBalance = await ethers.provider.getBalance(player.address);     expect(playerBalance).to.be.gt(ethers.parseEther(""10000"")); // Player started with >10000, should gain 2 on original          // Also verify the guess was cleared     const [guessBlock, guessHash] = await instance.guesses(player.address);     expect(guessBlock).to.equal(0);   }); });","""['Error: syntax error']"""
m9e615f4a,PredictTheBlockHashChallenge,<generic-v6-scaffold>,lockInGuess,live,block.number,block.number-1,---|         guesses[msg.sender].block = block.number + 1; +++|         guesses[msg.sender].block = block.number-1 + 1;,22,Mutant m9e615f4a of function lockInGuess replaces block.number with block.number-1,pragma solidity ^0.8.0; contract PredictTheBlockHashChallenge { struct Guess { uint block; bytes32 guess; } mapping(address => Guess) guesses; constructor() public payable { require(msg.value == 1 ether); } function lockInGuess(bytes32 hash) public payable { require(guesses[msg.sender].block == 0); require(msg.value == 1 ether); guesses[msg.sender].guess = hash; guesses[msg.sender].block = block.number + 1; } function settle() public { require(guesses[msg.sender].block != 0); require(block.number > guesses[msg.sender].block); bytes32 answer = keccak256(abi.encodePacked(blockhash(guesses[msg.sender].block))); guesses[msg.sender].block = 0; if (guesses[msg.sender].guess == answer) { payable(msg.sender).transfer(2 ether); } } },"import { expect } from ""chai""; import { ethers } from ""hardhat""; describe(""PredictTheBlockHashChallenge reference (ethers v6; deploy may require constructor arguments)"", function () { it(""deploy PredictTheBlockHashChallenge by supplying its REQUIRED constructor arguments (read them from the contract constructor), then call methods and assert; use ethers.parseEther, await (await tx).wait(), and expect(...).to.be.reverted"", async function () { const [owner, addr1, addr2] = await ethers.getSigners(); const Factory = await ethers.getContractFactory(""PredictTheBlockHashChallenge""); const instance = await Factory.deploy(...constructorArgs); await instance.waitForDeployment(); }); });",False,False,"import { expect } from ""chai""; import { ethers } from ""hardhat"";  describe(""PredictTheBlockHashChallenge mutant detection"", function () {   it(""should kill mutant m9e615f4a by detecting incorrect block number storage"", async function () {     const [owner, addr1] = await ethers.getSigners();          // Deploy the contract with 1 ether     const Factory = await ethers.getContractFactory(""PredictTheBlockHashChallenge"");     const instance = await Factory.deploy({ value: ethers.parseEther(""1"") });     await instance.waitForDeployment();          // Lock in a guess for the next block's hash     const guessHash = ethers.keccak256(ethers.toUtf8Bytes(""test guess""));     await instance.connect(addr1).lockInGuess(guessHash, { value: ethers.parseEther(""1"") });          // Get the current block number after lockInGuess     const currentBlock = await ethers.provider.getBlockNumber();          // Mine one more block so block.number > stored block     await ethers.provider.send(""evm_mine"", []);          // Try to settle - this should succeed on original but fail on mutant     // because mutant stored current block instead of next block     await expect(       instance.connect(addr1).settle()     ).to.be.reverted;   }); });","""['Error: syntax error']"""
m5405bc22,PredictTheBlockHashChallenge,<generic-v6-scaffold>,settle,live,block.number,block.number+1,---|         require(block.number > guesses[msg.sender].block); +++|         require(block.number+1 > guesses[msg.sender].block);,27,Mutant m5405bc22 of function settle replaces block.number with block.number+1,pragma solidity ^0.8.0; contract PredictTheBlockHashChallenge { struct Guess { uint block; bytes32 guess; } mapping(address => Guess) guesses; constructor() public payable { require(msg.value == 1 ether); } function lockInGuess(bytes32 hash) public payable { require(guesses[msg.sender].block == 0); require(msg.value == 1 ether); guesses[msg.sender].guess = hash; guesses[msg.sender].block = block.number + 1; } function settle() public { require(guesses[msg.sender].block != 0); require(block.number > guesses[msg.sender].block); bytes32 answer = keccak256(abi.encodePacked(blockhash(guesses[msg.sender].block))); guesses[msg.sender].block = 0; if (guesses[msg.sender].guess == answer) { payable(msg.sender).transfer(2 ether); } } },"import { expect } from ""chai""; import { ethers } from ""hardhat""; describe(""PredictTheBlockHashChallenge reference (ethers v6; deploy may require constructor arguments)"", function () { it(""deploy PredictTheBlockHashChallenge by supplying its REQUIRED constructor arguments (read them from the contract constructor), then call methods and assert; use ethers.parseEther, await (await tx).wait(), and expect(...).to.be.reverted"", async function () { const [owner, addr1, addr2] = await ethers.getSigners(); const Factory = await ethers.getContractFactory(""PredictTheBlockHashChallenge""); const instance = await Factory.deploy(...constructorArgs); await instance.waitForDeployment(); }); });",False,False,"import { expect } from ""chai""; import { ethers } from ""hardhat"";  describe(""PredictTheBlockHashChallenge mutant m5405bc22 test"", function () {   it(""should kill the mutant by settling one block earlier than allowed"", async function () {     const [owner, player] = await ethers.getSigners();          // Deploy the contract with 1 ether     const Factory = await ethers.getContractFactory(""PredictTheBlockHashChallenge"");     const instance = await Factory.deploy({ value: ethers.parseEther(""1"") });     await instance.waitForDeployment();      // Player locks in a guess with 1 ether     const guessHash = ethers.keccak256(ethers.toUtf8Bytes(""test""));     const lockTx = await instance.connect(player).lockInGuess(guessHash, {       value: ethers.parseEther(""1""),     });     await lockTx.wait();      // Get the block number after lockInGuess (target block = block.number + 1)     const lockBlock = await ethers.provider.getBlock(lockTx.blockNumber);     const targetBlock = lockBlock.number + 1;      // Mine one block to reach exactly the target block     await ethers.provider.send(""evm_mine"", []);      // Verify current block is exactly targetBlock     const currentBlock = await ethers.provider.getBlock(""latest"");     expect(currentBlock.number).to.equal(targetBlock);      // Call settle() - should revert on original but succeed on mutant     // On original: block.number (targetBlock) > targetBlock is false → revert     // On mutant: block.number+1 (targetBlock+1) > targetBlock is true → succeeds     // We expect the mutant to NOT revert, so we check that it doesn't revert     await expect(       instance.connect(player).settle()     ).to.not.be.reverted;   }); });","""['Error: syntax error']"""
m9aef3487,PredictTheBlockHashChallenge,<generic-v6-scaffold>,settle,live,block.number,block.number-1,---|         require(block.number > guesses[msg.sender].block); +++|         require(block.number-1 > guesses[msg.sender].block);,27,Mutant m9aef3487 of function settle replaces block.number with block.number-1,pragma solidity ^0.8.0; contract PredictTheBlockHashChallenge { struct Guess { uint block; bytes32 guess; } mapping(address => Guess) guesses; constructor() public payable { require(msg.value == 1 ether); } function lockInGuess(bytes32 hash) public payable { require(guesses[msg.sender].block == 0); require(msg.value == 1 ether); guesses[msg.sender].guess = hash; guesses[msg.sender].block = block.number + 1; } function settle() public { require(guesses[msg.sender].block != 0); require(block.number > guesses[msg.sender].block); bytes32 answer = keccak256(abi.encodePacked(blockhash(guesses[msg.sender].block))); guesses[msg.sender].block = 0; if (guesses[msg.sender].guess == answer) { payable(msg.sender).transfer(2 ether); } } },"import { expect } from ""chai""; import { ethers } from ""hardhat""; describe(""PredictTheBlockHashChallenge reference (ethers v6; deploy may require constructor arguments)"", function () { it(""deploy PredictTheBlockHashChallenge by supplying its REQUIRED constructor arguments (read them from the contract constructor), then call methods and assert; use ethers.parseEther, await (await tx).wait(), and expect(...).to.be.reverted"", async function () { const [owner, addr1, addr2] = await ethers.getSigners(); const Factory = await ethers.getContractFactory(""PredictTheBlockHashChallenge""); const instance = await Factory.deploy(...constructorArgs); await instance.waitForDeployment(); }); });",False,False,"import { expect } from ""chai""; import { ethers } from ""hardhat"";  describe(""PredictTheBlockHashChallenge mutant m9aef3487 test"", function () {   it(""should kill mutant by settling exactly one block after lockInGuess (original should succeed, mutant should revert)"", async function () {     const [owner, addr1] = await ethers.getSigners();     const Factory = await ethers.getContractFactory(""PredictTheBlockHashChallenge"");     const instance = await Factory.deploy({ value: ethers.parseEther(""1"") });     await instance.waitForDeployment();      // addr1 locks in a guess with 1 ether     const guessHash = ethers.keccak256(ethers.toUtf8Bytes(""test""));     const lockTx = await instance.connect(addr1).lockInGuess(guessHash, { value: ethers.parseEther(""1"") });     await lockTx.wait();      // Get the block number when the guess was locked     const lockBlock = await ethers.provider.getBlock(lockTx.blockNumber);     const guessBlockNumber = lockBlock!.number;      // Mine a new block so we are exactly at block guessBlockNumber + 1     await ethers.provider.send(""evm_mine"", []);      // Verify we are now at the next block     const currentBlock = await ethers.provider.getBlock(""latest"");     expect(currentBlock!.number).to.equal(guessBlockNumber + 1);      // Attempt to settle - should revert on mutant because block.number-1 > guessBlockNumber     // is false (block.number-1 = guessBlockNumber, not greater)     await expect(       instance.connect(addr1).settle()     ).to.be.reverted;   }); });","""['Error: syntax error']"""
m491ea3c5,PredictTheBlockHashChallenge,<generic-v6-scaffold>,settle,live,blockhash(guesses[msg.sender].block),0,---|         bytes32 answer = keccak256(abi.encodePacked(blockhash(guesses[msg.sender].block))); +++|         bytes32 answer = keccak256(abi.encodePacked(0));,29,Mutant m491ea3c5 of function settle replaces blockhash(guesses[msg.sender].block) with 0,pragma solidity ^0.8.0; contract PredictTheBlockHashChallenge { struct Guess { uint block; bytes32 guess; } mapping(address => Guess) guesses; constructor() public payable { require(msg.value == 1 ether); } function lockInGuess(bytes32 hash) public payable { require(guesses[msg.sender].block == 0); require(msg.value == 1 ether); guesses[msg.sender].guess = hash; guesses[msg.sender].block = block.number + 1; } function settle() public { require(guesses[msg.sender].block != 0); require(block.number > guesses[msg.sender].block); bytes32 answer = keccak256(abi.encodePacked(blockhash(guesses[msg.sender].block))); guesses[msg.sender].block = 0; if (guesses[msg.sender].guess == answer) { payable(msg.sender).transfer(2 ether); } } },"import { expect } from ""chai""; import { ethers } from ""hardhat""; describe(""PredictTheBlockHashChallenge reference (ethers v6; deploy may require constructor arguments)"", function () { it(""deploy PredictTheBlockHashChallenge by supplying its REQUIRED constructor arguments (read them from the contract constructor), then call methods and assert; use ethers.parseEther, await (await tx).wait(), and expect(...).to.be.reverted"", async function () { const [owner, addr1, addr2] = await ethers.getSigners(); const Factory = await ethers.getContractFactory(""PredictTheBlockHashChallenge""); const instance = await Factory.deploy(...constructorArgs); await instance.waitForDeployment(); }); });",False,False,"import { expect } from ""chai""; import { ethers } from ""hardhat"";  describe(""PredictTheBlockHashChallenge mutant detection"", function () {   it(""should kill mutant m491ea3c5 by detecting hardcoded zero blockhash"", async function () {     const [owner, attacker] = await ethers.getSigners();          // Deploy contract with 1 ether     const Factory = await ethers.getContractFactory(""PredictTheBlockHashChallenge"");     const instance = await Factory.deploy({ value: ethers.parseEther(""1"") });     await instance.waitForDeployment();          // Attacker locks in the constant hash that the mutant would always use     const constantAnswer = ethers.keccak256(ethers.toUtf8Bytes(""""));     // Actually we need keccak256(abi.encodePacked(0)) which is keccak256 of 32 zero bytes     const zeroBytes = ""0x"" + ""00"".repeat(32);     const expectedHash = ethers.keccak256(zeroBytes);          // Lock in guess with 1 ether     await instance.connect(attacker).lockInGuess(expectedHash, { value: ethers.parseEther(""1"") });          // Mine blocks until the target block is in the past     const currentBlock = await ethers.provider.getBlockNumber();     const targetBlock = currentBlock + 1;     // Wait for at least targetBlock + 1 to pass     while ((await ethers.provider.getBlockNumber()) <= targetBlock) {       await ethers.provider.send(""evm_mine"", []);     }          // Get the actual blockhash for the target block     const actualBlockHash = (await ethers.provider.getBlock(targetBlock)).hash;     const actualAnswer = ethers.keccak256(actualBlockHash);          // On original: answer would be actualAnswer (almost certainly != expectedHash), so settle would NOT transfer 2 ether     // On mutant: answer is always expectedHash, so settle WOULD transfer 2 ether          // Record attacker's balance before settle     const balanceBefore = await ethers.provider.getBalance(attacker.address);          // Execute settle     const tx = await instance.connect(attacker).settle();     const receipt = await tx.wait();          // Check balance after settle     const balanceAfter = await ethers.provider.getBalance(attacker.address);     const balanceChange = balanceAfter - balanceBefore;          // If mutant is present, attacker received 2 ether (minus gas costs)     // If original, attacker did NOT receive 2 ether     // The test kills the mutant by checking that the balance change is NOT approximately 2 ether     // (i.e., the original behavior - no transfer occurred)     expect(balanceChange).to.be.lessThan(ethers.parseEther(""1.9"")); // Not 2 ether transfer   }); });","""['Error: syntax error']"""
mdb77aa6c,PredictTheBlockHashChallenge,<generic-v6-scaffold>,settle,live,blockhash(guesses[msg.sender].block),blockhash(block.prevrandao),---|         bytes32 answer = keccak256(abi.encodePacked(blockhash(guesses[msg.sender].block))); +++|         bytes32 answer = keccak256(abi.encodePacked(blockhash(block.prevrandao)));,29,Mutant mdb77aa6c of function settle replaces blockhash(guesses[msg.sender].block) with blockhash(block.prevrandao),pragma solidity ^0.8.0; contract PredictTheBlockHashChallenge { struct Guess { uint block; bytes32 guess; } mapping(address => Guess) guesses; constructor() public payable { require(msg.value == 1 ether); } function lockInGuess(bytes32 hash) public payable { require(guesses[msg.sender].block == 0); require(msg.value == 1 ether); guesses[msg.sender].guess = hash; guesses[msg.sender].block = block.number + 1; } function settle() public { require(guesses[msg.sender].block != 0); require(block.number > guesses[msg.sender].block); bytes32 answer = keccak256(abi.encodePacked(blockhash(guesses[msg.sender].block))); guesses[msg.sender].block = 0; if (guesses[msg.sender].guess == answer) { payable(msg.sender).transfer(2 ether); } } },"import { expect } from ""chai""; import { ethers } from ""hardhat""; describe(""PredictTheBlockHashChallenge reference (ethers v6; deploy may require constructor arguments)"", function () { it(""deploy PredictTheBlockHashChallenge by supplying its REQUIRED constructor arguments (read them from the contract constructor), then call methods and assert; use ethers.parseEther, await (await tx).wait(), and expect(...).to.be.reverted"", async function () { const [owner, addr1, addr2] = await ethers.getSigners(); const Factory = await ethers.getContractFactory(""PredictTheBlockHashChallenge""); const instance = await Factory.deploy(...constructorArgs); await instance.waitForDeployment(); }); });",False,False,"import { expect } from ""chai""; import { ethers } from ""hardhat"";  describe(""PredictTheBlockHashChallenge mutant test - kill mdb77aa6c"", function () {   it(""should transfer 2 ether when correct block hash is guessed, but mutant will fail"", async function () {     const [owner, addr1] = await ethers.getSigners();          // Deploy contract with 1 ether     const Factory = await ethers.getContractFactory(""PredictTheBlockHashChallenge"");     const instance = await Factory.deploy({ value: ethers.parseEther(""1"") });     await instance.waitForDeployment();          // Get current block number     const currentBlock = await ethers.provider.getBlockNumber();          // The guess must be for block.number + 1     const targetBlockNumber = currentBlock + 1;          // Lock in the guess with 1 ether     // We'll guess the hash of block targetBlockNumber (which we don't know yet)     // To make the correct guess, we need to know the future block hash     // We'll mine the block first, then compute its hash, then lock in the guess     // But the contract requires lockInGuess before the block is mined     // Solution: mine the target block, get its hash, then deploy a new contract     // and use that hash as the guess, but we need to predict it before mining          // Actually, we can mine a block, get its hash, then deploy a new contract     // and lock in that hash for the next block (which will be different)     // Better approach: use a different strategy          // Mine a block to get a known hash     await ethers.provider.send(""evm_mine"", []);     const knownBlock = await ethers.provider.getBlock(""latest"");     const knownHash = knownBlock!.hash;          // Deploy a new contract with fresh state     const Factory2 = await ethers.getContractFactory(""PredictTheBlockHashChallenge"");     const instance2 = await Factory2.deploy({ value: ethers.parseEther(""1"") });     await instance2.waitForDeployment();          // Lock in the guess with the known hash     await instance2.connect(addr1).lockInGuess(knownHash, { value: ethers.parseEther(""1"") });          // Get the block where the guess was locked     const lockBlock = await ethers.provider.getBlockNumber();          // Mine blocks until block.number > lockBlock + 1     while ((await ethers.provider.getBlockNumber()) <= lockBlock + 1) {       await ethers.provider.send(""evm_mine"", []);     }          // Now the target block (lockBlock + 1) is in the past, we can get its hash     const targetBlock = await ethers.provider.getBlock(lockBlock + 1);     const targetHash = targetBlock!.hash;          // The original contract would compute answer = keccak256(abi.encodePacked(blockhash(lockBlock + 1)))     // which equals keccak256(abi.encodePacked(targetHash))     // Our guess is knownHash, which should equal targetHash for the test to pass          // If knownHash == targetHash, the original contract would pay 2 ether     // The mutant computes answer = keccak256(abi.encodePacked(blockhash(block.prevrandao)))     // which will be different, so the mutant will not pay          // We need to ensure knownHash == targetHash     // This requires the block we mined earlier to have the same hash as the block     // at lockBlock + 1, which is impossible to guarantee in general          // Alternative simpler approach: test with a wrong guess     // The original will not pay, the mutant also won't pay - not useful          // Correct approach: use a scenario where the original would pay     // We need to predict the hash of the next block          // Since block hash depends on block content, we can force a specific hash     // by mining empty blocks - but hash is still unpredictable          // For testing purposes, we can check the balance after settle     // In the original, if guess matches, balance increases by 2 ether     // In the mutant, balance never increases because block.prevrandao is used          // Simple deterministic test: deploy, lock in any guess, settle     // Original: guess won't match (since we don't know future block hash)     // Mutant: guess won't match either (different hash)          // Better: deploy, lock in a guess, then check that settle doesn't revert     // and check that balance didn't change (because guess was wrong)     // This tests that the function executes without revert in both versions          // The key difference: in the original, if we could guess correctly,     // the transfer would happen. In the mutant, it never happens.          // We can't easily guess correctly, but we can verify the mutant behavior     // by checking that settle doesn't throw and balances are correct          // Let's use a simpler approach: test that settle executes without error     // and check addr1 balance after          const balanceBefore = await ethers.provider.getBalance(addr1.address);          // Lock in a random guess     const randomGuess = ethers.keccak256(ethers.toUtf8Bytes(""test""));     await instance2.connect(addr1).lockInGuess(randomGuess, { value: ethers.parseEther(""1"") });          // Get the block where guess was locked     const guessBlock = await ethers.provider.getBlockNumber();          // Mine past the target block     while ((await ethers.provider.getBlockNumber()) <= guessBlock + 1) {       await ethers.provider.send(""evm_mine"", []);     }          // Call settle     await instance2.connect(addr1).settle();          const balanceAfter = await ethers.provider.getBalance(addr1.address);          // In the original contract, the guess won't match (random hash)     // so no transfer happens. Same for mutant.     // This test doesn't kill the mutant because both behave the same.          // We need a test that distinguishes them. The only way is if     // we could make a correct guess. But we can't predict block hash.          // However, we can exploit that blockhash returns bytes32(0) for     // blocks older than 256 blocks. If we wait 256+ blocks, blockhash     // returns 0. Then keccak256(abi.encodePacked(0)) is predictable.          // Strategy: lock in a guess of keccak256(abi.encodePacked(bytes32(0)))     // Wait 256+ blocks, then settle. Original will compute answer using     // blockhash which returns 0, so answer = keccak256(0) = our guess.     // Mutant uses block.prevrandao which is not 0, so answer differs.          const zeroHash = ""0x0000000000000000000000000000000000000000000000000000000000000000"";     const expectedAnswer = ethers.keccak256(ethers.concat([""0x"", zeroHash.slice(2)]));          // Deploy a fresh contract     const Factory3 = await ethers.getContractFactory(""PredictTheBlockHashChallenge"");     const instance3 = await Factory3.deploy({ value: ethers.parseEther(""1"") });     await instance3.waitForDeployment();          // Lock in the guess of keccak256(0)     await instance3.connect(addr1).lockInGuess(expectedAnswer, { value: ethers.parseEther(""1"") });          // Get the target block number     const targetBlockNum = await ethers.provider.getBlockNumber();          // Mine 257 blocks to make blockhash return 0     for (let i = 0; i < 257; i++) {       await ethers.provider.send(""evm_mine"", []);     }          const balanceBeforeSettle = await ethers.provider.getBalance(addr1.address);          // Settle - original should pay 2 ether, mutant should not     await instance3.connect(addr1).settle();          const balanceAfterSettle = await ethers.provider.getBalance(addr1.address);          // In the original contract, this would increase by 2 ether     // In the mutant, it stays the same (minus gas)     // This test kills the mutant because:     // - Original: balanceAfterSettle - balanceBeforeSettle = 2 ether (approx, minus gas)     // - Mutant: balanceAfterSettle - balanceBeforeSettle ≈ 0 (minus gas)          // We assert that the balance increased (this will fail on mutant)     expect(balanceAfterSettle).to.be.gt(balanceBeforeSettle);   }); });","""['Error: syntax error']"""
m0fa5a562,PredictTheBlockHashChallenge,<generic-v6-scaffold>,settle,live,keccak256,sha256,---|         bytes32 answer = keccak256(abi.encodePacked(blockhash(guesses[msg.sender].block))); +++|         bytes32 answer = sha256(abi.encodePacked(blockhash(guesses[msg.sender].block)));,29,Mutant m0fa5a562 of function settle replaces keccak256 with sha256,pragma solidity ^0.8.0; contract PredictTheBlockHashChallenge { struct Guess { uint block; bytes32 guess; } mapping(address => Guess) guesses; constructor() public payable { require(msg.value == 1 ether); } function lockInGuess(bytes32 hash) public payable { require(guesses[msg.sender].block == 0); require(msg.value == 1 ether); guesses[msg.sender].guess = hash; guesses[msg.sender].block = block.number + 1; } function settle() public { require(guesses[msg.sender].block != 0); require(block.number > guesses[msg.sender].block); bytes32 answer = keccak256(abi.encodePacked(blockhash(guesses[msg.sender].block))); guesses[msg.sender].block = 0; if (guesses[msg.sender].guess == answer) { payable(msg.sender).transfer(2 ether); } } },"import { expect } from ""chai""; import { ethers } from ""hardhat""; describe(""PredictTheBlockHashChallenge reference (ethers v6; deploy may require constructor arguments)"", function () { it(""deploy PredictTheBlockHashChallenge by supplying its REQUIRED constructor arguments (read them from the contract constructor), then call methods and assert; use ethers.parseEther, await (await tx).wait(), and expect(...).to.be.reverted"", async function () { const [owner, addr1, addr2] = await ethers.getSigners(); const Factory = await ethers.getContractFactory(""PredictTheBlockHashChallenge""); const instance = await Factory.deploy(...constructorArgs); await instance.waitForDeployment(); }); });",False,False,"import { expect } from ""chai""; import { ethers } from ""hardhat"";  describe(""PredictTheBlockHashChallenge - kill mutant m0fa5a562"", function () {   it(""should kill the mutant that replaces keccak256 with sha256"", async function () {     const [owner, attacker] = await ethers.getSigners();          // Deploy with exactly 1 ether     const Factory = await ethers.getContractFactory(""PredictTheBlockHashChallenge"");     const instance = await Factory.deploy({ value: ethers.parseEther(""1"") });     await instance.waitForDeployment();          // Attacker locks in a guess, funding with 1 ether     const lockTx = await instance.connect(attacker).lockInGuess(       ethers.ZeroHash, // dummy guess, we just need to lock in       { value: ethers.parseEther(""1"") }     );     await lockTx.wait();          // Mine to the next block so settle can be called     await ethers.provider.send(""evm_mine"", []);          // Settle - in original this uses keccak256, in mutant it uses sha256     // The test will detect the mutant because the transfer will revert or balance won't change     const attackerBalanceBefore = await ethers.provider.getBalance(attacker.address);          const settleTx = await instance.connect(attacker).settle();     const receipt = await settleTx.wait();          // If the mutant is present, the answer computed with sha256 won't match     // the guess (which was computed with keccak256), so no transfer occurs.     // In the original, the guess was ZeroHash, and blockhash of the previous     // block keccak256'd won't be ZeroHash, so no transfer either.     // But we can detect the mutant by checking that the function didn't revert     // and that no ether was transferred (the contract still has 2 ether).     const attackerBalanceAfter = await ethers.provider.getBalance(attacker.address);          // The attacker should not have gained 2 ether (the transfer would fail in both cases)     // But to kill the mutant specifically, we need a scenario where original would succeed     // and mutant would fail. Let's use a known blockhash.          // Better approach: lock in a guess that equals keccak256(blockhash(lockedBlock))     // Then in mutant, sha256(blockhash(lockedBlock)) != keccak256(blockhash(lockedBlock))     // So original succeeds, mutant fails.          // Redo with correct approach     const Factory2 = await ethers.getContractFactory(""PredictTheBlockHashChallenge"");     const instance2 = await Factory2.deploy({ value: ethers.parseEther(""1"") });     await instance2.waitForDeployment();          // Lock in a guess at block N     const lockBlock = await ethers.provider.getBlockNumber();     const lockTx2 = await instance2.connect(attacker).lockInGuess(       ethers.ZeroHash,       { value: ethers.parseEther(""1"") }     );     await lockTx2.wait();          // Mine two blocks so block.number > locked block     await ethers.provider.send(""evm_mine"", []);     await ethers.provider.send(""evm_mine"", []);          // Now compute what the original would use:     // The locked block is lockBlock + 1 (since lockInGuess sets block = block.number + 1)     const lockedBlock = lockBlock + 1;     const blockHash = await ethers.provider.getStorage(       await instance2.getAddress(),       lockedBlock     );     // Actually blockhash is not stored, we need to get it via blockhash opcode     // Use ethers to get the block and its hash     const block = await ethers.provider.getBlock(lockedBlock);     const actualBlockHash = block.hash;          // Compute keccak256 hash as original would     const expectedGuess = ethers.solidityPackedKeccak256(       [""bytes32""],       [actualBlockHash]     );          // We can't re-lock because lock already used, so deploy fresh     const Factory3 = await ethers.getContractFactory(""PredictTheBlockHashChallenge"");     const instance3 = await Factory3.deploy({ value: ethers.parseEther(""1"") });     await instance3.waitForDeployment();          // Lock with correct keccak256 guess     const lockBlock3 = await ethers.provider.getBlockNumber();     const lockTx3 = await instance3.connect(attacker).lockInGuess(       expectedGuess,       { value: ethers.parseEther(""1"") }     );     await lockTx3.wait();          // Mine to pass the locked block     await ethers.provider.send(""evm_mine"", []);     await ethers.provider.send(""evm_mine"", []);          const balBefore = await ethers.provider.getBalance(attacker.address);          // Settle - in original this should succeed and transfer 2 ether     // In mutant, sha256 will produce different hash, so no transfer     await instance3.connect(attacker).settle();          const balAfter = await ethers.provider.getBalance(attacker.address);          // If original, attacker gained 2 ether. If mutant, no gain.     // This test will fail (kill the mutant) because the balance difference     // will be less than 2 ether in the mutant version     expect(balAfter - balBefore).to.be.gt(ethers.parseEther(""1.9""));   }); });","""['Error: syntax error']"""
