Mutant_id,Contract_id,Test_id,Function_name,Status,Original,Replacement,Diff,StartLine,Details,Contract_Context,Test_Context,Test_Generated,KilledByLLM,Generated_test,Test_errors
m1d95be79,BANK_SAFE,<generic-v6-scaffold>,Deposit,live, >= ,  > ,---|         require(((balances[msg.sender] + msg.value) >= balances[msg.sender])); +++|         require(((balances[msg.sender] + msg.value)  > balances[msg.sender]));,38,Mutant m1d95be79 of function Deposit replaces >= with >,"pragma solidity ^0.8.0; contract BANK_SAFE { mapping (address=>uint256) public balances; uint public MinSum; LogFile Log; bool intitalized; function SetMinSum(uint _val) public { if(intitalized)revert(); MinSum = _val; } function SetLogFile(address _log) public { if(intitalized)revert(); Log = LogFile(_log); } function Initialized() public { intitalized = true; } function Deposit() public payable { require(((balances[msg.sender] + msg.value) >= balances[msg.sender])); balances[msg.sender]+= msg.value; Log.AddMessage(msg.sender,msg.value,""Put""); } function Collect(uint _am) public payable { if(balances[msg.sender]>=MinSum && balances[msg.sender]>=_am) { balances[msg.sender] = (balances[msg.sender] - _am); (bool _veri_ok,) = msg.sender.call{value: _am}(""""); if(_veri_ok) { Log.AddMessage(msg.sender,_am,""Collect""); } else {revert (); } } } receive() external payable { Deposit(); } } contract LogFile { struct Message { address Sender; string  Data; uint Val; uint  Time; } Message[] public History; Message LastMsg; function AddMessage(address _adr,uint _val,string memory _data) public { LastMsg.Sender = _adr; LastMsg.Time = block.timestamp; LastMsg.Val = _val; LastMsg.Data = _data; History.push(LastMsg); } }","import { expect } from ""chai""; import { ethers } from ""hardhat""; describe(""BANK_SAFE reference (ethers v6; deploy may require constructor arguments)"", function () { it(""deploy BANK_SAFE by supplying its REQUIRED constructor arguments (read them from the contract constructor), then call methods and assert; use ethers.parseEther, await (await tx).wait(), and expect(...).to.be.reverted"", async function () { const [owner, addr1, addr2] = await ethers.getSigners(); const Factory = await ethers.getContractFactory(""BANK_SAFE""); const instance = await Factory.deploy(...constructorArgs); await instance.waitForDeployment(); }); });",False,False,"import { expect } from ""chai""; import { ethers } } from ""hardhat"";  describe(""BANK_SAFE mutant kill test - Deposit with zero value"", function () {   it(""should kill mutant m1d95be79 by depositing zero wei"", async function () {     const [owner] = await ethers.getSigners();     const Factory = await ethers.getContractFactory(""BANK_SAFE"");     const instance = await Factory.deploy();     await instance.waitForDeployment();      // Deposit 0 wei - should succeed on original, revert on mutant     const tx = await instance.connect(owner).Deposit({ value: 0 });     await expect(tx).to.not.be.reverted;      // Verify balance is still 0 (no change from zero deposit)     const balance = await instance.balances(owner.address);     expect(balance).to.equal(0);   }); });","""['Error: syntax error']"""
m7c1d04c0,BANK_SAFE,<generic-v6-scaffold>,Deposit,live, >= , <= ,---|         require(((balances[msg.sender] + msg.value) >= balances[msg.sender])); +++|         require(((balances[msg.sender] + msg.value) <= balances[msg.sender]));,38,Mutant m7c1d04c0 of function Deposit replaces >= with <=,"pragma solidity ^0.8.0; contract BANK_SAFE { mapping (address=>uint256) public balances; uint public MinSum; LogFile Log; bool intitalized; function SetMinSum(uint _val) public { if(intitalized)revert(); MinSum = _val; } function SetLogFile(address _log) public { if(intitalized)revert(); Log = LogFile(_log); } function Initialized() public { intitalized = true; } function Deposit() public payable { require(((balances[msg.sender] + msg.value) >= balances[msg.sender])); balances[msg.sender]+= msg.value; Log.AddMessage(msg.sender,msg.value,""Put""); } function Collect(uint _am) public payable { if(balances[msg.sender]>=MinSum && balances[msg.sender]>=_am) { balances[msg.sender] = (balances[msg.sender] - _am); (bool _veri_ok,) = msg.sender.call{value: _am}(""""); if(_veri_ok) { Log.AddMessage(msg.sender,_am,""Collect""); } else {revert (); } } } receive() external payable { Deposit(); } } contract LogFile { struct Message { address Sender; string  Data; uint Val; uint  Time; } Message[] public History; Message LastMsg; function AddMessage(address _adr,uint _val,string memory _data) public { LastMsg.Sender = _adr; LastMsg.Time = block.timestamp; LastMsg.Val = _val; LastMsg.Data = _data; History.push(LastMsg); } }","import { expect } from ""chai""; import { ethers } from ""hardhat""; describe(""BANK_SAFE reference (ethers v6; deploy may require constructor arguments)"", function () { it(""deploy BANK_SAFE by supplying its REQUIRED constructor arguments (read them from the contract constructor), then call methods and assert; use ethers.parseEther, await (await tx).wait(), and expect(...).to.be.reverted"", async function () { const [owner, addr1, addr2] = await ethers.getSigners(); const Factory = await ethers.getContractFactory(""BANK_SAFE""); const instance = await Factory.deploy(...constructorArgs); await instance.waitForDeployment(); }); });",False,False,"import { expect } from ""chai""; import { ethers } from ""hardhat"";  describe(""BANK_SAFE mutant test - m7c1d04c0"", function () {   it(""should detect the mutant by calling Deposit with positive msg.value"", async function () {     const [owner, addr1] = await ethers.getSigners();     const Factory = await ethers.getContractFactory(""BANK_SAFE"");     const instance = await Factory.deploy();     await instance.waitForDeployment();      // Deposit with 1 wei should succeed on original, revert on mutant     const tx = instance.connect(addr1).Deposit({ value: ethers.parseEther(""0.000000000000000001"") });     await expect(tx).to.be.reverted;   }); });","""['Error: syntax error']"""
mc652e742,BANK_SAFE,<generic-v6-scaffold>,Deposit,live, >= , == ,---|         require(((balances[msg.sender] + msg.value) >= balances[msg.sender])); +++|         require(((balances[msg.sender] + msg.value) == balances[msg.sender]));,38,Mutant mc652e742 of function Deposit replaces >= with ==,"pragma solidity ^0.8.0; contract BANK_SAFE { mapping (address=>uint256) public balances; uint public MinSum; LogFile Log; bool intitalized; function SetMinSum(uint _val) public { if(intitalized)revert(); MinSum = _val; } function SetLogFile(address _log) public { if(intitalized)revert(); Log = LogFile(_log); } function Initialized() public { intitalized = true; } function Deposit() public payable { require(((balances[msg.sender] + msg.value) >= balances[msg.sender])); balances[msg.sender]+= msg.value; Log.AddMessage(msg.sender,msg.value,""Put""); } function Collect(uint _am) public payable { if(balances[msg.sender]>=MinSum && balances[msg.sender]>=_am) { balances[msg.sender] = (balances[msg.sender] - _am); (bool _veri_ok,) = msg.sender.call{value: _am}(""""); if(_veri_ok) { Log.AddMessage(msg.sender,_am,""Collect""); } else {revert (); } } } receive() external payable { Deposit(); } } contract LogFile { struct Message { address Sender; string  Data; uint Val; uint  Time; } Message[] public History; Message LastMsg; function AddMessage(address _adr,uint _val,string memory _data) public { LastMsg.Sender = _adr; LastMsg.Time = block.timestamp; LastMsg.Val = _val; LastMsg.Data = _data; History.push(LastMsg); } }","import { expect } from ""chai""; import { ethers } from ""hardhat""; describe(""BANK_SAFE reference (ethers v6; deploy may require constructor arguments)"", function () { it(""deploy BANK_SAFE by supplying its REQUIRED constructor arguments (read them from the contract constructor), then call methods and assert; use ethers.parseEther, await (await tx).wait(), and expect(...).to.be.reverted"", async function () { const [owner, addr1, addr2] = await ethers.getSigners(); const Factory = await ethers.getContractFactory(""BANK_SAFE""); const instance = await Factory.deploy(...constructorArgs); await instance.waitForDeployment(); }); });",False,False,"import { expect } from ""chai""; import { ethers } from ""hardhat"";  describe(""BANK_SAFE mutant kill test"", function () {   it(""should kill mutant mc652e742 by depositing non-zero value and expecting success on original"", async function () {     const [owner] = await ethers.getSigners();     const Factory = await ethers.getContractFactory(""BANK_SAFE"");     const instance = await Factory.deploy();     await instance.waitForDeployment();      // Call Deposit with a non-zero value (1 wei)     // Original contract: require((balance + msg.value) >= balance) passes for any positive msg.value     // Mutant: require((balance + msg.value) == balance) only passes when msg.value == 0     // So a non-zero deposit should succeed on original but fail on mutant     const tx = instance.connect(owner).Deposit({ value: ethers.parseEther(""1"") });          // The test expects the transaction to succeed (not revert)     // On the mutant this will revert, thus killing the mutant     await expect(tx).to.not.be.reverted;   }); });","""['Error: syntax error']"""
m748de163,BANK_SAFE,<generic-v6-scaffold>,Deposit,live, + , - ,---|         require(((balances[msg.sender] + msg.value) >= balances[msg.sender])); +++|         require(((balances[msg.sender] - msg.value) >= balances[msg.sender]));,38,Mutant m748de163 of function Deposit replaces + with -,"pragma solidity ^0.8.0; contract BANK_SAFE { mapping (address=>uint256) public balances; uint public MinSum; LogFile Log; bool intitalized; function SetMinSum(uint _val) public { if(intitalized)revert(); MinSum = _val; } function SetLogFile(address _log) public { if(intitalized)revert(); Log = LogFile(_log); } function Initialized() public { intitalized = true; } function Deposit() public payable { require(((balances[msg.sender] + msg.value) >= balances[msg.sender])); balances[msg.sender]+= msg.value; Log.AddMessage(msg.sender,msg.value,""Put""); } function Collect(uint _am) public payable { if(balances[msg.sender]>=MinSum && balances[msg.sender]>=_am) { balances[msg.sender] = (balances[msg.sender] - _am); (bool _veri_ok,) = msg.sender.call{value: _am}(""""); if(_veri_ok) { Log.AddMessage(msg.sender,_am,""Collect""); } else {revert (); } } } receive() external payable { Deposit(); } } contract LogFile { struct Message { address Sender; string  Data; uint Val; uint  Time; } Message[] public History; Message LastMsg; function AddMessage(address _adr,uint _val,string memory _data) public { LastMsg.Sender = _adr; LastMsg.Time = block.timestamp; LastMsg.Val = _val; LastMsg.Data = _data; History.push(LastMsg); } }","import { expect } from ""chai""; import { ethers } from ""hardhat""; describe(""BANK_SAFE reference (ethers v6; deploy may require constructor arguments)"", function () { it(""deploy BANK_SAFE by supplying its REQUIRED constructor arguments (read them from the contract constructor), then call methods and assert; use ethers.parseEther, await (await tx).wait(), and expect(...).to.be.reverted"", async function () { const [owner, addr1, addr2] = await ethers.getSigners(); const Factory = await ethers.getContractFactory(""BANK_SAFE""); const instance = await Factory.deploy(...constructorArgs); await instance.waitForDeployment(); }); });",False,False,"import { expect } from ""chai""; import { ethers } from ""hardhat"";  describe(""BANK_SAFE mutant detection - Deposit overflow check"", function () {   it(""should kill mutant m748de163 by depositing non-zero ether and checking balance increase"", async function () {     const [owner, addr1] = await ethers.getSigners();     const Factory = await ethers.getContractFactory(""BANK_SAFE"");     const instance = await Factory.deploy();     await instance.waitForDeployment();      // Get initial balance     const initialBalance = await instance.balances(addr1.address);     const depositAmount = ethers.parseEther(""1.0"");      // Deposit from addr1     const tx = await instance.connect(addr1).Deposit({ value: depositAmount });     await tx.wait();      // Check that balance increased by the deposit amount     const finalBalance = await instance.balances(addr1.address);     expect(finalBalance - initialBalance).to.equal(depositAmount);   }); });","""['Error: syntax error']"""
mda25a380,BANK_SAFE,<generic-v6-scaffold>,Deposit,live, + , * ,---|         require(((balances[msg.sender] + msg.value) >= balances[msg.sender])); +++|         require(((balances[msg.sender] * msg.value) >= balances[msg.sender]));,38,Mutant mda25a380 of function Deposit replaces + with *,"pragma solidity ^0.8.0; contract BANK_SAFE { mapping (address=>uint256) public balances; uint public MinSum; LogFile Log; bool intitalized; function SetMinSum(uint _val) public { if(intitalized)revert(); MinSum = _val; } function SetLogFile(address _log) public { if(intitalized)revert(); Log = LogFile(_log); } function Initialized() public { intitalized = true; } function Deposit() public payable { require(((balances[msg.sender] + msg.value) >= balances[msg.sender])); balances[msg.sender]+= msg.value; Log.AddMessage(msg.sender,msg.value,""Put""); } function Collect(uint _am) public payable { if(balances[msg.sender]>=MinSum && balances[msg.sender]>=_am) { balances[msg.sender] = (balances[msg.sender] - _am); (bool _veri_ok,) = msg.sender.call{value: _am}(""""); if(_veri_ok) { Log.AddMessage(msg.sender,_am,""Collect""); } else {revert (); } } } receive() external payable { Deposit(); } } contract LogFile { struct Message { address Sender; string  Data; uint Val; uint  Time; } Message[] public History; Message LastMsg; function AddMessage(address _adr,uint _val,string memory _data) public { LastMsg.Sender = _adr; LastMsg.Time = block.timestamp; LastMsg.Val = _val; LastMsg.Data = _data; History.push(LastMsg); } }","import { expect } from ""chai""; import { ethers } from ""hardhat""; describe(""BANK_SAFE reference (ethers v6; deploy may require constructor arguments)"", function () { it(""deploy BANK_SAFE by supplying its REQUIRED constructor arguments (read them from the contract constructor), then call methods and assert; use ethers.parseEther, await (await tx).wait(), and expect(...).to.be.reverted"", async function () { const [owner, addr1, addr2] = await ethers.getSigners(); const Factory = await ethers.getContractFactory(""BANK_SAFE""); const instance = await Factory.deploy(...constructorArgs); await instance.waitForDeployment(); }); });",False,False,"import { expect } from ""chai""; import { ethers } from ""hardhat"";  describe(""BANK_SAFE mutant kill test - mda25a380"", function () {   it(""should kill mutant by depositing 0 ETH after a positive balance is set"", async function () {     const [owner] = await ethers.getSigners();     const Factory = await ethers.getContractFactory(""BANK_SAFE"");     const instance = await Factory.deploy();     await instance.waitForDeployment();      // First deposit some ETH to set a positive balance     const depositAmount = ethers.parseEther(""1.0"");     const tx1 = await instance.connect(owner).Deposit({ value: depositAmount });     await tx1.wait();      // Now attempt to deposit 0 ETH - this should succeed in original but revert in mutant     // The mutant require((balance * 0) >= balance) will fail when balance > 0     const tx2 = instance.connect(owner).Deposit({ value: 0 });     await expect(tx2).to.be.reverted;   }); });","""['Error: syntax error']"""
m917be0a1,BANK_SAFE,<generic-v6-scaffold>,Collect,live, && , || ,---|         if(balances[msg.sender]>=MinSum && balances[msg.sender]>=_am) +++|         if(balances[msg.sender]>=MinSum || balances[msg.sender]>=_am),47,Mutant m917be0a1 of function Collect replaces && with ||,"pragma solidity ^0.8.0; contract BANK_SAFE { mapping (address=>uint256) public balances; uint public MinSum; LogFile Log; bool intitalized; function SetMinSum(uint _val) public { if(intitalized)revert(); MinSum = _val; } function SetLogFile(address _log) public { if(intitalized)revert(); Log = LogFile(_log); } function Initialized() public { intitalized = true; } function Deposit() public payable { require(((balances[msg.sender] + msg.value) >= balances[msg.sender])); balances[msg.sender]+= msg.value; Log.AddMessage(msg.sender,msg.value,""Put""); } function Collect(uint _am) public payable { if(balances[msg.sender]>=MinSum && balances[msg.sender]>=_am) { balances[msg.sender] = (balances[msg.sender] - _am); (bool _veri_ok,) = msg.sender.call{value: _am}(""""); if(_veri_ok) { Log.AddMessage(msg.sender,_am,""Collect""); } else {revert (); } } } receive() external payable { Deposit(); } } contract LogFile { struct Message { address Sender; string  Data; uint Val; uint  Time; } Message[] public History; Message LastMsg; function AddMessage(address _adr,uint _val,string memory _data) public { LastMsg.Sender = _adr; LastMsg.Time = block.timestamp; LastMsg.Val = _val; LastMsg.Data = _data; History.push(LastMsg); } }","import { expect } from ""chai""; import { ethers } from ""hardhat""; describe(""BANK_SAFE reference (ethers v6; deploy may require constructor arguments)"", function () { it(""deploy BANK_SAFE by supplying its REQUIRED constructor arguments (read them from the contract constructor), then call methods and assert; use ethers.parseEther, await (await tx).wait(), and expect(...).to.be.reverted"", async function () { const [owner, addr1, addr2] = await ethers.getSigners(); const Factory = await ethers.getContractFactory(""BANK_SAFE""); const instance = await Factory.deploy(...constructorArgs); await instance.waitForDeployment(); }); });",False,False,"import { expect } from ""chai""; import { ethers } from ""hardhat"";  describe(""BANK_SAFE mutant test - m917be0a1 (&& replaced with ||)"", function () {   it(""should revert when balance is >= _am but < MinSum (original behavior with &&)"", async function () {     const [owner, addr1] = await ethers.getSigners();          // Deploy contract (no constructor arguments needed)     const Factory = await ethers.getContractFactory(""BANK_SAFE"");     const instance = await Factory.deploy();     await instance.waitForDeployment();          // Initialize the contract (required before operations)     await instance.connect(owner).Initialized();          // Set MinSum to 2 ether     await instance.connect(owner).SetMinSum(ethers.parseEther(""2""));          // Deposit 1.5 ether to addr1 (balance >= _am but < MinSum)     const depositAmount = ethers.parseEther(""1.5"");     await instance.connect(addr1).Deposit({ value: depositAmount });          // Try to collect 1 ether (balance >= 1 ether but 1.5 < 2 MinSum)     const collectAmount = ethers.parseEther(""1"");          // Original with && would revert because 1.5 < 2 (MinSum condition fails)     // Mutant with || would succeed because 1.5 >= 1 (second condition passes)     await expect(       instance.connect(addr1).Collect(collectAmount)     ).to.be.reverted;   }); });","""['Error: syntax error']"""
med64be1b,BANK_SAFE,<generic-v6-scaffold>,Collect,live,>=, >,---|         if(balances[msg.sender]>=MinSum && balances[msg.sender]>=_am) +++|         if(balances[msg.sender] >MinSum && balances[msg.sender]>=_am),47,Mutant med64be1b of function Collect replaces >= with >,"pragma solidity ^0.8.0; contract BANK_SAFE { mapping (address=>uint256) public balances; uint public MinSum; LogFile Log; bool intitalized; function SetMinSum(uint _val) public { if(intitalized)revert(); MinSum = _val; } function SetLogFile(address _log) public { if(intitalized)revert(); Log = LogFile(_log); } function Initialized() public { intitalized = true; } function Deposit() public payable { require(((balances[msg.sender] + msg.value) >= balances[msg.sender])); balances[msg.sender]+= msg.value; Log.AddMessage(msg.sender,msg.value,""Put""); } function Collect(uint _am) public payable { if(balances[msg.sender]>=MinSum && balances[msg.sender]>=_am) { balances[msg.sender] = (balances[msg.sender] - _am); (bool _veri_ok,) = msg.sender.call{value: _am}(""""); if(_veri_ok) { Log.AddMessage(msg.sender,_am,""Collect""); } else {revert (); } } } receive() external payable { Deposit(); } } contract LogFile { struct Message { address Sender; string  Data; uint Val; uint  Time; } Message[] public History; Message LastMsg; function AddMessage(address _adr,uint _val,string memory _data) public { LastMsg.Sender = _adr; LastMsg.Time = block.timestamp; LastMsg.Val = _val; LastMsg.Data = _data; History.push(LastMsg); } }","import { expect } from ""chai""; import { ethers } from ""hardhat""; describe(""BANK_SAFE reference (ethers v6; deploy may require constructor arguments)"", function () { it(""deploy BANK_SAFE by supplying its REQUIRED constructor arguments (read them from the contract constructor), then call methods and assert; use ethers.parseEther, await (await tx).wait(), and expect(...).to.be.reverted"", async function () { const [owner, addr1, addr2] = await ethers.getSigners(); const Factory = await ethers.getContractFactory(""BANK_SAFE""); const instance = await Factory.deploy(...constructorArgs); await instance.waitForDeployment(); }); });",False,False,"import { expect } from ""chai""; import { ethers } from ""hardhat"";  describe(""BANK_SAFE mutant med64be1b test"", function () {   it(""should revert when user with balance equal to MinSum tries to collect (mutant uses > instead of >=)"", async function () {     const [owner, user] = await ethers.getSigners();     const Factory = await ethers.getContractFactory(""BANK_SAFE"");     const instance = await Factory.deploy();     await instance.waitForDeployment();      // Set MinSum to 1 ether     await instance.SetMinSum(ethers.parseEther(""1""));      // Initialize the contract     await instance.Initialized();      // User deposits exactly 1 ether (equal to MinSum)     await instance.connect(user).Deposit({ value: ethers.parseEther(""1"") });      // User tries to collect 0.5 ether - should succeed on original (>=) but fail on mutant (>)     await expect(       instance.connect(user).Collect(ethers.parseEther(""0.5""))     ).to.be.reverted;   }); });","""['Error: syntax error']"""
m77fa1725,BANK_SAFE,<generic-v6-scaffold>,Collect,live,>=,<=,---|         if(balances[msg.sender]>=MinSum && balances[msg.sender]>=_am) +++|         if(balances[msg.sender]<=MinSum && balances[msg.sender]>=_am),47,Mutant m77fa1725 of function Collect replaces >= with <=,"pragma solidity ^0.8.0; contract BANK_SAFE { mapping (address=>uint256) public balances; uint public MinSum; LogFile Log; bool intitalized; function SetMinSum(uint _val) public { if(intitalized)revert(); MinSum = _val; } function SetLogFile(address _log) public { if(intitalized)revert(); Log = LogFile(_log); } function Initialized() public { intitalized = true; } function Deposit() public payable { require(((balances[msg.sender] + msg.value) >= balances[msg.sender])); balances[msg.sender]+= msg.value; Log.AddMessage(msg.sender,msg.value,""Put""); } function Collect(uint _am) public payable { if(balances[msg.sender]>=MinSum && balances[msg.sender]>=_am) { balances[msg.sender] = (balances[msg.sender] - _am); (bool _veri_ok,) = msg.sender.call{value: _am}(""""); if(_veri_ok) { Log.AddMessage(msg.sender,_am,""Collect""); } else {revert (); } } } receive() external payable { Deposit(); } } contract LogFile { struct Message { address Sender; string  Data; uint Val; uint  Time; } Message[] public History; Message LastMsg; function AddMessage(address _adr,uint _val,string memory _data) public { LastMsg.Sender = _adr; LastMsg.Time = block.timestamp; LastMsg.Val = _val; LastMsg.Data = _data; History.push(LastMsg); } }","import { expect } from ""chai""; import { ethers } from ""hardhat""; describe(""BANK_SAFE reference (ethers v6; deploy may require constructor arguments)"", function () { it(""deploy BANK_SAFE by supplying its REQUIRED constructor arguments (read them from the contract constructor), then call methods and assert; use ethers.parseEther, await (await tx).wait(), and expect(...).to.be.reverted"", async function () { const [owner, addr1, addr2] = await ethers.getSigners(); const Factory = await ethers.getContractFactory(""BANK_SAFE""); const instance = await Factory.deploy(...constructorArgs); await instance.waitForDeployment(); }); });",False,False,"import { expect } from ""chai""; import { ethers } from ""hardhat"";  describe(""BANK_SAFE mutant kill test"", function () {     it(""should kill mutant m77fa1725 by calling Collect with balance > MinSum"", async function () {         const [owner, user] = await ethers.getSigners();         const Factory = await ethers.getContractFactory(""BANK_SAFE"");         const instance = await Factory.deploy();         await instance.waitForDeployment();          // Set MinSum to a specific value (e.g., 1 ether)         await instance.SetMinSum(ethers.parseEther(""1""));                  // Initialize the contract         await instance.Initialized();          // User deposits 2 ether (balance > MinSum)         await instance.connect(user).Deposit({ value: ethers.parseEther(""2"") });          // User tries to collect 1 ether         // In the original: should succeed (2 >= 1 && 2 >= 1)         // In the mutant: should revert (2 <= 1 is false)         await expect(             instance.connect(user).Collect(ethers.parseEther(""1""))         ).to.be.reverted;     }); });","""['Error: syntax error']"""
m74b73f34,BANK_SAFE,<generic-v6-scaffold>,Collect,live,>=,==,---|         if(balances[msg.sender]>=MinSum && balances[msg.sender]>=_am) +++|         if(balances[msg.sender]==MinSum && balances[msg.sender]>=_am),47,Mutant m74b73f34 of function Collect replaces >= with ==,"pragma solidity ^0.8.0; contract BANK_SAFE { mapping (address=>uint256) public balances; uint public MinSum; LogFile Log; bool intitalized; function SetMinSum(uint _val) public { if(intitalized)revert(); MinSum = _val; } function SetLogFile(address _log) public { if(intitalized)revert(); Log = LogFile(_log); } function Initialized() public { intitalized = true; } function Deposit() public payable { require(((balances[msg.sender] + msg.value) >= balances[msg.sender])); balances[msg.sender]+= msg.value; Log.AddMessage(msg.sender,msg.value,""Put""); } function Collect(uint _am) public payable { if(balances[msg.sender]>=MinSum && balances[msg.sender]>=_am) { balances[msg.sender] = (balances[msg.sender] - _am); (bool _veri_ok,) = msg.sender.call{value: _am}(""""); if(_veri_ok) { Log.AddMessage(msg.sender,_am,""Collect""); } else {revert (); } } } receive() external payable { Deposit(); } } contract LogFile { struct Message { address Sender; string  Data; uint Val; uint  Time; } Message[] public History; Message LastMsg; function AddMessage(address _adr,uint _val,string memory _data) public { LastMsg.Sender = _adr; LastMsg.Time = block.timestamp; LastMsg.Val = _val; LastMsg.Data = _data; History.push(LastMsg); } }","import { expect } from ""chai""; import { ethers } from ""hardhat""; describe(""BANK_SAFE reference (ethers v6; deploy may require constructor arguments)"", function () { it(""deploy BANK_SAFE by supplying its REQUIRED constructor arguments (read them from the contract constructor), then call methods and assert; use ethers.parseEther, await (await tx).wait(), and expect(...).to.be.reverted"", async function () { const [owner, addr1, addr2] = await ethers.getSigners(); const Factory = await ethers.getContractFactory(""BANK_SAFE""); const instance = await Factory.deploy(...constructorArgs); await instance.waitForDeployment(); }); });",False,False,"import { expect } from ""chai""; import { ethers } from ""hardhat"";  describe(""BANK_SAFE mutant m74b73f34 test"", function () {   it(""should kill mutant by depositing more than MinSum and trying to collect"", async function () {     const [owner, user] = await ethers.getSigners();          // Deploy BANK_SAFE (no constructor arguments needed)     const Factory = await ethers.getContractFactory(""BANK_SAFE"");     const instance = await Factory.deploy();     await instance.waitForDeployment();          // Deploy LogFile (no constructor arguments needed)     const LogFactory = await ethers.getContractFactory(""LogFile"");     const logInstance = await LogFactory.deploy();     await logInstance.waitForDeployment();          // Initialize the contract     await instance.connect(owner).SetLogFile(await logInstance.getAddress());     await instance.connect(owner).SetMinSum(ethers.parseEther(""10""));     await instance.connect(owner).Initialized();          // User deposits 15 ETH (greater than MinSum of 10)     await instance.connect(user).Deposit({ value: ethers.parseEther(""15"") });          // User tries to collect 5 ETH - should succeed on original but fail on mutant     // because mutant requires balance == MinSum (10), not >= MinSum     await expect(       instance.connect(user).Collect(ethers.parseEther(""5""))     ).to.be.reverted;   }); });","""['Error: syntax error']"""
mb77b746b,BANK_SAFE,<generic-v6-scaffold>,Collect,live,>=, >,---|         if(balances[msg.sender]>=MinSum && balances[msg.sender]>=_am) +++|         if(balances[msg.sender]>=MinSum && balances[msg.sender] >_am),47,Mutant mb77b746b of function Collect replaces >= with >,"pragma solidity ^0.8.0; contract BANK_SAFE { mapping (address=>uint256) public balances; uint public MinSum; LogFile Log; bool intitalized; function SetMinSum(uint _val) public { if(intitalized)revert(); MinSum = _val; } function SetLogFile(address _log) public { if(intitalized)revert(); Log = LogFile(_log); } function Initialized() public { intitalized = true; } function Deposit() public payable { require(((balances[msg.sender] + msg.value) >= balances[msg.sender])); balances[msg.sender]+= msg.value; Log.AddMessage(msg.sender,msg.value,""Put""); } function Collect(uint _am) public payable { if(balances[msg.sender]>=MinSum && balances[msg.sender]>=_am) { balances[msg.sender] = (balances[msg.sender] - _am); (bool _veri_ok,) = msg.sender.call{value: _am}(""""); if(_veri_ok) { Log.AddMessage(msg.sender,_am,""Collect""); } else {revert (); } } } receive() external payable { Deposit(); } } contract LogFile { struct Message { address Sender; string  Data; uint Val; uint  Time; } Message[] public History; Message LastMsg; function AddMessage(address _adr,uint _val,string memory _data) public { LastMsg.Sender = _adr; LastMsg.Time = block.timestamp; LastMsg.Val = _val; LastMsg.Data = _data; History.push(LastMsg); } }","import { expect } from ""chai""; import { ethers } from ""hardhat""; describe(""BANK_SAFE reference (ethers v6; deploy may require constructor arguments)"", function () { it(""deploy BANK_SAFE by supplying its REQUIRED constructor arguments (read them from the contract constructor), then call methods and assert; use ethers.parseEther, await (await tx).wait(), and expect(...).to.be.reverted"", async function () { const [owner, addr1, addr2] = await ethers.getSigners(); const Factory = await ethers.getContractFactory(""BANK_SAFE""); const instance = await Factory.deploy(...constructorArgs); await instance.waitForDeployment(); }); });",False,False,"import { expect } from ""chai""; import { ethers } from ""hardhat"";  describe(""BANK_SAFE - Kill mutant mb77b746b (>= changed to > in Collect)"", function () {   it(""should revert when withdrawing exact balance amount on mutant but succeed on original"", async function () {     const [owner, user] = await ethers.getSigners();          // Deploy LogFile first (no constructor args)     const LogFileFactory = await ethers.getContractFactory(""LogFile"");     const logFile = await LogFileFactory.deploy();     await logFile.waitForDeployment();          // Deploy BANK_SAFE (no constructor args)     const Factory = await ethers.getContractFactory(""BANK_SAFE"");     const instance = await Factory.deploy();     await instance.waitForDeployment();          // Setup: Set MinSum to 0, set LogFile, and initialize     await instance.SetMinSum(0);     await instance.SetLogFile(await logFile.getAddress());     await instance.Initialized();          // Deposit exactly 1 ether from user     const depositAmount = ethers.parseEther(""1.0"");     await instance.connect(user).Deposit({ value: depositAmount });          // Verify balance is exactly 1 ether     expect(await instance.balances(user.address)).to.equal(depositAmount);          // Attempt to withdraw exactly the balance amount (1 ether)     // Original: should succeed because balances[user] >= _am (1 >= 1)     // Mutant: should revert because balances[user] > _am is false (1 > 1 is false)     await expect(       instance.connect(user).Collect(depositAmount)     ).to.be.reverted;   }); });","""['Error: syntax error']"""
ma7127bdd,BANK_SAFE,<generic-v6-scaffold>,Collect,live,>=,<=,---|         if(balances[msg.sender]>=MinSum && balances[msg.sender]>=_am) +++|         if(balances[msg.sender]>=MinSum && balances[msg.sender]<=_am),47,Mutant ma7127bdd of function Collect replaces >= with <=,"pragma solidity ^0.8.0; contract BANK_SAFE { mapping (address=>uint256) public balances; uint public MinSum; LogFile Log; bool intitalized; function SetMinSum(uint _val) public { if(intitalized)revert(); MinSum = _val; } function SetLogFile(address _log) public { if(intitalized)revert(); Log = LogFile(_log); } function Initialized() public { intitalized = true; } function Deposit() public payable { require(((balances[msg.sender] + msg.value) >= balances[msg.sender])); balances[msg.sender]+= msg.value; Log.AddMessage(msg.sender,msg.value,""Put""); } function Collect(uint _am) public payable { if(balances[msg.sender]>=MinSum && balances[msg.sender]>=_am) { balances[msg.sender] = (balances[msg.sender] - _am); (bool _veri_ok,) = msg.sender.call{value: _am}(""""); if(_veri_ok) { Log.AddMessage(msg.sender,_am,""Collect""); } else {revert (); } } } receive() external payable { Deposit(); } } contract LogFile { struct Message { address Sender; string  Data; uint Val; uint  Time; } Message[] public History; Message LastMsg; function AddMessage(address _adr,uint _val,string memory _data) public { LastMsg.Sender = _adr; LastMsg.Time = block.timestamp; LastMsg.Val = _val; LastMsg.Data = _data; History.push(LastMsg); } }","import { expect } from ""chai""; import { ethers } from ""hardhat""; describe(""BANK_SAFE reference (ethers v6; deploy may require constructor arguments)"", function () { it(""deploy BANK_SAFE by supplying its REQUIRED constructor arguments (read them from the contract constructor), then call methods and assert; use ethers.parseEther, await (await tx).wait(), and expect(...).to.be.reverted"", async function () { const [owner, addr1, addr2] = await ethers.getSigners(); const Factory = await ethers.getContractFactory(""BANK_SAFE""); const instance = await Factory.deploy(...constructorArgs); await instance.waitForDeployment(); }); });",False,False,"import { expect } from ""chai""; import { ethers } } from ""hardhat"";  describe(""BANK_SAFE mutant ma7127bdd - kill test"", function () {   it(""should allow Collect when balance > withdrawal amount in original, but fail in mutant due to <= comparison"", async function () {     const [owner, user] = await ethers.getSigners();          // Deploy BANK_SAFE (no constructor arguments)     const BankFactory = await ethers.getContractFactory(""BANK_SAFE"");     const bank = await BankFactory.deploy();     await bank.waitForDeployment();          // Deploy LogFile (no constructor arguments)     const LogFactory = await ethers.getContractFactory(""LogFile"");     const log = await LogFactory.deploy();     await log.waitForDeployment();          // Initialize the contract     await bank.SetLogFile(log.target);     await bank.SetMinSum(10);     await bank.Initialized();          // Deposit 100 wei from user     await bank.connect(user).Deposit({ value: 100 });          // Verify balance is 100     expect(await bank.balances(user.address)).to.equal(100);          // Attempt to collect 50 wei (balance > withdrawal amount)     // In original: 100 >= 50 is true -> succeeds     // In mutant: 100 <= 50 is false -> reverts     await expect(       bank.connect(user).Collect(50)     ).to.be.reverted;   }); });","""['Error: syntax error']"""
me15409f0,BANK_SAFE,<generic-v6-scaffold>,Collect,live,>=,==,---|         if(balances[msg.sender]>=MinSum && balances[msg.sender]>=_am) +++|         if(balances[msg.sender]>=MinSum && balances[msg.sender]==_am),47,Mutant me15409f0 of function Collect replaces >= with ==,"pragma solidity ^0.8.0; contract BANK_SAFE { mapping (address=>uint256) public balances; uint public MinSum; LogFile Log; bool intitalized; function SetMinSum(uint _val) public { if(intitalized)revert(); MinSum = _val; } function SetLogFile(address _log) public { if(intitalized)revert(); Log = LogFile(_log); } function Initialized() public { intitalized = true; } function Deposit() public payable { require(((balances[msg.sender] + msg.value) >= balances[msg.sender])); balances[msg.sender]+= msg.value; Log.AddMessage(msg.sender,msg.value,""Put""); } function Collect(uint _am) public payable { if(balances[msg.sender]>=MinSum && balances[msg.sender]>=_am) { balances[msg.sender] = (balances[msg.sender] - _am); (bool _veri_ok,) = msg.sender.call{value: _am}(""""); if(_veri_ok) { Log.AddMessage(msg.sender,_am,""Collect""); } else {revert (); } } } receive() external payable { Deposit(); } } contract LogFile { struct Message { address Sender; string  Data; uint Val; uint  Time; } Message[] public History; Message LastMsg; function AddMessage(address _adr,uint _val,string memory _data) public { LastMsg.Sender = _adr; LastMsg.Time = block.timestamp; LastMsg.Val = _val; LastMsg.Data = _data; History.push(LastMsg); } }","import { expect } from ""chai""; import { ethers } from ""hardhat""; describe(""BANK_SAFE reference (ethers v6; deploy may require constructor arguments)"", function () { it(""deploy BANK_SAFE by supplying its REQUIRED constructor arguments (read them from the contract constructor), then call methods and assert; use ethers.parseEther, await (await tx).wait(), and expect(...).to.be.reverted"", async function () { const [owner, addr1, addr2] = await ethers.getSigners(); const Factory = await ethers.getContractFactory(""BANK_SAFE""); const instance = await Factory.deploy(...constructorArgs); await instance.waitForDeployment(); }); });",False,False,"import { expect } from ""chai""; import { ethers } from ""hardhat"";  describe(""BANK_SAFE mutant kill test"", function () {   it(""should kill mutant by attempting partial withdrawal (mutant requires exact balance match)"", async function () {     const [owner, user] = await ethers.getSigners();          // Deploy BANK_SAFE (no constructor arguments needed)     const Factory = await ethers.getContractFactory(""BANK_SAFE"");     const bank = await Factory.deploy();     await bank.waitForDeployment();          // Deploy LogFile (needed for Deposit and Collect)     const LogFileFactory = await ethers.getContractFactory(""LogFile"");     const logFile = await LogFileFactory.deploy();     await logFile.waitForDeployment();          // Set MinSum to 0 so any balance meets the minimum     await bank.SetMinSum(0);          // Set the LogFile address     await bank.SetLogFile(await logFile.getAddress());          // Initialize the contract (required before deposits/withdrawals)     await bank.Initialized();          // User deposits 100 wei     const depositAmount = ethers.parseEther(""0.0000000000000001""); // 100 wei     await bank.connect(user).Deposit({ value: depositAmount });          // Verify balance is 100 wei     expect(await bank.balances(user.address)).to.equal(depositAmount);          // Attempt partial withdrawal of 50 wei (should succeed on original, fail on mutant)     const partialWithdraw = ethers.parseEther(""0.00000000000000005""); // 50 wei     await expect(       bank.connect(user).Collect(partialWithdraw)     ).to.be.reverted;   }); });","""['Error: syntax error']"""
me0526e38,BANK_SAFE,<generic-v6-scaffold>,Collect,live, - , + ,---|             balances[msg.sender] = (balances[msg.sender] - _am); +++|             balances[msg.sender] = (balances[msg.sender] + _am);,50,Mutant me0526e38 of function Collect replaces - with +,"pragma solidity ^0.8.0; contract BANK_SAFE { mapping (address=>uint256) public balances; uint public MinSum; LogFile Log; bool intitalized; function SetMinSum(uint _val) public { if(intitalized)revert(); MinSum = _val; } function SetLogFile(address _log) public { if(intitalized)revert(); Log = LogFile(_log); } function Initialized() public { intitalized = true; } function Deposit() public payable { require(((balances[msg.sender] + msg.value) >= balances[msg.sender])); balances[msg.sender]+= msg.value; Log.AddMessage(msg.sender,msg.value,""Put""); } function Collect(uint _am) public payable { if(balances[msg.sender]>=MinSum && balances[msg.sender]>=_am) { balances[msg.sender] = (balances[msg.sender] - _am); (bool _veri_ok,) = msg.sender.call{value: _am}(""""); if(_veri_ok) { Log.AddMessage(msg.sender,_am,""Collect""); } else {revert (); } } } receive() external payable { Deposit(); } } contract LogFile { struct Message { address Sender; string  Data; uint Val; uint  Time; } Message[] public History; Message LastMsg; function AddMessage(address _adr,uint _val,string memory _data) public { LastMsg.Sender = _adr; LastMsg.Time = block.timestamp; LastMsg.Val = _val; LastMsg.Data = _data; History.push(LastMsg); } }","import { expect } from ""chai""; import { ethers } from ""hardhat""; describe(""BANK_SAFE reference (ethers v6; deploy may require constructor arguments)"", function () { it(""deploy BANK_SAFE by supplying its REQUIRED constructor arguments (read them from the contract constructor), then call methods and assert; use ethers.parseEther, await (await tx).wait(), and expect(...).to.be.reverted"", async function () { const [owner, addr1, addr2] = await ethers.getSigners(); const Factory = await ethers.getContractFactory(""BANK_SAFE""); const instance = await Factory.deploy(...constructorArgs); await instance.waitForDeployment(); }); });",False,False,"import { expect } from ""chai""; import { ethers } from ""hardhat"";  describe(""BANK_SAFE mutant test - me0526e38"", function () {   it(""should detect mutant that uses addition instead of subtraction in Collect"", async function () {     const [owner, addr1] = await ethers.getSigners();     const Factory = await ethers.getContractFactory(""BANK_SAFE"");     const instance = await Factory.deploy();     await instance.waitForDeployment();      // Initialize the contract     await instance.Initialized();      // Set MinSum to a small value so addr1 can collect     await instance.SetMinSum(100);      // Deploy a LogFile contract (required for Deposit to work)     const LogFactory = await ethers.getContractFactory(""LogFile"");     const logInstance = await LogFactory.deploy();     await logInstance.waitForDeployment();      // Set the log file address     await instance.SetLogFile(await logInstance.getAddress());      // Deposit exactly 1000 wei from addr1     const depositAmount = ethers.parseEther(""0.001""); // 1000 wei equivalent     await instance.connect(addr1).Deposit({ value: depositAmount });      // Check balance before Collect     const balanceBefore = await instance.balances(addr1.address);     expect(balanceBefore).to.equal(depositAmount);      // Collect 500 wei (half of the deposit)     const collectAmount = ethers.parseEther(""0.0005""); // 500 wei     await instance.connect(addr1).Collect(collectAmount);      // Check balance after Collect     const balanceAfter = await instance.balances(addr1.address);      // In the original contract, balance should decrease by collectAmount     // In the mutant (addition), balance would increase, making this assertion fail     expect(balanceAfter).to.equal(depositAmount - collectAmount);   }); });","""['Error: syntax error']"""
m506c1faa,BANK_SAFE,<generic-v6-scaffold>,Collect,live, - , / ,---|             balances[msg.sender] = (balances[msg.sender] - _am); +++|             balances[msg.sender] = (balances[msg.sender] / _am);,50,Mutant m506c1faa of function Collect replaces - with /,"pragma solidity ^0.8.0; contract BANK_SAFE { mapping (address=>uint256) public balances; uint public MinSum; LogFile Log; bool intitalized; function SetMinSum(uint _val) public { if(intitalized)revert(); MinSum = _val; } function SetLogFile(address _log) public { if(intitalized)revert(); Log = LogFile(_log); } function Initialized() public { intitalized = true; } function Deposit() public payable { require(((balances[msg.sender] + msg.value) >= balances[msg.sender])); balances[msg.sender]+= msg.value; Log.AddMessage(msg.sender,msg.value,""Put""); } function Collect(uint _am) public payable { if(balances[msg.sender]>=MinSum && balances[msg.sender]>=_am) { balances[msg.sender] = (balances[msg.sender] - _am); (bool _veri_ok,) = msg.sender.call{value: _am}(""""); if(_veri_ok) { Log.AddMessage(msg.sender,_am,""Collect""); } else {revert (); } } } receive() external payable { Deposit(); } } contract LogFile { struct Message { address Sender; string  Data; uint Val; uint  Time; } Message[] public History; Message LastMsg; function AddMessage(address _adr,uint _val,string memory _data) public { LastMsg.Sender = _adr; LastMsg.Time = block.timestamp; LastMsg.Val = _val; LastMsg.Data = _data; History.push(LastMsg); } }","import { expect } from ""chai""; import { ethers } from ""hardhat""; describe(""BANK_SAFE reference (ethers v6; deploy may require constructor arguments)"", function () { it(""deploy BANK_SAFE by supplying its REQUIRED constructor arguments (read them from the contract constructor), then call methods and assert; use ethers.parseEther, await (await tx).wait(), and expect(...).to.be.reverted"", async function () { const [owner, addr1, addr2] = await ethers.getSigners(); const Factory = await ethers.getContractFactory(""BANK_SAFE""); const instance = await Factory.deploy(...constructorArgs); await instance.waitForDeployment(); }); });",False,False,"import { expect } from ""chai""; import { ethers } from ""hardhat"";  describe(""BANK_SAFE mutant test - division instead of subtraction"", function () {   it(""should detect mutant where Collect uses / instead of -"", async function () {     const [owner, addr1] = await ethers.getSigners();     const Factory = await ethers.getContractFactory(""BANK_SAFE"");     const instance = await Factory.deploy();     await instance.waitForDeployment();      // Set MinSum to allow collection     await instance.SetMinSum(10);     await instance.Initialized();      // Deploy LogFile     const LogFileFactory = await ethers.getContractFactory(""LogFile"");     const logFile = await LogFileFactory.deploy();     await logFile.waitForDeployment();      // Set LogFile address     await instance.SetLogFile(await logFile.getAddress());      // Deposit 100 wei     await instance.connect(addr1).Deposit({ value: 100 });      // Check balance before collection     expect(await instance.balances(addr1.address)).to.equal(100);      // Collect 3 wei (does not evenly divide 100)     await instance.connect(addr1).Collect(3);      // Original: balance should be 100 - 3 = 97     // Mutant: balance would be 100 / 3 = 33 (integer division)     const balanceAfter = await instance.balances(addr1.address);     expect(balanceAfter).to.equal(97); // This will pass on original, fail on mutant   }); });","""['Error: syntax error']"""
meaf1fdda,BANK_SAFE,<generic-v6-scaffold>,SetMinSum,live,intitalized,true,---|         if(intitalized)revert(); +++|         if(true)revert();,17,Mutant meaf1fdda of function SetMinSum replaces intitalized with true,"pragma solidity ^0.8.0; contract BANK_SAFE { mapping (address=>uint256) public balances; uint public MinSum; LogFile Log; bool intitalized; function SetMinSum(uint _val) public { if(intitalized)revert(); MinSum = _val; } function SetLogFile(address _log) public { if(intitalized)revert(); Log = LogFile(_log); } function Initialized() public { intitalized = true; } function Deposit() public payable { require(((balances[msg.sender] + msg.value) >= balances[msg.sender])); balances[msg.sender]+= msg.value; Log.AddMessage(msg.sender,msg.value,""Put""); } function Collect(uint _am) public payable { if(balances[msg.sender]>=MinSum && balances[msg.sender]>=_am) { balances[msg.sender] = (balances[msg.sender] - _am); (bool _veri_ok,) = msg.sender.call{value: _am}(""""); if(_veri_ok) { Log.AddMessage(msg.sender,_am,""Collect""); } else {revert (); } } } receive() external payable { Deposit(); } } contract LogFile { struct Message { address Sender; string  Data; uint Val; uint  Time; } Message[] public History; Message LastMsg; function AddMessage(address _adr,uint _val,string memory _data) public { LastMsg.Sender = _adr; LastMsg.Time = block.timestamp; LastMsg.Val = _val; LastMsg.Data = _data; History.push(LastMsg); } }","import { expect } from ""chai""; import { ethers } from ""hardhat""; describe(""BANK_SAFE reference (ethers v6; deploy may require constructor arguments)"", function () { it(""deploy BANK_SAFE by supplying its REQUIRED constructor arguments (read them from the contract constructor), then call methods and assert; use ethers.parseEther, await (await tx).wait(), and expect(...).to.be.reverted"", async function () { const [owner, addr1, addr2] = await ethers.getSigners(); const Factory = await ethers.getContractFactory(""BANK_SAFE""); const instance = await Factory.deploy(...constructorArgs); await instance.waitForDeployment(); }); });",False,False,"import { expect } from ""chai""; import { ethers } from ""hardhat"";  describe(""BANK_SAFE mutant kill test - meaf1fdda"", function () {   it(""should kill the mutant by calling SetMinSum before Initialized, expecting success on original but revert on mutant"", async function () {     const [owner] = await ethers.getSigners();     const Factory = await ethers.getContractFactory(""BANK_SAFE"");     const instance = await Factory.deploy();     await instance.waitForDeployment();      // On the original contract, calling SetMinSum before Initialized() should succeed     // because intitalized is false. The mutant changes the check to if(true)revert(),     // so it will always revert, killing the mutant.     const newMinSum = 100;     await expect(instance.SetMinSum(newMinSum)).to.not.be.reverted;          // Verify the value was set correctly     const storedMinSum = await instance.MinSum();     expect(storedMinSum).to.equal(newMinSum);   }); });","""['Error: syntax error']"""
mccdb1009,BANK_SAFE,<generic-v6-scaffold>,SetMinSum,live,intitalized,false,---|         if(intitalized)revert(); +++|         if(false)revert();,17,Mutant mccdb1009 of function SetMinSum replaces intitalized with false,"pragma solidity ^0.8.0; contract BANK_SAFE { mapping (address=>uint256) public balances; uint public MinSum; LogFile Log; bool intitalized; function SetMinSum(uint _val) public { if(intitalized)revert(); MinSum = _val; } function SetLogFile(address _log) public { if(intitalized)revert(); Log = LogFile(_log); } function Initialized() public { intitalized = true; } function Deposit() public payable { require(((balances[msg.sender] + msg.value) >= balances[msg.sender])); balances[msg.sender]+= msg.value; Log.AddMessage(msg.sender,msg.value,""Put""); } function Collect(uint _am) public payable { if(balances[msg.sender]>=MinSum && balances[msg.sender]>=_am) { balances[msg.sender] = (balances[msg.sender] - _am); (bool _veri_ok,) = msg.sender.call{value: _am}(""""); if(_veri_ok) { Log.AddMessage(msg.sender,_am,""Collect""); } else {revert (); } } } receive() external payable { Deposit(); } } contract LogFile { struct Message { address Sender; string  Data; uint Val; uint  Time; } Message[] public History; Message LastMsg; function AddMessage(address _adr,uint _val,string memory _data) public { LastMsg.Sender = _adr; LastMsg.Time = block.timestamp; LastMsg.Val = _val; LastMsg.Data = _data; History.push(LastMsg); } }","import { expect } from ""chai""; import { ethers } from ""hardhat""; describe(""BANK_SAFE reference (ethers v6; deploy may require constructor arguments)"", function () { it(""deploy BANK_SAFE by supplying its REQUIRED constructor arguments (read them from the contract constructor), then call methods and assert; use ethers.parseEther, await (await tx).wait(), and expect(...).to.be.reverted"", async function () { const [owner, addr1, addr2] = await ethers.getSigners(); const Factory = await ethers.getContractFactory(""BANK_SAFE""); const instance = await Factory.deploy(...constructorArgs); await instance.waitForDeployment(); }); });",False,False,"import { expect } from ""chai""; import { ethers } from ""hardhat"";  describe(""BANK_SAFE mutant mccdb1009 test"", function () {   it(""should revert SetMinSum after Initialized() is called, but mutant allows it"", async function () {     const [owner] = await ethers.getSigners();     const Factory = await ethers.getContractFactory(""BANK_SAFE"");     const instance = await Factory.deploy();     await instance.waitForDeployment();      // Set initial MinSum value     await instance.SetMinSum(100);          // Call Initialized() to lock the configuration     await instance.Initialized();      // After initialization, SetMinSum should revert on original, but mutant allows it     // We expect revert, but mutant will succeed and change MinSum     const initialMinSum = await instance.MinSum();          try {       await instance.SetMinSum(200);       // If we reach here, the mutant is alive (no revert)       const newMinSum = await instance.MinSum();       // Assert that MinSum was changed, which should NOT happen on original       expect(newMinSum).to.not.equal(initialMinSum);       // If this assertion passes, the mutant is detected       expect.fail(""Mutant detected: SetMinSum did not revert after initialization"");     } catch (error: any) {       // On original contract, we expect revert       // On mutant, we expect no revert but we already handle that above       expect(error.message).to.include(""revert"");     }   }); });","""['Error: syntax error']"""
m87c75afd,BANK_SAFE,<generic-v6-scaffold>,SetLogFile,live,intitalized,true,---|         if(intitalized)revert(); +++|         if(true)revert();,24,Mutant m87c75afd of function SetLogFile replaces intitalized with true,"pragma solidity ^0.8.0; contract BANK_SAFE { mapping (address=>uint256) public balances; uint public MinSum; LogFile Log; bool intitalized; function SetMinSum(uint _val) public { if(intitalized)revert(); MinSum = _val; } function SetLogFile(address _log) public { if(intitalized)revert(); Log = LogFile(_log); } function Initialized() public { intitalized = true; } function Deposit() public payable { require(((balances[msg.sender] + msg.value) >= balances[msg.sender])); balances[msg.sender]+= msg.value; Log.AddMessage(msg.sender,msg.value,""Put""); } function Collect(uint _am) public payable { if(balances[msg.sender]>=MinSum && balances[msg.sender]>=_am) { balances[msg.sender] = (balances[msg.sender] - _am); (bool _veri_ok,) = msg.sender.call{value: _am}(""""); if(_veri_ok) { Log.AddMessage(msg.sender,_am,""Collect""); } else {revert (); } } } receive() external payable { Deposit(); } } contract LogFile { struct Message { address Sender; string  Data; uint Val; uint  Time; } Message[] public History; Message LastMsg; function AddMessage(address _adr,uint _val,string memory _data) public { LastMsg.Sender = _adr; LastMsg.Time = block.timestamp; LastMsg.Val = _val; LastMsg.Data = _data; History.push(LastMsg); } }","import { expect } from ""chai""; import { ethers } from ""hardhat""; describe(""BANK_SAFE reference (ethers v6; deploy may require constructor arguments)"", function () { it(""deploy BANK_SAFE by supplying its REQUIRED constructor arguments (read them from the contract constructor), then call methods and assert; use ethers.parseEther, await (await tx).wait(), and expect(...).to.be.reverted"", async function () { const [owner, addr1, addr2] = await ethers.getSigners(); const Factory = await ethers.getContractFactory(""BANK_SAFE""); const instance = await Factory.deploy(...constructorArgs); await instance.waitForDeployment(); }); });",False,False,"import { expect } from ""chai""; import { ethers } from ""hardhat"";  describe(""BANK_SAFE mutant m87c75afd test"", function () {     it(""should kill mutant by calling SetLogFile before initialization and expecting no revert"", async function () {         const [owner] = await ethers.getSigners();         const Factory = await ethers.getContractFactory(""BANK_SAFE"");         const instance = await Factory.deploy();         await instance.waitForDeployment();          // Before initialization, original allows SetLogFile; mutant always reverts         await expect(             instance.connect(owner).SetLogFile(owner.address)         ).to.not.be.reverted;     }); });","""['Error: syntax error']"""
mb4c512f1,BANK_SAFE,<generic-v6-scaffold>,SetLogFile,live,intitalized,false,---|         if(intitalized)revert(); +++|         if(false)revert();,24,Mutant mb4c512f1 of function SetLogFile replaces intitalized with false,"pragma solidity ^0.8.0; contract BANK_SAFE { mapping (address=>uint256) public balances; uint public MinSum; LogFile Log; bool intitalized; function SetMinSum(uint _val) public { if(intitalized)revert(); MinSum = _val; } function SetLogFile(address _log) public { if(intitalized)revert(); Log = LogFile(_log); } function Initialized() public { intitalized = true; } function Deposit() public payable { require(((balances[msg.sender] + msg.value) >= balances[msg.sender])); balances[msg.sender]+= msg.value; Log.AddMessage(msg.sender,msg.value,""Put""); } function Collect(uint _am) public payable { if(balances[msg.sender]>=MinSum && balances[msg.sender]>=_am) { balances[msg.sender] = (balances[msg.sender] - _am); (bool _veri_ok,) = msg.sender.call{value: _am}(""""); if(_veri_ok) { Log.AddMessage(msg.sender,_am,""Collect""); } else {revert (); } } } receive() external payable { Deposit(); } } contract LogFile { struct Message { address Sender; string  Data; uint Val; uint  Time; } Message[] public History; Message LastMsg; function AddMessage(address _adr,uint _val,string memory _data) public { LastMsg.Sender = _adr; LastMsg.Time = block.timestamp; LastMsg.Val = _val; LastMsg.Data = _data; History.push(LastMsg); } }","import { expect } from ""chai""; import { ethers } from ""hardhat""; describe(""BANK_SAFE reference (ethers v6; deploy may require constructor arguments)"", function () { it(""deploy BANK_SAFE by supplying its REQUIRED constructor arguments (read them from the contract constructor), then call methods and assert; use ethers.parseEther, await (await tx).wait(), and expect(...).to.be.reverted"", async function () { const [owner, addr1, addr2] = await ethers.getSigners(); const Factory = await ethers.getContractFactory(""BANK_SAFE""); const instance = await Factory.deploy(...constructorArgs); await instance.waitForDeployment(); }); });",False,False,"import { expect } from ""chai""; import { ethers } from ""hardhat"";  describe(""BANK_SAFE mutant mb4c512f1 test"", function () {   it(""should revert SetLogFile after Initialized is called, but mutant allows it"", async function () {     const [owner] = await ethers.getSigners();     const Factory = await ethers.getContractFactory(""BANK_SAFE"");     const instance = await Factory.deploy();     await instance.waitForDeployment();      // First initialize the contract     await instance.Initialized();      // Now try to call SetLogFile - should revert on original, but mutant allows it     // We expect a revert, but on the mutant this call will succeed     await expect(       instance.SetLogFile(owner.address)     ).to.be.reverted;   }); });","""['Error: syntax error']"""
m29b04440,BANK_SAFE,<generic-v6-scaffold>,Collect,live,balances[msg.sender]>=MinSum && balances[msg.sender]>=_am,true,---|         if(balances[msg.sender]>=MinSum && balances[msg.sender]>=_am) +++|         if(true),47,Mutant m29b04440 of function Collect replaces balances[msg.sender]>=MinSum && balances[msg.sender]>=_am with true,"pragma solidity ^0.8.0; contract BANK_SAFE { mapping (address=>uint256) public balances; uint public MinSum; LogFile Log; bool intitalized; function SetMinSum(uint _val) public { if(intitalized)revert(); MinSum = _val; } function SetLogFile(address _log) public { if(intitalized)revert(); Log = LogFile(_log); } function Initialized() public { intitalized = true; } function Deposit() public payable { require(((balances[msg.sender] + msg.value) >= balances[msg.sender])); balances[msg.sender]+= msg.value; Log.AddMessage(msg.sender,msg.value,""Put""); } function Collect(uint _am) public payable { if(balances[msg.sender]>=MinSum && balances[msg.sender]>=_am) { balances[msg.sender] = (balances[msg.sender] - _am); (bool _veri_ok,) = msg.sender.call{value: _am}(""""); if(_veri_ok) { Log.AddMessage(msg.sender,_am,""Collect""); } else {revert (); } } } receive() external payable { Deposit(); } } contract LogFile { struct Message { address Sender; string  Data; uint Val; uint  Time; } Message[] public History; Message LastMsg; function AddMessage(address _adr,uint _val,string memory _data) public { LastMsg.Sender = _adr; LastMsg.Time = block.timestamp; LastMsg.Val = _val; LastMsg.Data = _data; History.push(LastMsg); } }","import { expect } from ""chai""; import { ethers } from ""hardhat""; describe(""BANK_SAFE reference (ethers v6; deploy may require constructor arguments)"", function () { it(""deploy BANK_SAFE by supplying its REQUIRED constructor arguments (read them from the contract constructor), then call methods and assert; use ethers.parseEther, await (await tx).wait(), and expect(...).to.be.reverted"", async function () { const [owner, addr1, addr2] = await ethers.getSigners(); const Factory = await ethers.getContractFactory(""BANK_SAFE""); const instance = await Factory.deploy(...constructorArgs); await instance.waitForDeployment(); }); });",False,False,"import { expect } from ""chai""; import { ethers } from ""hardhat"";  describe(""BANK_SAFE mutant test - m29b04440"", function () {   it(""should revert when user with insufficient balance tries to collect, but mutant allows it"", async function () {     const [owner, user] = await ethers.getSigners();          // Deploy BANK_SAFE (no constructor arguments needed)     const Factory = await ethers.getContractFactory(""BANK_SAFE"");     const bank = await Factory.deploy();     await bank.waitForDeployment();          // Deploy a LogFile (needed for Collect to work)     const LogFileFactory = await ethers.getContractFactory(""LogFile"");     const logFile = await LogFileFactory.deploy();     await logFile.waitForDeployment();          // Set up the contract: initialize and set MinSum     await bank.SetMinSum(ethers.parseEther(""10""));     await bank.SetLogFile(await logFile.getAddress());     await bank.Initialized();          // User deposits some amount but below MinSum (e.g., 5 ETH)     await user.sendTransaction({       to: await bank.getAddress(),       value: ethers.parseEther(""5"")     });          // Verify user's balance is 5 ETH     expect(await bank.balances(user.address)).to.equal(ethers.parseEther(""5""));          // User tries to collect 1 ETH - should revert in original, but mutant allows it     const collectTx = bank.connect(user).Collect(ethers.parseEther(""1""));          // In the original contract this would revert because balance (5) < MinSum (10)     // In the mutant, the condition is replaced with true, so it should succeed     // We expect the mutant to NOT revert (killing the mutant means the test fails on original but passes on mutant)     await expect(collectTx).to.not.be.reverted;          // Additional verification: user's balance should decrease if mutant is active     const balanceAfter = await bank.balances(user.address);     expect(balanceAfter).to.equal(ethers.parseEther(""4"")); // 5 - 1 = 4   }); });","""['Error: syntax error']"""
m093f51a4,BANK_SAFE,<generic-v6-scaffold>,Collect,live,balances[msg.sender]>=MinSum && balances[msg.sender]>=_am,false,---|         if(balances[msg.sender]>=MinSum && balances[msg.sender]>=_am) +++|         if(false),47,Mutant m093f51a4 of function Collect replaces balances[msg.sender]>=MinSum && balances[msg.sender]>=_am with false,"pragma solidity ^0.8.0; contract BANK_SAFE { mapping (address=>uint256) public balances; uint public MinSum; LogFile Log; bool intitalized; function SetMinSum(uint _val) public { if(intitalized)revert(); MinSum = _val; } function SetLogFile(address _log) public { if(intitalized)revert(); Log = LogFile(_log); } function Initialized() public { intitalized = true; } function Deposit() public payable { require(((balances[msg.sender] + msg.value) >= balances[msg.sender])); balances[msg.sender]+= msg.value; Log.AddMessage(msg.sender,msg.value,""Put""); } function Collect(uint _am) public payable { if(balances[msg.sender]>=MinSum && balances[msg.sender]>=_am) { balances[msg.sender] = (balances[msg.sender] - _am); (bool _veri_ok,) = msg.sender.call{value: _am}(""""); if(_veri_ok) { Log.AddMessage(msg.sender,_am,""Collect""); } else {revert (); } } } receive() external payable { Deposit(); } } contract LogFile { struct Message { address Sender; string  Data; uint Val; uint  Time; } Message[] public History; Message LastMsg; function AddMessage(address _adr,uint _val,string memory _data) public { LastMsg.Sender = _adr; LastMsg.Time = block.timestamp; LastMsg.Val = _val; LastMsg.Data = _data; History.push(LastMsg); } }","import { expect } from ""chai""; import { ethers } from ""hardhat""; describe(""BANK_SAFE reference (ethers v6; deploy may require constructor arguments)"", function () { it(""deploy BANK_SAFE by supplying its REQUIRED constructor arguments (read them from the contract constructor), then call methods and assert; use ethers.parseEther, await (await tx).wait(), and expect(...).to.be.reverted"", async function () { const [owner, addr1, addr2] = await ethers.getSigners(); const Factory = await ethers.getContractFactory(""BANK_SAFE""); const instance = await Factory.deploy(...constructorArgs); await instance.waitForDeployment(); }); });",False,False,"import { expect } from ""chai""; import { ethers } from ""hardhat"";  describe(""BANK_SAFE mutant m093f51a4 test"", function () {   it(""should revert when Collect is called with sufficient balance due to false condition"", async function () {     const [owner, addr1] = await ethers.getSigners();     const Factory = await ethers.getContractFactory(""BANK_SAFE"");     const instance = await Factory.deploy();     await instance.waitForDeployment();      // Initialize the contract     await instance.Initialized();      // Set MinSum to 1 ether     await instance.SetMinSum(ethers.parseEther(""1""));      // Deposit 2 ether into addr1's balance     await instance.connect(addr1).deposit({ value: ethers.parseEther(""2"") });      // Attempt to collect 1 ether - should revert in mutant because condition is always false     await expect(       instance.connect(addr1).Collect(ethers.parseEther(""1""))     ).to.be.reverted;   }); });","""['Error: syntax error']"""
m8bd2fe50,BANK_SAFE,<generic-v6-scaffold>,Collect,live,_veri_ok,true,---|             if(_veri_ok) +++|             if(true),52,Mutant m8bd2fe50 of function Collect replaces _veri_ok with true,"pragma solidity ^0.8.0; contract BANK_SAFE { mapping (address=>uint256) public balances; uint public MinSum; LogFile Log; bool intitalized; function SetMinSum(uint _val) public { if(intitalized)revert(); MinSum = _val; } function SetLogFile(address _log) public { if(intitalized)revert(); Log = LogFile(_log); } function Initialized() public { intitalized = true; } function Deposit() public payable { require(((balances[msg.sender] + msg.value) >= balances[msg.sender])); balances[msg.sender]+= msg.value; Log.AddMessage(msg.sender,msg.value,""Put""); } function Collect(uint _am) public payable { if(balances[msg.sender]>=MinSum && balances[msg.sender]>=_am) { balances[msg.sender] = (balances[msg.sender] - _am); (bool _veri_ok,) = msg.sender.call{value: _am}(""""); if(_veri_ok) { Log.AddMessage(msg.sender,_am,""Collect""); } else {revert (); } } } receive() external payable { Deposit(); } } contract LogFile { struct Message { address Sender; string  Data; uint Val; uint  Time; } Message[] public History; Message LastMsg; function AddMessage(address _adr,uint _val,string memory _data) public { LastMsg.Sender = _adr; LastMsg.Time = block.timestamp; LastMsg.Val = _val; LastMsg.Data = _data; History.push(LastMsg); } }","import { expect } from ""chai""; import { ethers } from ""hardhat""; describe(""BANK_SAFE reference (ethers v6; deploy may require constructor arguments)"", function () { it(""deploy BANK_SAFE by supplying its REQUIRED constructor arguments (read them from the contract constructor), then call methods and assert; use ethers.parseEther, await (await tx).wait(), and expect(...).to.be.reverted"", async function () { const [owner, addr1, addr2] = await ethers.getSigners(); const Factory = await ethers.getContractFactory(""BANK_SAFE""); const instance = await Factory.deploy(...constructorArgs); await instance.waitForDeployment(); }); });",False,False,"import { expect } from ""chai""; import { ethers } from ""hardhat"";  describe(""BANK_SAFE mutant detection - m8bd2fe50"", function () {   it(""should revert Collect when ether transfer fails and not log the event"", async function () {     const [owner, user, attacker] = await ethers.getSigners();          // Deploy BANK_SAFE     const BankSafeFactory = await ethers.getContractFactory(""BANK_SAFE"");     const bankSafe = await BankSafeFactory.deploy();     await bankSafe.waitForDeployment();          // Deploy LogFile     const LogFileFactory = await ethers.getContractFactory(""LogFile"");     const logFile = await LogFileFactory.deploy();     await logFile.waitForDeployment();          // Initialize the contract     await bankSafe.connect(owner).SetMinSum(ethers.parseEther(""1""));     await bankSafe.connect(owner).SetLogFile(await logFile.getAddress());     await bankSafe.connect(owner).Initialized();          // Fund the user with sufficient balance     await bankSafe.connect(user).Deposit({ value: ethers.parseEther(""10"") });          // Deploy a contract that rejects ether     const RejectorFactory = await ethers.getContractFactory(""Rejector"");     const rejector = await RejectorFactory.deploy();     await rejector.waitForDeployment();          // Try to collect to the rejecting contract     const collectAmount = ethers.parseEther(""5"");     const tx = bankSafe.connect(user).Collect(collectAmount, {        value: 0,       to: await rejector.getAddress()     });          // The transaction should revert because the ether transfer fails     await expect(tx).to.be.reverted;          // Verify user balance was NOT deducted (original contract behavior)     expect(await bankSafe.balances(user.address)).to.equal(ethers.parseEther(""10""));          // Verify no Collect message was logged     const historyLength = await logFile.History.length;     expect(historyLength).to.equal(0);   }); });  // Helper contract to reject ether contract Rejector {   receive() external payable {     revert(""I reject ether"");   } }","""['Error: syntax error']"""
m0d972d67,BANK_SAFE,<generic-v6-scaffold>,Collect,live,_veri_ok,false,---|             if(_veri_ok) +++|             if(false),52,Mutant m0d972d67 of function Collect replaces _veri_ok with false,"pragma solidity ^0.8.0; contract BANK_SAFE { mapping (address=>uint256) public balances; uint public MinSum; LogFile Log; bool intitalized; function SetMinSum(uint _val) public { if(intitalized)revert(); MinSum = _val; } function SetLogFile(address _log) public { if(intitalized)revert(); Log = LogFile(_log); } function Initialized() public { intitalized = true; } function Deposit() public payable { require(((balances[msg.sender] + msg.value) >= balances[msg.sender])); balances[msg.sender]+= msg.value; Log.AddMessage(msg.sender,msg.value,""Put""); } function Collect(uint _am) public payable { if(balances[msg.sender]>=MinSum && balances[msg.sender]>=_am) { balances[msg.sender] = (balances[msg.sender] - _am); (bool _veri_ok,) = msg.sender.call{value: _am}(""""); if(_veri_ok) { Log.AddMessage(msg.sender,_am,""Collect""); } else {revert (); } } } receive() external payable { Deposit(); } } contract LogFile { struct Message { address Sender; string  Data; uint Val; uint  Time; } Message[] public History; Message LastMsg; function AddMessage(address _adr,uint _val,string memory _data) public { LastMsg.Sender = _adr; LastMsg.Time = block.timestamp; LastMsg.Val = _val; LastMsg.Data = _data; History.push(LastMsg); } }","import { expect } from ""chai""; import { ethers } from ""hardhat""; describe(""BANK_SAFE reference (ethers v6; deploy may require constructor arguments)"", function () { it(""deploy BANK_SAFE by supplying its REQUIRED constructor arguments (read them from the contract constructor), then call methods and assert; use ethers.parseEther, await (await tx).wait(), and expect(...).to.be.reverted"", async function () { const [owner, addr1, addr2] = await ethers.getSigners(); const Factory = await ethers.getContractFactory(""BANK_SAFE""); const instance = await Factory.deploy(...constructorArgs); await instance.waitForDeployment(); }); });",False,False,"import { expect } from ""chai""; import { ethers } from ""hardhat"";  describe(""BANK_SAFE mutant test - m0d972d67"", function () {   it(""should detect mutant that always sets _veri_ok to false by verifying LogFile history after successful Collect"", async function () {     const [owner, addr1] = await ethers.getSigners();          // Deploy LogFile first (no constructor args)     const LogFileFactory = await ethers.getContractFactory(""LogFile"");     const logFile = await LogFileFactory.deploy();     await logFile.waitForDeployment();          // Deploy BANK_SAFE with constructor args: LogFile address     const BankSafeFactory = await ethers.getContractFactory(""BANK_SAFE"");     const bankSafe = await BankSafeFactory.deploy();     await bankSafe.waitForDeployment();          // Initialize the contract and set required parameters     await bankSafe.SetMinSum(ethers.parseEther(""1""));     await bankSafe.SetLogFile(await logFile.getAddress());     await bankSafe.Initialized();          // Fund addr1 with sufficient balance     await owner.sendTransaction({       to: await bankSafe.getAddress(),       value: ethers.parseEther(""5"")     });          // Transfer balance to addr1 via Deposit     await bankSafe.connect(addr1).Deposit({ value: ethers.parseEther(""3"") });          // Verify addr1 has sufficient balance     expect(await bankSafe.balances(addr1.address)).to.equal(ethers.parseEther(""3""));          // Collect funds - this should succeed as balance >= MinSum (1 ETH) and amount (2 ETH)     const collectAmount = ethers.parseEther(""2"");     await bankSafe.connect(addr1).Collect(collectAmount);          // Check that the LogFile's History array has the ""Collect"" message     // In original, the push would happen; in mutant, it won't     const historyLength = await logFile.History.length();          // If mutant is active, history length will be 0 (no ""Collect"" message added)     // If original, history length will be >= 1     expect(historyLength).to.be.at.least(1);          // Verify the last message in history is the Collect message     const lastMessage = await logFile.History(historyLength - 1n);     expect(lastMessage.Sender).to.equal(addr1.address);     expect(lastMessage.Val).to.equal(collectAmount);     expect(lastMessage.Data).to.equal(""Collect"");   }); });","""['Error: syntax error']"""
m1b358bc4,BANK_SAFE,<generic-v6-scaffold>,Collect,live,else {revert (); },,---|             } else {revert (); } +++|             },56,Mutant m1b358bc4 of function Collect replaces else {revert (); } with ,"pragma solidity ^0.8.0; contract BANK_SAFE { mapping (address=>uint256) public balances; uint public MinSum; LogFile Log; bool intitalized; function SetMinSum(uint _val) public { if(intitalized)revert(); MinSum = _val; } function SetLogFile(address _log) public { if(intitalized)revert(); Log = LogFile(_log); } function Initialized() public { intitalized = true; } function Deposit() public payable { require(((balances[msg.sender] + msg.value) >= balances[msg.sender])); balances[msg.sender]+= msg.value; Log.AddMessage(msg.sender,msg.value,""Put""); } function Collect(uint _am) public payable { if(balances[msg.sender]>=MinSum && balances[msg.sender]>=_am) { balances[msg.sender] = (balances[msg.sender] - _am); (bool _veri_ok,) = msg.sender.call{value: _am}(""""); if(_veri_ok) { Log.AddMessage(msg.sender,_am,""Collect""); } else {revert (); } } } receive() external payable { Deposit(); } } contract LogFile { struct Message { address Sender; string  Data; uint Val; uint  Time; } Message[] public History; Message LastMsg; function AddMessage(address _adr,uint _val,string memory _data) public { LastMsg.Sender = _adr; LastMsg.Time = block.timestamp; LastMsg.Val = _val; LastMsg.Data = _data; History.push(LastMsg); } }","import { expect } from ""chai""; import { ethers } from ""hardhat""; describe(""BANK_SAFE reference (ethers v6; deploy may require constructor arguments)"", function () { it(""deploy BANK_SAFE by supplying its REQUIRED constructor arguments (read them from the contract constructor), then call methods and assert; use ethers.parseEther, await (await tx).wait(), and expect(...).to.be.reverted"", async function () { const [owner, addr1, addr2] = await ethers.getSigners(); const Factory = await ethers.getContractFactory(""BANK_SAFE""); const instance = await Factory.deploy(...constructorArgs); await instance.waitForDeployment(); }); });",False,False,"import { expect } from ""chai""; import { ethers } from ""hardhat"";  describe(""BANK_SAFE mutant detection test"", function () {   it(""should revert when Collect is called but the ether transfer fails (original reverts, mutant does not)"", async function () {     const [owner, addr1] = await ethers.getSigners();          // Deploy the contract (no constructor arguments needed)     const Factory = await ethers.getContractFactory(""BANK_SAFE"");     const instance = await Factory.deploy();     await instance.waitForDeployment();          // Deploy a LogFile contract to satisfy the Log dependency     const LogFactory = await ethers.getContractFactory(""LogFile"");     const logInstance = await LogFactory.deploy();     await logInstance.waitForDeployment();          // Initialize and configure the contract     await instance.SetLogFile(await logInstance.getAddress());     await instance.SetMinSum(ethers.parseEther(""1""));     await instance.Initialized();          // Fund addr1 with enough balance to satisfy MinSum and the withdrawal amount     const depositAmount = ethers.parseEther(""5"");     await instance.connect(addr1).Deposit({ value: depositAmount });          // Verify balance is set     expect(await instance.balances(addr1.address)).to.equal(depositAmount);          // Create a contract that will reject incoming ether (to simulate failed call)     const Rejector = await ethers.getContractFactory(""Rejector"");     const rejector = await Rejector.deploy();     await rejector.waitForDeployment();          // Transfer ownership of addr1's balance to the rejector contract address     // Since we can't change msg.sender, we'll use the rejector as the caller     // First, fund the rejector contract directly     await instance.connect(rejector).Deposit({ value: depositAmount });     await instance.connect(rejector).SetMinSum(ethers.parseEther(""1""));          // Now try to collect from the rejector contract (which cannot receive ether)     const collectAmount = ethers.parseEther(""1"");          // In original: should revert because external call fails     // In mutant: should NOT revert (balance deducted but ether not sent)     await expect(       instance.connect(rejector).Collect(collectAmount)     ).to.be.reverted;          // Additional check: if mutant, balance would be incorrectly deducted     // If original, balance should remain unchanged due to revert     expect(await instance.balances(rejector.address)).to.equal(depositAmount);   }); });  // Helper contract to reject ether contract Rejector {   receive() external payable {     revert(""I reject your payment"");   } }","""['Error: syntax error']"""
mfa1e0704,BANK_SAFE,<generic-v6-scaffold>,SetMinSum,live,revert();,/* revert(); */,---|         if(intitalized)revert(); +++|         if(intitalized),17,Mutant mfa1e0704 of function SetMinSum replaces revert(); with ,"pragma solidity ^0.8.0; contract BANK_SAFE { mapping (address=>uint256) public balances; uint public MinSum; LogFile Log; bool intitalized; function SetMinSum(uint _val) public { if(intitalized)revert(); MinSum = _val; } function SetLogFile(address _log) public { if(intitalized)revert(); Log = LogFile(_log); } function Initialized() public { intitalized = true; } function Deposit() public payable { require(((balances[msg.sender] + msg.value) >= balances[msg.sender])); balances[msg.sender]+= msg.value; Log.AddMessage(msg.sender,msg.value,""Put""); } function Collect(uint _am) public payable { if(balances[msg.sender]>=MinSum && balances[msg.sender]>=_am) { balances[msg.sender] = (balances[msg.sender] - _am); (bool _veri_ok,) = msg.sender.call{value: _am}(""""); if(_veri_ok) { Log.AddMessage(msg.sender,_am,""Collect""); } else {revert (); } } } receive() external payable { Deposit(); } } contract LogFile { struct Message { address Sender; string  Data; uint Val; uint  Time; } Message[] public History; Message LastMsg; function AddMessage(address _adr,uint _val,string memory _data) public { LastMsg.Sender = _adr; LastMsg.Time = block.timestamp; LastMsg.Val = _val; LastMsg.Data = _data; History.push(LastMsg); } }","import { expect } from ""chai""; import { ethers } from ""hardhat""; describe(""BANK_SAFE reference (ethers v6; deploy may require constructor arguments)"", function () { it(""deploy BANK_SAFE by supplying its REQUIRED constructor arguments (read them from the contract constructor), then call methods and assert; use ethers.parseEther, await (await tx).wait(), and expect(...).to.be.reverted"", async function () { const [owner, addr1, addr2] = await ethers.getSigners(); const Factory = await ethers.getContractFactory(""BANK_SAFE""); const instance = await Factory.deploy(...constructorArgs); await instance.waitForDeployment(); }); });",False,False,"import { expect } from ""chai""; import { ethers } from ""hardhat"";  describe(""BANK_SAFE mutant test mfa1e0704"", function () {   it(""should revert SetMinSum after initialization, but mutant allows it"", async function () {     const [owner] = await ethers.getSigners();     const Factory = await ethers.getContractFactory(""BANK_SAFE"");     const instance = await Factory.deploy();     await instance.waitForDeployment();      // First initialize the contract to lock the SetMinSum function     const initTx = await instance.Initialized();     await initTx.wait();      // Attempt to call SetMinSum after initialization - should revert in original     // but the mutant will allow it (removed revert())     const newMinSum = 1000;          // In the original contract this would revert, in the mutant it succeeds     const tx = instance.SetMinSum(newMinSum);          // The test expects a revert to catch the mutant that doesn't revert     await expect(tx).to.be.reverted;   }); });","""['Error: syntax error']"""
mc0ddb5a2,BANK_SAFE,<generic-v6-scaffold>,SetLogFile,live,revert();,/* revert(); */,---|         if(intitalized)revert(); +++|         if(intitalized),24,Mutant mc0ddb5a2 of function SetLogFile replaces revert(); with ,"pragma solidity ^0.8.0; contract BANK_SAFE { mapping (address=>uint256) public balances; uint public MinSum; LogFile Log; bool intitalized; function SetMinSum(uint _val) public { if(intitalized)revert(); MinSum = _val; } function SetLogFile(address _log) public { if(intitalized)revert(); Log = LogFile(_log); } function Initialized() public { intitalized = true; } function Deposit() public payable { require(((balances[msg.sender] + msg.value) >= balances[msg.sender])); balances[msg.sender]+= msg.value; Log.AddMessage(msg.sender,msg.value,""Put""); } function Collect(uint _am) public payable { if(balances[msg.sender]>=MinSum && balances[msg.sender]>=_am) { balances[msg.sender] = (balances[msg.sender] - _am); (bool _veri_ok,) = msg.sender.call{value: _am}(""""); if(_veri_ok) { Log.AddMessage(msg.sender,_am,""Collect""); } else {revert (); } } } receive() external payable { Deposit(); } } contract LogFile { struct Message { address Sender; string  Data; uint Val; uint  Time; } Message[] public History; Message LastMsg; function AddMessage(address _adr,uint _val,string memory _data) public { LastMsg.Sender = _adr; LastMsg.Time = block.timestamp; LastMsg.Val = _val; LastMsg.Data = _data; History.push(LastMsg); } }","import { expect } from ""chai""; import { ethers } from ""hardhat""; describe(""BANK_SAFE reference (ethers v6; deploy may require constructor arguments)"", function () { it(""deploy BANK_SAFE by supplying its REQUIRED constructor arguments (read them from the contract constructor), then call methods and assert; use ethers.parseEther, await (await tx).wait(), and expect(...).to.be.reverted"", async function () { const [owner, addr1, addr2] = await ethers.getSigners(); const Factory = await ethers.getContractFactory(""BANK_SAFE""); const instance = await Factory.deploy(...constructorArgs); await instance.waitForDeployment(); }); });",False,False,"import { expect } from ""chai""; import { ethers } from ""hardhat"";  describe(""BANK_SAFE mutant test - SetLogFile initialization check"", function () {   it(""should revert when calling SetLogFile after Initialized has been called"", async function () {     const [owner] = await ethers.getSigners();     const Factory = await ethers.getContractFactory(""BANK_SAFE"");     const instance = await Factory.deploy();     await instance.waitForDeployment();      // Deploy a LogFile contract to use as the log address     const LogFileFactory = await ethers.getContractFactory(""LogFile"");     const logFile = await LogFileFactory.deploy();     await logFile.waitForDeployment();      // First call SetLogFile to set the initial log address (should succeed)     await instance.SetLogFile(await logFile.getAddress());      // Call Initialized to lock the contract     await instance.Initialized();      // Now try to call SetLogFile again with a different address     // On the original contract this should revert because intitalized is true     // On the mutant this will silently succeed (no revert)     const newLogFile = await LogFileFactory.deploy();     await newLogFile.waitForDeployment();          await expect(       instance.SetLogFile(await newLogFile.getAddress())     ).to.be.reverted;   }); });","""['Error: syntax error']"""
md180d390,BANK_SAFE,<generic-v6-scaffold>,Deposit,live,require(((balances[msg.sender] + msg.value) >= balances[msg.sender]));,/* require(((balances[msg.sender] + msg.value) >= balances[msg.sender])); */,---|         require(((balances[msg.sender] + msg.value) >= balances[msg.sender])); +++|,38,Mutant md180d390 of function Deposit replaces require(((balances[msg.sender] + msg.value) >= balances[msg.sender])); with ,"pragma solidity ^0.8.0; contract BANK_SAFE { mapping (address=>uint256) public balances; uint public MinSum; LogFile Log; bool intitalized; function SetMinSum(uint _val) public { if(intitalized)revert(); MinSum = _val; } function SetLogFile(address _log) public { if(intitalized)revert(); Log = LogFile(_log); } function Initialized() public { intitalized = true; } function Deposit() public payable { require(((balances[msg.sender] + msg.value) >= balances[msg.sender])); balances[msg.sender]+= msg.value; Log.AddMessage(msg.sender,msg.value,""Put""); } function Collect(uint _am) public payable { if(balances[msg.sender]>=MinSum && balances[msg.sender]>=_am) { balances[msg.sender] = (balances[msg.sender] - _am); (bool _veri_ok,) = msg.sender.call{value: _am}(""""); if(_veri_ok) { Log.AddMessage(msg.sender,_am,""Collect""); } else {revert (); } } } receive() external payable { Deposit(); } } contract LogFile { struct Message { address Sender; string  Data; uint Val; uint  Time; } Message[] public History; Message LastMsg; function AddMessage(address _adr,uint _val,string memory _data) public { LastMsg.Sender = _adr; LastMsg.Time = block.timestamp; LastMsg.Val = _val; LastMsg.Data = _data; History.push(LastMsg); } }","import { expect } from ""chai""; import { ethers } from ""hardhat""; describe(""BANK_SAFE reference (ethers v6; deploy may require constructor arguments)"", function () { it(""deploy BANK_SAFE by supplying its REQUIRED constructor arguments (read them from the contract constructor), then call methods and assert; use ethers.parseEther, await (await tx).wait(), and expect(...).to.be.reverted"", async function () { const [owner, addr1, addr2] = await ethers.getSigners(); const Factory = await ethers.getContractFactory(""BANK_SAFE""); const instance = await Factory.deploy(...constructorArgs); await instance.waitForDeployment(); }); });",False,False,"import { expect } from ""chai""; import { ethers } from ""hardhat"";  describe(""BANK_SAFE mutant kill test - overflow protection removed"", function () {   it(""should revert when depositing a value that causes integer overflow in balances mapping"", async function () {     const [owner] = await ethers.getSigners();     const Factory = await ethers.getContractFactory(""BANK_SAFE"");     const instance = await Factory.deploy();     await instance.waitForDeployment();      // First, set MinSum to 0 so Collect can work later if needed     await instance.SetMinSum(0);     await instance.Initialized();      // Get current balance of owner     const initialBalance = await instance.balances(owner.address);          // Calculate a deposit value that will cause overflow when added to initial balance     // We need to deposit such that: initialBalance + msg.value overflows uint256     const maxUint = ethers.MaxUint256;     const depositAmount = maxUint - initialBalance + 1n;      // Attempt to deposit - should revert in original due to overflow check     // In mutant, this would succeed but corrupt the balance     await expect(       instance.connect(owner).Deposit({ value: depositAmount })     ).to.be.reverted;      // Verify balance remains unchanged     const finalBalance = await instance.balances(owner.address);     expect(finalBalance).to.equal(initialBalance);   });    it(""should detect mutant by checking balance after overflow deposit"", async function () {     const [owner] = await ethers.getSigners();     const Factory = await ethers.getContractFactory(""BANK_SAFE"");     const instance = await Factory.deploy();     await instance.waitForDeployment();      // Set MinSum to 0     await instance.SetMinSum(0);     await instance.Initialized();      // First make a small deposit to have a baseline     await instance.connect(owner).Deposit({ value: ethers.parseEther(""1"") });     const balanceAfterDeposit = await instance.balances(owner.address);          // Calculate overflow amount     const maxUint = ethers.MaxUint256;     const overflowAmount = maxUint - balanceAfterDeposit + 1n;      // Try overflow deposit - original should revert, mutant might not     try {       const tx = await instance.connect(owner).Deposit({ value: overflowAmount });       await tx.wait();              // If we reach here, mutant is alive (no revert) - check for corrupted balance       const corruptedBalance = await instance.balances(owner.address);       // The balance should have wrapped around to a very small number (0 or near 0)       // In the original, this would never happen due to the require statement       expect(corruptedBalance).to.be.lessThan(ethers.parseEther(""1""));              // Try to collect - this should fail in original but might succeed in mutant       await expect(         instance.connect(owner).Collect(balanceAfterDeposit)       ).to.be.reverted;            } catch (error: any) {       // If revert occurs, original behavior is preserved       expect(error.message).to.include(""revert"");     }   }); });","""['Error: syntax error']"""
mde102c39,BANK_SAFE,<generic-v6-scaffold>,Collect,live,revert ();,/* revert (); */,---|             } else {revert (); } +++|             } else { },56,Mutant mde102c39 of function Collect replaces revert (); with ,"pragma solidity ^0.8.0; contract BANK_SAFE { mapping (address=>uint256) public balances; uint public MinSum; LogFile Log; bool intitalized; function SetMinSum(uint _val) public { if(intitalized)revert(); MinSum = _val; } function SetLogFile(address _log) public { if(intitalized)revert(); Log = LogFile(_log); } function Initialized() public { intitalized = true; } function Deposit() public payable { require(((balances[msg.sender] + msg.value) >= balances[msg.sender])); balances[msg.sender]+= msg.value; Log.AddMessage(msg.sender,msg.value,""Put""); } function Collect(uint _am) public payable { if(balances[msg.sender]>=MinSum && balances[msg.sender]>=_am) { balances[msg.sender] = (balances[msg.sender] - _am); (bool _veri_ok,) = msg.sender.call{value: _am}(""""); if(_veri_ok) { Log.AddMessage(msg.sender,_am,""Collect""); } else {revert (); } } } receive() external payable { Deposit(); } } contract LogFile { struct Message { address Sender; string  Data; uint Val; uint  Time; } Message[] public History; Message LastMsg; function AddMessage(address _adr,uint _val,string memory _data) public { LastMsg.Sender = _adr; LastMsg.Time = block.timestamp; LastMsg.Val = _val; LastMsg.Data = _data; History.push(LastMsg); } }","import { expect } from ""chai""; import { ethers } from ""hardhat""; describe(""BANK_SAFE reference (ethers v6; deploy may require constructor arguments)"", function () { it(""deploy BANK_SAFE by supplying its REQUIRED constructor arguments (read them from the contract constructor), then call methods and assert; use ethers.parseEther, await (await tx).wait(), and expect(...).to.be.reverted"", async function () { const [owner, addr1, addr2] = await ethers.getSigners(); const Factory = await ethers.getContractFactory(""BANK_SAFE""); const instance = await Factory.deploy(...constructorArgs); await instance.waitForDeployment(); }); });",False,False,"import { expect } from ""chai""; import { ethers } from ""hardhat"";  describe(""BANK_SAFE - Kill mutant mde102c39 (remove revert in Collect)"", function () {   it(""should revert when external call fails in Collect, preventing balance loss"", async function () {     const [owner, user] = await ethers.getSigners();          // Deploy BANK_SAFE (no constructor arguments needed)     const BankFactory = await ethers.getContractFactory(""BANK_SAFE"");     const bank = await BankFactory.deploy();     await bank.waitForDeployment();          // Deploy a LogFile contract (required for Log.AddMessage to work)     const LogFactory = await ethers.getContractFactory(""LogFile"");     const log = await LogFactory.deploy();     await log.waitForDeployment();          // Initialize the bank: set MinSum, set LogFile, and call Initialized     await bank.SetMinSum(ethers.parseEther(""0.1""));     await bank.SetLogFile(await log.getAddress());     await bank.Initialized();          // User deposits 1 ETH     await bank.connect(user).Deposit({ value: ethers.parseEther(""1"") });          // Verify initial balance     expect(await bank.balances(user.address)).to.equal(ethers.parseEther(""1""));          // Create a malicious contract that will reject ETH in its receive function     const RejectorFactory = await ethers.getContractFactory(""Rejector"");     const rejector = await RejectorFactory.deploy();     await rejector.waitForDeployment();          // User sends a collect request with the rejector as recipient     // The Collect function sends ETH to msg.sender, but we need to make the call fail     // We can do this by having the user be a contract that rejects ETH     // First, deploy a contract that will act as the user     const AttackerFactory = await ethers.getContractFactory(""CollectAttacker"");     const attacker = await AttackerFactory.deploy(await bank.getAddress());     await attacker.waitForDeployment();          // Fund the attacker contract     await owner.sendTransaction({       to: await attacker.getAddress(),       value: ethers.parseEther(""1"")     });          // Attacker deposits from the contract (via receive)     await bank.connect(owner).Deposit({ value: ethers.parseEther(""0.5"") }); // just to have some balance for testing          // Actually, let's use a simpler approach - send to a contract without receive/fallback     // Deploy a simple contract that has no receive function     const NoReceiveFactory = await ethers.getContractFactory(""NoReceive"");     const noReceive = await NoReceiveFactory.deploy();     await noReceive.waitForDeployment();          // Transfer ownership of the noReceive contract to user (or just use it as recipient)     // Actually, the Collect function sends to msg.sender, so we need msg.sender to reject     // Let's use a different approach: have user be a contract that we control          // Simpler approach: use a contract that reverts on receive     const ReverterFactory = await ethers.getContractFactory(""Reverter"");     const reverter = await ReverterFactory.deploy();     await reverter.waitForDeployment();          // Fund the reverter contract     await owner.sendTransaction({       to: await reverter.getAddress(),       value: ethers.parseEther(""2"")     });          // Have reverter deposit into bank     await bank.connect(reverter).Deposit({ value: ethers.parseEther(""1"") });          // Now reverter tries to collect - this should fail because reverter's receive reverts     // In original contract, this would revert the entire transaction     // In mutant, the balance would be deducted but funds not sent          const balanceBefore = await bank.balances(await reverter.getAddress());          // This should revert in the original, but might succeed in the mutant     await expect(       bank.connect(reverter).Collect(ethers.parseEther(""0.5""))     ).to.be.reverted;          // Verify balance is unchanged (original behavior)     const balanceAfter = await bank.balances(await reverter.getAddress());     expect(balanceAfter).to.equal(balanceBefore);   }); });  // Helper contracts for testing contract Reverter {     receive() external payable {         revert(""I reject ETH"");     } }  contract NoReceive {     // No receive or fallback function }  contract CollectAttacker {     address public bank;          constructor(address _bank) {         bank = _bank;     }          receive() external payable {}          function attack(uint amount) public {         (bool success, ) = bank.call(abi.encodeWithSignature(""Collect(uint256)"", amount));         require(!success, ""Expected failure"");     } }","""['Error: syntax error']"""
mc244e226,BANK_SAFE,<generic-v6-scaffold>,Deposit,live,msg.value,msg.value+1,---|         require(((balances[msg.sender] + msg.value) >= balances[msg.sender])); +++|         require(((balances[msg.sender] + msg.value+1) >= balances[msg.sender]));,38,Mutant mc244e226 of function Deposit replaces msg.value with msg.value+1,"pragma solidity ^0.8.0; contract BANK_SAFE { mapping (address=>uint256) public balances; uint public MinSum; LogFile Log; bool intitalized; function SetMinSum(uint _val) public { if(intitalized)revert(); MinSum = _val; } function SetLogFile(address _log) public { if(intitalized)revert(); Log = LogFile(_log); } function Initialized() public { intitalized = true; } function Deposit() public payable { require(((balances[msg.sender] + msg.value) >= balances[msg.sender])); balances[msg.sender]+= msg.value; Log.AddMessage(msg.sender,msg.value,""Put""); } function Collect(uint _am) public payable { if(balances[msg.sender]>=MinSum && balances[msg.sender]>=_am) { balances[msg.sender] = (balances[msg.sender] - _am); (bool _veri_ok,) = msg.sender.call{value: _am}(""""); if(_veri_ok) { Log.AddMessage(msg.sender,_am,""Collect""); } else {revert (); } } } receive() external payable { Deposit(); } } contract LogFile { struct Message { address Sender; string  Data; uint Val; uint  Time; } Message[] public History; Message LastMsg; function AddMessage(address _adr,uint _val,string memory _data) public { LastMsg.Sender = _adr; LastMsg.Time = block.timestamp; LastMsg.Val = _val; LastMsg.Data = _data; History.push(LastMsg); } }","import { expect } from ""chai""; import { ethers } from ""hardhat""; describe(""BANK_SAFE reference (ethers v6; deploy may require constructor arguments)"", function () { it(""deploy BANK_SAFE by supplying its REQUIRED constructor arguments (read them from the contract constructor), then call methods and assert; use ethers.parseEther, await (await tx).wait(), and expect(...).to.be.reverted"", async function () { const [owner, addr1, addr2] = await ethers.getSigners(); const Factory = await ethers.getContractFactory(""BANK_SAFE""); const instance = await Factory.deploy(...constructorArgs); await instance.waitForDeployment(); }); });",False,False,"import { expect } from ""chai""; import { ethers } from ""hardhat"";  describe(""BANK_SAFE mutant mc244e226 test"", function () {   it(""should detect mutant by causing overflow with max uint256 deposit"", async function () {     const [owner] = await ethers.getSigners();     const Factory = await ethers.getContractFactory(""BANK_SAFE"");     const instance = await Factory.deploy();     await instance.waitForDeployment();      // Set MinSum to 0 to allow Collect later if needed     await instance.SetMinSum(0);     await instance.Initialized();      // First deposit to set a non-zero balance     const initialDeposit = ethers.parseEther(""1"");     await owner.sendTransaction({       to: await instance.getAddress(),       value: initialDeposit     });      // Calculate the amount needed to make balance + deposit = 2^256 - 1     const maxUint256 = ethers.MaxUint256;     const currentBalance = await instance.balances(owner.address);     const depositAmount = maxUint256 - currentBalance;      // This should pass on original (no overflow) but fail on mutant (overflow due to +1)     await expect(       owner.sendTransaction({         to: await instance.getAddress(),         value: depositAmount       })     ).to.be.reverted;   }); });","""['Error: syntax error']"""
m2c91dcb1,BANK_SAFE,<generic-v6-scaffold>,Deposit,live,msg.value,msg.value-1,---|         require(((balances[msg.sender] + msg.value) >= balances[msg.sender])); +++|         require(((balances[msg.sender] + msg.value-1) >= balances[msg.sender]));,38,Mutant m2c91dcb1 of function Deposit replaces msg.value with msg.value-1,"pragma solidity ^0.8.0; contract BANK_SAFE { mapping (address=>uint256) public balances; uint public MinSum; LogFile Log; bool intitalized; function SetMinSum(uint _val) public { if(intitalized)revert(); MinSum = _val; } function SetLogFile(address _log) public { if(intitalized)revert(); Log = LogFile(_log); } function Initialized() public { intitalized = true; } function Deposit() public payable { require(((balances[msg.sender] + msg.value) >= balances[msg.sender])); balances[msg.sender]+= msg.value; Log.AddMessage(msg.sender,msg.value,""Put""); } function Collect(uint _am) public payable { if(balances[msg.sender]>=MinSum && balances[msg.sender]>=_am) { balances[msg.sender] = (balances[msg.sender] - _am); (bool _veri_ok,) = msg.sender.call{value: _am}(""""); if(_veri_ok) { Log.AddMessage(msg.sender,_am,""Collect""); } else {revert (); } } } receive() external payable { Deposit(); } } contract LogFile { struct Message { address Sender; string  Data; uint Val; uint  Time; } Message[] public History; Message LastMsg; function AddMessage(address _adr,uint _val,string memory _data) public { LastMsg.Sender = _adr; LastMsg.Time = block.timestamp; LastMsg.Val = _val; LastMsg.Data = _data; History.push(LastMsg); } }","import { expect } from ""chai""; import { ethers } from ""hardhat""; describe(""BANK_SAFE reference (ethers v6; deploy may require constructor arguments)"", function () { it(""deploy BANK_SAFE by supplying its REQUIRED constructor arguments (read them from the contract constructor), then call methods and assert; use ethers.parseEther, await (await tx).wait(), and expect(...).to.be.reverted"", async function () { const [owner, addr1, addr2] = await ethers.getSigners(); const Factory = await ethers.getContractFactory(""BANK_SAFE""); const instance = await Factory.deploy(...constructorArgs); await instance.waitForDeployment(); }); });",False,False,"import { expect } from ""chai""; import { ethers } from ""hardhat"";  describe(""BANK_SAFE - kill mutant m2c91dcb1"", function () {   it(""should revert when depositing 1 wei with max uint256 balance (original passes, mutant fails)"", async function () {     const [owner, addr1] = await ethers.getSigners();     const Factory = await ethers.getContractFactory(""BANK_SAFE"");     const instance = await Factory.deploy();     await instance.waitForDeployment();      // First, initialize the contract (required to avoid revert from SetMinSum/SetLogFile)     await instance.connect(owner).Initialized();      // Set MinSum to 0 so Collect can be called later if needed (not required for this test)     await instance.connect(owner).SetMinSum(0);      // Deploy LogFile and set it     const LogFileFactory = await ethers.getContractFactory(""LogFile"");     const logFile = await LogFileFactory.deploy();     await logFile.waitForDeployment();     await instance.connect(owner).SetLogFile(await logFile.getAddress());      // First, deposit a large amount to addr1 to increase balance     const largeDeposit = ethers.parseEther(""1000"");     await instance.connect(addr1).deposit({ value: largeDeposit });          // Now, we need to manipulate addr1's balance to be type(uint256).max - 1     // We can do this by making multiple deposits that sum to the target     // Calculate how much more we need to reach max uint256 minus 1     const currentBalance = await instance.balances(addr1.address);     const maxUint256 = ethers.MaxUint256;     const targetBalance = maxUint256 - 1n;          if (currentBalance < targetBalance) {       const remaining = targetBalance - currentBalance;       await instance.connect(addr1).deposit({ value: remaining });     }      // Verify balance is now maxUint256 - 1     const finalBalance = await instance.balances(addr1.address);     expect(finalBalance).to.equal(maxUint256 - 1n);      // Now attempt to deposit 1 wei - this should revert in original but pass in mutant     await expect(       instance.connect(addr1).deposit({ value: 1n })     ).to.be.reverted;   }); });","""['Error: syntax error']"""
m9ab1a374,BANK_SAFE,<generic-v6-scaffold>,Deposit,live,msg.value,msg.value+1,---|         balances[msg.sender]+= msg.value; +++|         balances[msg.sender]+= msg.value+1;,39,Mutant m9ab1a374 of function Deposit replaces msg.value with msg.value+1,"pragma solidity ^0.8.0; contract BANK_SAFE { mapping (address=>uint256) public balances; uint public MinSum; LogFile Log; bool intitalized; function SetMinSum(uint _val) public { if(intitalized)revert(); MinSum = _val; } function SetLogFile(address _log) public { if(intitalized)revert(); Log = LogFile(_log); } function Initialized() public { intitalized = true; } function Deposit() public payable { require(((balances[msg.sender] + msg.value) >= balances[msg.sender])); balances[msg.sender]+= msg.value; Log.AddMessage(msg.sender,msg.value,""Put""); } function Collect(uint _am) public payable { if(balances[msg.sender]>=MinSum && balances[msg.sender]>=_am) { balances[msg.sender] = (balances[msg.sender] - _am); (bool _veri_ok,) = msg.sender.call{value: _am}(""""); if(_veri_ok) { Log.AddMessage(msg.sender,_am,""Collect""); } else {revert (); } } } receive() external payable { Deposit(); } } contract LogFile { struct Message { address Sender; string  Data; uint Val; uint  Time; } Message[] public History; Message LastMsg; function AddMessage(address _adr,uint _val,string memory _data) public { LastMsg.Sender = _adr; LastMsg.Time = block.timestamp; LastMsg.Val = _val; LastMsg.Data = _data; History.push(LastMsg); } }","import { expect } from ""chai""; import { ethers } from ""hardhat""; describe(""BANK_SAFE reference (ethers v6; deploy may require constructor arguments)"", function () { it(""deploy BANK_SAFE by supplying its REQUIRED constructor arguments (read them from the contract constructor), then call methods and assert; use ethers.parseEther, await (await tx).wait(), and expect(...).to.be.reverted"", async function () { const [owner, addr1, addr2] = await ethers.getSigners(); const Factory = await ethers.getContractFactory(""BANK_SAFE""); const instance = await Factory.deploy(...constructorArgs); await instance.waitForDeployment(); }); });",False,False,"import { expect } from ""chai""; import { ethers } from ""hardhat"";  describe(""BANK_SAFE mutant test - m9ab1a374"", function () {   it(""should kill mutant by verifying exact balance after deposit"", async function () {     const [owner, addr1] = await ethers.getSigners();     const Factory = await ethers.getContractFactory(""BANK_SAFE"");     const instance = await Factory.deploy();     await instance.waitForDeployment();      // First initialize the contract to bypass the initialization check     await instance.connect(owner).Initialized();      // Set MinSum to 0 to allow any balance for Collect     await instance.connect(owner).SetMinSum(0);      // Deposit exactly 100 wei     const depositAmount = ethers.parseEther(""0.0000000000000001""); // 100 wei     await instance.connect(addr1).Deposit({ value: depositAmount });      // Check balance - should be exactly 100 wei     const balance = await instance.balances(addr1.address);     expect(balance).to.equal(depositAmount);   }); });","""['Error: syntax error']"""
m6f3402b9,BANK_SAFE,<generic-v6-scaffold>,Deposit,live,msg.value,msg.value-1,---|         balances[msg.sender]+= msg.value; +++|         balances[msg.sender]+= msg.value-1;,39,Mutant m6f3402b9 of function Deposit replaces msg.value with msg.value-1,"pragma solidity ^0.8.0; contract BANK_SAFE { mapping (address=>uint256) public balances; uint public MinSum; LogFile Log; bool intitalized; function SetMinSum(uint _val) public { if(intitalized)revert(); MinSum = _val; } function SetLogFile(address _log) public { if(intitalized)revert(); Log = LogFile(_log); } function Initialized() public { intitalized = true; } function Deposit() public payable { require(((balances[msg.sender] + msg.value) >= balances[msg.sender])); balances[msg.sender]+= msg.value; Log.AddMessage(msg.sender,msg.value,""Put""); } function Collect(uint _am) public payable { if(balances[msg.sender]>=MinSum && balances[msg.sender]>=_am) { balances[msg.sender] = (balances[msg.sender] - _am); (bool _veri_ok,) = msg.sender.call{value: _am}(""""); if(_veri_ok) { Log.AddMessage(msg.sender,_am,""Collect""); } else {revert (); } } } receive() external payable { Deposit(); } } contract LogFile { struct Message { address Sender; string  Data; uint Val; uint  Time; } Message[] public History; Message LastMsg; function AddMessage(address _adr,uint _val,string memory _data) public { LastMsg.Sender = _adr; LastMsg.Time = block.timestamp; LastMsg.Val = _val; LastMsg.Data = _data; History.push(LastMsg); } }","import { expect } from ""chai""; import { ethers } from ""hardhat""; describe(""BANK_SAFE reference (ethers v6; deploy may require constructor arguments)"", function () { it(""deploy BANK_SAFE by supplying its REQUIRED constructor arguments (read them from the contract constructor), then call methods and assert; use ethers.parseEther, await (await tx).wait(), and expect(...).to.be.reverted"", async function () { const [owner, addr1, addr2] = await ethers.getSigners(); const Factory = await ethers.getContractFactory(""BANK_SAFE""); const instance = await Factory.deploy(...constructorArgs); await instance.waitForDeployment(); }); });",False,False,"import { expect } from ""chai""; import { ethers } from ""hardhat"";  describe(""BANK_SAFE reference (ethers v6; deploy may require constructor arguments)"", function () {   it(""should detect mutant m6f3402b9 by verifying exact balance after depositing 1 wei"", async function () {     const [owner, addr1] = await ethers.getSigners();     const Factory = await ethers.getContractFactory(""BANK_SAFE"");     const instance = await Factory.deploy();     await instance.waitForDeployment();      // Deposit exactly 1 wei     const depositAmount = 1n;     await instance.connect(addr1).deposit({ value: depositAmount });      // Check the balance recorded in the contract mapping     const recordedBalance = await instance.balances(addr1.address);          // On the original, this should be 1. On the mutant (msg.value-1), it will be 0.     expect(recordedBalance).to.equal(depositAmount);   }); });","""['Error: syntax error']"""
m8ddea4ca,BANK_SAFE,<generic-v6-scaffold>,Deposit,live,msg.value,msg.value+1,"---|         Log.AddMessage(msg.sender,msg.value,""Put""); +++|         Log.AddMessage(msg.sender,msg.value+1,""Put"");",40,Mutant m8ddea4ca of function Deposit replaces msg.value with msg.value+1,"pragma solidity ^0.8.0; contract BANK_SAFE { mapping (address=>uint256) public balances; uint public MinSum; LogFile Log; bool intitalized; function SetMinSum(uint _val) public { if(intitalized)revert(); MinSum = _val; } function SetLogFile(address _log) public { if(intitalized)revert(); Log = LogFile(_log); } function Initialized() public { intitalized = true; } function Deposit() public payable { require(((balances[msg.sender] + msg.value) >= balances[msg.sender])); balances[msg.sender]+= msg.value; Log.AddMessage(msg.sender,msg.value,""Put""); } function Collect(uint _am) public payable { if(balances[msg.sender]>=MinSum && balances[msg.sender]>=_am) { balances[msg.sender] = (balances[msg.sender] - _am); (bool _veri_ok,) = msg.sender.call{value: _am}(""""); if(_veri_ok) { Log.AddMessage(msg.sender,_am,""Collect""); } else {revert (); } } } receive() external payable { Deposit(); } } contract LogFile { struct Message { address Sender; string  Data; uint Val; uint  Time; } Message[] public History; Message LastMsg; function AddMessage(address _adr,uint _val,string memory _data) public { LastMsg.Sender = _adr; LastMsg.Time = block.timestamp; LastMsg.Val = _val; LastMsg.Data = _data; History.push(LastMsg); } }","import { expect } from ""chai""; import { ethers } from ""hardhat""; describe(""BANK_SAFE reference (ethers v6; deploy may require constructor arguments)"", function () { it(""deploy BANK_SAFE by supplying its REQUIRED constructor arguments (read them from the contract constructor), then call methods and assert; use ethers.parseEther, await (await tx).wait(), and expect(...).to.be.reverted"", async function () { const [owner, addr1, addr2] = await ethers.getSigners(); const Factory = await ethers.getContractFactory(""BANK_SAFE""); const instance = await Factory.deploy(...constructorArgs); await instance.waitForDeployment(); }); });",False,False,"import { expect } from ""chai""; import { ethers } from ""hardhat"";  describe(""BANK_SAFE mutant test - m8ddea4ca"", function () {   it(""should detect mutant that logs msg.value+1 instead of msg.value in Deposit"", async function () {     const [owner, user] = await ethers.getSigners();          // Deploy LogFile first since BANK_SAFE references it     const LogFileFactory = await ethers.getContractFactory(""LogFile"");     const logFile = await LogFileFactory.deploy();     await logFile.waitForDeployment();          // Deploy BANK_SAFE (no constructor arguments)     const BankSafeFactory = await ethers.getContractFactory(""BANK_SAFE"");     const bankSafe = await BankSafeFactory.deploy();     await bankSafe.waitForDeployment();          // Set up the contract: set log file, set min sum, initialize     await bankSafe.SetLogFile(await logFile.getAddress());     await bankSafe.SetMinSum(0); // Allow any amount for collection     await bankSafe.Initialized();          // Deposit exactly 5 wei     const depositAmount = ethers.parseEther(""0.000000000000000005""); // 5 wei     const tx = await bankSafe.connect(user).Deposit({ value: depositAmount });     await tx.wait();          // Check the logged value in LogFile's History array (last message pushed)     const lastMessageIndex = (await logFile.History.length()) - BigInt(1);     const lastMessage = await logFile.History(lastMessageIndex);          // The mutant logs msg.value + 1, so it will log 6 wei instead of 5 wei     // Original would log exactly 5 wei     expect(lastMessage.Val).to.equal(depositAmount);   }); });","""['Error: syntax error']"""
mde0a5d2a,BANK_SAFE,<generic-v6-scaffold>,Deposit,live,msg.value,msg.value-1,"---|         Log.AddMessage(msg.sender,msg.value,""Put""); +++|         Log.AddMessage(msg.sender,msg.value-1,""Put"");",40,Mutant mde0a5d2a of function Deposit replaces msg.value with msg.value-1,"pragma solidity ^0.8.0; contract BANK_SAFE { mapping (address=>uint256) public balances; uint public MinSum; LogFile Log; bool intitalized; function SetMinSum(uint _val) public { if(intitalized)revert(); MinSum = _val; } function SetLogFile(address _log) public { if(intitalized)revert(); Log = LogFile(_log); } function Initialized() public { intitalized = true; } function Deposit() public payable { require(((balances[msg.sender] + msg.value) >= balances[msg.sender])); balances[msg.sender]+= msg.value; Log.AddMessage(msg.sender,msg.value,""Put""); } function Collect(uint _am) public payable { if(balances[msg.sender]>=MinSum && balances[msg.sender]>=_am) { balances[msg.sender] = (balances[msg.sender] - _am); (bool _veri_ok,) = msg.sender.call{value: _am}(""""); if(_veri_ok) { Log.AddMessage(msg.sender,_am,""Collect""); } else {revert (); } } } receive() external payable { Deposit(); } } contract LogFile { struct Message { address Sender; string  Data; uint Val; uint  Time; } Message[] public History; Message LastMsg; function AddMessage(address _adr,uint _val,string memory _data) public { LastMsg.Sender = _adr; LastMsg.Time = block.timestamp; LastMsg.Val = _val; LastMsg.Data = _data; History.push(LastMsg); } }","import { expect } from ""chai""; import { ethers } from ""hardhat""; describe(""BANK_SAFE reference (ethers v6; deploy may require constructor arguments)"", function () { it(""deploy BANK_SAFE by supplying its REQUIRED constructor arguments (read them from the contract constructor), then call methods and assert; use ethers.parseEther, await (await tx).wait(), and expect(...).to.be.reverted"", async function () { const [owner, addr1, addr2] = await ethers.getSigners(); const Factory = await ethers.getContractFactory(""BANK_SAFE""); const instance = await Factory.deploy(...constructorArgs); await instance.waitForDeployment(); }); });",False,False,"import { expect } from ""chai""; import { ethers } from ""hardhat"";  describe(""BANK_SAFE mutant detection - Deposit log value"", function () {   it(""should detect mutant that logs msg.value-1 instead of msg.value"", async function () {     const [owner, user] = await ethers.getSigners();          // Deploy LogFile first (required by BANK_SAFE)     const LogFileFactory = await ethers.getContractFactory(""LogFile"");     const logFile = await LogFileFactory.deploy();     await logFile.waitForDeployment();          // Deploy BANK_SAFE     const BankSafeFactory = await ethers.getContractFactory(""BANK_SAFE"");     const bankSafe = await BankSafeFactory.deploy();     await bankSafe.waitForDeployment();          // Setup: Set MinSum and LogFile, then initialize     await bankSafe.connect(owner).SetMinSum(ethers.parseEther(""0.1""));     await bankSafe.connect(owner).SetLogFile(await logFile.getAddress());     await bankSafe.connect(owner).Initialized();          // Deposit exactly 1 wei     const depositAmount = 1n;     const tx = await bankSafe.connect(user).Deposit({ value: depositAmount });     await tx.wait();          // Check the logged value in LogFile's History array     // The last pushed message should have Val = depositAmount (1 wei)     // Mutant logs depositAmount - 1 = 0 wei, which would fail this assertion     const historyLength = await logFile.History.length;     const lastMessage = await logFile.History(historyLength - 1n);          // Assert that the logged value equals the actual deposit amount     expect(lastMessage.Val).to.equal(depositAmount);   }); });","""['Error: syntax error']"""
