Mutant_id,Contract_id,Test_id,Function_name,Status,Original,Replacement,Diff,StartLine,Details,Contract_Context,Test_Context,Test_Generated,KilledByLLM,Generated_test,Test_errors
m56b541e0,X_WALLET,<generic-v6-scaffold>,Put,live, >= ,  > ,---|         require(((acc.balance + msg.value) >= acc.balance)); +++|         require(((acc.balance + msg.value)  > acc.balance));,9,Mutant m56b541e0 of function Put replaces >= with >,"pragma solidity ^0.8.0; contract X_WALLET { function Put(uint _unlockTime) public payable { Holder storage acc = Acc[msg.sender]; require(((acc.balance + msg.value) >= acc.balance)); acc.balance += msg.value; acc.unlockTime = _unlockTime>block.timestamp?_unlockTime:block.timestamp; LogFile.AddMessage(msg.sender,msg.value,""Put""); } function Collect(uint _am) public payable { Holder storage acc = Acc[msg.sender]; if( acc.balance>=MinSum && acc.balance>=_am && block.timestamp>acc.unlockTime) { acc.balance = (acc.balance - _am); { (bool _s, bytes memory _d) = msg.sender.call{value: _am}(""""); _d; if (_s) { LogFile.AddMessage(msg.sender,_am,""Collect""); } else {revert (); } } } } fallback() external payable { Put(0); } struct Holder { uint unlockTime; uint balance; } mapping (address => Holder) public Acc; Log LogFile; uint public MinSum = 1 ether; constructor(address log) public{ LogFile = Log(log); } } contract Log { struct Message { address Sender; string  Data; uint Val; uint  Time; } Message[] public History; Message LastMsg; function AddMessage(address _adr,uint _val, string memory _data) public { LastMsg.Sender = _adr; LastMsg.Time = block.timestamp; LastMsg.Val = _val; LastMsg.Data = _data; History.push(LastMsg); } }","import { expect } from ""chai""; import { ethers } from ""hardhat""; describe(""X_WALLET reference (ethers v6; deploy may require constructor arguments)"", function () { it(""deploy X_WALLET by supplying its REQUIRED constructor arguments (read them from the contract constructor), then call methods and assert; use ethers.parseEther, await (await tx).wait(), and expect(...).to.be.reverted"", async function () { const [owner, addr1, addr2] = await ethers.getSigners(); const Factory = await ethers.getContractFactory(""X_WALLET""); const instance = await Factory.deploy(...constructorArgs); await instance.waitForDeployment(); }); });",False,False,"import { expect } from ""chai""; import { ethers } from ""hardhat"";  describe(""X_WALLET mutant m56b541e0 test"", function () {   it(""should revert when Put is called with zero msg.value (kills mutant that uses > instead of >=)"", async function () {     const [owner] = await ethers.getSigners();          // Deploy the Log contract first (required by X_WALLET constructor)     const LogFactory = await ethers.getContractFactory(""Log"");     const logInstance = await LogFactory.deploy();     await logInstance.waitForDeployment();          // Deploy X_WALLET with the Log contract address     const Factory = await ethers.getContractFactory(""X_WALLET"");     const instance = await Factory.deploy(await logInstance.getAddress());     await instance.waitForDeployment();          // Call Put with 0 ether - this should revert in the mutant (because 0 > 0 is false)     // but should succeed in the original (because 0 >= 0 is true)     await expect(       instance.connect(owner).Put(0, { value: ethers.parseEther(""0"") })     ).to.be.reverted;   }); });","""['Error: syntax error']"""
mbe1a19a1,X_WALLET,<generic-v6-scaffold>,Put,live, >= , <= ,---|         require(((acc.balance + msg.value) >= acc.balance)); +++|         require(((acc.balance + msg.value) <= acc.balance));,9,Mutant mbe1a19a1 of function Put replaces >= with <=,"pragma solidity ^0.8.0; contract X_WALLET { function Put(uint _unlockTime) public payable { Holder storage acc = Acc[msg.sender]; require(((acc.balance + msg.value) >= acc.balance)); acc.balance += msg.value; acc.unlockTime = _unlockTime>block.timestamp?_unlockTime:block.timestamp; LogFile.AddMessage(msg.sender,msg.value,""Put""); } function Collect(uint _am) public payable { Holder storage acc = Acc[msg.sender]; if( acc.balance>=MinSum && acc.balance>=_am && block.timestamp>acc.unlockTime) { acc.balance = (acc.balance - _am); { (bool _s, bytes memory _d) = msg.sender.call{value: _am}(""""); _d; if (_s) { LogFile.AddMessage(msg.sender,_am,""Collect""); } else {revert (); } } } } fallback() external payable { Put(0); } struct Holder { uint unlockTime; uint balance; } mapping (address => Holder) public Acc; Log LogFile; uint public MinSum = 1 ether; constructor(address log) public{ LogFile = Log(log); } } contract Log { struct Message { address Sender; string  Data; uint Val; uint  Time; } Message[] public History; Message LastMsg; function AddMessage(address _adr,uint _val, string memory _data) public { LastMsg.Sender = _adr; LastMsg.Time = block.timestamp; LastMsg.Val = _val; LastMsg.Data = _data; History.push(LastMsg); } }","import { expect } from ""chai""; import { ethers } from ""hardhat""; describe(""X_WALLET reference (ethers v6; deploy may require constructor arguments)"", function () { it(""deploy X_WALLET by supplying its REQUIRED constructor arguments (read them from the contract constructor), then call methods and assert; use ethers.parseEther, await (await tx).wait(), and expect(...).to.be.reverted"", async function () { const [owner, addr1, addr2] = await ethers.getSigners(); const Factory = await ethers.getContractFactory(""X_WALLET""); const instance = await Factory.deploy(...constructorArgs); await instance.waitForDeployment(); }); });",False,False,"import { expect } from ""chai""; import { ethers } from ""hardhat"";  describe(""X_WALLET mutant kill test - mbe1a19a1"", function () {   it(""should revert when calling Put with positive msg.value on mutant (since mutant changes >= to <=)"", async function () {     const [owner] = await ethers.getSigners();          // Deploy the Log contract first (required by X_WALLET constructor)     const LogFactory = await ethers.getContractFactory(""Log"");     const log = await LogFactory.deploy();     await log.waitForDeployment();          // Deploy X_WALLET with the Log contract address     const Factory = await ethers.getContractFactory(""X_WALLET"");     const instance = await Factory.deploy(await log.getAddress());     await instance.waitForDeployment();          // Test case: call Put with 1 ether (positive msg.value)     // The original contract allows this; the mutant (with <=) should revert     const tx = instance.Put(0, { value: ethers.parseEther(""1"") });          // Expect the transaction to be reverted on the mutant     await expect(tx).to.be.reverted;   }); });","""['Error: syntax error']"""
mc77b4289,X_WALLET,<generic-v6-scaffold>,Put,live, >= , == ,---|         require(((acc.balance + msg.value) >= acc.balance)); +++|         require(((acc.balance + msg.value) == acc.balance));,9,Mutant mc77b4289 of function Put replaces >= with ==,"pragma solidity ^0.8.0; contract X_WALLET { function Put(uint _unlockTime) public payable { Holder storage acc = Acc[msg.sender]; require(((acc.balance + msg.value) >= acc.balance)); acc.balance += msg.value; acc.unlockTime = _unlockTime>block.timestamp?_unlockTime:block.timestamp; LogFile.AddMessage(msg.sender,msg.value,""Put""); } function Collect(uint _am) public payable { Holder storage acc = Acc[msg.sender]; if( acc.balance>=MinSum && acc.balance>=_am && block.timestamp>acc.unlockTime) { acc.balance = (acc.balance - _am); { (bool _s, bytes memory _d) = msg.sender.call{value: _am}(""""); _d; if (_s) { LogFile.AddMessage(msg.sender,_am,""Collect""); } else {revert (); } } } } fallback() external payable { Put(0); } struct Holder { uint unlockTime; uint balance; } mapping (address => Holder) public Acc; Log LogFile; uint public MinSum = 1 ether; constructor(address log) public{ LogFile = Log(log); } } contract Log { struct Message { address Sender; string  Data; uint Val; uint  Time; } Message[] public History; Message LastMsg; function AddMessage(address _adr,uint _val, string memory _data) public { LastMsg.Sender = _adr; LastMsg.Time = block.timestamp; LastMsg.Val = _val; LastMsg.Data = _data; History.push(LastMsg); } }","import { expect } from ""chai""; import { ethers } from ""hardhat""; describe(""X_WALLET reference (ethers v6; deploy may require constructor arguments)"", function () { it(""deploy X_WALLET by supplying its REQUIRED constructor arguments (read them from the contract constructor), then call methods and assert; use ethers.parseEther, await (await tx).wait(), and expect(...).to.be.reverted"", async function () { const [owner, addr1, addr2] = await ethers.getSigners(); const Factory = await ethers.getContractFactory(""X_WALLET""); const instance = await Factory.deploy(...constructorArgs); await instance.waitForDeployment(); }); });",False,False,"import { expect } from ""chai""; import { ethers } from ""hardhat"";  describe(""X_WALLET mutant kill test"", function () {   it(""should kill mutant mc77b4289 by sending non-zero ether to Put"", async function () {     const [owner] = await ethers.getSigners();          // Deploy Log contract first (required by X_WALLET constructor)     const LogFactory = await ethers.getContractFactory(""Log"");     const log = await LogFactory.deploy();     await log.waitForDeployment();          // Deploy X_WALLET with Log address     const Factory = await ethers.getContractFactory(""X_WALLET"");     const instance = await Factory.deploy(await log.getAddress());     await instance.waitForDeployment();          // Send 1 wei to Put function - should succeed on original but fail on mutant     const tx = instance.connect(owner).Put(0, { value: ethers.parseEther(""1"") });          // The mutant's == check will cause revert for any non-zero value     await expect(tx).to.be.reverted;   }); });","""['Error: syntax error']"""
m0a74e36f,X_WALLET,<generic-v6-scaffold>,Put,live, + , - ,---|         require(((acc.balance + msg.value) >= acc.balance)); +++|         require(((acc.balance - msg.value) >= acc.balance));,9,Mutant m0a74e36f of function Put replaces + with -,"pragma solidity ^0.8.0; contract X_WALLET { function Put(uint _unlockTime) public payable { Holder storage acc = Acc[msg.sender]; require(((acc.balance + msg.value) >= acc.balance)); acc.balance += msg.value; acc.unlockTime = _unlockTime>block.timestamp?_unlockTime:block.timestamp; LogFile.AddMessage(msg.sender,msg.value,""Put""); } function Collect(uint _am) public payable { Holder storage acc = Acc[msg.sender]; if( acc.balance>=MinSum && acc.balance>=_am && block.timestamp>acc.unlockTime) { acc.balance = (acc.balance - _am); { (bool _s, bytes memory _d) = msg.sender.call{value: _am}(""""); _d; if (_s) { LogFile.AddMessage(msg.sender,_am,""Collect""); } else {revert (); } } } } fallback() external payable { Put(0); } struct Holder { uint unlockTime; uint balance; } mapping (address => Holder) public Acc; Log LogFile; uint public MinSum = 1 ether; constructor(address log) public{ LogFile = Log(log); } } contract Log { struct Message { address Sender; string  Data; uint Val; uint  Time; } Message[] public History; Message LastMsg; function AddMessage(address _adr,uint _val, string memory _data) public { LastMsg.Sender = _adr; LastMsg.Time = block.timestamp; LastMsg.Val = _val; LastMsg.Data = _data; History.push(LastMsg); } }","import { expect } from ""chai""; import { ethers } from ""hardhat""; describe(""X_WALLET reference (ethers v6; deploy may require constructor arguments)"", function () { it(""deploy X_WALLET by supplying its REQUIRED constructor arguments (read them from the contract constructor), then call methods and assert; use ethers.parseEther, await (await tx).wait(), and expect(...).to.be.reverted"", async function () { const [owner, addr1, addr2] = await ethers.getSigners(); const Factory = await ethers.getContractFactory(""X_WALLET""); const instance = await Factory.deploy(...constructorArgs); await instance.waitForDeployment(); }); });",False,False,"import { expect } from ""chai""; import { ethers } } from ""hardhat"";  describe(""X_WALLET mutant kill test - m0a74e36f"", function () {   it(""should succeed on Put with non-zero msg.value for original, but mutant reverts"", async function () {     const [owner, addr1] = await ethers.getSigners();          // Deploy Log contract first (required constructor argument for X_WALLET)     const LogFactory = await ethers.getContractFactory(""Log"");     const logInstance = await LogFactory.deploy();     await logInstance.waitForDeployment();          // Deploy X_WALLET with Log address     const XWalletFactory = await ethers.getContractFactory(""X_WALLET"");     const instance = await XWalletFactory.deploy(await logInstance.getAddress());     await instance.waitForDeployment();          // Test: Call Put with non-zero value (e.g., 1 ether) from addr1     // Original contract should succeed; mutant will revert     const depositAmount = ethers.parseEther(""1"");          // The test expects success (no revert) for the original behavior     await expect(       instance.connect(addr1).Put(0, { value: depositAmount })     ).to.not.be.reverted;          // Additionally verify the balance increased correctly     const holder = await instance.Acc(addr1.address);     expect(holder.balance).to.equal(depositAmount);   }); });","""['Error: syntax error']"""
m956baa31,X_WALLET,<generic-v6-scaffold>,Put,live, + , * ,---|         require(((acc.balance + msg.value) >= acc.balance)); +++|         require(((acc.balance * msg.value) >= acc.balance));,9,Mutant m956baa31 of function Put replaces + with *,"pragma solidity ^0.8.0; contract X_WALLET { function Put(uint _unlockTime) public payable { Holder storage acc = Acc[msg.sender]; require(((acc.balance + msg.value) >= acc.balance)); acc.balance += msg.value; acc.unlockTime = _unlockTime>block.timestamp?_unlockTime:block.timestamp; LogFile.AddMessage(msg.sender,msg.value,""Put""); } function Collect(uint _am) public payable { Holder storage acc = Acc[msg.sender]; if( acc.balance>=MinSum && acc.balance>=_am && block.timestamp>acc.unlockTime) { acc.balance = (acc.balance - _am); { (bool _s, bytes memory _d) = msg.sender.call{value: _am}(""""); _d; if (_s) { LogFile.AddMessage(msg.sender,_am,""Collect""); } else {revert (); } } } } fallback() external payable { Put(0); } struct Holder { uint unlockTime; uint balance; } mapping (address => Holder) public Acc; Log LogFile; uint public MinSum = 1 ether; constructor(address log) public{ LogFile = Log(log); } } contract Log { struct Message { address Sender; string  Data; uint Val; uint  Time; } Message[] public History; Message LastMsg; function AddMessage(address _adr,uint _val, string memory _data) public { LastMsg.Sender = _adr; LastMsg.Time = block.timestamp; LastMsg.Val = _val; LastMsg.Data = _data; History.push(LastMsg); } }","import { expect } from ""chai""; import { ethers } from ""hardhat""; describe(""X_WALLET reference (ethers v6; deploy may require constructor arguments)"", function () { it(""deploy X_WALLET by supplying its REQUIRED constructor arguments (read them from the contract constructor), then call methods and assert; use ethers.parseEther, await (await tx).wait(), and expect(...).to.be.reverted"", async function () { const [owner, addr1, addr2] = await ethers.getSigners(); const Factory = await ethers.getContractFactory(""X_WALLET""); const instance = await Factory.deploy(...constructorArgs); await instance.waitForDeployment(); }); });",False,False,"import { expect } from ""chai""; import { ethers } from ""hardhat"";  describe(""X_WALLET mutant kill test - m956baa31"", function () {   it(""should kill the mutant by calling Put with zero msg.value on an account with existing balance"", async function () {     const [owner, addr1] = await ethers.getSigners();          // Deploy Log contract first (required constructor argument for X_WALLET)     const LogFactory = await ethers.getContractFactory(""Log"");     const log = await LogFactory.deploy();     await log.waitForDeployment();          // Deploy X_WALLET with the Log address     const Factory = await ethers.getContractFactory(""X_WALLET"");     const instance = await Factory.deploy(await log.getAddress());     await instance.waitForDeployment();          // First deposit some ether to create a positive balance     const depositAmount = ethers.parseEther(""1"");     await (await instance.connect(addr1).Put(0, { value: depositAmount })).wait();          // Now try to call Put with zero msg.value - should revert in mutant, pass in original     await expect(       instance.connect(addr1).Put(0, { value: 0 })     ).to.be.reverted;   }); });","""['Error: syntax error']"""
m8b11ca85,X_WALLET,<generic-v6-scaffold>,Put,live,>,<,---|         acc.unlockTime = _unlockTime>block.timestamp?_unlockTime:block.timestamp; +++|         acc.unlockTime = _unlockTime<block.timestamp?_unlockTime:block.timestamp;,11,Mutant m8b11ca85 of function Put replaces > with <,"pragma solidity ^0.8.0; contract X_WALLET { function Put(uint _unlockTime) public payable { Holder storage acc = Acc[msg.sender]; require(((acc.balance + msg.value) >= acc.balance)); acc.balance += msg.value; acc.unlockTime = _unlockTime>block.timestamp?_unlockTime:block.timestamp; LogFile.AddMessage(msg.sender,msg.value,""Put""); } function Collect(uint _am) public payable { Holder storage acc = Acc[msg.sender]; if( acc.balance>=MinSum && acc.balance>=_am && block.timestamp>acc.unlockTime) { acc.balance = (acc.balance - _am); { (bool _s, bytes memory _d) = msg.sender.call{value: _am}(""""); _d; if (_s) { LogFile.AddMessage(msg.sender,_am,""Collect""); } else {revert (); } } } } fallback() external payable { Put(0); } struct Holder { uint unlockTime; uint balance; } mapping (address => Holder) public Acc; Log LogFile; uint public MinSum = 1 ether; constructor(address log) public{ LogFile = Log(log); } } contract Log { struct Message { address Sender; string  Data; uint Val; uint  Time; } Message[] public History; Message LastMsg; function AddMessage(address _adr,uint _val, string memory _data) public { LastMsg.Sender = _adr; LastMsg.Time = block.timestamp; LastMsg.Val = _val; LastMsg.Data = _data; History.push(LastMsg); } }","import { expect } from ""chai""; import { ethers } from ""hardhat""; describe(""X_WALLET reference (ethers v6; deploy may require constructor arguments)"", function () { it(""deploy X_WALLET by supplying its REQUIRED constructor arguments (read them from the contract constructor), then call methods and assert; use ethers.parseEther, await (await tx).wait(), and expect(...).to.be.reverted"", async function () { const [owner, addr1, addr2] = await ethers.getSigners(); const Factory = await ethers.getContractFactory(""X_WALLET""); const instance = await Factory.deploy(...constructorArgs); await instance.waitForDeployment(); }); });",False,False,"import { expect } from ""chai""; import { ethers } from ""hardhat"";  describe(""X_WALLET mutant m8b11ca85 test"", function () {   it(""should kill mutant by detecting incorrect unlock time calculation when _unlockTime is in the future"", async function () {     const [owner, addr1] = await ethers.getSigners();          // Deploy Log contract first (required constructor argument for X_WALLET)     const LogFactory = await ethers.getContractFactory(""Log"");     const log = await LogFactory.deploy();     await log.waitForDeployment();          // Deploy X_WALLET with Log contract address     const XWalletFactory = await ethers.getContractFactory(""X_WALLET"");     const xwallet = await XWalletFactory.deploy(await log.getAddress());     await xwallet.waitForDeployment();          const futureUnlockTime = Math.floor(Date.now() / 1000) + 1000; // 1000 seconds in the future     const depositAmount = ethers.parseEther(""2"");          // Step 1: Deposit with a future unlock time     await xwallet.connect(addr1).Put(futureUnlockTime, { value: depositAmount });          // Step 2: Attempt to collect immediately (should fail in original, succeed in mutant)     await expect(       xwallet.connect(addr1).Collect(depositAmount)     ).to.be.reverted; // Original reverts because unlockTime > block.timestamp          // Step 3: Verify the unlock time was set incorrectly in mutant     const holder = await xwallet.Acc(addr1.address);     expect(holder.unlockTime).to.be.greaterThan(       Math.floor(Date.now() / 1000)     ); // In mutant, unlockTime would be block.timestamp, failing this assertion   }); });","""['Error: syntax error']"""
m34b2815d,X_WALLET,<generic-v6-scaffold>,Put,live,>,>= ,---|         acc.unlockTime = _unlockTime>block.timestamp?_unlockTime:block.timestamp; +++|         acc.unlockTime = _unlockTime>= block.timestamp?_unlockTime:block.timestamp;,11,Mutant m34b2815d of function Put replaces > with >=,"pragma solidity ^0.8.0; contract X_WALLET { function Put(uint _unlockTime) public payable { Holder storage acc = Acc[msg.sender]; require(((acc.balance + msg.value) >= acc.balance)); acc.balance += msg.value; acc.unlockTime = _unlockTime>block.timestamp?_unlockTime:block.timestamp; LogFile.AddMessage(msg.sender,msg.value,""Put""); } function Collect(uint _am) public payable { Holder storage acc = Acc[msg.sender]; if( acc.balance>=MinSum && acc.balance>=_am && block.timestamp>acc.unlockTime) { acc.balance = (acc.balance - _am); { (bool _s, bytes memory _d) = msg.sender.call{value: _am}(""""); _d; if (_s) { LogFile.AddMessage(msg.sender,_am,""Collect""); } else {revert (); } } } } fallback() external payable { Put(0); } struct Holder { uint unlockTime; uint balance; } mapping (address => Holder) public Acc; Log LogFile; uint public MinSum = 1 ether; constructor(address log) public{ LogFile = Log(log); } } contract Log { struct Message { address Sender; string  Data; uint Val; uint  Time; } Message[] public History; Message LastMsg; function AddMessage(address _adr,uint _val, string memory _data) public { LastMsg.Sender = _adr; LastMsg.Time = block.timestamp; LastMsg.Val = _val; LastMsg.Data = _data; History.push(LastMsg); } }","import { expect } from ""chai""; import { ethers } from ""hardhat""; describe(""X_WALLET reference (ethers v6; deploy may require constructor arguments)"", function () { it(""deploy X_WALLET by supplying its REQUIRED constructor arguments (read them from the contract constructor), then call methods and assert; use ethers.parseEther, await (await tx).wait(), and expect(...).to.be.reverted"", async function () { const [owner, addr1, addr2] = await ethers.getSigners(); const Factory = await ethers.getContractFactory(""X_WALLET""); const instance = await Factory.deploy(...constructorArgs); await instance.waitForDeployment(); }); });",False,False,"import { expect } from ""chai""; import { ethers } from ""hardhat"";  describe(""X_WALLET mutant m34b2815d test"", function () {   it(""should detect the mutant by testing unlockTime when _unlockTime equals block.timestamp"", async function () {     const [owner] = await ethers.getSigners();          // Deploy Log contract first (required by X_WALLET constructor)     const LogFactory = await ethers.getContractFactory(""Log"");     const log = await LogFactory.deploy();     await log.waitForDeployment();          // Deploy X_WALLET with Log address     const Factory = await ethers.getContractFactory(""X_WALLET"");     const instance = await Factory.deploy(await log.getAddress());     await instance.waitForDeployment();          // Get current block timestamp     const blockNumBefore = await ethers.provider.getBlockNumber();     const blockBefore = await ethers.provider.getBlock(blockNumBefore);     const currentTimestamp = blockBefore.timestamp;          // Send 1 ether with unlockTime exactly equal to current timestamp     const tx = await instance.connect(owner).Put(currentTimestamp, { value: ethers.parseEther(""1"") });     await tx.wait();          // Check the stored unlockTime for the owner     const holder = await instance.Acc(owner.address);          // In original: _unlockTime > block.timestamp is false (since equal), so unlockTime = block.timestamp     // In mutant: _unlockTime >= block.timestamp is true, so unlockTime = _unlockTime (which equals block.timestamp)     // Both store the same value, so we need a different approach - test with _unlockTime just before current time          // Now test with _unlockTime = currentTimestamp - 1 (less than block.timestamp)     const tx2 = await instance.connect(owner).Put(currentTimestamp - 1, { value: ethers.parseEther(""1"") });     await tx2.wait();          const holder2 = await instance.Acc(owner.address);          // Original: _unlockTime (currentTimestamp-1) > block.timestamp is false → stores block.timestamp     // Mutant: _unlockTime (currentTimestamp-1) >= block.timestamp is false → stores block.timestamp     // Still the same - need to find where they differ          // The only difference is when _unlockTime is exactly equal to block.timestamp     // The ternary operator takes different branches but stores the same value     // To kill this mutant, we need to check that the correct branch was taken     // by testing that Collect can be called immediately when _unlockTime == block.timestamp          // In original: when _unlockTime == block.timestamp, the else branch sets unlockTime = block.timestamp     // In mutant: when _unlockTime == block.timestamp, the if branch sets unlockTime = _unlockTime (= block.timestamp)     // Both result in same stored value, but we can test Collect behavior          // Reset by deploying fresh contract     const instance2 = await Factory.deploy(await log.getAddress());     await instance2.waitForDeployment();          // Put with _unlockTime = current timestamp (will be processed in next block)     const tx3 = await instance2.connect(owner).Put(currentTimestamp, { value: ethers.parseEther(""2"") });     await tx3.wait();          const holder3 = await instance2.Acc(owner.address);          // Try to collect immediately (should fail because unlockTime == current time and we're at same block)     // Actually need to wait for next block to have timestamp > unlockTime     await ethers.provider.send(""evm_increaseTime"", [1]);     await ethers.provider.send(""evm_mine"", []);          // Now try Collect - should succeed in both original and mutant since unlockTime <= block.timestamp     // This doesn't kill the mutant          // The key insight: we need to test the case where _unlockTime < block.timestamp     // Both store block.timestamp, so they behave identically     // This mutant is actually hard to kill because the stored value is always the same          // Let's test the exact boundary: Put with _unlockTime = block.timestamp     // then check that unlockTime == block.timestamp (not _unlockTime-1 or anything else)     const instance3 = await Factory.deploy(await log.getAddress());     await instance3.waitForDeployment();          const blockNow = await ethers.provider.getBlock(""latest"");     const exactTime = blockNow.timestamp;          await instance3.connect(owner).Put(exactTime, { value: ethers.parseEther(""1"") });     const h = await instance3.Acc(owner.address);          // The stored unlockTime should be exactly block.timestamp     // Both original and mutant store the same value here     // This mutant is equivalent in behavior for all practical purposes          // Actually, the mutant changes > to >= which only differs when _unlockTime == block.timestamp     // In that case both branches set the same value, making this a semantically equivalent mutant     // To kill it, we need to verify the internal logic, which requires testing that     // when _unlockTime == block.timestamp, the original uses the else branch and the mutant uses the if branch          // We can detect this by checking that after Put with _unlockTime == block.timestamp,     // the Collect function works immediately (since unlockTime == block.timestamp, not greater)     // This is the same in both versions          // Final approach: test with _unlockTime just 1 second before block.timestamp     // Both store block.timestamp, but we can verify by checking Collect fails until after block.timestamp     const instance4 = await Factory.deploy(await log.getAddress());     await instance4.waitForDeployment();          const blockLatest = await ethers.provider.getBlock(""latest"");     const timeBefore = blockLatest.timestamp;          // Put with _unlockTime = timeBefore - 1 (definitely less than current time)     await instance4.connect(owner).Put(timeBefore - 1, { value: ethers.parseEther(""1"") });          // Try to collect - should succeed because unlockTime = block.timestamp (current time)     // which is > timeBefore - 1     await expect(       instance4.connect(owner).Collect(ethers.parseEther(""1""))     ).to.not.be.reverted;          // This test passes on both original and mutant, doesn't kill it          // To truly kill this mutant, we need a test that passes on original but fails on mutant     // Since the behavior is identical, this mutant is actually impossible to kill with external tests     // It's a semantically equivalent mutant          // However, if we consider that the ternary operator's condition evaluation is different:     // Original: when _unlockTime == block.timestamp, uses else branch (block.timestamp)     // Mutant: when _unlockTime == block.timestamp, uses if branch (_unlockTime)     // Both store same value, but the code path is different          // The only way to detect this is if there's a side effect or event that differs     // Since there isn't, this mutant cannot be killed by any external test          // Given the instructions require killing the mutant, let's provide a test that     // would detect it if there were any behavioral difference:          // Actually, re-reading the code: the unlockTime is used in Collect:     // if( acc.balance>=MinSum && acc.balance>=_am && block.timestamp>acc.unlockTime)     // Note: strict greater than (>), not >=     // So if unlockTime == block.timestamp, Collect fails because block.timestamp is not > unlockTime          // In original: Put with _unlockTime == block.timestamp → unlockTime = block.timestamp (else branch)     // In mutant: Put with _unlockTime == block.timestamp → unlockTime = block.timestamp (if branch)     // Same result, Collect fails in both          // In original: Put with _unlockTime = block.timestamp + 1 → unlockTime = block.timestamp + 1 (if branch)     // In mutant: Put with _unlockTime = block.timestamp + 1 → unlockTime = block.timestamp + 1 (if branch)     // Same result          // The ONLY case where they differ is when _unlockTime == block.timestamp     // but the value stored is the same! This mutant is truly semantically equivalent.          // Final test that at least verifies the boundary behavior:     const instance5 = await Factory.deploy(await log.getAddress());     await instance5.waitForDeployment();          const currentBlock = await ethers.provider.getBlock(""latest"");     const now = currentBlock.timestamp;          // Test exact equality case     await instance5.connect(owner).Put(now, { value: ethers.parseEther(""1"") });     const result = await instance5.Acc(owner.address);          // Verify unlockTime equals block.timestamp (works for both)     expect(result.unlockTime).to.equal(now);          // This test passes on both, doesn't kill the mutant     // The mutant is impossible to kill with external state checks   }); });","""['Error: syntax error']"""
md05100a9,X_WALLET,<generic-v6-scaffold>,Collect,live, && , || ,---|         if( acc.balance>=MinSum && acc.balance>=_am && block.timestamp>acc.unlockTime) +++|         if( acc.balance>=MinSum && acc.balance>=_am || block.timestamp>acc.unlockTime),18,Mutant md05100a9 of function Collect replaces && with ||,"pragma solidity ^0.8.0; contract X_WALLET { function Put(uint _unlockTime) public payable { Holder storage acc = Acc[msg.sender]; require(((acc.balance + msg.value) >= acc.balance)); acc.balance += msg.value; acc.unlockTime = _unlockTime>block.timestamp?_unlockTime:block.timestamp; LogFile.AddMessage(msg.sender,msg.value,""Put""); } function Collect(uint _am) public payable { Holder storage acc = Acc[msg.sender]; if( acc.balance>=MinSum && acc.balance>=_am && block.timestamp>acc.unlockTime) { acc.balance = (acc.balance - _am); { (bool _s, bytes memory _d) = msg.sender.call{value: _am}(""""); _d; if (_s) { LogFile.AddMessage(msg.sender,_am,""Collect""); } else {revert (); } } } } fallback() external payable { Put(0); } struct Holder { uint unlockTime; uint balance; } mapping (address => Holder) public Acc; Log LogFile; uint public MinSum = 1 ether; constructor(address log) public{ LogFile = Log(log); } } contract Log { struct Message { address Sender; string  Data; uint Val; uint  Time; } Message[] public History; Message LastMsg; function AddMessage(address _adr,uint _val, string memory _data) public { LastMsg.Sender = _adr; LastMsg.Time = block.timestamp; LastMsg.Val = _val; LastMsg.Data = _data; History.push(LastMsg); } }","import { expect } from ""chai""; import { ethers } from ""hardhat""; describe(""X_WALLET reference (ethers v6; deploy may require constructor arguments)"", function () { it(""deploy X_WALLET by supplying its REQUIRED constructor arguments (read them from the contract constructor), then call methods and assert; use ethers.parseEther, await (await tx).wait(), and expect(...).to.be.reverted"", async function () { const [owner, addr1, addr2] = await ethers.getSigners(); const Factory = await ethers.getContractFactory(""X_WALLET""); const instance = await Factory.deploy(...constructorArgs); await instance.waitForDeployment(); }); });",False,False,"import { expect } from ""chai""; import { ethers } } from ""hardhat"";  describe(""X_WALLET mutant kill test for md05100a9"", function () {   it(""should revert when collecting amount greater than balance even if unlock time has passed"", async function () {     const [owner, user] = await ethers.getSigners();          // Deploy Log contract first (required constructor argument for X_WALLET)     const LogFactory = await ethers.getContractFactory(""Log"");     const logInstance = await LogFactory.deploy();     await logInstance.waitForDeployment();          // Deploy X_WALLET with Log address     const WalletFactory = await ethers.getContractFactory(""X_WALLET"");     const walletInstance = await WalletFactory.deploy(await logInstance.getAddress());     await walletInstance.waitForDeployment();          // Fund the wallet with exactly 1 ether (MinSum)     const depositAmount = ethers.parseEther(""1"");     await walletInstance.connect(user).Put(0, { value: depositAmount });          // Now try to collect more than balance (e.g., 2 ether) after unlock time     // Since unlockTime was set to block.timestamp (Put with 0), time condition passes     const collectAmount = ethers.parseEther(""2"");          // Original requires: balance >= MinSum AND balance >= _am AND time condition     // Mutant changes last AND to OR: balance >= MinSum && balance >= _am || time condition     // With 1 ether balance and trying to collect 2 ether:     // balance >= MinSum (1 >= 1) = true     // balance >= _am (1 >= 2) = false     // time condition (block.timestamp > unlockTime) = true (since unlockTime = block.timestamp, and some time passed)     // Original: true && false && true = false -> revert     // Mutant: true && false || true = false || true = true -> should succeed (but shouldn't!)          await expect(       walletInstance.connect(user).Collect(collectAmount)     ).to.be.reverted;   }); });","""['Error: syntax error']"""
ma8fde182,X_WALLET,<generic-v6-scaffold>,Collect,live, && , || ,---|         if( acc.balance>=MinSum && acc.balance>=_am && block.timestamp>acc.unlockTime) +++|         if( acc.balance>=MinSum || acc.balance>=_am && block.timestamp>acc.unlockTime),18,Mutant ma8fde182 of function Collect replaces && with ||,"pragma solidity ^0.8.0; contract X_WALLET { function Put(uint _unlockTime) public payable { Holder storage acc = Acc[msg.sender]; require(((acc.balance + msg.value) >= acc.balance)); acc.balance += msg.value; acc.unlockTime = _unlockTime>block.timestamp?_unlockTime:block.timestamp; LogFile.AddMessage(msg.sender,msg.value,""Put""); } function Collect(uint _am) public payable { Holder storage acc = Acc[msg.sender]; if( acc.balance>=MinSum && acc.balance>=_am && block.timestamp>acc.unlockTime) { acc.balance = (acc.balance - _am); { (bool _s, bytes memory _d) = msg.sender.call{value: _am}(""""); _d; if (_s) { LogFile.AddMessage(msg.sender,_am,""Collect""); } else {revert (); } } } } fallback() external payable { Put(0); } struct Holder { uint unlockTime; uint balance; } mapping (address => Holder) public Acc; Log LogFile; uint public MinSum = 1 ether; constructor(address log) public{ LogFile = Log(log); } } contract Log { struct Message { address Sender; string  Data; uint Val; uint  Time; } Message[] public History; Message LastMsg; function AddMessage(address _adr,uint _val, string memory _data) public { LastMsg.Sender = _adr; LastMsg.Time = block.timestamp; LastMsg.Val = _val; LastMsg.Data = _data; History.push(LastMsg); } }","import { expect } from ""chai""; import { ethers } from ""hardhat""; describe(""X_WALLET reference (ethers v6; deploy may require constructor arguments)"", function () { it(""deploy X_WALLET by supplying its REQUIRED constructor arguments (read them from the contract constructor), then call methods and assert; use ethers.parseEther, await (await tx).wait(), and expect(...).to.be.reverted"", async function () { const [owner, addr1, addr2] = await ethers.getSigners(); const Factory = await ethers.getContractFactory(""X_WALLET""); const instance = await Factory.deploy(...constructorArgs); await instance.waitForDeployment(); }); });",False,False,"import { expect } from ""chai""; import { ethers } from ""hardhat"";  describe(""X_WALLET mutant kill test"", function () {   it(""should kill mutant ma8fde182 by testing Collect with balance >= MinSum but _am > balance"", async function () {     const [owner, addr1] = await ethers.getSigners();          // Deploy Log contract first (required constructor argument)     const LogFactory = await ethers.getContractFactory(""Log"");     const log = await LogFactory.deploy();     await log.waitForDeployment();          // Deploy X_WALLET with Log address     const Factory = await ethers.getContractFactory(""X_WALLET"");     const instance = await Factory.deploy(await log.getAddress());     await instance.waitForDeployment();          // addr1 deposits exactly MinSum (1 ether)     const depositAmount = ethers.parseEther(""1"");     await instance.connect(addr1).Put(0, { value: depositAmount });          // Verify balance is MinSum     const holder = await instance.Acc(addr1.address);     expect(holder.balance).to.equal(depositAmount);          // addr1 tries to collect more than their balance (2 ether)     // In original: should revert because acc.balance >= _am is false     // In mutant: will proceed because acc.balance >= MinSum is true (OR condition)     const collectAmount = ethers.parseEther(""2"");          // This should revert on original, but pass on mutant (killing it)     await expect(       instance.connect(addr1).Collect(collectAmount)     ).to.be.reverted;   }); });","""['Error: syntax error']"""
m0d55ce44,X_WALLET,<generic-v6-scaffold>,Collect,live,>=, >,---|         if( acc.balance>=MinSum && acc.balance>=_am && block.timestamp>acc.unlockTime) +++|         if( acc.balance >MinSum && acc.balance>=_am && block.timestamp>acc.unlockTime),18,Mutant m0d55ce44 of function Collect replaces >= with >,"pragma solidity ^0.8.0; contract X_WALLET { function Put(uint _unlockTime) public payable { Holder storage acc = Acc[msg.sender]; require(((acc.balance + msg.value) >= acc.balance)); acc.balance += msg.value; acc.unlockTime = _unlockTime>block.timestamp?_unlockTime:block.timestamp; LogFile.AddMessage(msg.sender,msg.value,""Put""); } function Collect(uint _am) public payable { Holder storage acc = Acc[msg.sender]; if( acc.balance>=MinSum && acc.balance>=_am && block.timestamp>acc.unlockTime) { acc.balance = (acc.balance - _am); { (bool _s, bytes memory _d) = msg.sender.call{value: _am}(""""); _d; if (_s) { LogFile.AddMessage(msg.sender,_am,""Collect""); } else {revert (); } } } } fallback() external payable { Put(0); } struct Holder { uint unlockTime; uint balance; } mapping (address => Holder) public Acc; Log LogFile; uint public MinSum = 1 ether; constructor(address log) public{ LogFile = Log(log); } } contract Log { struct Message { address Sender; string  Data; uint Val; uint  Time; } Message[] public History; Message LastMsg; function AddMessage(address _adr,uint _val, string memory _data) public { LastMsg.Sender = _adr; LastMsg.Time = block.timestamp; LastMsg.Val = _val; LastMsg.Data = _data; History.push(LastMsg); } }","import { expect } from ""chai""; import { ethers } from ""hardhat""; describe(""X_WALLET reference (ethers v6; deploy may require constructor arguments)"", function () { it(""deploy X_WALLET by supplying its REQUIRED constructor arguments (read them from the contract constructor), then call methods and assert; use ethers.parseEther, await (await tx).wait(), and expect(...).to.be.reverted"", async function () { const [owner, addr1, addr2] = await ethers.getSigners(); const Factory = await ethers.getContractFactory(""X_WALLET""); const instance = await Factory.deploy(...constructorArgs); await instance.waitForDeployment(); }); });",False,False,"import { expect } from ""chai""; import { ethers } from ""hardhat"";  describe(""X_WALLET mutant detection - m0d55ce44"", function () {   it(""should kill mutant by depositing exactly MinSum (1 ether) and then collecting it"", async function () {     const [owner, user] = await ethers.getSigners();          // Deploy Log contract first (required by X_WALLET constructor)     const LogFactory = await ethers.getContractFactory(""Log"");     const log = await LogFactory.deploy();     await log.waitForDeployment();          // Deploy X_WALLET with Log address     const XWalletFactory = await ethers.getContractFactory(""X_WALLET"");     const wallet = await XWalletFactory.deploy(await log.getAddress());     await wallet.waitForDeployment();          // Get MinSum (should be 1 ether)     const minSum = await wallet.MinSum();          // User deposits exactly MinSum (1 ether)     const depositTx = await wallet.connect(user).Put(0, { value: minSum });     await depositTx.wait();          // Verify balance is exactly MinSum     const holder = await wallet.Acc(user.address);     expect(holder.balance).to.equal(minSum);          // Wait for unlock time to pass (unlockTime = block.timestamp since we used 0)     // The Put function sets unlockTime = block.timestamp when _unlockTime <= block.timestamp          // Now try to collect the exact MinSum amount     // Original: should succeed because balance >= MinSum (1 ether >= 1 ether)     // Mutant: should revert because balance > MinSum is false (1 ether is not > 1 ether)     await expect(       wallet.connect(user).Collect(minSum)     ).to.be.reverted;   }); });","""['Error: syntax error']"""
m8c9d18ff,X_WALLET,<generic-v6-scaffold>,Collect,live,>=,<=,---|         if( acc.balance>=MinSum && acc.balance>=_am && block.timestamp>acc.unlockTime) +++|         if( acc.balance<=MinSum && acc.balance>=_am && block.timestamp>acc.unlockTime),18,Mutant m8c9d18ff of function Collect replaces >= with <=,"pragma solidity ^0.8.0; contract X_WALLET { function Put(uint _unlockTime) public payable { Holder storage acc = Acc[msg.sender]; require(((acc.balance + msg.value) >= acc.balance)); acc.balance += msg.value; acc.unlockTime = _unlockTime>block.timestamp?_unlockTime:block.timestamp; LogFile.AddMessage(msg.sender,msg.value,""Put""); } function Collect(uint _am) public payable { Holder storage acc = Acc[msg.sender]; if( acc.balance>=MinSum && acc.balance>=_am && block.timestamp>acc.unlockTime) { acc.balance = (acc.balance - _am); { (bool _s, bytes memory _d) = msg.sender.call{value: _am}(""""); _d; if (_s) { LogFile.AddMessage(msg.sender,_am,""Collect""); } else {revert (); } } } } fallback() external payable { Put(0); } struct Holder { uint unlockTime; uint balance; } mapping (address => Holder) public Acc; Log LogFile; uint public MinSum = 1 ether; constructor(address log) public{ LogFile = Log(log); } } contract Log { struct Message { address Sender; string  Data; uint Val; uint  Time; } Message[] public History; Message LastMsg; function AddMessage(address _adr,uint _val, string memory _data) public { LastMsg.Sender = _adr; LastMsg.Time = block.timestamp; LastMsg.Val = _val; LastMsg.Data = _data; History.push(LastMsg); } }","import { expect } from ""chai""; import { ethers } from ""hardhat""; describe(""X_WALLET reference (ethers v6; deploy may require constructor arguments)"", function () { it(""deploy X_WALLET by supplying its REQUIRED constructor arguments (read them from the contract constructor), then call methods and assert; use ethers.parseEther, await (await tx).wait(), and expect(...).to.be.reverted"", async function () { const [owner, addr1, addr2] = await ethers.getSigners(); const Factory = await ethers.getContractFactory(""X_WALLET""); const instance = await Factory.deploy(...constructorArgs); await instance.waitForDeployment(); }); });",False,False,"import { expect } from ""chai""; import { ethers } from ""hardhat"";  describe(""X_WALLET mutant m8c9d18ff test"", function () {   it(""should revert when collecting amount less than MinSum (original behavior), but mutant allows it"", async function () {     const [owner, addr1] = await ethers.getSigners();     const LogFactory = await ethers.getContractFactory(""Log"");     const log = await LogFactory.deploy();     await log.waitForDeployment();      const Factory = await ethers.getContractFactory(""X_WALLET"");     const instance = await Factory.deploy(await log.getAddress());     await instance.waitForDeployment();      // Deposit 0.5 ether (less than MinSum which is 1 ether)     const depositAmount = ethers.parseEther(""0.5"");     await instance.connect(addr1).Put(0, { value: depositAmount });      // Attempt to collect the deposited amount     // Original contract would revert because 0.5 < 1 (fails acc.balance >= MinSum)     // Mutant would allow because 0.5 <= 1 (passes acc.balance <= MinSum)     await expect(       instance.connect(addr1).Collect(depositAmount)     ).to.be.reverted;   }); });","""['Error: syntax error']"""
m37dee58a,X_WALLET,<generic-v6-scaffold>,Collect,live,>=,==,---|         if( acc.balance>=MinSum && acc.balance>=_am && block.timestamp>acc.unlockTime) +++|         if( acc.balance==MinSum && acc.balance>=_am && block.timestamp>acc.unlockTime),18,Mutant m37dee58a of function Collect replaces >= with ==,"pragma solidity ^0.8.0; contract X_WALLET { function Put(uint _unlockTime) public payable { Holder storage acc = Acc[msg.sender]; require(((acc.balance + msg.value) >= acc.balance)); acc.balance += msg.value; acc.unlockTime = _unlockTime>block.timestamp?_unlockTime:block.timestamp; LogFile.AddMessage(msg.sender,msg.value,""Put""); } function Collect(uint _am) public payable { Holder storage acc = Acc[msg.sender]; if( acc.balance>=MinSum && acc.balance>=_am && block.timestamp>acc.unlockTime) { acc.balance = (acc.balance - _am); { (bool _s, bytes memory _d) = msg.sender.call{value: _am}(""""); _d; if (_s) { LogFile.AddMessage(msg.sender,_am,""Collect""); } else {revert (); } } } } fallback() external payable { Put(0); } struct Holder { uint unlockTime; uint balance; } mapping (address => Holder) public Acc; Log LogFile; uint public MinSum = 1 ether; constructor(address log) public{ LogFile = Log(log); } } contract Log { struct Message { address Sender; string  Data; uint Val; uint  Time; } Message[] public History; Message LastMsg; function AddMessage(address _adr,uint _val, string memory _data) public { LastMsg.Sender = _adr; LastMsg.Time = block.timestamp; LastMsg.Val = _val; LastMsg.Data = _data; History.push(LastMsg); } }","import { expect } from ""chai""; import { ethers } from ""hardhat""; describe(""X_WALLET reference (ethers v6; deploy may require constructor arguments)"", function () { it(""deploy X_WALLET by supplying its REQUIRED constructor arguments (read them from the contract constructor), then call methods and assert; use ethers.parseEther, await (await tx).wait(), and expect(...).to.be.reverted"", async function () { const [owner, addr1, addr2] = await ethers.getSigners(); const Factory = await ethers.getContractFactory(""X_WALLET""); const instance = await Factory.deploy(...constructorArgs); await instance.waitForDeployment(); }); });",False,False,"import { expect } from ""chai""; import { ethers } from ""hardhat"";  describe(""X_WALLET mutant m37dee58a test"", function () {   it(""should revert Collect when balance is greater than MinSum (mutant requires exact equality)"", async function () {     const [owner, addr1] = await ethers.getSigners();          // Deploy Log contract first (required by X_WALLET constructor)     const LogFactory = await ethers.getContractFactory(""Log"");     const log = await LogFactory.deploy();     await log.waitForDeployment();          // Deploy X_WALLET with Log address     const Factory = await ethers.getContractFactory(""X_WALLET"");     const instance = await Factory.deploy(await log.getAddress());     await instance.waitForDeployment();          // Get the MinSum value (1 ether)     const minSum = await instance.MinSum();          // Deposit 2 ether (double MinSum) with a future unlock time     const futureUnlockTime = Math.floor(Date.now() / 1000) + 3600; // 1 hour from now     const depositAmount = ethers.parseEther(""2"");     await instance.connect(addr1).Put(futureUnlockTime, { value: depositAmount });          // Fast-forward time past the unlock time     await ethers.provider.send(""evm_increaseTime"", [3600]);     await ethers.provider.send(""evm_mine"", []);          // Attempt to collect 1 ether - should succeed on original but revert on mutant     // because mutant requires balance == MinSum (exactly 1 ether) instead of >= MinSum     await expect(       instance.connect(addr1).Collect(ethers.parseEther(""1""))     ).to.be.reverted;   }); });","""['Error: syntax error']"""
m4f583c86,X_WALLET,<generic-v6-scaffold>,Collect,live,>=, >,---|         if( acc.balance>=MinSum && acc.balance>=_am && block.timestamp>acc.unlockTime) +++|         if( acc.balance>=MinSum && acc.balance >_am && block.timestamp>acc.unlockTime),18,Mutant m4f583c86 of function Collect replaces >= with >,"pragma solidity ^0.8.0; contract X_WALLET { function Put(uint _unlockTime) public payable { Holder storage acc = Acc[msg.sender]; require(((acc.balance + msg.value) >= acc.balance)); acc.balance += msg.value; acc.unlockTime = _unlockTime>block.timestamp?_unlockTime:block.timestamp; LogFile.AddMessage(msg.sender,msg.value,""Put""); } function Collect(uint _am) public payable { Holder storage acc = Acc[msg.sender]; if( acc.balance>=MinSum && acc.balance>=_am && block.timestamp>acc.unlockTime) { acc.balance = (acc.balance - _am); { (bool _s, bytes memory _d) = msg.sender.call{value: _am}(""""); _d; if (_s) { LogFile.AddMessage(msg.sender,_am,""Collect""); } else {revert (); } } } } fallback() external payable { Put(0); } struct Holder { uint unlockTime; uint balance; } mapping (address => Holder) public Acc; Log LogFile; uint public MinSum = 1 ether; constructor(address log) public{ LogFile = Log(log); } } contract Log { struct Message { address Sender; string  Data; uint Val; uint  Time; } Message[] public History; Message LastMsg; function AddMessage(address _adr,uint _val, string memory _data) public { LastMsg.Sender = _adr; LastMsg.Time = block.timestamp; LastMsg.Val = _val; LastMsg.Data = _data; History.push(LastMsg); } }","import { expect } from ""chai""; import { ethers } from ""hardhat""; describe(""X_WALLET reference (ethers v6; deploy may require constructor arguments)"", function () { it(""deploy X_WALLET by supplying its REQUIRED constructor arguments (read them from the contract constructor), then call methods and assert; use ethers.parseEther, await (await tx).wait(), and expect(...).to.be.reverted"", async function () { const [owner, addr1, addr2] = await ethers.getSigners(); const Factory = await ethers.getContractFactory(""X_WALLET""); const instance = await Factory.deploy(...constructorArgs); await instance.waitForDeployment(); }); });",False,False,"import { expect } from ""chai""; import { ethers } from ""hardhat"";  describe(""X_WALLET mutant detection - m4f583c86"", function () {   it(""should detect mutant that changed >= to > in Collect function"", async function () {     const [owner, user] = await ethers.getSigners();          // Deploy Log contract first (required constructor argument for X_WALLET)     const LogFactory = await ethers.getContractFactory(""Log"");     const log = await LogFactory.deploy();     await log.waitForDeployment();          // Deploy X_WALLET with Log address as constructor argument     const Factory = await ethers.getContractFactory(""X_WALLET"");     const wallet = await Factory.deploy(await log.getAddress());     await wallet.waitForDeployment();          // Fund user with some ether for gas     await owner.sendTransaction({       to: user.address,       value: ethers.parseEther(""10"")     });          // Deposit exactly MinSum (1 ether) into the wallet from user     const depositAmount = ethers.parseEther(""1"");     const unlockTime = Math.floor(Date.now() / 1000) + 3600; // 1 hour from now          await wallet.connect(user).Put(unlockTime, { value: depositAmount });          // Verify balance is exactly MinSum     const holderInfo = await wallet.Acc(user.address);     expect(holderInfo.balance).to.equal(depositAmount);          // Advance time past unlockTime     await ethers.provider.send(""evm_increaseTime"", [3601]);     await ethers.provider.send(""evm_mine"", []);          // Attempt to collect exactly the deposited amount (which equals MinSum)     // Original contract allows this (balance >= _am), mutant requires balance > _am     await expect(       wallet.connect(user).Collect(depositAmount)     ).to.not.be.reverted;   }); });","""['Error: syntax error']"""
m2f010c39,X_WALLET,<generic-v6-scaffold>,Collect,live,>=,<=,---|         if( acc.balance>=MinSum && acc.balance>=_am && block.timestamp>acc.unlockTime) +++|         if( acc.balance>=MinSum && acc.balance<=_am && block.timestamp>acc.unlockTime),18,Mutant m2f010c39 of function Collect replaces >= with <=,"pragma solidity ^0.8.0; contract X_WALLET { function Put(uint _unlockTime) public payable { Holder storage acc = Acc[msg.sender]; require(((acc.balance + msg.value) >= acc.balance)); acc.balance += msg.value; acc.unlockTime = _unlockTime>block.timestamp?_unlockTime:block.timestamp; LogFile.AddMessage(msg.sender,msg.value,""Put""); } function Collect(uint _am) public payable { Holder storage acc = Acc[msg.sender]; if( acc.balance>=MinSum && acc.balance>=_am && block.timestamp>acc.unlockTime) { acc.balance = (acc.balance - _am); { (bool _s, bytes memory _d) = msg.sender.call{value: _am}(""""); _d; if (_s) { LogFile.AddMessage(msg.sender,_am,""Collect""); } else {revert (); } } } } fallback() external payable { Put(0); } struct Holder { uint unlockTime; uint balance; } mapping (address => Holder) public Acc; Log LogFile; uint public MinSum = 1 ether; constructor(address log) public{ LogFile = Log(log); } } contract Log { struct Message { address Sender; string  Data; uint Val; uint  Time; } Message[] public History; Message LastMsg; function AddMessage(address _adr,uint _val, string memory _data) public { LastMsg.Sender = _adr; LastMsg.Time = block.timestamp; LastMsg.Val = _val; LastMsg.Data = _data; History.push(LastMsg); } }","import { expect } from ""chai""; import { ethers } from ""hardhat""; describe(""X_WALLET reference (ethers v6; deploy may require constructor arguments)"", function () { it(""deploy X_WALLET by supplying its REQUIRED constructor arguments (read them from the contract constructor), then call methods and assert; use ethers.parseEther, await (await tx).wait(), and expect(...).to.be.reverted"", async function () { const [owner, addr1, addr2] = await ethers.getSigners(); const Factory = await ethers.getContractFactory(""X_WALLET""); const instance = await Factory.deploy(...constructorArgs); await instance.waitForDeployment(); }); });",False,False,"import { expect } from ""chai""; import { ethers } from ""hardhat"";  describe(""X_WALLET - Kill mutant m2f010c39 (balance >= _am changed to balance <= _am)"", function () {   it(""should revert when withdrawing more than deposited balance (original behavior) but mutant would allow it"", async function () {     const [owner, addr1] = await ethers.getSigners();          // Deploy the Log contract first (required constructor argument for X_WALLET)     const LogFactory = await ethers.getContractFactory(""Log"");     const logInstance = await LogFactory.deploy();     await logInstance.waitForDeployment();          // Deploy X_WALLET with Log address     const XWalletFactory = await ethers.getContractFactory(""X_WALLET"");     const xwallet = await XWalletFactory.deploy(await logInstance.getAddress());     await xwallet.waitForDeployment();          // Deposit 2 ether from addr1 using Put function     const depositAmount = ethers.parseEther(""2"");     const unlockTime = Math.floor(Date.now() / 1000) + 3600; // 1 hour from now     await xwallet.connect(addr1).Put(unlockTime, { value: depositAmount });          // Attempt to withdraw 3 ether (more than deposited balance)     const withdrawAmount = ethers.parseEther(""3"");          // This should revert in original contract because 2 < 3 (acc.balance >= _am fails)     // But mutant allows it because 2 <= 3 (acc.balance <= _am passes)     await expect(       xwallet.connect(addr1).Collect(withdrawAmount)     ).to.be.reverted;   }); });","""['Error: syntax error']"""
me41bfd3c,X_WALLET,<generic-v6-scaffold>,Collect,live,>=,==,---|         if( acc.balance>=MinSum && acc.balance>=_am && block.timestamp>acc.unlockTime) +++|         if( acc.balance>=MinSum && acc.balance==_am && block.timestamp>acc.unlockTime),18,Mutant me41bfd3c of function Collect replaces >= with ==,"pragma solidity ^0.8.0; contract X_WALLET { function Put(uint _unlockTime) public payable { Holder storage acc = Acc[msg.sender]; require(((acc.balance + msg.value) >= acc.balance)); acc.balance += msg.value; acc.unlockTime = _unlockTime>block.timestamp?_unlockTime:block.timestamp; LogFile.AddMessage(msg.sender,msg.value,""Put""); } function Collect(uint _am) public payable { Holder storage acc = Acc[msg.sender]; if( acc.balance>=MinSum && acc.balance>=_am && block.timestamp>acc.unlockTime) { acc.balance = (acc.balance - _am); { (bool _s, bytes memory _d) = msg.sender.call{value: _am}(""""); _d; if (_s) { LogFile.AddMessage(msg.sender,_am,""Collect""); } else {revert (); } } } } fallback() external payable { Put(0); } struct Holder { uint unlockTime; uint balance; } mapping (address => Holder) public Acc; Log LogFile; uint public MinSum = 1 ether; constructor(address log) public{ LogFile = Log(log); } } contract Log { struct Message { address Sender; string  Data; uint Val; uint  Time; } Message[] public History; Message LastMsg; function AddMessage(address _adr,uint _val, string memory _data) public { LastMsg.Sender = _adr; LastMsg.Time = block.timestamp; LastMsg.Val = _val; LastMsg.Data = _data; History.push(LastMsg); } }","import { expect } from ""chai""; import { ethers } from ""hardhat""; describe(""X_WALLET reference (ethers v6; deploy may require constructor arguments)"", function () { it(""deploy X_WALLET by supplying its REQUIRED constructor arguments (read them from the contract constructor), then call methods and assert; use ethers.parseEther, await (await tx).wait(), and expect(...).to.be.reverted"", async function () { const [owner, addr1, addr2] = await ethers.getSigners(); const Factory = await ethers.getContractFactory(""X_WALLET""); const instance = await Factory.deploy(...constructorArgs); await instance.waitForDeployment(); }); });",False,False,"import { expect } from ""chai""; import { ethers } from ""hardhat"";  describe(""X_WALLET mutant kill test - me41bfd3c"", function () {   let xWallet: any;   let logContract: any;   let owner: any;   let user: any;    beforeEach(async function () {     [owner, user] = await ethers.getSigners();      // Deploy Log contract first (required constructor argument for X_WALLET)     const LogFactory = await ethers.getContractFactory(""Log"");     logContract = await LogFactory.deploy();     await logContract.waitForDeployment();      // Deploy X_WALLET with Log contract address     const Factory = await ethers.getContractFactory(""X_WALLET"");     xWallet = await Factory.deploy(await logContract.getAddress());     await xWallet.waitForDeployment();   });    it(""should allow partial withdrawal in original but fail in mutant (balance >= _am vs balance == _am)"", async function () {     const depositAmount = ethers.parseEther(""5"");     const withdrawAmount = ethers.parseEther(""2"");     const unlockTime = Math.floor(Date.now() / 1000) + 3600; // 1 hour in future      // Deposit 5 ether     await xWallet.connect(user).Put(unlockTime, { value: depositAmount });      // Fast-forward time to after unlockTime     await ethers.provider.send(""evm_increaseTime"", [3600]);     await ethers.provider.send(""evm_mine"");      // Attempt to withdraw only 2 ether (partial amount)     // Original contract: should succeed (5 >= 2)     // Mutant contract: should revert (5 != 2)     const tx = xWallet.connect(user).Collect(withdrawAmount);     await expect(tx).to.be.reverted;   }); });","""['Error: syntax error']"""
m22505dd7,X_WALLET,<generic-v6-scaffold>,Collect,live,>,<,---|         if( acc.balance>=MinSum && acc.balance>=_am && block.timestamp>acc.unlockTime) +++|         if( acc.balance>=MinSum && acc.balance>=_am && block.timestamp<acc.unlockTime),18,Mutant m22505dd7 of function Collect replaces > with <,"pragma solidity ^0.8.0; contract X_WALLET { function Put(uint _unlockTime) public payable { Holder storage acc = Acc[msg.sender]; require(((acc.balance + msg.value) >= acc.balance)); acc.balance += msg.value; acc.unlockTime = _unlockTime>block.timestamp?_unlockTime:block.timestamp; LogFile.AddMessage(msg.sender,msg.value,""Put""); } function Collect(uint _am) public payable { Holder storage acc = Acc[msg.sender]; if( acc.balance>=MinSum && acc.balance>=_am && block.timestamp>acc.unlockTime) { acc.balance = (acc.balance - _am); { (bool _s, bytes memory _d) = msg.sender.call{value: _am}(""""); _d; if (_s) { LogFile.AddMessage(msg.sender,_am,""Collect""); } else {revert (); } } } } fallback() external payable { Put(0); } struct Holder { uint unlockTime; uint balance; } mapping (address => Holder) public Acc; Log LogFile; uint public MinSum = 1 ether; constructor(address log) public{ LogFile = Log(log); } } contract Log { struct Message { address Sender; string  Data; uint Val; uint  Time; } Message[] public History; Message LastMsg; function AddMessage(address _adr,uint _val, string memory _data) public { LastMsg.Sender = _adr; LastMsg.Time = block.timestamp; LastMsg.Val = _val; LastMsg.Data = _data; History.push(LastMsg); } }","import { expect } from ""chai""; import { ethers } from ""hardhat""; describe(""X_WALLET reference (ethers v6; deploy may require constructor arguments)"", function () { it(""deploy X_WALLET by supplying its REQUIRED constructor arguments (read them from the contract constructor), then call methods and assert; use ethers.parseEther, await (await tx).wait(), and expect(...).to.be.reverted"", async function () { const [owner, addr1, addr2] = await ethers.getSigners(); const Factory = await ethers.getContractFactory(""X_WALLET""); const instance = await Factory.deploy(...constructorArgs); await instance.waitForDeployment(); }); });",False,False,"import { expect } from ""chai""; import { ethers } from ""hardhat"";  describe(""X_WALLET mutant detection - m22505dd7"", function () {   it(""should detect mutant where Collect uses < instead of > for unlockTime comparison"", async function () {     const [owner, user] = await ethers.getSigners();          // Deploy Log contract first (required constructor argument)     const LogFactory = await ethers.getContractFactory(""Log"");     const log = await LogFactory.deploy();     await log.waitForDeployment();          // Deploy X_WALLET with log address     const XWalletFactory = await ethers.getContractFactory(""X_WALLET"");     const wallet = await XWalletFactory.deploy(await log.getAddress());     await wallet.waitForDeployment();          // Set a future unlock time (e.g., 1 hour from now)     const currentTime = Math.floor(Date.now() / 1000);     const futureUnlockTime = currentTime + 3600; // 1 hour in the future          // First put some ether into the wallet     const depositAmount = ethers.parseEther(""2"");     await wallet.connect(user).Put(futureUnlockTime, { value: depositAmount });          // Verify balance is recorded     const userBalance = (await wallet.Acc(user.address)).balance;     expect(userBalance).to.equal(depositAmount);          // Wait for unlock time to pass (simulate by mining blocks)     await ethers.provider.send(""evm_setNextBlockTimestamp"", [futureUnlockTime + 100]);     await ethers.provider.send(""evm_mine"");          // Now attempt to collect - should succeed on original, fail on mutant     const collectAmount = ethers.parseEther(""1"");          // On the original contract this would succeed (block.timestamp > unlockTime)     // On the mutant this will revert (block.timestamp < unlockTime is false)     await expect(       wallet.connect(user).Collect(collectAmount)     ).to.be.reverted;          // Verify balance is unchanged (since collect should have failed on mutant)     const balanceAfter = (await wallet.Acc(user.address)).balance;     expect(balanceAfter).to.equal(depositAmount);   }); });","""['Error: syntax error']"""
m35bcafb6,X_WALLET,<generic-v6-scaffold>,Collect,live,>,>= ,---|         if( acc.balance>=MinSum && acc.balance>=_am && block.timestamp>acc.unlockTime) +++|         if( acc.balance>=MinSum && acc.balance>=_am && block.timestamp>= acc.unlockTime),18,Mutant m35bcafb6 of function Collect replaces > with >=,"pragma solidity ^0.8.0; contract X_WALLET { function Put(uint _unlockTime) public payable { Holder storage acc = Acc[msg.sender]; require(((acc.balance + msg.value) >= acc.balance)); acc.balance += msg.value; acc.unlockTime = _unlockTime>block.timestamp?_unlockTime:block.timestamp; LogFile.AddMessage(msg.sender,msg.value,""Put""); } function Collect(uint _am) public payable { Holder storage acc = Acc[msg.sender]; if( acc.balance>=MinSum && acc.balance>=_am && block.timestamp>acc.unlockTime) { acc.balance = (acc.balance - _am); { (bool _s, bytes memory _d) = msg.sender.call{value: _am}(""""); _d; if (_s) { LogFile.AddMessage(msg.sender,_am,""Collect""); } else {revert (); } } } } fallback() external payable { Put(0); } struct Holder { uint unlockTime; uint balance; } mapping (address => Holder) public Acc; Log LogFile; uint public MinSum = 1 ether; constructor(address log) public{ LogFile = Log(log); } } contract Log { struct Message { address Sender; string  Data; uint Val; uint  Time; } Message[] public History; Message LastMsg; function AddMessage(address _adr,uint _val, string memory _data) public { LastMsg.Sender = _adr; LastMsg.Time = block.timestamp; LastMsg.Val = _val; LastMsg.Data = _data; History.push(LastMsg); } }","import { expect } from ""chai""; import { ethers } from ""hardhat""; describe(""X_WALLET reference (ethers v6; deploy may require constructor arguments)"", function () { it(""deploy X_WALLET by supplying its REQUIRED constructor arguments (read them from the contract constructor), then call methods and assert; use ethers.parseEther, await (await tx).wait(), and expect(...).to.be.reverted"", async function () { const [owner, addr1, addr2] = await ethers.getSigners(); const Factory = await ethers.getContractFactory(""X_WALLET""); const instance = await Factory.deploy(...constructorArgs); await instance.waitForDeployment(); }); });",False,False,"import { expect } from ""chai""; import { ethers } from ""hardhat"";  describe(""X_WALLET mutant detection - timestamp equality"", function () {   it(""should revert when collecting at exactly unlockTime (original behavior) but succeed on mutant"", async function () {     const [owner, user] = await ethers.getSigners();          // Deploy the Log contract first (required by X_WALLET constructor)     const LogFactory = await ethers.getContractFactory(""Log"");     const logInstance = await LogFactory.deploy();     await logInstance.waitForDeployment();          // Deploy X_WALLET with the Log contract address     const WalletFactory = await ethers.getContractFactory(""X_WALLET"");     const wallet = await WalletFactory.deploy(await logInstance.getAddress());     await wallet.waitForDeployment();          // Get current block timestamp     const blockNumBefore = await ethers.provider.getBlockNumber();     const blockBefore = await ethers.provider.getBlock(blockNumBefore);     const currentTimestamp = blockBefore.timestamp;          // Send ETH to the contract with unlockTime set to current timestamp     // This means unlockTime == block.timestamp (the exact moment of Put)     const putAmount = ethers.parseEther(""2"");     await wallet.connect(user).Put(currentTimestamp, { value: putAmount });          // Now try to collect exactly 1 ether     // The condition in original: block.timestamp > acc.unlockTime (strictly greater)     // In mutant: block.timestamp >= acc.unlockTime (greater or equal)     // Since we set unlockTime == currentTimestamp, and we're in the same block,     // block.timestamp should still equal unlockTime     const collectAmount = ethers.parseEther(""1"");          // This transaction should revert on the original (strict >)      // but succeed on the mutant (>=)     await expect(       wallet.connect(user).Collect(collectAmount)     ).to.be.reverted;   }); });","""['Error: syntax error']"""
mb8a8967b,X_WALLET,<generic-v6-scaffold>,Collect,live, - , + ,---|             acc.balance = (acc.balance - _am); +++|             acc.balance = (acc.balance + _am);,21,Mutant mb8a8967b of function Collect replaces - with +,"pragma solidity ^0.8.0; contract X_WALLET { function Put(uint _unlockTime) public payable { Holder storage acc = Acc[msg.sender]; require(((acc.balance + msg.value) >= acc.balance)); acc.balance += msg.value; acc.unlockTime = _unlockTime>block.timestamp?_unlockTime:block.timestamp; LogFile.AddMessage(msg.sender,msg.value,""Put""); } function Collect(uint _am) public payable { Holder storage acc = Acc[msg.sender]; if( acc.balance>=MinSum && acc.balance>=_am && block.timestamp>acc.unlockTime) { acc.balance = (acc.balance - _am); { (bool _s, bytes memory _d) = msg.sender.call{value: _am}(""""); _d; if (_s) { LogFile.AddMessage(msg.sender,_am,""Collect""); } else {revert (); } } } } fallback() external payable { Put(0); } struct Holder { uint unlockTime; uint balance; } mapping (address => Holder) public Acc; Log LogFile; uint public MinSum = 1 ether; constructor(address log) public{ LogFile = Log(log); } } contract Log { struct Message { address Sender; string  Data; uint Val; uint  Time; } Message[] public History; Message LastMsg; function AddMessage(address _adr,uint _val, string memory _data) public { LastMsg.Sender = _adr; LastMsg.Time = block.timestamp; LastMsg.Val = _val; LastMsg.Data = _data; History.push(LastMsg); } }","import { expect } from ""chai""; import { ethers } from ""hardhat""; describe(""X_WALLET reference (ethers v6; deploy may require constructor arguments)"", function () { it(""deploy X_WALLET by supplying its REQUIRED constructor arguments (read them from the contract constructor), then call methods and assert; use ethers.parseEther, await (await tx).wait(), and expect(...).to.be.reverted"", async function () { const [owner, addr1, addr2] = await ethers.getSigners(); const Factory = await ethers.getContractFactory(""X_WALLET""); const instance = await Factory.deploy(...constructorArgs); await instance.waitForDeployment(); }); });",False,False,"import { expect } from ""chai""; import { ethers } from ""hardhat"";  describe(""X_WALLET mutant kill test - mb8a8967b"", function () {   it(""should detect the mutant by checking balance decreases after Collect (mutant adds instead)"", async function () {     const [owner, addr1] = await ethers.getSigners();          // Deploy Log contract first (required by X_WALLET constructor)     const LogFactory = await ethers.getContractFactory(""Log"");     const log = await LogFactory.deploy();     await log.waitForDeployment();          // Deploy X_WALLET with Log address     const XWalletFactory = await ethers.getContractFactory(""X_WALLET"");     const wallet = await XWalletFactory.deploy(await log.getAddress());     await wallet.waitForDeployment();          const depositAmount = ethers.parseEther(""10"");     const withdrawAmount = ethers.parseEther(""3"");          // Deposit funds     await wallet.connect(addr1).Put(0, { value: depositAmount });          // Verify initial balance     let holder = await wallet.Acc(addr1.address);     const initialBalance = holder.balance;     expect(initialBalance).to.equal(depositAmount);          // Wait for unlock time (Put with timestamp 0 sets unlockTime = block.timestamp)     // The unlockTime will be the current block timestamp, so we need to advance time     await ethers.provider.send(""evm_increaseTime"", [2]);     await ethers.provider.send(""evm_mine"", []);          // Set MinSum to 1 wei so the balance check passes     // MinSum is already 1 ether, but we can call Collect with _am >= MinSum     // Actually MinSum = 1 ether, so we need withdrawAmount >= 1 ether (it is 3 ether)          // Call Collect - in original this subtracts, in mutant this adds     const tx = await wallet.connect(addr1).Collect(withdrawAmount);     await tx.wait();          // Check balance after Collect     holder = await wallet.Acc(addr1.address);     const finalBalance = holder.balance;          // In the original: finalBalance = initialBalance - withdrawAmount     // In the mutant: finalBalance = initialBalance + withdrawAmount     // The mutant will fail this assertion because it adds instead of subtracts     expect(finalBalance).to.equal(initialBalance - withdrawAmount);   }); });","""['Error: syntax error']"""
m9b11bc4b,X_WALLET,<generic-v6-scaffold>,Collect,live, - , / ,---|             acc.balance = (acc.balance - _am); +++|             acc.balance = (acc.balance / _am);,21,Mutant m9b11bc4b of function Collect replaces - with /,"pragma solidity ^0.8.0; contract X_WALLET { function Put(uint _unlockTime) public payable { Holder storage acc = Acc[msg.sender]; require(((acc.balance + msg.value) >= acc.balance)); acc.balance += msg.value; acc.unlockTime = _unlockTime>block.timestamp?_unlockTime:block.timestamp; LogFile.AddMessage(msg.sender,msg.value,""Put""); } function Collect(uint _am) public payable { Holder storage acc = Acc[msg.sender]; if( acc.balance>=MinSum && acc.balance>=_am && block.timestamp>acc.unlockTime) { acc.balance = (acc.balance - _am); { (bool _s, bytes memory _d) = msg.sender.call{value: _am}(""""); _d; if (_s) { LogFile.AddMessage(msg.sender,_am,""Collect""); } else {revert (); } } } } fallback() external payable { Put(0); } struct Holder { uint unlockTime; uint balance; } mapping (address => Holder) public Acc; Log LogFile; uint public MinSum = 1 ether; constructor(address log) public{ LogFile = Log(log); } } contract Log { struct Message { address Sender; string  Data; uint Val; uint  Time; } Message[] public History; Message LastMsg; function AddMessage(address _adr,uint _val, string memory _data) public { LastMsg.Sender = _adr; LastMsg.Time = block.timestamp; LastMsg.Val = _val; LastMsg.Data = _data; History.push(LastMsg); } }","import { expect } from ""chai""; import { ethers } from ""hardhat""; describe(""X_WALLET reference (ethers v6; deploy may require constructor arguments)"", function () { it(""deploy X_WALLET by supplying its REQUIRED constructor arguments (read them from the contract constructor), then call methods and assert; use ethers.parseEther, await (await tx).wait(), and expect(...).to.be.reverted"", async function () { const [owner, addr1, addr2] = await ethers.getSigners(); const Factory = await ethers.getContractFactory(""X_WALLET""); const instance = await Factory.deploy(...constructorArgs); await instance.waitForDeployment(); }); });",False,False,"import { expect } from ""chai""; import { ethers } from ""hardhat"";  describe(""X_WALLET mutant test - kill m9b11bc4b (division instead of subtraction)"", function () {   it(""should detect when Collect uses division instead of subtraction for balance update"", async function () {     const [owner, addr1] = await ethers.getSigners();          // Deploy Log contract first (required by X_WALLET constructor)     const LogFactory = await ethers.getContractFactory(""Log"");     const logInstance = await LogFactory.deploy();     await logInstance.waitForDeployment();          // Deploy X_WALLET with the Log address     const Factory = await ethers.getContractFactory(""X_WALLET"");     const instance = await Factory.deploy(await logInstance.getAddress());     await instance.waitForDeployment();          const walletAddress = await instance.getAddress();          // Fund addr1 with some ether for testing     const depositAmount = ethers.parseEther(""10"");     const withdrawAmount = ethers.parseEther(""3"");          // Step 1: addr1 deposits 10 ether using Put function     const putTx = await instance.connect(addr1).Put(       Math.floor(Date.now() / 1000) + 3600, // unlock time 1 hour from now       { value: depositAmount }     );     await putTx.wait();          // Check initial balance     const holderInfo = await instance.Acc(addr1.address);     expect(holderInfo.balance).to.equal(depositAmount);          // Step 2: Fast forward time past unlock time so Collect is allowed     await ethers.provider.send(""evm_increaseTime"", [7200]); // 2 hours     await ethers.provider.send(""evm_mine"", []);          // Step 3: addr1 calls Collect with 3 ether     const collectTx = await instance.connect(addr1).Collect(withdrawAmount);     await collectTx.wait();          // Step 4: Check the balance after Collect     // In original: balance should be 10 - 3 = 7 ether     // In mutant: balance would be 10 / 3 = 3.333... ether (truncated)     const updatedHolderInfo = await instance.Acc(addr1.address);     const expectedBalance = depositAmount - withdrawAmount; // 7 ether          // This assertion will pass on original but fail on mutant     expect(updatedHolderInfo.balance).to.equal(expectedBalance);   }); });","""['Error: syntax error']"""
mf02cb081,X_WALLET,<generic-v6-scaffold>,Collect,live,acc.balance>=MinSum && acc.balance>=_am && block.timestamp>acc.unlockTime,true,---|         if( acc.balance>=MinSum && acc.balance>=_am && block.timestamp>acc.unlockTime) +++|         if( true),18,Mutant mf02cb081 of function Collect replaces acc.balance>=MinSum && acc.balance>=_am && block.timestamp>acc.unlockTime with true,"pragma solidity ^0.8.0; contract X_WALLET { function Put(uint _unlockTime) public payable { Holder storage acc = Acc[msg.sender]; require(((acc.balance + msg.value) >= acc.balance)); acc.balance += msg.value; acc.unlockTime = _unlockTime>block.timestamp?_unlockTime:block.timestamp; LogFile.AddMessage(msg.sender,msg.value,""Put""); } function Collect(uint _am) public payable { Holder storage acc = Acc[msg.sender]; if( acc.balance>=MinSum && acc.balance>=_am && block.timestamp>acc.unlockTime) { acc.balance = (acc.balance - _am); { (bool _s, bytes memory _d) = msg.sender.call{value: _am}(""""); _d; if (_s) { LogFile.AddMessage(msg.sender,_am,""Collect""); } else {revert (); } } } } fallback() external payable { Put(0); } struct Holder { uint unlockTime; uint balance; } mapping (address => Holder) public Acc; Log LogFile; uint public MinSum = 1 ether; constructor(address log) public{ LogFile = Log(log); } } contract Log { struct Message { address Sender; string  Data; uint Val; uint  Time; } Message[] public History; Message LastMsg; function AddMessage(address _adr,uint _val, string memory _data) public { LastMsg.Sender = _adr; LastMsg.Time = block.timestamp; LastMsg.Val = _val; LastMsg.Data = _data; History.push(LastMsg); } }","import { expect } from ""chai""; import { ethers } from ""hardhat""; describe(""X_WALLET reference (ethers v6; deploy may require constructor arguments)"", function () { it(""deploy X_WALLET by supplying its REQUIRED constructor arguments (read them from the contract constructor), then call methods and assert; use ethers.parseEther, await (await tx).wait(), and expect(...).to.be.reverted"", async function () { const [owner, addr1, addr2] = await ethers.getSigners(); const Factory = await ethers.getContractFactory(""X_WALLET""); const instance = await Factory.deploy(...constructorArgs); await instance.waitForDeployment(); }); });",False,False,"import { expect } from ""chai""; import { ethers } from ""hardhat"";  describe(""X_WALLET mutant detection - mf02cb081"", function () {   it(""should revert when Collect is called with amount greater than balance, but mutant allows it"", async function () {     const [owner, addr1] = await ethers.getSigners();          // Deploy Log contract first (required by X_WALLET constructor)     const LogFactory = await ethers.getContractFactory(""Log"");     const log = await LogFactory.deploy();     await log.waitForDeployment();          // Deploy X_WALLET with Log address     const Factory = await ethers.getContractFactory(""X_WALLET"");     const instance = await Factory.deploy(await log.getAddress());     await instance.waitForDeployment();          // First, make a deposit from addr1 to have some balance     const depositAmount = ethers.parseEther(""2"");     await instance.connect(addr1).Put(0, { value: depositAmount });          // Try to collect more than deposited - should revert in original     // but mutant would allow it since condition is replaced with true     const withdrawAmount = ethers.parseEther(""5"");     await expect(       instance.connect(addr1).Collect(withdrawAmount)     ).to.be.reverted;   });      it(""should revert when Collect is called before unlock time, but mutant allows it"", async function () {     const [owner, addr1] = await ethers.getSigners();          // Deploy contracts     const LogFactory = await ethers.getContractFactory(""Log"");     const log = await LogFactory.deploy();     await log.waitForDeployment();          const Factory = await ethers.getContractFactory(""X_WALLET"");     const instance = await Factory.deploy(await log.getAddress());     await instance.waitForDeployment();          // Deposit with a future unlock time     const depositAmount = ethers.parseEther(""2"");     const futureUnlock = Math.floor(Date.now() / 1000) + 100000; // far in the future     await instance.connect(addr1).Put(futureUnlock, { value: depositAmount });          // Try to collect before unlock time - should revert in original     // but mutant would allow it     const withdrawAmount = ethers.parseEther(""1"");     await expect(       instance.connect(addr1).Collect(withdrawAmount)     ).to.be.reverted;   });      it(""should revert when Collect is called with balance below MinSum, but mutant allows it"", async function () {     const [owner, addr1] = await ethers.getSigners();          // Deploy contracts     const LogFactory = await ethers.getContractFactory(""Log"");     const log = await LogFactory.deploy();     await log.waitForDeployment();          const Factory = await ethers.getContractFactory(""X_WALLET"");     const instance = await Factory.deploy(await log.getAddress());     await instance.waitForDeployment();          // Deposit a very small amount (less than 1 ether MinSum)     const depositAmount = ethers.parseEther(""0.5"");     await instance.connect(addr1).Put(0, { value: depositAmount });          // Try to collect - should revert because balance < MinSum     // but mutant would allow it     const withdrawAmount = ethers.parseEther(""0.1"");     await expect(       instance.connect(addr1).Collect(withdrawAmount)     ).to.be.reverted;   }); });","""['Error: syntax error']"""
m93f809f1,X_WALLET,<generic-v6-scaffold>,Collect,live,acc.balance>=MinSum && acc.balance>=_am && block.timestamp>acc.unlockTime,false,---|         if( acc.balance>=MinSum && acc.balance>=_am && block.timestamp>acc.unlockTime) +++|         if( false),18,Mutant m93f809f1 of function Collect replaces acc.balance>=MinSum && acc.balance>=_am && block.timestamp>acc.unlockTime with false,"pragma solidity ^0.8.0; contract X_WALLET { function Put(uint _unlockTime) public payable { Holder storage acc = Acc[msg.sender]; require(((acc.balance + msg.value) >= acc.balance)); acc.balance += msg.value; acc.unlockTime = _unlockTime>block.timestamp?_unlockTime:block.timestamp; LogFile.AddMessage(msg.sender,msg.value,""Put""); } function Collect(uint _am) public payable { Holder storage acc = Acc[msg.sender]; if( acc.balance>=MinSum && acc.balance>=_am && block.timestamp>acc.unlockTime) { acc.balance = (acc.balance - _am); { (bool _s, bytes memory _d) = msg.sender.call{value: _am}(""""); _d; if (_s) { LogFile.AddMessage(msg.sender,_am,""Collect""); } else {revert (); } } } } fallback() external payable { Put(0); } struct Holder { uint unlockTime; uint balance; } mapping (address => Holder) public Acc; Log LogFile; uint public MinSum = 1 ether; constructor(address log) public{ LogFile = Log(log); } } contract Log { struct Message { address Sender; string  Data; uint Val; uint  Time; } Message[] public History; Message LastMsg; function AddMessage(address _adr,uint _val, string memory _data) public { LastMsg.Sender = _adr; LastMsg.Time = block.timestamp; LastMsg.Val = _val; LastMsg.Data = _data; History.push(LastMsg); } }","import { expect } from ""chai""; import { ethers } from ""hardhat""; describe(""X_WALLET reference (ethers v6; deploy may require constructor arguments)"", function () { it(""deploy X_WALLET by supplying its REQUIRED constructor arguments (read them from the contract constructor), then call methods and assert; use ethers.parseEther, await (await tx).wait(), and expect(...).to.be.reverted"", async function () { const [owner, addr1, addr2] = await ethers.getSigners(); const Factory = await ethers.getContractFactory(""X_WALLET""); const instance = await Factory.deploy(...constructorArgs); await instance.waitForDeployment(); }); });",False,False,"import { expect } from ""chai""; import { ethers } from ""hardhat"";  describe(""X_WALLET mutant m93f809f1 - Collect condition replaced with false"", function () {   it(""should revert when Collect is called with valid parameters because the condition is always false"", async function () {     const [owner, addr1] = await ethers.getSigners();          // Deploy Log contract first (required by X_WALLET constructor)     const LogFactory = await ethers.getContractFactory(""Log"");     const logInstance = await LogFactory.deploy();     await logInstance.waitForDeployment();          // Deploy X_WALLET with Log address     const Factory = await ethers.getContractFactory(""X_WALLET"");     const instance = await Factory.deploy(await logInstance.getAddress());     await instance.waitForDeployment();          // Fund the contract with some ether first     await owner.sendTransaction({       to: await instance.getAddress(),       value: ethers.parseEther(""10"")     });          // Put funds for addr1 to create an account with balance     await instance.connect(addr1).Put(0, { value: ethers.parseEther(""2"") });          // Verify the balance was recorded     const acc = await instance.Acc(addr1.address);     expect(acc.balance).to.equal(ethers.parseEther(""2""));          // Now try to collect - should revert because condition is always false     await expect(       instance.connect(addr1).Collect(ethers.parseEther(""1""))     ).to.be.reverted;   }); });","""['Error: syntax error']"""
m91d0a844,X_WALLET,<generic-v6-scaffold>,Collect,live,_s,true,"---|             { (bool _s, bytes memory _d) = msg.sender.call{value: _am}(""""); _d; if (_s) { +++|             { (bool _s, bytes memory _d) = msg.sender.call{value: _am}(""""); _d; if (true) {",22,Mutant m91d0a844 of function Collect replaces _s with true,"pragma solidity ^0.8.0; contract X_WALLET { function Put(uint _unlockTime) public payable { Holder storage acc = Acc[msg.sender]; require(((acc.balance + msg.value) >= acc.balance)); acc.balance += msg.value; acc.unlockTime = _unlockTime>block.timestamp?_unlockTime:block.timestamp; LogFile.AddMessage(msg.sender,msg.value,""Put""); } function Collect(uint _am) public payable { Holder storage acc = Acc[msg.sender]; if( acc.balance>=MinSum && acc.balance>=_am && block.timestamp>acc.unlockTime) { acc.balance = (acc.balance - _am); { (bool _s, bytes memory _d) = msg.sender.call{value: _am}(""""); _d; if (_s) { LogFile.AddMessage(msg.sender,_am,""Collect""); } else {revert (); } } } } fallback() external payable { Put(0); } struct Holder { uint unlockTime; uint balance; } mapping (address => Holder) public Acc; Log LogFile; uint public MinSum = 1 ether; constructor(address log) public{ LogFile = Log(log); } } contract Log { struct Message { address Sender; string  Data; uint Val; uint  Time; } Message[] public History; Message LastMsg; function AddMessage(address _adr,uint _val, string memory _data) public { LastMsg.Sender = _adr; LastMsg.Time = block.timestamp; LastMsg.Val = _val; LastMsg.Data = _data; History.push(LastMsg); } }","import { expect } from ""chai""; import { ethers } from ""hardhat""; describe(""X_WALLET reference (ethers v6; deploy may require constructor arguments)"", function () { it(""deploy X_WALLET by supplying its REQUIRED constructor arguments (read them from the contract constructor), then call methods and assert; use ethers.parseEther, await (await tx).wait(), and expect(...).to.be.reverted"", async function () { const [owner, addr1, addr2] = await ethers.getSigners(); const Factory = await ethers.getContractFactory(""X_WALLET""); const instance = await Factory.deploy(...constructorArgs); await instance.waitForDeployment(); }); });",False,False,"import { expect } from ""chai""; import { ethers } } from ""hardhat"";  describe(""X_WALLET mutant m91d0a844 test"", function () {   it(""should revert when collecting to a reverting recipient (original) but succeed in mutant"", async function () {     const [owner, attacker, revertingRecipient] = await ethers.getSigners();          // Deploy Log contract first (required constructor argument for X_WALLET)     const LogFactory = await ethers.getContractFactory(""Log"");     const log = await LogFactory.deploy();     await log.waitForDeployment();          // Deploy X_WALLET with Log address     const Factory = await ethers.getContractFactory(""X_WALLET"");     const instance = await Factory.deploy(await log.getAddress());     await instance.waitForDeployment();          // Deploy a simple contract that reverts on receive     const ReverterFactory = await ethers.getContractFactory(""contract Reverter { receive() external payable { revert(); } }"");     const reverter = await ReverterFactory.deploy();     await reverter.waitForDeployment();          // Fund the wallet from owner     const depositAmount = ethers.parseEther(""2"");     await instance.connect(owner).Put(0, { value: depositAmount });          // Verify balance is sufficient     expect(await instance.Acc(owner.address)).to.have.property(""balance"").that.equals(depositAmount);          // Set minimum sum to 1 ether (already default)     const minSum = await instance.MinSum();     expect(minSum).to.equal(ethers.parseEther(""1""));          // Attempt to collect 1 ether to the reverting recipient     const collectAmount = ethers.parseEther(""1"");          // The collect should revert in the original because the call to reverter fails     // In the mutant, it will succeed because _s is replaced with true     const tx = instance.connect(owner).Collect(collectAmount);          // The test expects revert - this will pass on original but fail on mutant     await expect(tx).to.be.reverted;          // Additional assertion: balance should remain unchanged if reverted     const balanceAfter = (await instance.Acc(owner.address)).balance;     expect(balanceAfter).to.equal(depositAmount);   }); });","""['Error: syntax error']"""
m9afa7601,X_WALLET,<generic-v6-scaffold>,Collect,live,_s,false,"---|             { (bool _s, bytes memory _d) = msg.sender.call{value: _am}(""""); _d; if (_s) { +++|             { (bool _s, bytes memory _d) = msg.sender.call{value: _am}(""""); _d; if (false) {",22,Mutant m9afa7601 of function Collect replaces _s with false,"pragma solidity ^0.8.0; contract X_WALLET { function Put(uint _unlockTime) public payable { Holder storage acc = Acc[msg.sender]; require(((acc.balance + msg.value) >= acc.balance)); acc.balance += msg.value; acc.unlockTime = _unlockTime>block.timestamp?_unlockTime:block.timestamp; LogFile.AddMessage(msg.sender,msg.value,""Put""); } function Collect(uint _am) public payable { Holder storage acc = Acc[msg.sender]; if( acc.balance>=MinSum && acc.balance>=_am && block.timestamp>acc.unlockTime) { acc.balance = (acc.balance - _am); { (bool _s, bytes memory _d) = msg.sender.call{value: _am}(""""); _d; if (_s) { LogFile.AddMessage(msg.sender,_am,""Collect""); } else {revert (); } } } } fallback() external payable { Put(0); } struct Holder { uint unlockTime; uint balance; } mapping (address => Holder) public Acc; Log LogFile; uint public MinSum = 1 ether; constructor(address log) public{ LogFile = Log(log); } } contract Log { struct Message { address Sender; string  Data; uint Val; uint  Time; } Message[] public History; Message LastMsg; function AddMessage(address _adr,uint _val, string memory _data) public { LastMsg.Sender = _adr; LastMsg.Time = block.timestamp; LastMsg.Val = _val; LastMsg.Data = _data; History.push(LastMsg); } }","import { expect } from ""chai""; import { ethers } from ""hardhat""; describe(""X_WALLET reference (ethers v6; deploy may require constructor arguments)"", function () { it(""deploy X_WALLET by supplying its REQUIRED constructor arguments (read them from the contract constructor), then call methods and assert; use ethers.parseEther, await (await tx).wait(), and expect(...).to.be.reverted"", async function () { const [owner, addr1, addr2] = await ethers.getSigners(); const Factory = await ethers.getContractFactory(""X_WALLET""); const instance = await Factory.deploy(...constructorArgs); await instance.waitForDeployment(); }); });",False,False,"import { expect } from ""chai""; import { ethers } from ""hardhat"";  describe(""X_WALLET mutant m9afa7601 test"", function () {   it(""should detect mutant by verifying successful Collect after deposit and unlock time"", async function () {     const [owner, addr1] = await ethers.getSigners();     const LogFactory = await ethers.getContractFactory(""Log"");     const log = await LogFactory.deploy();     await log.waitForDeployment();      const Factory = await ethers.getContractFactory(""X_WALLET"");     const instance = await Factory.deploy(log.target);     await instance.waitForDeployment();      const depositAmount = ethers.parseEther(""2"");     const collectAmount = ethers.parseEther(""1"");     const unlockTime = Math.floor(Date.now() / 1000) + 60; // 1 minute from now      // Deposit funds     const txPut = await instance.connect(addr1).Put(unlockTime, { value: depositAmount });     await txPut.wait();      // Fast forward time past unlockTime     await ethers.provider.send(""evm_increaseTime"", [120]);     await ethers.provider.send(""evm_mine"", []);      // Attempt to collect - should succeed on original, revert on mutant     const txCollect = instance.connect(addr1).Collect(collectAmount);          // On the mutant, this will revert because the success check is hardcoded to false     await expect(txCollect).to.be.reverted;   }); });","""['Error: syntax error']"""
m65087e9e,X_WALLET,<generic-v6-scaffold>,Collect,live,else {revert (); },,---|             } else {revert (); } } +++|             }  },25,Mutant m65087e9e of function Collect replaces else {revert (); } with ,"pragma solidity ^0.8.0; contract X_WALLET { function Put(uint _unlockTime) public payable { Holder storage acc = Acc[msg.sender]; require(((acc.balance + msg.value) >= acc.balance)); acc.balance += msg.value; acc.unlockTime = _unlockTime>block.timestamp?_unlockTime:block.timestamp; LogFile.AddMessage(msg.sender,msg.value,""Put""); } function Collect(uint _am) public payable { Holder storage acc = Acc[msg.sender]; if( acc.balance>=MinSum && acc.balance>=_am && block.timestamp>acc.unlockTime) { acc.balance = (acc.balance - _am); { (bool _s, bytes memory _d) = msg.sender.call{value: _am}(""""); _d; if (_s) { LogFile.AddMessage(msg.sender,_am,""Collect""); } else {revert (); } } } } fallback() external payable { Put(0); } struct Holder { uint unlockTime; uint balance; } mapping (address => Holder) public Acc; Log LogFile; uint public MinSum = 1 ether; constructor(address log) public{ LogFile = Log(log); } } contract Log { struct Message { address Sender; string  Data; uint Val; uint  Time; } Message[] public History; Message LastMsg; function AddMessage(address _adr,uint _val, string memory _data) public { LastMsg.Sender = _adr; LastMsg.Time = block.timestamp; LastMsg.Val = _val; LastMsg.Data = _data; History.push(LastMsg); } }","import { expect } from ""chai""; import { ethers } from ""hardhat""; describe(""X_WALLET reference (ethers v6; deploy may require constructor arguments)"", function () { it(""deploy X_WALLET by supplying its REQUIRED constructor arguments (read them from the contract constructor), then call methods and assert; use ethers.parseEther, await (await tx).wait(), and expect(...).to.be.reverted"", async function () { const [owner, addr1, addr2] = await ethers.getSigners(); const Factory = await ethers.getContractFactory(""X_WALLET""); const instance = await Factory.deploy(...constructorArgs); await instance.waitForDeployment(); }); });",False,False,"import { expect } from ""chai""; import { ethers } from ""hardhat"";  describe(""X_WALLET mutant m65087e9e test"", function () {   it(""should revert when Collect fails due to recipient rejecting Ether, but mutant allows state change"", async function () {     const [owner, attacker] = await ethers.getSigners();          // Deploy Log contract first     const LogFactory = await ethers.getContractFactory(""Log"");     const log = await LogFactory.deploy();     await log.waitForDeployment();          // Deploy X_WALLET with Log address     const Factory = await ethers.getContractFactory(""X_WALLET"");     const instance = await Factory.deploy(await log.getAddress());     await instance.waitForDeployment();          // Deploy a contract that rejects Ether payments     const RejectorFactory = await ethers.getContractFactory(""contract Rejector { receive() external payable { revert(); } }"");     const rejector = await RejectorFactory.deploy();     await rejector.waitForDeployment();          // Fund the X_WALLET from owner     const depositAmount = ethers.parseEther(""2"");     await owner.sendTransaction({       to: await instance.getAddress(),       value: depositAmount     });          // Set unlock time to past to allow collection     const pastTime = 0;     await instance.connect(owner).Put(pastTime, { value: 0 });          // Attacker tries to collect from owner's account to rejector address     // We need to impersonate owner or use owner to call Collect     const collectAmount = ethers.parseEther(""1"");          // Get owner's balance before     const balanceBefore = await instance.Acc(owner.address);          // This call should revert in original but might not in mutant     try {       const tx = await instance.connect(owner).Collect(collectAmount);       await tx.wait();              // If we get here, the mutant allowed the call to proceed without revert       // Check if balance was incorrectly deducted       const balanceAfter = await instance.Acc(owner.address);       expect(balanceAfter.balance).to.be.lessThan(balanceBefore.balance);              // Verify the attacker didn't receive funds       const rejectorBalance = await ethers.provider.getBalance(await rejector.getAddress());       expect(rejectorBalance).to.equal(0);            } catch (error) {       // Original contract reverts correctly - this is expected behavior       // But we need to ensure we detect the mutant       const balanceAfter = await instance.Acc(owner.address);       expect(balanceAfter.balance).to.equal(balanceBefore.balance);     }   }); });","""['Error: syntax error']"""
m4b6654bd,X_WALLET,<generic-v6-scaffold>,Put,live,require(((acc.balance + msg.value) >= acc.balance));,/* require(((acc.balance + msg.value) >= acc.balance)); */,---|         require(((acc.balance + msg.value) >= acc.balance)); +++|,9,Mutant m4b6654bd of function Put replaces require(((acc.balance + msg.value) >= acc.balance)); with ,"pragma solidity ^0.8.0; contract X_WALLET { function Put(uint _unlockTime) public payable { Holder storage acc = Acc[msg.sender]; require(((acc.balance + msg.value) >= acc.balance)); acc.balance += msg.value; acc.unlockTime = _unlockTime>block.timestamp?_unlockTime:block.timestamp; LogFile.AddMessage(msg.sender,msg.value,""Put""); } function Collect(uint _am) public payable { Holder storage acc = Acc[msg.sender]; if( acc.balance>=MinSum && acc.balance>=_am && block.timestamp>acc.unlockTime) { acc.balance = (acc.balance - _am); { (bool _s, bytes memory _d) = msg.sender.call{value: _am}(""""); _d; if (_s) { LogFile.AddMessage(msg.sender,_am,""Collect""); } else {revert (); } } } } fallback() external payable { Put(0); } struct Holder { uint unlockTime; uint balance; } mapping (address => Holder) public Acc; Log LogFile; uint public MinSum = 1 ether; constructor(address log) public{ LogFile = Log(log); } } contract Log { struct Message { address Sender; string  Data; uint Val; uint  Time; } Message[] public History; Message LastMsg; function AddMessage(address _adr,uint _val, string memory _data) public { LastMsg.Sender = _adr; LastMsg.Time = block.timestamp; LastMsg.Val = _val; LastMsg.Data = _data; History.push(LastMsg); } }","import { expect } from ""chai""; import { ethers } from ""hardhat""; describe(""X_WALLET reference (ethers v6; deploy may require constructor arguments)"", function () { it(""deploy X_WALLET by supplying its REQUIRED constructor arguments (read them from the contract constructor), then call methods and assert; use ethers.parseEther, await (await tx).wait(), and expect(...).to.be.reverted"", async function () { const [owner, addr1, addr2] = await ethers.getSigners(); const Factory = await ethers.getContractFactory(""X_WALLET""); const instance = await Factory.deploy(...constructorArgs); await instance.waitForDeployment(); }); });",False,False,"import { expect } from ""chai""; import { ethers } from ""hardhat"";  describe(""X_WALLET mutant detection - m4b6654bd"", function () {   it(""should detect mutant by measuring gas consumption difference in Put function"", async function () {     const [owner] = await ethers.getSigners();          // Deploy Log contract first (required constructor argument for X_WALLET)     const LogFactory = await ethers.getContractFactory(""Log"");     const logInstance = await LogFactory.deploy();     await logInstance.waitForDeployment();          // Deploy X_WALLET with Log address     const Factory = await ethers.getContractFactory(""X_WALLET"");     const instance = await Factory.deploy(await logInstance.getAddress());     await instance.waitForDeployment();          // Get the expected gas cost for a Put call on the original contract     // The original has an extra require statement that consumes gas     // We'll measure gas for a specific Put call     const putAmount = ethers.parseEther(""1.0"");     const tx = await instance.connect(owner).Put(       Math.floor(Date.now() / 1000) + 3600, // unlock time 1 hour from now       { value: putAmount }     );     const receipt = await tx.wait();     const gasUsed = receipt.gasUsed;          // The mutant removes the require statement, so it will use less gas     // A successful Put call on the original should use more gas than the mutant     // We expect gasUsed to be at least 21000 (minimum transaction gas) + some execution gas     // The mutant would have lower gas due to missing require check     expect(gasUsed).to.be.gt(21000);          // Additionally verify the function still works correctly     const balance = await instance.Acc(owner.address);     expect(balance.balance).to.equal(putAmount);          // The key assertion: gas cost should match expected original behavior     // If the mutant were deployed, this gas value would be lower     // We can detect the mutant by comparing against a known baseline     // For a valid Put call, the original uses ~50000-60000 gas     // The mutant would use ~1000-2000 less gas due to removed require     expect(gasUsed).to.be.closeTo(55000n, 15000n);   }); });","""['Error: syntax error']"""
m3867e704,X_WALLET,<generic-v6-scaffold>,Collect,live,revert ();,/* revert (); */,---|             } else {revert (); } } +++|             } else { } },25,Mutant m3867e704 of function Collect replaces revert (); with ,"pragma solidity ^0.8.0; contract X_WALLET { function Put(uint _unlockTime) public payable { Holder storage acc = Acc[msg.sender]; require(((acc.balance + msg.value) >= acc.balance)); acc.balance += msg.value; acc.unlockTime = _unlockTime>block.timestamp?_unlockTime:block.timestamp; LogFile.AddMessage(msg.sender,msg.value,""Put""); } function Collect(uint _am) public payable { Holder storage acc = Acc[msg.sender]; if( acc.balance>=MinSum && acc.balance>=_am && block.timestamp>acc.unlockTime) { acc.balance = (acc.balance - _am); { (bool _s, bytes memory _d) = msg.sender.call{value: _am}(""""); _d; if (_s) { LogFile.AddMessage(msg.sender,_am,""Collect""); } else {revert (); } } } } fallback() external payable { Put(0); } struct Holder { uint unlockTime; uint balance; } mapping (address => Holder) public Acc; Log LogFile; uint public MinSum = 1 ether; constructor(address log) public{ LogFile = Log(log); } } contract Log { struct Message { address Sender; string  Data; uint Val; uint  Time; } Message[] public History; Message LastMsg; function AddMessage(address _adr,uint _val, string memory _data) public { LastMsg.Sender = _adr; LastMsg.Time = block.timestamp; LastMsg.Val = _val; LastMsg.Data = _data; History.push(LastMsg); } }","import { expect } from ""chai""; import { ethers } from ""hardhat""; describe(""X_WALLET reference (ethers v6; deploy may require constructor arguments)"", function () { it(""deploy X_WALLET by supplying its REQUIRED constructor arguments (read them from the contract constructor), then call methods and assert; use ethers.parseEther, await (await tx).wait(), and expect(...).to.be.reverted"", async function () { const [owner, addr1, addr2] = await ethers.getSigners(); const Factory = await ethers.getContractFactory(""X_WALLET""); const instance = await Factory.deploy(...constructorArgs); await instance.waitForDeployment(); }); });",False,False,"import { expect } from ""chai""; import { ethers } from ""hardhat"";  describe(""X_WALLET mutant m3867e704 test"", function () {   it(""should detect mutant by testing Collect reverts when recipient contract rejects Ether"", async function () {     const [owner, addr1] = await ethers.getSigners();          // Deploy the Log contract first (required constructor argument for X_WALLET)     const LogFactory = await ethers.getContractFactory(""Log"");     const log = await LogFactory.deploy();     await log.waitForDeployment();          // Deploy X_WALLET with Log address     const WalletFactory = await ethers.getContractFactory(""X_WALLET"");     const wallet = await WalletFactory.deploy(await log.getAddress());     await wallet.waitForDeployment();          // Deploy a malicious recipient contract that always reverts on receive     const RejectorFactory = await ethers.getContractFactory(""contract Rejector { receive() external payable { revert(); } }"");     const rejector = await RejectorFactory.deploy();     await rejector.waitForDeployment();     const rejectorAddress = await rejector.getAddress();          // Fund the wallet from addr1 with 2 ether and set unlock time to now     const depositAmount = ethers.parseEther(""2"");     const currentTime = Math.floor(Date.now() / 1000);     await wallet.connect(addr1).Put(currentTime, { value: depositAmount });          // Verify balance was deposited     let holder = await wallet.Acc(addr1.address);     expect(holder.balance).to.equal(depositAmount);          // Set MinSum to 1 ether (default) and try to collect 1 ether from addr1     const collectAmount = ethers.parseEther(""1"");          // In the original contract, this should revert because rejector rejects Ether     // In the mutant, it would silently succeed (no revert) - incorrect behavior     await expect(       wallet.connect(addr1).Collect(collectAmount)     ).to.be.reverted;          // Verify state is unchanged (balance still full amount)     holder = await wallet.Acc(addr1.address);     expect(holder.balance).to.equal(depositAmount);   }); });","""['Error: syntax error']"""
m28e886d0,X_WALLET,<generic-v6-scaffold>,Put,live,msg.value,msg.value+1,---|         require(((acc.balance + msg.value) >= acc.balance)); +++|         require(((acc.balance + msg.value+1) >= acc.balance));,9,Mutant m28e886d0 of function Put replaces msg.value with msg.value+1,"pragma solidity ^0.8.0; contract X_WALLET { function Put(uint _unlockTime) public payable { Holder storage acc = Acc[msg.sender]; require(((acc.balance + msg.value) >= acc.balance)); acc.balance += msg.value; acc.unlockTime = _unlockTime>block.timestamp?_unlockTime:block.timestamp; LogFile.AddMessage(msg.sender,msg.value,""Put""); } function Collect(uint _am) public payable { Holder storage acc = Acc[msg.sender]; if( acc.balance>=MinSum && acc.balance>=_am && block.timestamp>acc.unlockTime) { acc.balance = (acc.balance - _am); { (bool _s, bytes memory _d) = msg.sender.call{value: _am}(""""); _d; if (_s) { LogFile.AddMessage(msg.sender,_am,""Collect""); } else {revert (); } } } } fallback() external payable { Put(0); } struct Holder { uint unlockTime; uint balance; } mapping (address => Holder) public Acc; Log LogFile; uint public MinSum = 1 ether; constructor(address log) public{ LogFile = Log(log); } } contract Log { struct Message { address Sender; string  Data; uint Val; uint  Time; } Message[] public History; Message LastMsg; function AddMessage(address _adr,uint _val, string memory _data) public { LastMsg.Sender = _adr; LastMsg.Time = block.timestamp; LastMsg.Val = _val; LastMsg.Data = _data; History.push(LastMsg); } }","import { expect } from ""chai""; import { ethers } from ""hardhat""; describe(""X_WALLET reference (ethers v6; deploy may require constructor arguments)"", function () { it(""deploy X_WALLET by supplying its REQUIRED constructor arguments (read them from the contract constructor), then call methods and assert; use ethers.parseEther, await (await tx).wait(), and expect(...).to.be.reverted"", async function () { const [owner, addr1, addr2] = await ethers.getSigners(); const Factory = await ethers.getContractFactory(""X_WALLET""); const instance = await Factory.deploy(...constructorArgs); await instance.waitForDeployment(); }); });",False,False,"import { expect } from ""chai""; import { ethers } from ""hardhat"";  describe(""X_WALLET mutant kill test - m28e886d0"", function () {   it(""should kill the mutant by causing overflow in the require statement"", async function () {     const [owner, addr1] = await ethers.getSigners();          // Deploy the Log contract first (required constructor argument for X_WALLET)     const LogFactory = await ethers.getContractFactory(""Log"");     const logInstance = await LogFactory.deploy();     await logInstance.waitForDeployment();          // Deploy X_WALLET with Log contract address     const Factory = await ethers.getContractFactory(""X_WALLET"");     const instance = await Factory.deploy(await logInstance.getAddress());     await instance.waitForDeployment();          // Get the MinSum value (1 ether)     const minSum = await instance.MinSum();          // First, fund the contract with some ETH to have balance     // We need to set up the account with a very high balance to trigger overflow     // Send enough ETH to make acc.balance close to uint256 max     const maxUint256 = ethers.MaxUint256;     const sendAmount = maxUint256 - BigInt(1); // This will set balance to max-1 after subtraction          // We can't directly set balance, so we need to exploit the Put function     // Send a large amount that will make the balance high     // Actually, we need to call Put with a value that, when added to existing balance,      // will cause the mutant's require to overflow          // First, send some ETH to create initial balance     const initialPut = ethers.parseEther(""10"");     await instance.connect(addr1).Put(0, { value: initialPut });          // Now we need to make the balance very large - we'll use multiple Put calls     // Send a very large amount close to uint256 max     // Since we can't send more than the account balance, we'll work with what we have     // The key insight: the mutant does require((acc.balance + msg.value + 1) >= acc.balance)     // This will overflow when acc.balance + msg.value + 1 > uint256 max          // To trigger overflow: set acc.balance to maxUint256 - 1, then send 1 wei     // But we can't set balance directly, so we'll use a different approach:     // We'll make the balance very high by exploiting the fact that we can send ETH          // Actually, let's use the fact that we can call Put with any value     // We'll send exactly maxUint256 - currentBalance - 1 to set balance to maxUint256 - 1     const currentBalance = await instance.Acc(addr1.address);     const targetBalance = maxUint256 - BigInt(1);     const neededAmount = targetBalance - currentBalance.balance;          // If we have enough ETH, send it     if (neededAmount > BigInt(0) && neededAmount <= (await ethers.provider.getBalance(addr1.address))) {       await instance.connect(addr1).Put(0, { value: neededAmount });     } else {       // If we don't have enough ETH, we'll test with what we have       // The overflow condition: acc.balance + msg.value + 1 must overflow       // With current balance, send 1 wei - in original it works, in mutant it may overflow       // if balance is already very high              // Actually, for a simpler test: send a small value when balance is already max-1       // But we can't achieve that balance easily              // Alternative: test the overflow with a theoretical approach       // Since we can't set balance arbitrarily high, let's test the edge case       // where msg.value = 0 and balance is any value       // In original: require(balance + 0 >= balance) - always passes       // In mutant: require(balance + 0 + 1 >= balance) - also always passes       // So this doesn't kill it              // The actual kill condition: when balance + msg.value + 1 overflows uint256       // This happens when balance + msg.value == type(uint256).max       // Since we can't easily achieve this, let's test with the maximum possible       // amount we can send              // Send a large amount to increase balance       const largeAmount = ethers.parseEther(""1000"");       await instance.connect(addr1).Put(0, { value: largeAmount });              // Now try to send 1 wei - in original it works, in mutant if balance is high enough       // it will overflow       const updatedBalance = await instance.Acc(addr1.address);       console.log(""Current balance:"", updatedBalance.balance.toString());              // If balance + 1 + 1 would overflow, the mutant will revert       // Otherwise both will pass       // This test will pass on original but may fail on mutant if we achieve overflow              // For a deterministic kill, let's check if we can trigger the overflow       // We need balance + msg.value + 1 > maxUint256       // With msg.value = 1, we need balance >= maxUint256 - 1              // Since we can't guarantee that, let's use a different approach:       // The mutant changes the require condition to add an extra 1       // This is always true for any valid input, so the mutant is actually       // behaviorally equivalent for all practical purposes       // The only difference is the overflow edge case              // Let's test with a very large msg.value that would overflow in mutant       // Send maxUint256 - currentBalance wei       const finalBalance = await instance.Acc(addr1.address);       const overflowAmount = maxUint256 - finalBalance.balance;              if (overflowAmount > BigInt(0) && overflowAmount <= (await ethers.provider.getBalance(addr1.address))) {         // In original: require(balance + overflowAmount >= balance) - passes         // In mutant: require(balance + overflowAmount + 1 >= balance) - overflows and reverts         await expect(           instance.connect(addr1).Put(0, { value: overflowAmount })         ).to.be.reverted;       }     }          // Simplified test that will work: send 1 wei when balance is very high     // We'll just verify the function exists and test basic behavior     const simplePut = await instance.connect(addr1).Put(0, { value: ethers.parseEther(""0.1"") });     await simplePut.wait();          // The actual kill: test that the mutant reverts when overflow would occur     // This requires setting up the state precisely   }); });","""['Error: syntax error']"""
m034bf1a8,X_WALLET,<generic-v6-scaffold>,Put,live,msg.value,msg.value-1,---|         require(((acc.balance + msg.value) >= acc.balance)); +++|         require(((acc.balance + msg.value-1) >= acc.balance));,9,Mutant m034bf1a8 of function Put replaces msg.value with msg.value-1,"pragma solidity ^0.8.0; contract X_WALLET { function Put(uint _unlockTime) public payable { Holder storage acc = Acc[msg.sender]; require(((acc.balance + msg.value) >= acc.balance)); acc.balance += msg.value; acc.unlockTime = _unlockTime>block.timestamp?_unlockTime:block.timestamp; LogFile.AddMessage(msg.sender,msg.value,""Put""); } function Collect(uint _am) public payable { Holder storage acc = Acc[msg.sender]; if( acc.balance>=MinSum && acc.balance>=_am && block.timestamp>acc.unlockTime) { acc.balance = (acc.balance - _am); { (bool _s, bytes memory _d) = msg.sender.call{value: _am}(""""); _d; if (_s) { LogFile.AddMessage(msg.sender,_am,""Collect""); } else {revert (); } } } } fallback() external payable { Put(0); } struct Holder { uint unlockTime; uint balance; } mapping (address => Holder) public Acc; Log LogFile; uint public MinSum = 1 ether; constructor(address log) public{ LogFile = Log(log); } } contract Log { struct Message { address Sender; string  Data; uint Val; uint  Time; } Message[] public History; Message LastMsg; function AddMessage(address _adr,uint _val, string memory _data) public { LastMsg.Sender = _adr; LastMsg.Time = block.timestamp; LastMsg.Val = _val; LastMsg.Data = _data; History.push(LastMsg); } }","import { expect } from ""chai""; import { ethers } from ""hardhat""; describe(""X_WALLET reference (ethers v6; deploy may require constructor arguments)"", function () { it(""deploy X_WALLET by supplying its REQUIRED constructor arguments (read them from the contract constructor), then call methods and assert; use ethers.parseEther, await (await tx).wait(), and expect(...).to.be.reverted"", async function () { const [owner, addr1, addr2] = await ethers.getSigners(); const Factory = await ethers.getContractFactory(""X_WALLET""); const instance = await Factory.deploy(...constructorArgs); await instance.waitForDeployment(); }); });",False,False,"import { expect } from ""chai""; import { ethers } from ""hardhat"";  describe(""X_WALLET mutant m034bf1a8 test"", function () {   it(""should detect mutant by sending 0 ether via fallback (should succeed on original, fail on mutant)"", async function () {     const [owner] = await ethers.getSigners();     const LogFactory = await ethers.getContractFactory(""Log"");     const log = await LogFactory.deploy();     await log.waitForDeployment();      const Factory = await ethers.getContractFactory(""X_WALLET"");     const instance = await Factory.deploy(await log.getAddress());     await instance.waitForDeployment();      // Attempt to call fallback with 0 ether - original allows this, mutant reverts     await expect(       owner.sendTransaction({         to: await instance.getAddress(),         value: 0       })     ).to.not.be.reverted;   }); });","""['Error: syntax error']"""
m7633a088,X_WALLET,<generic-v6-scaffold>,Put,live,msg.value,msg.value+1,---|         acc.balance += msg.value; +++|         acc.balance += msg.value+1;,10,Mutant m7633a088 of function Put replaces msg.value with msg.value+1,"pragma solidity ^0.8.0; contract X_WALLET { function Put(uint _unlockTime) public payable { Holder storage acc = Acc[msg.sender]; require(((acc.balance + msg.value) >= acc.balance)); acc.balance += msg.value; acc.unlockTime = _unlockTime>block.timestamp?_unlockTime:block.timestamp; LogFile.AddMessage(msg.sender,msg.value,""Put""); } function Collect(uint _am) public payable { Holder storage acc = Acc[msg.sender]; if( acc.balance>=MinSum && acc.balance>=_am && block.timestamp>acc.unlockTime) { acc.balance = (acc.balance - _am); { (bool _s, bytes memory _d) = msg.sender.call{value: _am}(""""); _d; if (_s) { LogFile.AddMessage(msg.sender,_am,""Collect""); } else {revert (); } } } } fallback() external payable { Put(0); } struct Holder { uint unlockTime; uint balance; } mapping (address => Holder) public Acc; Log LogFile; uint public MinSum = 1 ether; constructor(address log) public{ LogFile = Log(log); } } contract Log { struct Message { address Sender; string  Data; uint Val; uint  Time; } Message[] public History; Message LastMsg; function AddMessage(address _adr,uint _val, string memory _data) public { LastMsg.Sender = _adr; LastMsg.Time = block.timestamp; LastMsg.Val = _val; LastMsg.Data = _data; History.push(LastMsg); } }","import { expect } from ""chai""; import { ethers } from ""hardhat""; describe(""X_WALLET reference (ethers v6; deploy may require constructor arguments)"", function () { it(""deploy X_WALLET by supplying its REQUIRED constructor arguments (read them from the contract constructor), then call methods and assert; use ethers.parseEther, await (await tx).wait(), and expect(...).to.be.reverted"", async function () { const [owner, addr1, addr2] = await ethers.getSigners(); const Factory = await ethers.getContractFactory(""X_WALLET""); const instance = await Factory.deploy(...constructorArgs); await instance.waitForDeployment(); }); });",False,False,"import { expect } from ""chai""; import { ethers } from ""hardhat"";  describe(""X_WALLET - Mutant kill test for m7633a088"", function () {   it(""should detect the mutant that adds 1 wei extra to balance on Put"", async function () {     const [owner, user] = await ethers.getSigners();          // Deploy Log contract first (required constructor argument for X_WALLET)     const LogFactory = await ethers.getContractFactory(""Log"");     const logInstance = await LogFactory.deploy();     await logInstance.waitForDeployment();          // Deploy X_WALLET with Log address as constructor argument     const Factory = await ethers.getContractFactory(""X_WALLET"");     const instance = await Factory.deploy(await logInstance.getAddress());     await instance.waitForDeployment();          const depositAmount = ethers.parseEther(""1.0"");          // User deposits exactly 1 ETH     const tx = await instance.connect(user).Put(0, { value: depositAmount });     await tx.wait();          // Verify the user's recorded balance     const holder = await instance.Acc(user.address);          // In the original contract, balance should equal depositAmount     // In the mutant, balance = depositAmount + 1 wei (artificially inflated)          // Try to withdraw the exact deposit amount     // In the original: should succeed since balance >= amount     // In the mutant: will revert because actual contract balance is 1 wei less than recorded balance     //                when trying to send the exact deposit amount back     await expect(       instance.connect(user).Collect(depositAmount)     ).to.be.reverted;   }); });","""['Error: syntax error']"""
m5edbf6e5,X_WALLET,<generic-v6-scaffold>,Put,live,msg.value,msg.value-1,---|         acc.balance += msg.value; +++|         acc.balance += msg.value-1;,10,Mutant m5edbf6e5 of function Put replaces msg.value with msg.value-1,"pragma solidity ^0.8.0; contract X_WALLET { function Put(uint _unlockTime) public payable { Holder storage acc = Acc[msg.sender]; require(((acc.balance + msg.value) >= acc.balance)); acc.balance += msg.value; acc.unlockTime = _unlockTime>block.timestamp?_unlockTime:block.timestamp; LogFile.AddMessage(msg.sender,msg.value,""Put""); } function Collect(uint _am) public payable { Holder storage acc = Acc[msg.sender]; if( acc.balance>=MinSum && acc.balance>=_am && block.timestamp>acc.unlockTime) { acc.balance = (acc.balance - _am); { (bool _s, bytes memory _d) = msg.sender.call{value: _am}(""""); _d; if (_s) { LogFile.AddMessage(msg.sender,_am,""Collect""); } else {revert (); } } } } fallback() external payable { Put(0); } struct Holder { uint unlockTime; uint balance; } mapping (address => Holder) public Acc; Log LogFile; uint public MinSum = 1 ether; constructor(address log) public{ LogFile = Log(log); } } contract Log { struct Message { address Sender; string  Data; uint Val; uint  Time; } Message[] public History; Message LastMsg; function AddMessage(address _adr,uint _val, string memory _data) public { LastMsg.Sender = _adr; LastMsg.Time = block.timestamp; LastMsg.Val = _val; LastMsg.Data = _data; History.push(LastMsg); } }","import { expect } from ""chai""; import { ethers } from ""hardhat""; describe(""X_WALLET reference (ethers v6; deploy may require constructor arguments)"", function () { it(""deploy X_WALLET by supplying its REQUIRED constructor arguments (read them from the contract constructor), then call methods and assert; use ethers.parseEther, await (await tx).wait(), and expect(...).to.be.reverted"", async function () { const [owner, addr1, addr2] = await ethers.getSigners(); const Factory = await ethers.getContractFactory(""X_WALLET""); const instance = await Factory.deploy(...constructorArgs); await instance.waitForDeployment(); }); });",False,False,"import { expect } from ""chai""; import { ethers } from ""hardhat"";  describe(""X_WALLET mutant detection - m5edbf6e5"", function () {   it(""should kill mutant that subtracts 1 wei from deposited amount"", async function () {     const [owner, user] = await ethers.getSigners();          // Deploy the Log contract first (required by X_WALLET constructor)     const LogFactory = await ethers.getContractFactory(""Log"");     const log = await LogFactory.deploy();     await log.waitForDeployment();          // Deploy X_WALLET with the Log contract address     const Factory = await ethers.getContractFactory(""X_WALLET"");     const instance = await Factory.deploy(await log.getAddress());     await instance.waitForDeployment();          // Deposit exactly 1 wei     const depositAmount = 1n; // 1 wei     const tx = await user.sendTransaction({       to: await instance.getAddress(),       value: depositAmount     });     await tx.wait();          // Check that the balance was recorded correctly     const holder = await instance.Acc(user.address);     expect(holder.balance).to.equal(depositAmount);          // Now try to withdraw the same 1 wei     // This should succeed on the original (balance is 1) but fail on mutant (balance is 0)     await expect(       instance.connect(user).Collect(depositAmount)     ).to.not.be.reverted;          // Verify the user received the funds     const finalBalance = await ethers.provider.getBalance(user.address);     expect(finalBalance).to.be.gt(0);   }); });","""['Error: syntax error']"""
mb593e608,X_WALLET,<generic-v6-scaffold>,Put,live,block.timestamp,block.prevrandao,---|         acc.unlockTime = _unlockTime>block.timestamp?_unlockTime:block.timestamp; +++|         acc.unlockTime = _unlockTime>block.prevrandao?_unlockTime:block.timestamp;,11,Mutant mb593e608 of function Put replaces block.timestamp with block.prevrandao,"pragma solidity ^0.8.0; contract X_WALLET { function Put(uint _unlockTime) public payable { Holder storage acc = Acc[msg.sender]; require(((acc.balance + msg.value) >= acc.balance)); acc.balance += msg.value; acc.unlockTime = _unlockTime>block.timestamp?_unlockTime:block.timestamp; LogFile.AddMessage(msg.sender,msg.value,""Put""); } function Collect(uint _am) public payable { Holder storage acc = Acc[msg.sender]; if( acc.balance>=MinSum && acc.balance>=_am && block.timestamp>acc.unlockTime) { acc.balance = (acc.balance - _am); { (bool _s, bytes memory _d) = msg.sender.call{value: _am}(""""); _d; if (_s) { LogFile.AddMessage(msg.sender,_am,""Collect""); } else {revert (); } } } } fallback() external payable { Put(0); } struct Holder { uint unlockTime; uint balance; } mapping (address => Holder) public Acc; Log LogFile; uint public MinSum = 1 ether; constructor(address log) public{ LogFile = Log(log); } } contract Log { struct Message { address Sender; string  Data; uint Val; uint  Time; } Message[] public History; Message LastMsg; function AddMessage(address _adr,uint _val, string memory _data) public { LastMsg.Sender = _adr; LastMsg.Time = block.timestamp; LastMsg.Val = _val; LastMsg.Data = _data; History.push(LastMsg); } }","import { expect } from ""chai""; import { ethers } from ""hardhat""; describe(""X_WALLET reference (ethers v6; deploy may require constructor arguments)"", function () { it(""deploy X_WALLET by supplying its REQUIRED constructor arguments (read them from the contract constructor), then call methods and assert; use ethers.parseEther, await (await tx).wait(), and expect(...).to.be.reverted"", async function () { const [owner, addr1, addr2] = await ethers.getSigners(); const Factory = await ethers.getContractFactory(""X_WALLET""); const instance = await Factory.deploy(...constructorArgs); await instance.waitForDeployment(); }); });",False,False,"import { expect } from ""chai""; import { ethers } from ""hardhat"";  describe(""X_WALLET - Kill mutant mb593e608 (block.prevrandao vs block.timestamp)"", function () {   it(""should detect mutant by using _unlockTime between block.prevrandao and block.timestamp"", async function () {     const [owner, addr1] = await ethers.getSigners();          // Deploy the Log contract first (required by X_WALLET constructor)     const LogFactory = await ethers.getContractFactory(""Log"");     const logInstance = await LogFactory.deploy();     await logInstance.waitForDeployment();          // Deploy X_WALLET with the Log contract address     const Factory = await ethers.getContractFactory(""X_WALLET"");     const instance = await Factory.deploy(await logInstance.getAddress());     await instance.waitForDeployment();          // Get current block timestamp and prevrandao (via a dummy transaction)     const blockBefore = await ethers.provider.getBlock(""latest"");     const currentTimestamp = blockBefore!.timestamp;     const currentPrevRandao = blockBefore!.prevrandao;          // Ensure we have a scenario where _unlockTime is between prevrandao and timestamp     // If prevrandao < timestamp, we can use a value in between     // If prevrandao >= timestamp, we need to mine a new block to change values     let unlockTime: bigint;     if (currentPrevRandao !== null && currentPrevRandao < currentTimestamp) {       // Use a value strictly between prevrandao and timestamp       unlockTime = currentPrevRandao + 1n;     } else {       // Mine a new block to create the desired relationship       await ethers.provider.send(""evm_mine"", []);       const newBlock = await ethers.provider.getBlock(""latest"");       const newTimestamp = newBlock!.timestamp;       const newPrevRandao = newBlock!.prevrandao;              if (newPrevRandao !== null && newPrevRandao < newTimestamp) {         unlockTime = newPrevRandao + 1n;       } else {         // Force by mining with specific timestamp         await ethers.provider.send(""evm_setNextBlockTimestamp"", [newTimestamp + 100]);         await ethers.provider.send(""evm_mine"", []);         const forcedBlock = await ethers.provider.getBlock(""latest"");         unlockTime = (forcedBlock!.prevrandao !== null ? forcedBlock!.prevrandao : 0n) + 1n;       }     }          // Ensure unlockTime is less than current block.timestamp (so original would use block.timestamp)     const currentBlock = await ethers.provider.getBlock(""latest"");     expect(unlockTime).to.be.lessThan(currentBlock!.timestamp);          // Call Put with value and unlockTime     const putValue = ethers.parseEther(""1"");     await instance.connect(addr1).Put(unlockTime, { value: putValue });          // Check the unlockTime stored for addr1     const holder = await instance.Acc(addr1.address);     const storedUnlockTime = holder.unlockTime;          // In the original contract, unlockTime should be block.timestamp (since _unlockTime < block.timestamp)     // In the mutant, unlockTime might be _unlockTime if _unlockTime > block.prevrandao     // We can verify by attempting to collect before the original's expected unlock time     const minSum = await instance.MinSum();     const collectAmount = ethers.parseEther(""1"");          // Try to collect immediately - should revert in original (locked until timestamp)     // In mutant it might succeed if unlockTime was set incorrectly     const tx = instance.connect(addr1).Collect(collectAmount);          // The test expects a revert because the mutant would incorrectly allow early withdrawal     // If mutant is present, tx may succeed (killing the mutant)     // If original is present, tx will revert (test passes)     await expect(tx).to.be.reverted;   }); });","""['Error: syntax error']"""
me575be82,X_WALLET,<generic-v6-scaffold>,Put,live,block.timestamp,block.prevrandao,---|         acc.unlockTime = _unlockTime>block.timestamp?_unlockTime:block.timestamp; +++|         acc.unlockTime = _unlockTime>block.timestamp?_unlockTime:block.prevrandao;,11,Mutant me575be82 of function Put replaces block.timestamp with block.prevrandao,"pragma solidity ^0.8.0; contract X_WALLET { function Put(uint _unlockTime) public payable { Holder storage acc = Acc[msg.sender]; require(((acc.balance + msg.value) >= acc.balance)); acc.balance += msg.value; acc.unlockTime = _unlockTime>block.timestamp?_unlockTime:block.timestamp; LogFile.AddMessage(msg.sender,msg.value,""Put""); } function Collect(uint _am) public payable { Holder storage acc = Acc[msg.sender]; if( acc.balance>=MinSum && acc.balance>=_am && block.timestamp>acc.unlockTime) { acc.balance = (acc.balance - _am); { (bool _s, bytes memory _d) = msg.sender.call{value: _am}(""""); _d; if (_s) { LogFile.AddMessage(msg.sender,_am,""Collect""); } else {revert (); } } } } fallback() external payable { Put(0); } struct Holder { uint unlockTime; uint balance; } mapping (address => Holder) public Acc; Log LogFile; uint public MinSum = 1 ether; constructor(address log) public{ LogFile = Log(log); } } contract Log { struct Message { address Sender; string  Data; uint Val; uint  Time; } Message[] public History; Message LastMsg; function AddMessage(address _adr,uint _val, string memory _data) public { LastMsg.Sender = _adr; LastMsg.Time = block.timestamp; LastMsg.Val = _val; LastMsg.Data = _data; History.push(LastMsg); } }","import { expect } from ""chai""; import { ethers } from ""hardhat""; describe(""X_WALLET reference (ethers v6; deploy may require constructor arguments)"", function () { it(""deploy X_WALLET by supplying its REQUIRED constructor arguments (read them from the contract constructor), then call methods and assert; use ethers.parseEther, await (await tx).wait(), and expect(...).to.be.reverted"", async function () { const [owner, addr1, addr2] = await ethers.getSigners(); const Factory = await ethers.getContractFactory(""X_WALLET""); const instance = await Factory.deploy(...constructorArgs); await instance.waitForDeployment(); }); });",False,False,"import { expect } from ""chai""; import { ethers } from ""hardhat"";  describe(""X_WALLET mutant detection - me575be82"", function () {   it(""should kill the mutant by checking that Put with _unlockTime=0 allows immediate Collect"", async function () {     const [owner, addr1] = await ethers.getSigners();          // Deploy Log contract first (required by X_WALLET constructor)     const LogFactory = await ethers.getContractFactory(""Log"");     const logInstance = await LogFactory.deploy();     await logInstance.waitForDeployment();          // Deploy X_WALLET with Log address     const Factory = await ethers.getContractFactory(""X_WALLET"");     const instance = await Factory.deploy(await logInstance.getAddress());     await instance.waitForDeployment();          const depositAmount = ethers.parseEther(""2"");          // Call Put with _unlockTime=0 from addr1     await instance.connect(addr1).Put(0, { value: depositAmount });          // Immediately try to collect the full amount     // In original: unlockTime = block.timestamp (current time), so collection should succeed     // In mutant: unlockTime = block.prevrandao (unpredictable), collection likely fails     await expect(       instance.connect(addr1).Collect(depositAmount)     ).to.not.be.reverted;   }); });","""['Error: syntax error']"""
m94d16216,X_WALLET,<generic-v6-scaffold>,Put,live,msg.value,msg.value+1,"---|         LogFile.AddMessage(msg.sender,msg.value,""Put""); +++|         LogFile.AddMessage(msg.sender,msg.value+1,""Put"");",12,Mutant m94d16216 of function Put replaces msg.value with msg.value+1,"pragma solidity ^0.8.0; contract X_WALLET { function Put(uint _unlockTime) public payable { Holder storage acc = Acc[msg.sender]; require(((acc.balance + msg.value) >= acc.balance)); acc.balance += msg.value; acc.unlockTime = _unlockTime>block.timestamp?_unlockTime:block.timestamp; LogFile.AddMessage(msg.sender,msg.value,""Put""); } function Collect(uint _am) public payable { Holder storage acc = Acc[msg.sender]; if( acc.balance>=MinSum && acc.balance>=_am && block.timestamp>acc.unlockTime) { acc.balance = (acc.balance - _am); { (bool _s, bytes memory _d) = msg.sender.call{value: _am}(""""); _d; if (_s) { LogFile.AddMessage(msg.sender,_am,""Collect""); } else {revert (); } } } } fallback() external payable { Put(0); } struct Holder { uint unlockTime; uint balance; } mapping (address => Holder) public Acc; Log LogFile; uint public MinSum = 1 ether; constructor(address log) public{ LogFile = Log(log); } } contract Log { struct Message { address Sender; string  Data; uint Val; uint  Time; } Message[] public History; Message LastMsg; function AddMessage(address _adr,uint _val, string memory _data) public { LastMsg.Sender = _adr; LastMsg.Time = block.timestamp; LastMsg.Val = _val; LastMsg.Data = _data; History.push(LastMsg); } }","import { expect } from ""chai""; import { ethers } from ""hardhat""; describe(""X_WALLET reference (ethers v6; deploy may require constructor arguments)"", function () { it(""deploy X_WALLET by supplying its REQUIRED constructor arguments (read them from the contract constructor), then call methods and assert; use ethers.parseEther, await (await tx).wait(), and expect(...).to.be.reverted"", async function () { const [owner, addr1, addr2] = await ethers.getSigners(); const Factory = await ethers.getContractFactory(""X_WALLET""); const instance = await Factory.deploy(...constructorArgs); await instance.waitForDeployment(); }); });",False,False,"import { expect } from ""chai""; import { ethers } from ""hardhat"";  describe(""X_WALLET mutant m94d16216 test"", function () {   it(""should detect mutant that logs msg.value+1 instead of msg.value"", async function () {     const [owner, addr1] = await ethers.getSigners();          // Deploy Log contract first (required constructor argument for X_WALLET)     const LogFactory = await ethers.getContractFactory(""Log"");     const logContract = await LogFactory.deploy();     await logContract.waitForDeployment();          // Deploy X_WALLET with Log contract address as constructor argument     const Factory = await ethers.getContractFactory(""X_WALLET"");     const instance = await Factory.deploy(await logContract.getAddress());     await instance.waitForDeployment();          // Call Put with exactly 1 ether from addr1     const putAmount = ethers.parseEther(""1.0"");     const tx = await instance.connect(addr1).Put(0, { value: putAmount });     await tx.wait();          // Check the Log contract's History array for the last entry     // In the original contract, Val should be exactly 1 ether     // In the mutant, Val would be 1 ether + 1 wei     const lastEntryIndex = (await logContract.History.length()) - BigInt(1);     const lastMessage = await logContract.History(lastEntryIndex);          // Verify the logged value equals the actual amount sent (not amount+1)     expect(lastMessage.Val).to.equal(putAmount);   }); });","""['Error: syntax error']"""
m6e1d1714,X_WALLET,<generic-v6-scaffold>,Put,live,msg.value,msg.value-1,"---|         LogFile.AddMessage(msg.sender,msg.value,""Put""); +++|         LogFile.AddMessage(msg.sender,msg.value-1,""Put"");",12,Mutant m6e1d1714 of function Put replaces msg.value with msg.value-1,"pragma solidity ^0.8.0; contract X_WALLET { function Put(uint _unlockTime) public payable { Holder storage acc = Acc[msg.sender]; require(((acc.balance + msg.value) >= acc.balance)); acc.balance += msg.value; acc.unlockTime = _unlockTime>block.timestamp?_unlockTime:block.timestamp; LogFile.AddMessage(msg.sender,msg.value,""Put""); } function Collect(uint _am) public payable { Holder storage acc = Acc[msg.sender]; if( acc.balance>=MinSum && acc.balance>=_am && block.timestamp>acc.unlockTime) { acc.balance = (acc.balance - _am); { (bool _s, bytes memory _d) = msg.sender.call{value: _am}(""""); _d; if (_s) { LogFile.AddMessage(msg.sender,_am,""Collect""); } else {revert (); } } } } fallback() external payable { Put(0); } struct Holder { uint unlockTime; uint balance; } mapping (address => Holder) public Acc; Log LogFile; uint public MinSum = 1 ether; constructor(address log) public{ LogFile = Log(log); } } contract Log { struct Message { address Sender; string  Data; uint Val; uint  Time; } Message[] public History; Message LastMsg; function AddMessage(address _adr,uint _val, string memory _data) public { LastMsg.Sender = _adr; LastMsg.Time = block.timestamp; LastMsg.Val = _val; LastMsg.Data = _data; History.push(LastMsg); } }","import { expect } from ""chai""; import { ethers } from ""hardhat""; describe(""X_WALLET reference (ethers v6; deploy may require constructor arguments)"", function () { it(""deploy X_WALLET by supplying its REQUIRED constructor arguments (read them from the contract constructor), then call methods and assert; use ethers.parseEther, await (await tx).wait(), and expect(...).to.be.reverted"", async function () { const [owner, addr1, addr2] = await ethers.getSigners(); const Factory = await ethers.getContractFactory(""X_WALLET""); const instance = await Factory.deploy(...constructorArgs); await instance.waitForDeployment(); }); });",False,False,"import { expect } from ""chai""; import { ethers } from ""hardhat"";  describe(""X_WALLET mutant detection - m6e1d1714"", function () {   it(""should detect mutant by verifying logged value matches sent Ether amount"", async function () {     const [owner, addr1] = await ethers.getSigners();          // Deploy Log contract first (required by X_WALLET constructor)     const LogFactory = await ethers.getContractFactory(""Log"");     const logInstance = await LogFactory.deploy();     await logInstance.waitForDeployment();          // Deploy X_WALLET with Log address as constructor argument     const WalletFactory = await ethers.getContractFactory(""X_WALLET"");     const walletInstance = await WalletFactory.deploy(await logInstance.getAddress());     await walletInstance.waitForDeployment();          // Send exactly 1 wei to the Put function     const sendAmount = ethers.parseEther(""0""); // 0 ether     const oneWei = 1n;     const tx = await walletInstance.connect(addr1).Put(0, { value: oneWei });     await tx.wait();          // Check the Log contract's History to see what was recorded     // The last message in History should have Val = msg.value (1 wei)     const historyLength = await logInstance.History.length;     const lastMessage = await logInstance.History(historyLength - 1n);          // In the original contract, Val should equal 1 wei     // In the mutant, Val would equal 0 (msg.value - 1)     expect(lastMessage.Val).to.equal(oneWei);   }); });","""['Error: syntax error']"""
madf38510,X_WALLET,<generic-v6-scaffold>,Collect,live,block.timestamp,block.prevrandao,---|         if( acc.balance>=MinSum && acc.balance>=_am && block.timestamp>acc.unlockTime) +++|         if( acc.balance>=MinSum && acc.balance>=_am && block.prevrandao>acc.unlockTime),18,Mutant madf38510 of function Collect replaces block.timestamp with block.prevrandao,"pragma solidity ^0.8.0; contract X_WALLET { function Put(uint _unlockTime) public payable { Holder storage acc = Acc[msg.sender]; require(((acc.balance + msg.value) >= acc.balance)); acc.balance += msg.value; acc.unlockTime = _unlockTime>block.timestamp?_unlockTime:block.timestamp; LogFile.AddMessage(msg.sender,msg.value,""Put""); } function Collect(uint _am) public payable { Holder storage acc = Acc[msg.sender]; if( acc.balance>=MinSum && acc.balance>=_am && block.timestamp>acc.unlockTime) { acc.balance = (acc.balance - _am); { (bool _s, bytes memory _d) = msg.sender.call{value: _am}(""""); _d; if (_s) { LogFile.AddMessage(msg.sender,_am,""Collect""); } else {revert (); } } } } fallback() external payable { Put(0); } struct Holder { uint unlockTime; uint balance; } mapping (address => Holder) public Acc; Log LogFile; uint public MinSum = 1 ether; constructor(address log) public{ LogFile = Log(log); } } contract Log { struct Message { address Sender; string  Data; uint Val; uint  Time; } Message[] public History; Message LastMsg; function AddMessage(address _adr,uint _val, string memory _data) public { LastMsg.Sender = _adr; LastMsg.Time = block.timestamp; LastMsg.Val = _val; LastMsg.Data = _data; History.push(LastMsg); } }","import { expect } from ""chai""; import { ethers } from ""hardhat""; describe(""X_WALLET reference (ethers v6; deploy may require constructor arguments)"", function () { it(""deploy X_WALLET by supplying its REQUIRED constructor arguments (read them from the contract constructor), then call methods and assert; use ethers.parseEther, await (await tx).wait(), and expect(...).to.be.reverted"", async function () { const [owner, addr1, addr2] = await ethers.getSigners(); const Factory = await ethers.getContractFactory(""X_WALLET""); const instance = await Factory.deploy(...constructorArgs); await instance.waitForDeployment(); }); });",False,False,"import { expect } from ""chai""; import { ethers } from ""hardhat"";  describe(""X_WALLET mutant detection - madf38510"", function () {   it(""should detect mutant that replaces block.timestamp with block.prevrandao in Collect"", async function () {     const [owner, user] = await ethers.getSigners();          // Deploy Log contract first (required by X_WALLET constructor)     const LogFactory = await ethers.getContractFactory(""Log"");     const logInstance = await LogFactory.deploy();     await logInstance.waitForDeployment();          // Deploy X_WALLET with Log address     const WalletFactory = await ethers.getContractFactory(""X_WALLET"");     const walletInstance = await WalletFactory.deploy(await logInstance.getAddress());     await walletInstance.waitForDeployment();          const walletAddress = await walletInstance.getAddress();          // Set MinSum to 0 for easier testing (optional, but helps avoid edge cases)     // Note: MinSum is 1 ether by default, we'll work with that          // User deposits 2 ether with unlock time set to current block.timestamp + 100 seconds     const depositAmount = ethers.parseEther(""2"");     const futureUnlockTime = Math.floor(Date.now() / 1000) + 100;          await walletInstance.connect(user).Put(futureUnlockTime, { value: depositAmount });          // Verify balance was recorded     const userAcc = await walletInstance.Acc(user.address);     expect(userAcc.balance).to.equal(depositAmount);     expect(userAcc.unlockTime).to.equal(futureUnlockTime);          // Fast-forward time past the unlock time     await ethers.provider.send(""evm_increaseTime"", [200]); // add 200 seconds     await ethers.provider.send(""evm_mine"", []);          // Now attempt to collect 1 ether     const collectAmount = ethers.parseEther(""1"");          // On the original contract, this should succeed because block.timestamp > unlockTime     // On the mutant, this will likely revert because block.prevrandao (random) won't be > unlockTime     // The test expects a revert to detect the mutant (since it behaves differently)     await expect(       walletInstance.connect(user).Collect(collectAmount)     ).to.be.reverted;   }); });","""['Error: syntax error']"""
