Mutant_id,Contract_id,Test_id,Function_name,Status,Original,Replacement,Diff,StartLine,Details,Contract_Context,Test_Context,Test_Generated,KilledByLLM,Generated_test,Test_errors
m4f308734,ACCURAL_DEPOSIT,<generic-v6-scaffold>,Deposit,live, >= ,  > ,---|         require(((balances[msg.sender] + msg.value) >= balances[msg.sender])); +++|         require(((balances[msg.sender] + msg.value)  > balances[msg.sender]));,38,Mutant m4f308734 of function Deposit replaces >= with >,"pragma solidity ^0.8.0; contract ACCURAL_DEPOSIT { mapping (address=>uint256) public balances; uint public MinSum = 1 ether; LogFile Log = LogFile(0x0486cF65A2F2F3A392CBEa398AFB7F5f0B72FF46); bool intitalized; function SetMinSum(uint _val) public { if(intitalized)revert(); MinSum = _val; } function SetLogFile(address _log) public { if(intitalized)revert(); Log = LogFile(_log); } function Initialized() public { intitalized = true; } function Deposit() public payable { require(((balances[msg.sender] + msg.value) >= balances[msg.sender])); balances[msg.sender]+= msg.value; Log.AddMessage(msg.sender,msg.value,""Put""); } function Collect(uint _am) public payable { if(balances[msg.sender]>=MinSum && balances[msg.sender]>=_am) { balances[msg.sender] = (balances[msg.sender] - _am); (bool _veri_ok,) = msg.sender.call{value: _am}(""""); if(_veri_ok) { Log.AddMessage(msg.sender,_am,""Collect""); } else {revert (); } } } receive() external payable { Deposit(); } } contract LogFile { struct Message { address Sender; string  Data; uint Val; uint  Time; } Message[] public History; Message LastMsg; function AddMessage(address _adr,uint _val,string memory _data) public { LastMsg.Sender = _adr; LastMsg.Time = block.timestamp; LastMsg.Val = _val; LastMsg.Data = _data; History.push(LastMsg); } }","import { expect } from ""chai""; import { ethers } from ""hardhat""; describe(""ACCURAL_DEPOSIT reference (ethers v6; deploy may require constructor arguments)"", function () { it(""deploy ACCURAL_DEPOSIT by supplying its REQUIRED constructor arguments (read them from the contract constructor), then call methods and assert; use ethers.parseEther, await (await tx).wait(), and expect(...).to.be.reverted"", async function () { const [owner, addr1, addr2] = await ethers.getSigners(); const Factory = await ethers.getContractFactory(""ACCURAL_DEPOSIT""); const instance = await Factory.deploy(...constructorArgs); await instance.waitForDeployment(); }); });",False,False,"import { expect } from ""chai""; import { ethers } from ""hardhat"";  describe(""ACCURAL_DEPOSIT mutant detection"", function () {   it(""should kill mutant m4f308734 by calling Deposit with 0 value and expecting success"", async function () {     const [owner] = await ethers.getSigners();     const Factory = await ethers.getContractFactory(""ACCURAL_DEPOSIT"");     const instance = await Factory.deploy();     await instance.waitForDeployment();      // Attempt a deposit of 0 ether - should succeed on original but revert on mutant     const tx = await instance.connect(owner).Deposit({ value: 0 });     await expect(tx).to.not.be.reverted;          // Additionally verify that the balance was not increased (since value was 0)     const balance = await instance.balances(owner.address);     expect(balance).to.equal(0);   }); });","""['Error: syntax error']"""
m04d5b3c8,ACCURAL_DEPOSIT,<generic-v6-scaffold>,Deposit,live, >= , <= ,---|         require(((balances[msg.sender] + msg.value) >= balances[msg.sender])); +++|         require(((balances[msg.sender] + msg.value) <= balances[msg.sender]));,38,Mutant m04d5b3c8 of function Deposit replaces >= with <=,"pragma solidity ^0.8.0; contract ACCURAL_DEPOSIT { mapping (address=>uint256) public balances; uint public MinSum = 1 ether; LogFile Log = LogFile(0x0486cF65A2F2F3A392CBEa398AFB7F5f0B72FF46); bool intitalized; function SetMinSum(uint _val) public { if(intitalized)revert(); MinSum = _val; } function SetLogFile(address _log) public { if(intitalized)revert(); Log = LogFile(_log); } function Initialized() public { intitalized = true; } function Deposit() public payable { require(((balances[msg.sender] + msg.value) >= balances[msg.sender])); balances[msg.sender]+= msg.value; Log.AddMessage(msg.sender,msg.value,""Put""); } function Collect(uint _am) public payable { if(balances[msg.sender]>=MinSum && balances[msg.sender]>=_am) { balances[msg.sender] = (balances[msg.sender] - _am); (bool _veri_ok,) = msg.sender.call{value: _am}(""""); if(_veri_ok) { Log.AddMessage(msg.sender,_am,""Collect""); } else {revert (); } } } receive() external payable { Deposit(); } } contract LogFile { struct Message { address Sender; string  Data; uint Val; uint  Time; } Message[] public History; Message LastMsg; function AddMessage(address _adr,uint _val,string memory _data) public { LastMsg.Sender = _adr; LastMsg.Time = block.timestamp; LastMsg.Val = _val; LastMsg.Data = _data; History.push(LastMsg); } }","import { expect } from ""chai""; import { ethers } from ""hardhat""; describe(""ACCURAL_DEPOSIT reference (ethers v6; deploy may require constructor arguments)"", function () { it(""deploy ACCURAL_DEPOSIT by supplying its REQUIRED constructor arguments (read them from the contract constructor), then call methods and assert; use ethers.parseEther, await (await tx).wait(), and expect(...).to.be.reverted"", async function () { const [owner, addr1, addr2] = await ethers.getSigners(); const Factory = await ethers.getContractFactory(""ACCURAL_DEPOSIT""); const instance = await Factory.deploy(...constructorArgs); await instance.waitForDeployment(); }); });",False,False,"import { expect } from ""chai""; import { ethers } from ""hardhat"";  describe(""ACCURAL_DEPOSIT mutant m04d5b3c8 - Deposit requires <= instead of >="", function () {   it(""should revert when depositing non-zero amount with zero balance (mutant kills)"", async function () {     const [owner] = await ethers.getSigners();          // Deploy ACCURAL_DEPOSIT (no constructor arguments needed)     const Factory = await ethers.getContractFactory(""ACCURAL_DEPOSIT"");     const instance = await Factory.deploy();     await instance.waitForDeployment();          // Attempt to deposit 1 wei (non-zero amount) when balance is 0     // Original: require(balances[msg.sender] + msg.value >= balances[msg.sender]) passes     // Mutant: require(balances[msg.sender] + msg.value <= balances[msg.sender]) fails because 0+1 <= 0 is false     const tx = owner.sendTransaction({       to: instance.target,       value: ethers.parseEther(""0.000000000000000001"") // 1 wei     });          await expect(tx).to.be.reverted;   }); });","""['Error: syntax error']"""
m5ffe518e,ACCURAL_DEPOSIT,<generic-v6-scaffold>,Deposit,live, >= , == ,---|         require(((balances[msg.sender] + msg.value) >= balances[msg.sender])); +++|         require(((balances[msg.sender] + msg.value) == balances[msg.sender]));,38,Mutant m5ffe518e of function Deposit replaces >= with ==,"pragma solidity ^0.8.0; contract ACCURAL_DEPOSIT { mapping (address=>uint256) public balances; uint public MinSum = 1 ether; LogFile Log = LogFile(0x0486cF65A2F2F3A392CBEa398AFB7F5f0B72FF46); bool intitalized; function SetMinSum(uint _val) public { if(intitalized)revert(); MinSum = _val; } function SetLogFile(address _log) public { if(intitalized)revert(); Log = LogFile(_log); } function Initialized() public { intitalized = true; } function Deposit() public payable { require(((balances[msg.sender] + msg.value) >= balances[msg.sender])); balances[msg.sender]+= msg.value; Log.AddMessage(msg.sender,msg.value,""Put""); } function Collect(uint _am) public payable { if(balances[msg.sender]>=MinSum && balances[msg.sender]>=_am) { balances[msg.sender] = (balances[msg.sender] - _am); (bool _veri_ok,) = msg.sender.call{value: _am}(""""); if(_veri_ok) { Log.AddMessage(msg.sender,_am,""Collect""); } else {revert (); } } } receive() external payable { Deposit(); } } contract LogFile { struct Message { address Sender; string  Data; uint Val; uint  Time; } Message[] public History; Message LastMsg; function AddMessage(address _adr,uint _val,string memory _data) public { LastMsg.Sender = _adr; LastMsg.Time = block.timestamp; LastMsg.Val = _val; LastMsg.Data = _data; History.push(LastMsg); } }","import { expect } from ""chai""; import { ethers } from ""hardhat""; describe(""ACCURAL_DEPOSIT reference (ethers v6; deploy may require constructor arguments)"", function () { it(""deploy ACCURAL_DEPOSIT by supplying its REQUIRED constructor arguments (read them from the contract constructor), then call methods and assert; use ethers.parseEther, await (await tx).wait(), and expect(...).to.be.reverted"", async function () { const [owner, addr1, addr2] = await ethers.getSigners(); const Factory = await ethers.getContractFactory(""ACCURAL_DEPOSIT""); const instance = await Factory.deploy(...constructorArgs); await instance.waitForDeployment(); }); });",False,False,"import { expect } from ""chai""; import { ethers } from ""hardhat"";  describe(""ACCURAL_DEPOSIT mutant m5ffe518e test"", function () {   it(""should revert when depositing non-zero amount due to mutant == check"", async function () {     const [owner] = await ethers.getSigners();     const Factory = await ethers.getContractFactory(""ACCURAL_DEPOSIT"");     const instance = await Factory.deploy();     await instance.waitForDeployment();      // The mutant changes the require condition from >= to ==     // Original: require(((balances[msg.sender] + msg.value) >= balances[msg.sender]));     // Mutant:   require(((balances[msg.sender] + msg.value) == balances[msg.sender]));     // Only msg.value == 0 would satisfy the mutant condition     // Sending 1 wei should revert on the mutant     await expect(       instance.connect(owner).Deposit({ value: ethers.parseEther(""1"") })     ).to.be.reverted;   }); });","""['Error: syntax error']"""
m2b350671,ACCURAL_DEPOSIT,<generic-v6-scaffold>,Deposit,live, + , - ,---|         require(((balances[msg.sender] + msg.value) >= balances[msg.sender])); +++|         require(((balances[msg.sender] - msg.value) >= balances[msg.sender]));,38,Mutant m2b350671 of function Deposit replaces + with -,"pragma solidity ^0.8.0; contract ACCURAL_DEPOSIT { mapping (address=>uint256) public balances; uint public MinSum = 1 ether; LogFile Log = LogFile(0x0486cF65A2F2F3A392CBEa398AFB7F5f0B72FF46); bool intitalized; function SetMinSum(uint _val) public { if(intitalized)revert(); MinSum = _val; } function SetLogFile(address _log) public { if(intitalized)revert(); Log = LogFile(_log); } function Initialized() public { intitalized = true; } function Deposit() public payable { require(((balances[msg.sender] + msg.value) >= balances[msg.sender])); balances[msg.sender]+= msg.value; Log.AddMessage(msg.sender,msg.value,""Put""); } function Collect(uint _am) public payable { if(balances[msg.sender]>=MinSum && balances[msg.sender]>=_am) { balances[msg.sender] = (balances[msg.sender] - _am); (bool _veri_ok,) = msg.sender.call{value: _am}(""""); if(_veri_ok) { Log.AddMessage(msg.sender,_am,""Collect""); } else {revert (); } } } receive() external payable { Deposit(); } } contract LogFile { struct Message { address Sender; string  Data; uint Val; uint  Time; } Message[] public History; Message LastMsg; function AddMessage(address _adr,uint _val,string memory _data) public { LastMsg.Sender = _adr; LastMsg.Time = block.timestamp; LastMsg.Val = _val; LastMsg.Data = _data; History.push(LastMsg); } }","import { expect } from ""chai""; import { ethers } from ""hardhat""; describe(""ACCURAL_DEPOSIT reference (ethers v6; deploy may require constructor arguments)"", function () { it(""deploy ACCURAL_DEPOSIT by supplying its REQUIRED constructor arguments (read them from the contract constructor), then call methods and assert; use ethers.parseEther, await (await tx).wait(), and expect(...).to.be.reverted"", async function () { const [owner, addr1, addr2] = await ethers.getSigners(); const Factory = await ethers.getContractFactory(""ACCURAL_DEPOSIT""); const instance = await Factory.deploy(...constructorArgs); await instance.waitForDeployment(); }); });",False,False,"import { expect } from ""chai""; import { ethers } from ""hardhat"";  describe(""ACCURAL_DEPOSIT mutant kill test - m2b350671"", function () {   it(""should detect mutant by reverting on positive deposit (balance - msg.value >= balance is always false)"", async function () {     const [owner, addr1] = await ethers.getSigners();          // Deploy ACCURAL_DEPOSIT - no constructor arguments based on provided contract     const Factory = await ethers.getContractFactory(""ACCURAL_DEPOSIT"");     const instance = await Factory.deploy();     await instance.waitForDeployment();          const depositAmount = ethers.parseEther(""1"");          // Attempt to deposit from addr1 - should succeed on original, revert on mutant     await expect(       instance.connect(addr1).Deposit({ value: depositAmount })     ).to.be.reverted;   });      it(""should detect mutant via receive() fallback with positive value"", async function () {     const [owner, addr1] = await ethers.getSigners();          const Factory = await ethers.getContractFactory(""ACCURAL_DEPOSIT"");     const instance = await Factory.deploy();     await instance.waitForDeployment();          const depositAmount = ethers.parseEther(""1"");          // Send ether directly to contract - triggers receive() which calls Deposit()     await expect(       addr1.sendTransaction({         to: await instance.getAddress(),         value: depositAmount       })     ).to.be.reverted;   });      it(""should verify zero-value deposit passes even on mutant"", async function () {     const [owner, addr1] = await ethers.getSigners();          const Factory = await ethers.getContractFactory(""ACCURAL_DEPOSIT"");     const instance = await Factory.deploy();     await instance.waitForDeployment();          // Zero value should pass on both original and mutant (0 - 0 >= 0 is true)     await expect(       instance.connect(addr1).Deposit({ value: 0 })     ).to.not.be.reverted;          const balance = await instance.balances(addr1.address);     expect(balance).to.equal(0);   }); });","""['Error: syntax error']"""
m76a1adf8,ACCURAL_DEPOSIT,<generic-v6-scaffold>,Deposit,live, + , * ,---|         require(((balances[msg.sender] + msg.value) >= balances[msg.sender])); +++|         require(((balances[msg.sender] * msg.value) >= balances[msg.sender]));,38,Mutant m76a1adf8 of function Deposit replaces + with *,"pragma solidity ^0.8.0; contract ACCURAL_DEPOSIT { mapping (address=>uint256) public balances; uint public MinSum = 1 ether; LogFile Log = LogFile(0x0486cF65A2F2F3A392CBEa398AFB7F5f0B72FF46); bool intitalized; function SetMinSum(uint _val) public { if(intitalized)revert(); MinSum = _val; } function SetLogFile(address _log) public { if(intitalized)revert(); Log = LogFile(_log); } function Initialized() public { intitalized = true; } function Deposit() public payable { require(((balances[msg.sender] + msg.value) >= balances[msg.sender])); balances[msg.sender]+= msg.value; Log.AddMessage(msg.sender,msg.value,""Put""); } function Collect(uint _am) public payable { if(balances[msg.sender]>=MinSum && balances[msg.sender]>=_am) { balances[msg.sender] = (balances[msg.sender] - _am); (bool _veri_ok,) = msg.sender.call{value: _am}(""""); if(_veri_ok) { Log.AddMessage(msg.sender,_am,""Collect""); } else {revert (); } } } receive() external payable { Deposit(); } } contract LogFile { struct Message { address Sender; string  Data; uint Val; uint  Time; } Message[] public History; Message LastMsg; function AddMessage(address _adr,uint _val,string memory _data) public { LastMsg.Sender = _adr; LastMsg.Time = block.timestamp; LastMsg.Val = _val; LastMsg.Data = _data; History.push(LastMsg); } }","import { expect } from ""chai""; import { ethers } from ""hardhat""; describe(""ACCURAL_DEPOSIT reference (ethers v6; deploy may require constructor arguments)"", function () { it(""deploy ACCURAL_DEPOSIT by supplying its REQUIRED constructor arguments (read them from the contract constructor), then call methods and assert; use ethers.parseEther, await (await tx).wait(), and expect(...).to.be.reverted"", async function () { const [owner, addr1, addr2] = await ethers.getSigners(); const Factory = await ethers.getContractFactory(""ACCURAL_DEPOSIT""); const instance = await Factory.deploy(...constructorArgs); await instance.waitForDeployment(); }); });",False,False,"import { expect } from ""chai""; import { ethers } from ""hardhat"";  describe(""ACCURAL_DEPOSIT mutant detection"", function () {   it(""should detect mutation: require using * instead of + in Deposit (zero value deposit after positive balance)"", async function () {     const [owner, addr1] = await ethers.getSigners();          // Deploy the contract (no constructor arguments needed for ACCURAL_DEPOSIT)     const Factory = await ethers.getContractFactory(""ACCURAL_DEPOSIT"");     const instance = await Factory.deploy();     await instance.waitForDeployment();          // First deposit: send 1 ether to create a positive balance     await instance.connect(addr1).Deposit({ value: ethers.parseEther(""1"") });          // Verify balance is now 1 ether     const balanceAfterFirstDeposit = await instance.balances(addr1.address);     expect(balanceAfterFirstDeposit).to.equal(ethers.parseEther(""1""));          // Now attempt to deposit 0 ether - should succeed in original but revert in mutant     // because original: balance + 0 >= balance (true), mutant: balance * 0 >= balance (false)     await expect(       instance.connect(addr1).Deposit({ value: 0 })     ).to.be.reverted;   }); });","""['Error: syntax error']"""
mf4addeec,ACCURAL_DEPOSIT,<generic-v6-scaffold>,Collect,live, && , || ,---|         if(balances[msg.sender]>=MinSum && balances[msg.sender]>=_am) +++|         if(balances[msg.sender]>=MinSum || balances[msg.sender]>=_am),47,Mutant mf4addeec of function Collect replaces && with ||,"pragma solidity ^0.8.0; contract ACCURAL_DEPOSIT { mapping (address=>uint256) public balances; uint public MinSum = 1 ether; LogFile Log = LogFile(0x0486cF65A2F2F3A392CBEa398AFB7F5f0B72FF46); bool intitalized; function SetMinSum(uint _val) public { if(intitalized)revert(); MinSum = _val; } function SetLogFile(address _log) public { if(intitalized)revert(); Log = LogFile(_log); } function Initialized() public { intitalized = true; } function Deposit() public payable { require(((balances[msg.sender] + msg.value) >= balances[msg.sender])); balances[msg.sender]+= msg.value; Log.AddMessage(msg.sender,msg.value,""Put""); } function Collect(uint _am) public payable { if(balances[msg.sender]>=MinSum && balances[msg.sender]>=_am) { balances[msg.sender] = (balances[msg.sender] - _am); (bool _veri_ok,) = msg.sender.call{value: _am}(""""); if(_veri_ok) { Log.AddMessage(msg.sender,_am,""Collect""); } else {revert (); } } } receive() external payable { Deposit(); } } contract LogFile { struct Message { address Sender; string  Data; uint Val; uint  Time; } Message[] public History; Message LastMsg; function AddMessage(address _adr,uint _val,string memory _data) public { LastMsg.Sender = _adr; LastMsg.Time = block.timestamp; LastMsg.Val = _val; LastMsg.Data = _data; History.push(LastMsg); } }","import { expect } from ""chai""; import { ethers } from ""hardhat""; describe(""ACCURAL_DEPOSIT reference (ethers v6; deploy may require constructor arguments)"", function () { it(""deploy ACCURAL_DEPOSIT by supplying its REQUIRED constructor arguments (read them from the contract constructor), then call methods and assert; use ethers.parseEther, await (await tx).wait(), and expect(...).to.be.reverted"", async function () { const [owner, addr1, addr2] = await ethers.getSigners(); const Factory = await ethers.getContractFactory(""ACCURAL_DEPOSIT""); const instance = await Factory.deploy(...constructorArgs); await instance.waitForDeployment(); }); });",False,False,"import { expect } from ""chai""; import { ethers } from ""hardhat"";  describe(""ACCURAL_DEPOSIT mutant kill test"", function () {   it(""should kill mutant mf4addeec (|| instead of &&) by withdrawing amount > balance but >= MinSum"", async function () {     const [owner, addr1] = await ethers.getSigners();     const Factory = await ethers.getContractFactory(""ACCURAL_DEPOSIT"");     const instance = await Factory.deploy();     await instance.waitForDeployment();      // Set MinSum to 1 ether (default is already 1 ether)     // Initialize the contract so SetMinSum cannot be called again     await (await instance.Initialized()).wait();      // Deposit exactly 1 ether (meets MinSum)     const depositAmount = ethers.parseEther(""1"");     await (await instance.connect(addr1).Deposit({ value: depositAmount })).wait();      // Now addr1 has balance = 1 ether, MinSum = 1 ether     // Try to collect 2 ether (balance < _am, but balance >= MinSum)     // Original: requires balance >= MinSum AND balance >= _am -> fails (reverts)     // Mutant: requires balance >= MinSum OR balance >= _am -> passes (first condition true)     const collectAmount = ethers.parseEther(""2"");     await expect(       instance.connect(addr1).Collect(collectAmount)     ).to.be.reverted; // Expect revert on original, but mutant will NOT revert => test fails on mutant => kills it   }); });","""['Error: syntax error']"""
ma62a3479,ACCURAL_DEPOSIT,<generic-v6-scaffold>,Collect,live,>=, >,---|         if(balances[msg.sender]>=MinSum && balances[msg.sender]>=_am) +++|         if(balances[msg.sender] >MinSum && balances[msg.sender]>=_am),47,Mutant ma62a3479 of function Collect replaces >= with >,"pragma solidity ^0.8.0; contract ACCURAL_DEPOSIT { mapping (address=>uint256) public balances; uint public MinSum = 1 ether; LogFile Log = LogFile(0x0486cF65A2F2F3A392CBEa398AFB7F5f0B72FF46); bool intitalized; function SetMinSum(uint _val) public { if(intitalized)revert(); MinSum = _val; } function SetLogFile(address _log) public { if(intitalized)revert(); Log = LogFile(_log); } function Initialized() public { intitalized = true; } function Deposit() public payable { require(((balances[msg.sender] + msg.value) >= balances[msg.sender])); balances[msg.sender]+= msg.value; Log.AddMessage(msg.sender,msg.value,""Put""); } function Collect(uint _am) public payable { if(balances[msg.sender]>=MinSum && balances[msg.sender]>=_am) { balances[msg.sender] = (balances[msg.sender] - _am); (bool _veri_ok,) = msg.sender.call{value: _am}(""""); if(_veri_ok) { Log.AddMessage(msg.sender,_am,""Collect""); } else {revert (); } } } receive() external payable { Deposit(); } } contract LogFile { struct Message { address Sender; string  Data; uint Val; uint  Time; } Message[] public History; Message LastMsg; function AddMessage(address _adr,uint _val,string memory _data) public { LastMsg.Sender = _adr; LastMsg.Time = block.timestamp; LastMsg.Val = _val; LastMsg.Data = _data; History.push(LastMsg); } }","import { expect } from ""chai""; import { ethers } from ""hardhat""; describe(""ACCURAL_DEPOSIT reference (ethers v6; deploy may require constructor arguments)"", function () { it(""deploy ACCURAL_DEPOSIT by supplying its REQUIRED constructor arguments (read them from the contract constructor), then call methods and assert; use ethers.parseEther, await (await tx).wait(), and expect(...).to.be.reverted"", async function () { const [owner, addr1, addr2] = await ethers.getSigners(); const Factory = await ethers.getContractFactory(""ACCURAL_DEPOSIT""); const instance = await Factory.deploy(...constructorArgs); await instance.waitForDeployment(); }); });",False,False,"import { expect } from ""chai""; import { ethers } from ""hardhat"";  describe(""ACCURAL_DEPOSIT mutant detection - ma62a3479"", function () {   it(""should detect mutant where >= MinSum is changed to > MinSum in Collect"", async function () {     const [owner, user] = await ethers.getSigners();          // Deploy ACCURAL_DEPOSIT (no constructor arguments needed)     const Factory = await ethers.getContractFactory(""ACCURAL_DEPOSIT"");     const instance = await Factory.deploy();     await instance.waitForDeployment();          // Deploy LogFile to set as Log (needed for Deposit to work)     const LogFactory = await ethers.getContractFactory(""LogFile"");     const logInstance = await LogFactory.deploy();     await logInstance.waitForDeployment();          // Set the LogFile address     await instance.connect(owner).SetLogFile(await logInstance.getAddress());          // Initialize the contract     await instance.connect(owner).Initialized();          // Set MinSum to 1 ether     const minSum = ethers.parseEther(""1"");     await instance.connect(owner).SetMinSum(minSum);          // User deposits exactly MinSum (1 ether)     await instance.connect(user).Deposit({ value: minSum });          // Verify balance is exactly MinSum     const userBalance = await instance.balances(user.address);     expect(userBalance).to.equal(minSum);          // User tries to collect 0.5 ether (less than balance, equal to MinSum)     const collectAmount = ethers.parseEther(""0.5"");          // This should succeed in original (>= MinSum) but revert in mutant (> MinSum)     // If it reverts, mutant is detected     await expect(       instance.connect(user).Collect(collectAmount)     ).to.be.reverted;   }); });","""['Error: syntax error']"""
m52a5a51a,ACCURAL_DEPOSIT,<generic-v6-scaffold>,Collect,live,>=,<=,---|         if(balances[msg.sender]>=MinSum && balances[msg.sender]>=_am) +++|         if(balances[msg.sender]<=MinSum && balances[msg.sender]>=_am),47,Mutant m52a5a51a of function Collect replaces >= with <=,"pragma solidity ^0.8.0; contract ACCURAL_DEPOSIT { mapping (address=>uint256) public balances; uint public MinSum = 1 ether; LogFile Log = LogFile(0x0486cF65A2F2F3A392CBEa398AFB7F5f0B72FF46); bool intitalized; function SetMinSum(uint _val) public { if(intitalized)revert(); MinSum = _val; } function SetLogFile(address _log) public { if(intitalized)revert(); Log = LogFile(_log); } function Initialized() public { intitalized = true; } function Deposit() public payable { require(((balances[msg.sender] + msg.value) >= balances[msg.sender])); balances[msg.sender]+= msg.value; Log.AddMessage(msg.sender,msg.value,""Put""); } function Collect(uint _am) public payable { if(balances[msg.sender]>=MinSum && balances[msg.sender]>=_am) { balances[msg.sender] = (balances[msg.sender] - _am); (bool _veri_ok,) = msg.sender.call{value: _am}(""""); if(_veri_ok) { Log.AddMessage(msg.sender,_am,""Collect""); } else {revert (); } } } receive() external payable { Deposit(); } } contract LogFile { struct Message { address Sender; string  Data; uint Val; uint  Time; } Message[] public History; Message LastMsg; function AddMessage(address _adr,uint _val,string memory _data) public { LastMsg.Sender = _adr; LastMsg.Time = block.timestamp; LastMsg.Val = _val; LastMsg.Data = _data; History.push(LastMsg); } }","import { expect } from ""chai""; import { ethers } from ""hardhat""; describe(""ACCURAL_DEPOSIT reference (ethers v6; deploy may require constructor arguments)"", function () { it(""deploy ACCURAL_DEPOSIT by supplying its REQUIRED constructor arguments (read them from the contract constructor), then call methods and assert; use ethers.parseEther, await (await tx).wait(), and expect(...).to.be.reverted"", async function () { const [owner, addr1, addr2] = await ethers.getSigners(); const Factory = await ethers.getContractFactory(""ACCURAL_DEPOSIT""); const instance = await Factory.deploy(...constructorArgs); await instance.waitForDeployment(); }); });",False,False,"import { expect } from ""chai""; import { ethers } from ""hardhat"";  describe(""ACCURAL_DEPOSIT mutant m52a5a51a test"", function () {   it(""should kill mutant where Collect condition uses <= instead of >="", async function () {     const [owner, user] = await ethers.getSigners();          // Deploy with constructor arguments (LogFile address)     const LogFileFactory = await ethers.getContractFactory(""LogFile"");     const logFile = await LogFileFactory.deploy();     await logFile.waitForDeployment();          const Factory = await ethers.getContractFactory(""ACCURAL_DEPOSIT"");     const instance = await Factory.deploy();     await instance.waitForDeployment();          // Set the LogFile address     await instance.connect(owner).SetLogFile(await logFile.getAddress());          // Initialize the contract     await instance.connect(owner).Initialized();          // Set MinSum to 1 ether (default)     const MinSum = ethers.parseEther(""1"");          // User deposits 2 ether (greater than MinSum)     const depositAmount = ethers.parseEther(""2"");     await instance.connect(user).Deposit({ value: depositAmount });          // Verify user balance is greater than MinSum     const userBalance = await instance.balances(user.address);     expect(userBalance).to.equal(depositAmount);     expect(userBalance).to.be.gt(MinSum);          // Try to collect 1 ether - should succeed in original but revert in mutant     const collectAmount = ethers.parseEther(""1"");          // This transaction should revert because mutant checks balance <= MinSum (2 <= 1 is false)     await expect(       instance.connect(user).Collect(collectAmount)     ).to.be.reverted;   }); });","""['Error: syntax error']"""
mcc251322,ACCURAL_DEPOSIT,<generic-v6-scaffold>,Collect,live,>=,==,---|         if(balances[msg.sender]>=MinSum && balances[msg.sender]>=_am) +++|         if(balances[msg.sender]==MinSum && balances[msg.sender]>=_am),47,Mutant mcc251322 of function Collect replaces >= with ==,"pragma solidity ^0.8.0; contract ACCURAL_DEPOSIT { mapping (address=>uint256) public balances; uint public MinSum = 1 ether; LogFile Log = LogFile(0x0486cF65A2F2F3A392CBEa398AFB7F5f0B72FF46); bool intitalized; function SetMinSum(uint _val) public { if(intitalized)revert(); MinSum = _val; } function SetLogFile(address _log) public { if(intitalized)revert(); Log = LogFile(_log); } function Initialized() public { intitalized = true; } function Deposit() public payable { require(((balances[msg.sender] + msg.value) >= balances[msg.sender])); balances[msg.sender]+= msg.value; Log.AddMessage(msg.sender,msg.value,""Put""); } function Collect(uint _am) public payable { if(balances[msg.sender]>=MinSum && balances[msg.sender]>=_am) { balances[msg.sender] = (balances[msg.sender] - _am); (bool _veri_ok,) = msg.sender.call{value: _am}(""""); if(_veri_ok) { Log.AddMessage(msg.sender,_am,""Collect""); } else {revert (); } } } receive() external payable { Deposit(); } } contract LogFile { struct Message { address Sender; string  Data; uint Val; uint  Time; } Message[] public History; Message LastMsg; function AddMessage(address _adr,uint _val,string memory _data) public { LastMsg.Sender = _adr; LastMsg.Time = block.timestamp; LastMsg.Val = _val; LastMsg.Data = _data; History.push(LastMsg); } }","import { expect } from ""chai""; import { ethers } from ""hardhat""; describe(""ACCURAL_DEPOSIT reference (ethers v6; deploy may require constructor arguments)"", function () { it(""deploy ACCURAL_DEPOSIT by supplying its REQUIRED constructor arguments (read them from the contract constructor), then call methods and assert; use ethers.parseEther, await (await tx).wait(), and expect(...).to.be.reverted"", async function () { const [owner, addr1, addr2] = await ethers.getSigners(); const Factory = await ethers.getContractFactory(""ACCURAL_DEPOSIT""); const instance = await Factory.deploy(...constructorArgs); await instance.waitForDeployment(); }); });",False,False,"import { expect } from ""chai""; import { ethers } from ""hardhat"";  describe(""ACCURAL_DEPOSIT mutant test for mcc251322"", function () {   it(""should allow Collect when balance > MinSum on original, but revert on mutant with == check"", async function () {     const [owner, user] = await ethers.getSigners();          // Deploy ACCURAL_DEPOSIT (no constructor arguments)     const Factory = await ethers.getContractFactory(""ACCURAL_DEPOSIT"");     const instance = await Factory.deploy();     await instance.waitForDeployment();          // Deploy LogFile (needed for AddMessage calls)     const LogFactory = await ethers.getContractFactory(""LogFile"");     const logInstance = await LogFactory.deploy();     await logInstance.waitForDeployment();          // Set the LogFile address in the main contract     await instance.connect(owner).SetLogFile(await logInstance.getAddress());          // Set MinSum to 1 ether     const MinSum = ethers.parseEther(""1"");     await instance.connect(owner).SetMinSum(MinSum);          // Initialize the contract     await instance.connect(owner).Initialized();          // User deposits 2 ether (greater than MinSum of 1 ether)     const depositAmount = ethers.parseEther(""2"");     await instance.connect(user).Deposit({ value: depositAmount });          // Verify balance is now 2 ether     const balance = await instance.balances(user.address);     expect(balance).to.equal(depositAmount);          // User attempts to collect 0.5 ether (valid amount, balance >= _am and balance > MinSum)     const collectAmount = ethers.parseEther(""0.5"");          // This should succeed on original (balance >= MinSum), but fail on mutant (balance == MinSum is false)     await expect(       instance.connect(user).Collect(collectAmount)     ).to.be.reverted;   }); });","""['Error: syntax error']"""
m3eb754fd,ACCURAL_DEPOSIT,<generic-v6-scaffold>,Collect,live,>=, >,---|         if(balances[msg.sender]>=MinSum && balances[msg.sender]>=_am) +++|         if(balances[msg.sender]>=MinSum && balances[msg.sender] >_am),47,Mutant m3eb754fd of function Collect replaces >= with >,"pragma solidity ^0.8.0; contract ACCURAL_DEPOSIT { mapping (address=>uint256) public balances; uint public MinSum = 1 ether; LogFile Log = LogFile(0x0486cF65A2F2F3A392CBEa398AFB7F5f0B72FF46); bool intitalized; function SetMinSum(uint _val) public { if(intitalized)revert(); MinSum = _val; } function SetLogFile(address _log) public { if(intitalized)revert(); Log = LogFile(_log); } function Initialized() public { intitalized = true; } function Deposit() public payable { require(((balances[msg.sender] + msg.value) >= balances[msg.sender])); balances[msg.sender]+= msg.value; Log.AddMessage(msg.sender,msg.value,""Put""); } function Collect(uint _am) public payable { if(balances[msg.sender]>=MinSum && balances[msg.sender]>=_am) { balances[msg.sender] = (balances[msg.sender] - _am); (bool _veri_ok,) = msg.sender.call{value: _am}(""""); if(_veri_ok) { Log.AddMessage(msg.sender,_am,""Collect""); } else {revert (); } } } receive() external payable { Deposit(); } } contract LogFile { struct Message { address Sender; string  Data; uint Val; uint  Time; } Message[] public History; Message LastMsg; function AddMessage(address _adr,uint _val,string memory _data) public { LastMsg.Sender = _adr; LastMsg.Time = block.timestamp; LastMsg.Val = _val; LastMsg.Data = _data; History.push(LastMsg); } }","import { expect } from ""chai""; import { ethers } from ""hardhat""; describe(""ACCURAL_DEPOSIT reference (ethers v6; deploy may require constructor arguments)"", function () { it(""deploy ACCURAL_DEPOSIT by supplying its REQUIRED constructor arguments (read them from the contract constructor), then call methods and assert; use ethers.parseEther, await (await tx).wait(), and expect(...).to.be.reverted"", async function () { const [owner, addr1, addr2] = await ethers.getSigners(); const Factory = await ethers.getContractFactory(""ACCURAL_DEPOSIT""); const instance = await Factory.deploy(...constructorArgs); await instance.waitForDeployment(); }); });",False,False,"import { expect } from ""chai""; import { ethers } from ""hardhat"";  describe(""ACCURAL_DEPOSIT mutant m3eb754fd test"", function () {   it(""should kill the mutant by withdrawing exact balance when balance equals MinSum"", async function () {     const [owner, user] = await ethers.getSigners();          // Deploy ACCURAL_DEPOSIT (no constructor arguments needed)     const Factory = await ethers.getContractFactory(""ACCURAL_DEPOSIT"");     const instance = await Factory.deploy();     await instance.waitForDeployment();          // Deploy LogFile separately (it's referenced but not the main contract)     const LogFileFactory = await ethers.getContractFactory(""LogFile"");     const logFile = await LogFileFactory.deploy();     await logFile.waitForDeployment();          // Set LogFile address and initialize the contract     await instance.connect(owner).SetLogFile(await logFile.getAddress());     await instance.connect(owner).Initialized();          // Deposit exactly MinSum (1 ether) from user     const depositAmount = ethers.parseEther(""1"");     await instance.connect(user).Deposit({ value: depositAmount });          // Verify balance is exactly MinSum     expect(await instance.balances(user.address)).to.equal(depositAmount);          // Try to withdraw exact balance - should succeed on original but fail on mutant     // because mutant uses > instead of >=     await expect(       instance.connect(user).Collect(depositAmount)     ).to.be.reverted;   }); });","""['Error: syntax error']"""
mac8d2400,ACCURAL_DEPOSIT,<generic-v6-scaffold>,Collect,live,>=,<=,---|         if(balances[msg.sender]>=MinSum && balances[msg.sender]>=_am) +++|         if(balances[msg.sender]>=MinSum && balances[msg.sender]<=_am),47,Mutant mac8d2400 of function Collect replaces >= with <=,"pragma solidity ^0.8.0; contract ACCURAL_DEPOSIT { mapping (address=>uint256) public balances; uint public MinSum = 1 ether; LogFile Log = LogFile(0x0486cF65A2F2F3A392CBEa398AFB7F5f0B72FF46); bool intitalized; function SetMinSum(uint _val) public { if(intitalized)revert(); MinSum = _val; } function SetLogFile(address _log) public { if(intitalized)revert(); Log = LogFile(_log); } function Initialized() public { intitalized = true; } function Deposit() public payable { require(((balances[msg.sender] + msg.value) >= balances[msg.sender])); balances[msg.sender]+= msg.value; Log.AddMessage(msg.sender,msg.value,""Put""); } function Collect(uint _am) public payable { if(balances[msg.sender]>=MinSum && balances[msg.sender]>=_am) { balances[msg.sender] = (balances[msg.sender] - _am); (bool _veri_ok,) = msg.sender.call{value: _am}(""""); if(_veri_ok) { Log.AddMessage(msg.sender,_am,""Collect""); } else {revert (); } } } receive() external payable { Deposit(); } } contract LogFile { struct Message { address Sender; string  Data; uint Val; uint  Time; } Message[] public History; Message LastMsg; function AddMessage(address _adr,uint _val,string memory _data) public { LastMsg.Sender = _adr; LastMsg.Time = block.timestamp; LastMsg.Val = _val; LastMsg.Data = _data; History.push(LastMsg); } }","import { expect } from ""chai""; import { ethers } from ""hardhat""; describe(""ACCURAL_DEPOSIT reference (ethers v6; deploy may require constructor arguments)"", function () { it(""deploy ACCURAL_DEPOSIT by supplying its REQUIRED constructor arguments (read them from the contract constructor), then call methods and assert; use ethers.parseEther, await (await tx).wait(), and expect(...).to.be.reverted"", async function () { const [owner, addr1, addr2] = await ethers.getSigners(); const Factory = await ethers.getContractFactory(""ACCURAL_DEPOSIT""); const instance = await Factory.deploy(...constructorArgs); await instance.waitForDeployment(); }); });",False,False,"import { expect } from ""chai""; import { ethers } from ""hardhat"";  describe(""ACCURAL_DEPOSIT mutant kill test - mac8d2400"", function () {   it(""should allow Collect when balance is greater than withdrawal amount (original behavior), but mutant reverts"", async function () {     const [owner, addr1] = await ethers.getSigners();          // Deploy the contract (no constructor arguments needed)     const Factory = await ethers.getContractFactory(""ACCURAL_DEPOSIT"");     const instance = await Factory.deploy();     await instance.waitForDeployment();          // Initialize the contract     await instance.connect(owner).Initialized();          // Deposit 10 ether into addr1's balance     const depositAmount = ethers.parseEther(""10"");     await instance.connect(addr1).deposit({ value: depositAmount });          // Set MinSum to 1 ether so that the first condition (balance >= MinSum) is satisfied     await instance.connect(owner).SetMinSum(ethers.parseEther(""1""));          // Attempt to Collect 5 ether (balance 10 > 5, so original >= passes, mutant <= fails)     const collectAmount = ethers.parseEther(""5"");          // This should revert on the mutant because balance (10) is NOT <= _am (5)     await expect(       instance.connect(addr1).Collect(collectAmount)     ).to.be.reverted;   }); });","""['Error: syntax error']"""
m48d2c99c,ACCURAL_DEPOSIT,<generic-v6-scaffold>,Collect,live,>=,==,---|         if(balances[msg.sender]>=MinSum && balances[msg.sender]>=_am) +++|         if(balances[msg.sender]>=MinSum && balances[msg.sender]==_am),47,Mutant m48d2c99c of function Collect replaces >= with ==,"pragma solidity ^0.8.0; contract ACCURAL_DEPOSIT { mapping (address=>uint256) public balances; uint public MinSum = 1 ether; LogFile Log = LogFile(0x0486cF65A2F2F3A392CBEa398AFB7F5f0B72FF46); bool intitalized; function SetMinSum(uint _val) public { if(intitalized)revert(); MinSum = _val; } function SetLogFile(address _log) public { if(intitalized)revert(); Log = LogFile(_log); } function Initialized() public { intitalized = true; } function Deposit() public payable { require(((balances[msg.sender] + msg.value) >= balances[msg.sender])); balances[msg.sender]+= msg.value; Log.AddMessage(msg.sender,msg.value,""Put""); } function Collect(uint _am) public payable { if(balances[msg.sender]>=MinSum && balances[msg.sender]>=_am) { balances[msg.sender] = (balances[msg.sender] - _am); (bool _veri_ok,) = msg.sender.call{value: _am}(""""); if(_veri_ok) { Log.AddMessage(msg.sender,_am,""Collect""); } else {revert (); } } } receive() external payable { Deposit(); } } contract LogFile { struct Message { address Sender; string  Data; uint Val; uint  Time; } Message[] public History; Message LastMsg; function AddMessage(address _adr,uint _val,string memory _data) public { LastMsg.Sender = _adr; LastMsg.Time = block.timestamp; LastMsg.Val = _val; LastMsg.Data = _data; History.push(LastMsg); } }","import { expect } from ""chai""; import { ethers } from ""hardhat""; describe(""ACCURAL_DEPOSIT reference (ethers v6; deploy may require constructor arguments)"", function () { it(""deploy ACCURAL_DEPOSIT by supplying its REQUIRED constructor arguments (read them from the contract constructor), then call methods and assert; use ethers.parseEther, await (await tx).wait(), and expect(...).to.be.reverted"", async function () { const [owner, addr1, addr2] = await ethers.getSigners(); const Factory = await ethers.getContractFactory(""ACCURAL_DEPOSIT""); const instance = await Factory.deploy(...constructorArgs); await instance.waitForDeployment(); }); });",False,False,"import { expect } from ""chai""; import { ethers } from ""hardhat"";  describe(""ACCURAL_DEPOSIT mutant kill test - m48d2c99c"", function () {   it(""should kill the mutant by withdrawing less than full balance"", async function () {     const [owner, user] = await ethers.getSigners();          // Deploy ACCURAL_DEPOSIT (no constructor arguments needed)     const Factory = await ethers.getContractFactory(""ACCURAL_DEPOSIT"");     const instance = await Factory.deploy();     await instance.waitForDeployment();          // Set MinSum to a small value (e.g., 0.1 ether) to allow withdrawals     await instance.SetMinSum(ethers.parseEther(""0.1""));          // Initialize the contract     await instance.Initialized();          // User deposits 2 ether     const depositAmount = ethers.parseEther(""2"");     await instance.connect(user).Deposit({ value: depositAmount });          // Verify balance is 2 ether     expect(await instance.balances(user.address)).to.equal(depositAmount);          // User attempts to collect only 1 ether (less than full balance)     const withdrawAmount = ethers.parseEther(""1"");          // On the mutant, this should revert because balances[msg.sender] (2 ether) != _am (1 ether)     // On the original, this should succeed because balances[msg.sender] >= _am     await expect(       instance.connect(user).Collect(withdrawAmount)     ).to.be.reverted;          // Additional verification: balance should remain unchanged after failed attempt     expect(await instance.balances(user.address)).to.equal(depositAmount);   }); });","""['Error: syntax error']"""
md8d6a65e,ACCURAL_DEPOSIT,<generic-v6-scaffold>,Collect,live, - , + ,---|             balances[msg.sender] = (balances[msg.sender] - _am); +++|             balances[msg.sender] = (balances[msg.sender] + _am);,50,Mutant md8d6a65e of function Collect replaces - with +,"pragma solidity ^0.8.0; contract ACCURAL_DEPOSIT { mapping (address=>uint256) public balances; uint public MinSum = 1 ether; LogFile Log = LogFile(0x0486cF65A2F2F3A392CBEa398AFB7F5f0B72FF46); bool intitalized; function SetMinSum(uint _val) public { if(intitalized)revert(); MinSum = _val; } function SetLogFile(address _log) public { if(intitalized)revert(); Log = LogFile(_log); } function Initialized() public { intitalized = true; } function Deposit() public payable { require(((balances[msg.sender] + msg.value) >= balances[msg.sender])); balances[msg.sender]+= msg.value; Log.AddMessage(msg.sender,msg.value,""Put""); } function Collect(uint _am) public payable { if(balances[msg.sender]>=MinSum && balances[msg.sender]>=_am) { balances[msg.sender] = (balances[msg.sender] - _am); (bool _veri_ok,) = msg.sender.call{value: _am}(""""); if(_veri_ok) { Log.AddMessage(msg.sender,_am,""Collect""); } else {revert (); } } } receive() external payable { Deposit(); } } contract LogFile { struct Message { address Sender; string  Data; uint Val; uint  Time; } Message[] public History; Message LastMsg; function AddMessage(address _adr,uint _val,string memory _data) public { LastMsg.Sender = _adr; LastMsg.Time = block.timestamp; LastMsg.Val = _val; LastMsg.Data = _data; History.push(LastMsg); } }","import { expect } from ""chai""; import { ethers } from ""hardhat""; describe(""ACCURAL_DEPOSIT reference (ethers v6; deploy may require constructor arguments)"", function () { it(""deploy ACCURAL_DEPOSIT by supplying its REQUIRED constructor arguments (read them from the contract constructor), then call methods and assert; use ethers.parseEther, await (await tx).wait(), and expect(...).to.be.reverted"", async function () { const [owner, addr1, addr2] = await ethers.getSigners(); const Factory = await ethers.getContractFactory(""ACCURAL_DEPOSIT""); const instance = await Factory.deploy(...constructorArgs); await instance.waitForDeployment(); }); });",False,False,"import { expect } from ""chai""; import { ethers } } from ""hardhat"";  describe(""ACCURAL_DEPOSIT mutant kill test"", function () {   it(""should kill mutant md8d6a65e by verifying balance decreases on Collect"", async function () {     const [owner, user] = await ethers.getSigners();          // Deploy LogFile first (required by ACCURAL_DEPOSIT)     const LogFileFactory = await ethers.getContractFactory(""LogFile"");     const logFile = await LogFileFactory.deploy();     await logFile.waitForDeployment();          // Deploy ACCURAL_DEPOSIT with LogFile address     const Factory = await ethers.getContractFactory(""ACCURAL_DEPOSIT"");     const instance = await Factory.deploy();     await instance.waitForDeployment();          // Set LogFile address and initialize     await instance.connect(owner).SetLogFile(await logFile.getAddress());     await instance.connect(owner).Initialized();          // Set MinSum to 0 for easy testing     await instance.connect(owner).SetMinSum(0);          // Deposit 2 ether from user     const depositAmount = ethers.parseEther(""2"");     await instance.connect(user).Deposit({ value: depositAmount });          // Check balance after deposit     let balance = await instance.balances(user.address);     expect(balance).to.equal(depositAmount);          // Collect 1 ether     const collectAmount = ethers.parseEther(""1"");     const tx = await instance.connect(user).Collect(collectAmount, { gasLimit: 1000000 });     await tx.wait();          // In the original contract, balance should be 1 ether (2 - 1)     // In the mutant, balance would be 3 ether (2 + 1) - this will kill the mutant     balance = await instance.balances(user.address);     expect(balance).to.equal(ethers.parseEther(""1""));   }); });","""['Error: syntax error']"""
m77da2060,ACCURAL_DEPOSIT,<generic-v6-scaffold>,Collect,live, - , / ,---|             balances[msg.sender] = (balances[msg.sender] - _am); +++|             balances[msg.sender] = (balances[msg.sender] / _am);,50,Mutant m77da2060 of function Collect replaces - with /,"pragma solidity ^0.8.0; contract ACCURAL_DEPOSIT { mapping (address=>uint256) public balances; uint public MinSum = 1 ether; LogFile Log = LogFile(0x0486cF65A2F2F3A392CBEa398AFB7F5f0B72FF46); bool intitalized; function SetMinSum(uint _val) public { if(intitalized)revert(); MinSum = _val; } function SetLogFile(address _log) public { if(intitalized)revert(); Log = LogFile(_log); } function Initialized() public { intitalized = true; } function Deposit() public payable { require(((balances[msg.sender] + msg.value) >= balances[msg.sender])); balances[msg.sender]+= msg.value; Log.AddMessage(msg.sender,msg.value,""Put""); } function Collect(uint _am) public payable { if(balances[msg.sender]>=MinSum && balances[msg.sender]>=_am) { balances[msg.sender] = (balances[msg.sender] - _am); (bool _veri_ok,) = msg.sender.call{value: _am}(""""); if(_veri_ok) { Log.AddMessage(msg.sender,_am,""Collect""); } else {revert (); } } } receive() external payable { Deposit(); } } contract LogFile { struct Message { address Sender; string  Data; uint Val; uint  Time; } Message[] public History; Message LastMsg; function AddMessage(address _adr,uint _val,string memory _data) public { LastMsg.Sender = _adr; LastMsg.Time = block.timestamp; LastMsg.Val = _val; LastMsg.Data = _data; History.push(LastMsg); } }","import { expect } from ""chai""; import { ethers } from ""hardhat""; describe(""ACCURAL_DEPOSIT reference (ethers v6; deploy may require constructor arguments)"", function () { it(""deploy ACCURAL_DEPOSIT by supplying its REQUIRED constructor arguments (read them from the contract constructor), then call methods and assert; use ethers.parseEther, await (await tx).wait(), and expect(...).to.be.reverted"", async function () { const [owner, addr1, addr2] = await ethers.getSigners(); const Factory = await ethers.getContractFactory(""ACCURAL_DEPOSIT""); const instance = await Factory.deploy(...constructorArgs); await instance.waitForDeployment(); }); });",False,False,"import { expect } from ""chai""; import { ethers } from ""hardhat"";  describe(""ACCURAL_DEPOSIT mutant kill test - m77da2060"", function () {   it(""should kill mutant that replaces subtraction with division in Collect"", async function () {     const [owner, user] = await ethers.getSigners();          // Deploy LogFile first (no constructor args needed based on contract code)     const LogFileFactory = await ethers.getContractFactory(""LogFile"");     const logFile = await LogFileFactory.deploy();     await logFile.waitForDeployment();          // Deploy ACCURAL_DEPOSIT (no constructor args, but needs Log address set)     const Factory = await ethers.getContractFactory(""ACCURAL_DEPOSIT"");     const instance = await Factory.deploy();     await instance.waitForDeployment();          // Set the LogFile address (callable before initialization)     await instance.SetLogFile(await logFile.getAddress());          // Initialize the contract     await instance.Initialized();          // Set MinSum to a low value so Collect can be called     await instance.SetMinSum(ethers.parseEther(""0.1""));          // User deposits 10 ether     const depositAmount = ethers.parseEther(""10"");     await instance.connect(user).Deposit({ value: depositAmount });          // Verify initial balance     expect(await instance.balances(user.address)).to.equal(depositAmount);          // User calls Collect with their full balance (10 ether)     // In original: balance becomes 0 (10 - 10 = 0)     // In mutant: balance becomes 1 (10 / 10 = 1) - this should fail the test     await instance.connect(user).Collect(depositAmount);          // Assert that the balance is ZERO after collecting full amount     // This will pass on original but fail on mutant (mutant leaves 1 wei due to division)     expect(await instance.balances(user.address)).to.equal(0);   }); });","""['Error: syntax error']"""
m77c33f83,ACCURAL_DEPOSIT,<generic-v6-scaffold>,SetMinSum,live,intitalized,true,---|         if(intitalized)revert(); +++|         if(true)revert();,17,Mutant m77c33f83 of function SetMinSum replaces intitalized with true,"pragma solidity ^0.8.0; contract ACCURAL_DEPOSIT { mapping (address=>uint256) public balances; uint public MinSum = 1 ether; LogFile Log = LogFile(0x0486cF65A2F2F3A392CBEa398AFB7F5f0B72FF46); bool intitalized; function SetMinSum(uint _val) public { if(intitalized)revert(); MinSum = _val; } function SetLogFile(address _log) public { if(intitalized)revert(); Log = LogFile(_log); } function Initialized() public { intitalized = true; } function Deposit() public payable { require(((balances[msg.sender] + msg.value) >= balances[msg.sender])); balances[msg.sender]+= msg.value; Log.AddMessage(msg.sender,msg.value,""Put""); } function Collect(uint _am) public payable { if(balances[msg.sender]>=MinSum && balances[msg.sender]>=_am) { balances[msg.sender] = (balances[msg.sender] - _am); (bool _veri_ok,) = msg.sender.call{value: _am}(""""); if(_veri_ok) { Log.AddMessage(msg.sender,_am,""Collect""); } else {revert (); } } } receive() external payable { Deposit(); } } contract LogFile { struct Message { address Sender; string  Data; uint Val; uint  Time; } Message[] public History; Message LastMsg; function AddMessage(address _adr,uint _val,string memory _data) public { LastMsg.Sender = _adr; LastMsg.Time = block.timestamp; LastMsg.Val = _val; LastMsg.Data = _data; History.push(LastMsg); } }","import { expect } from ""chai""; import { ethers } from ""hardhat""; describe(""ACCURAL_DEPOSIT reference (ethers v6; deploy may require constructor arguments)"", function () { it(""deploy ACCURAL_DEPOSIT by supplying its REQUIRED constructor arguments (read them from the contract constructor), then call methods and assert; use ethers.parseEther, await (await tx).wait(), and expect(...).to.be.reverted"", async function () { const [owner, addr1, addr2] = await ethers.getSigners(); const Factory = await ethers.getContractFactory(""ACCURAL_DEPOSIT""); const instance = await Factory.deploy(...constructorArgs); await instance.waitForDeployment(); }); });",False,False,"import { expect } from ""chai""; import { ethers } from ""hardhat"";  describe(""ACCURAL_DEPOSIT - kill mutant m77c33f83 (SetMinSum always reverts)"", function () {   it(""should allow SetMinSum before Initialized is called"", async function () {     const [owner] = await ethers.getSigners();     const Factory = await ethers.getContractFactory(""ACCURAL_DEPOSIT"");     // No constructor arguments needed for ACCURAL_DEPOSIT     const instance = await Factory.deploy();     await instance.waitForDeployment();      const newMinSum = ethers.parseEther(""2"");          // Before Initialized() is called, SetMinSum should succeed on original     await expect(instance.SetMinSum(newMinSum)).to.not.be.reverted;          // Verify the value was set correctly     expect(await instance.MinSum()).to.equal(newMinSum);   }); });","""['Error: syntax error']"""
m28efc1eb,ACCURAL_DEPOSIT,<generic-v6-scaffold>,SetMinSum,live,intitalized,false,---|         if(intitalized)revert(); +++|         if(false)revert();,17,Mutant m28efc1eb of function SetMinSum replaces intitalized with false,"pragma solidity ^0.8.0; contract ACCURAL_DEPOSIT { mapping (address=>uint256) public balances; uint public MinSum = 1 ether; LogFile Log = LogFile(0x0486cF65A2F2F3A392CBEa398AFB7F5f0B72FF46); bool intitalized; function SetMinSum(uint _val) public { if(intitalized)revert(); MinSum = _val; } function SetLogFile(address _log) public { if(intitalized)revert(); Log = LogFile(_log); } function Initialized() public { intitalized = true; } function Deposit() public payable { require(((balances[msg.sender] + msg.value) >= balances[msg.sender])); balances[msg.sender]+= msg.value; Log.AddMessage(msg.sender,msg.value,""Put""); } function Collect(uint _am) public payable { if(balances[msg.sender]>=MinSum && balances[msg.sender]>=_am) { balances[msg.sender] = (balances[msg.sender] - _am); (bool _veri_ok,) = msg.sender.call{value: _am}(""""); if(_veri_ok) { Log.AddMessage(msg.sender,_am,""Collect""); } else {revert (); } } } receive() external payable { Deposit(); } } contract LogFile { struct Message { address Sender; string  Data; uint Val; uint  Time; } Message[] public History; Message LastMsg; function AddMessage(address _adr,uint _val,string memory _data) public { LastMsg.Sender = _adr; LastMsg.Time = block.timestamp; LastMsg.Val = _val; LastMsg.Data = _data; History.push(LastMsg); } }","import { expect } from ""chai""; import { ethers } from ""hardhat""; describe(""ACCURAL_DEPOSIT reference (ethers v6; deploy may require constructor arguments)"", function () { it(""deploy ACCURAL_DEPOSIT by supplying its REQUIRED constructor arguments (read them from the contract constructor), then call methods and assert; use ethers.parseEther, await (await tx).wait(), and expect(...).to.be.reverted"", async function () { const [owner, addr1, addr2] = await ethers.getSigners(); const Factory = await ethers.getContractFactory(""ACCURAL_DEPOSIT""); const instance = await Factory.deploy(...constructorArgs); await instance.waitForDeployment(); }); });",False,False,"import { expect } from ""chai""; import { ethers } from ""hardhat"";  describe(""ACCURAL_DEPOSIT mutant m28efc1eb detection"", function () {   it(""should kill mutant by detecting that SetMinSum can be called after initialization"", async function () {     const [owner] = await ethers.getSigners();     const Factory = await ethers.getContractFactory(""ACCURAL_DEPOSIT"");     const instance = await Factory.deploy();     await instance.waitForDeployment();      // Initial MinSum is 1 ether     const initialMinSum = await instance.MinSum();     expect(initialMinSum).to.equal(ethers.parseEther(""1""));      // Call Initialized() to set intitalized = true     await (await instance.Initialized()).wait();      // Try to call SetMinSum with a new value - this should revert in original     // but succeed in mutant because guard is disabled     const newMinSum = ethers.parseEther(""2"");          // In the original contract this would revert, but in the mutant it succeeds     await (await instance.SetMinSum(newMinSum)).wait();      // Verify the value was actually changed (mutant allows this after initialization)     const updatedMinSum = await instance.MinSum();     expect(updatedMinSum).to.equal(newMinSum);   }); });","""['Error: syntax error']"""
mb87ee182,ACCURAL_DEPOSIT,<generic-v6-scaffold>,SetLogFile,live,intitalized,true,---|         if(intitalized)revert(); +++|         if(true)revert();,24,Mutant mb87ee182 of function SetLogFile replaces intitalized with true,"pragma solidity ^0.8.0; contract ACCURAL_DEPOSIT { mapping (address=>uint256) public balances; uint public MinSum = 1 ether; LogFile Log = LogFile(0x0486cF65A2F2F3A392CBEa398AFB7F5f0B72FF46); bool intitalized; function SetMinSum(uint _val) public { if(intitalized)revert(); MinSum = _val; } function SetLogFile(address _log) public { if(intitalized)revert(); Log = LogFile(_log); } function Initialized() public { intitalized = true; } function Deposit() public payable { require(((balances[msg.sender] + msg.value) >= balances[msg.sender])); balances[msg.sender]+= msg.value; Log.AddMessage(msg.sender,msg.value,""Put""); } function Collect(uint _am) public payable { if(balances[msg.sender]>=MinSum && balances[msg.sender]>=_am) { balances[msg.sender] = (balances[msg.sender] - _am); (bool _veri_ok,) = msg.sender.call{value: _am}(""""); if(_veri_ok) { Log.AddMessage(msg.sender,_am,""Collect""); } else {revert (); } } } receive() external payable { Deposit(); } } contract LogFile { struct Message { address Sender; string  Data; uint Val; uint  Time; } Message[] public History; Message LastMsg; function AddMessage(address _adr,uint _val,string memory _data) public { LastMsg.Sender = _adr; LastMsg.Time = block.timestamp; LastMsg.Val = _val; LastMsg.Data = _data; History.push(LastMsg); } }","import { expect } from ""chai""; import { ethers } from ""hardhat""; describe(""ACCURAL_DEPOSIT reference (ethers v6; deploy may require constructor arguments)"", function () { it(""deploy ACCURAL_DEPOSIT by supplying its REQUIRED constructor arguments (read them from the contract constructor), then call methods and assert; use ethers.parseEther, await (await tx).wait(), and expect(...).to.be.reverted"", async function () { const [owner, addr1, addr2] = await ethers.getSigners(); const Factory = await ethers.getContractFactory(""ACCURAL_DEPOSIT""); const instance = await Factory.deploy(...constructorArgs); await instance.waitForDeployment(); }); });",False,False,"import { expect } from ""chai""; import { ethers } from ""hardhat"";  describe(""ACCURAL_DEPOSIT mutant kill test for SetLogFile"", function () {   it(""should succeed calling SetLogFile before Initialized in original, but revert in mutant"", async function () {     const [owner] = await ethers.getSigners();     const Factory = await ethers.getContractFactory(""ACCURAL_DEPOSIT"");     const instance = await Factory.deploy();     await instance.waitForDeployment();      // Test: calling SetLogFile before Initialized should succeed in original     // but in the mutant (if(true)revert) it will always revert     const testAddress = ""0x0486cF65A2F2F3A392CBEa398AFB7F5f0B72FF46"";     const tx = instance.SetLogFile(testAddress);          // If the mutant is present, this call will revert; if original, it succeeds     await expect(tx).to.not.be.reverted;          // Verify the Log was actually set to confirm original behavior     const logAddress = await instance.Log();     expect(logAddress).to.equal(testAddress);   }); });","""['Error: syntax error']"""
m00c237b8,ACCURAL_DEPOSIT,<generic-v6-scaffold>,SetLogFile,live,intitalized,false,---|         if(intitalized)revert(); +++|         if(false)revert();,24,Mutant m00c237b8 of function SetLogFile replaces intitalized with false,"pragma solidity ^0.8.0; contract ACCURAL_DEPOSIT { mapping (address=>uint256) public balances; uint public MinSum = 1 ether; LogFile Log = LogFile(0x0486cF65A2F2F3A392CBEa398AFB7F5f0B72FF46); bool intitalized; function SetMinSum(uint _val) public { if(intitalized)revert(); MinSum = _val; } function SetLogFile(address _log) public { if(intitalized)revert(); Log = LogFile(_log); } function Initialized() public { intitalized = true; } function Deposit() public payable { require(((balances[msg.sender] + msg.value) >= balances[msg.sender])); balances[msg.sender]+= msg.value; Log.AddMessage(msg.sender,msg.value,""Put""); } function Collect(uint _am) public payable { if(balances[msg.sender]>=MinSum && balances[msg.sender]>=_am) { balances[msg.sender] = (balances[msg.sender] - _am); (bool _veri_ok,) = msg.sender.call{value: _am}(""""); if(_veri_ok) { Log.AddMessage(msg.sender,_am,""Collect""); } else {revert (); } } } receive() external payable { Deposit(); } } contract LogFile { struct Message { address Sender; string  Data; uint Val; uint  Time; } Message[] public History; Message LastMsg; function AddMessage(address _adr,uint _val,string memory _data) public { LastMsg.Sender = _adr; LastMsg.Time = block.timestamp; LastMsg.Val = _val; LastMsg.Data = _data; History.push(LastMsg); } }","import { expect } from ""chai""; import { ethers } from ""hardhat""; describe(""ACCURAL_DEPOSIT reference (ethers v6; deploy may require constructor arguments)"", function () { it(""deploy ACCURAL_DEPOSIT by supplying its REQUIRED constructor arguments (read them from the contract constructor), then call methods and assert; use ethers.parseEther, await (await tx).wait(), and expect(...).to.be.reverted"", async function () { const [owner, addr1, addr2] = await ethers.getSigners(); const Factory = await ethers.getContractFactory(""ACCURAL_DEPOSIT""); const instance = await Factory.deploy(...constructorArgs); await instance.waitForDeployment(); }); });",False,False,"import { expect } from ""chai""; import { ethers } from ""hardhat"";  describe(""ACCURAL_DEPOSIT mutant kill test - m00c237b8"", function () {     it(""should revert SetLogFile after initialization (mutant fails to revert)"", async function () {         const [owner] = await ethers.getSigners();                  // Deploy ACCURAL_DEPOSIT (no constructor arguments needed)         const Factory = await ethers.getContractFactory(""ACCURAL_DEPOSIT"");         const instance = await Factory.deploy();         await instance.waitForDeployment();                  // First, initialize the contract         await instance.Initialized();                  // Attempt to call SetLogFile after initialization - should revert in original         // but in mutant the guard is broken (if(false)revert()) so it will succeed         await expect(             instance.SetLogFile(""0x0000000000000000000000000000000000000001"")         ).to.be.reverted;     }); });","""['Error: syntax error']"""
md46265ab,ACCURAL_DEPOSIT,<generic-v6-scaffold>,Collect,live,balances[msg.sender]>=MinSum && balances[msg.sender]>=_am,true,---|         if(balances[msg.sender]>=MinSum && balances[msg.sender]>=_am) +++|         if(true),47,Mutant md46265ab of function Collect replaces balances[msg.sender]>=MinSum && balances[msg.sender]>=_am with true,"pragma solidity ^0.8.0; contract ACCURAL_DEPOSIT { mapping (address=>uint256) public balances; uint public MinSum = 1 ether; LogFile Log = LogFile(0x0486cF65A2F2F3A392CBEa398AFB7F5f0B72FF46); bool intitalized; function SetMinSum(uint _val) public { if(intitalized)revert(); MinSum = _val; } function SetLogFile(address _log) public { if(intitalized)revert(); Log = LogFile(_log); } function Initialized() public { intitalized = true; } function Deposit() public payable { require(((balances[msg.sender] + msg.value) >= balances[msg.sender])); balances[msg.sender]+= msg.value; Log.AddMessage(msg.sender,msg.value,""Put""); } function Collect(uint _am) public payable { if(balances[msg.sender]>=MinSum && balances[msg.sender]>=_am) { balances[msg.sender] = (balances[msg.sender] - _am); (bool _veri_ok,) = msg.sender.call{value: _am}(""""); if(_veri_ok) { Log.AddMessage(msg.sender,_am,""Collect""); } else {revert (); } } } receive() external payable { Deposit(); } } contract LogFile { struct Message { address Sender; string  Data; uint Val; uint  Time; } Message[] public History; Message LastMsg; function AddMessage(address _adr,uint _val,string memory _data) public { LastMsg.Sender = _adr; LastMsg.Time = block.timestamp; LastMsg.Val = _val; LastMsg.Data = _data; History.push(LastMsg); } }","import { expect } from ""chai""; import { ethers } from ""hardhat""; describe(""ACCURAL_DEPOSIT reference (ethers v6; deploy may require constructor arguments)"", function () { it(""deploy ACCURAL_DEPOSIT by supplying its REQUIRED constructor arguments (read them from the contract constructor), then call methods and assert; use ethers.parseEther, await (await tx).wait(), and expect(...).to.be.reverted"", async function () { const [owner, addr1, addr2] = await ethers.getSigners(); const Factory = await ethers.getContractFactory(""ACCURAL_DEPOSIT""); const instance = await Factory.deploy(...constructorArgs); await instance.waitForDeployment(); }); });",False,False,"import { expect } from ""chai""; import { ethers } from ""hardhat"";  describe(""ACCURAL_DEPOSIT mutant kill test"", function () {   it(""should revert when user with insufficient balance tries to Collect"", async function () {     const [owner, user] = await ethers.getSigners();          // Deploy LogFile first (no constructor arguments needed)     const LogFileFactory = await ethers.getContractFactory(""LogFile"");     const logFile = await LogFileFactory.deploy();     await logFile.waitForDeployment();          // Deploy ACCURAL_DEPOSIT (no constructor arguments)     const Factory = await ethers.getContractFactory(""ACCURAL_DEPOSIT"");     const instance = await Factory.deploy();     await instance.waitForDeployment();          // Set the LogFile address (required for Deposit/Collect to work)     await instance.connect(owner).SetLogFile(await logFile.getAddress());          // Initialize the contract (set intitalized to true, so SetMinSum can't be called again)     await instance.connect(owner).Initialized();          // Set MinSum to 1 ether (default value)     // No need to call SetMinSum since MinSum is already 1 ether          // User deposits less than MinSum (e.g., 0.5 ether)     const depositAmount = ethers.parseEther(""0.5"");     await instance.connect(user).Deposit({ value: depositAmount });          // Verify user balance is less than MinSum and less than withdrawal amount     const userBalance = await instance.balances(user.address);     expect(userBalance).to.equal(depositAmount);          // Try to Collect more than balance and less than MinSum - should revert in original     const withdrawAmount = ethers.parseEther(""0.6"");     await expect(       instance.connect(user).Collect(withdrawAmount)     ).to.be.reverted;   }); });","""['Error: syntax error']"""
mefcf206c,ACCURAL_DEPOSIT,<generic-v6-scaffold>,Collect,live,balances[msg.sender]>=MinSum && balances[msg.sender]>=_am,false,---|         if(balances[msg.sender]>=MinSum && balances[msg.sender]>=_am) +++|         if(false),47,Mutant mefcf206c of function Collect replaces balances[msg.sender]>=MinSum && balances[msg.sender]>=_am with false,"pragma solidity ^0.8.0; contract ACCURAL_DEPOSIT { mapping (address=>uint256) public balances; uint public MinSum = 1 ether; LogFile Log = LogFile(0x0486cF65A2F2F3A392CBEa398AFB7F5f0B72FF46); bool intitalized; function SetMinSum(uint _val) public { if(intitalized)revert(); MinSum = _val; } function SetLogFile(address _log) public { if(intitalized)revert(); Log = LogFile(_log); } function Initialized() public { intitalized = true; } function Deposit() public payable { require(((balances[msg.sender] + msg.value) >= balances[msg.sender])); balances[msg.sender]+= msg.value; Log.AddMessage(msg.sender,msg.value,""Put""); } function Collect(uint _am) public payable { if(balances[msg.sender]>=MinSum && balances[msg.sender]>=_am) { balances[msg.sender] = (balances[msg.sender] - _am); (bool _veri_ok,) = msg.sender.call{value: _am}(""""); if(_veri_ok) { Log.AddMessage(msg.sender,_am,""Collect""); } else {revert (); } } } receive() external payable { Deposit(); } } contract LogFile { struct Message { address Sender; string  Data; uint Val; uint  Time; } Message[] public History; Message LastMsg; function AddMessage(address _adr,uint _val,string memory _data) public { LastMsg.Sender = _adr; LastMsg.Time = block.timestamp; LastMsg.Val = _val; LastMsg.Data = _data; History.push(LastMsg); } }","import { expect } from ""chai""; import { ethers } from ""hardhat""; describe(""ACCURAL_DEPOSIT reference (ethers v6; deploy may require constructor arguments)"", function () { it(""deploy ACCURAL_DEPOSIT by supplying its REQUIRED constructor arguments (read them from the contract constructor), then call methods and assert; use ethers.parseEther, await (await tx).wait(), and expect(...).to.be.reverted"", async function () { const [owner, addr1, addr2] = await ethers.getSigners(); const Factory = await ethers.getContractFactory(""ACCURAL_DEPOSIT""); const instance = await Factory.deploy(...constructorArgs); await instance.waitForDeployment(); }); });",False,False,"import { expect } from ""chai""; import { ethers } from ""hardhat"";  describe(""ACCURAL_DEPOSIT mutant test for mefcf206c"", function () {   it(""should kill the mutant by succeeding on Collect when condition is met"", async function () {     const [owner, addr1] = await ethers.getSigners();          // Deploy LogFile first (no constructor arguments needed)     const LogFileFactory = await ethers.getContractFactory(""LogFile"");     const logFile = await LogFileFactory.deploy();     await logFile.waitForDeployment();          // Deploy ACCURAL_DEPOSIT with LogFile address as constructor argument     const Factory = await ethers.getContractFactory(""ACCURAL_DEPOSIT"");     const instance = await Factory.deploy(await logFile.getAddress());     await instance.waitForDeployment();          // Set MinSum to 1 ether (default) - no need to call SetMinSum          // Initialize the contract (call Initialized to allow operations)     await instance.connect(owner).Initialized();          // Deposit exactly 2 ether from addr1 (more than MinSum of 1 ether)     const depositAmount = ethers.parseEther(""2"");     await instance.connect(addr1).deposit({ value: depositAmount });          // Check balance is correct     expect(await instance.balances(addr1.address)).to.equal(depositAmount);          // Now call Collect with 1 ether (valid: balance >= MinSum and balance >= _am)     const collectAmount = ethers.parseEther(""1"");          // On original: succeeds, on mutant: reverts due to false condition     // We expect it to succeed, so mutant will fail (revert) killing it     await expect(       instance.connect(addr1).Collect(collectAmount)     ).to.not.be.reverted;          // Verify balance decreased correctly     expect(await instance.balances(addr1.address)).to.equal(       depositAmount - collectAmount     );   }); });","""['Error: syntax error']"""
m333425f9,ACCURAL_DEPOSIT,<generic-v6-scaffold>,Collect,live,_veri_ok,true,---|             if(_veri_ok) +++|             if(true),52,Mutant m333425f9 of function Collect replaces _veri_ok with true,"pragma solidity ^0.8.0; contract ACCURAL_DEPOSIT { mapping (address=>uint256) public balances; uint public MinSum = 1 ether; LogFile Log = LogFile(0x0486cF65A2F2F3A392CBEa398AFB7F5f0B72FF46); bool intitalized; function SetMinSum(uint _val) public { if(intitalized)revert(); MinSum = _val; } function SetLogFile(address _log) public { if(intitalized)revert(); Log = LogFile(_log); } function Initialized() public { intitalized = true; } function Deposit() public payable { require(((balances[msg.sender] + msg.value) >= balances[msg.sender])); balances[msg.sender]+= msg.value; Log.AddMessage(msg.sender,msg.value,""Put""); } function Collect(uint _am) public payable { if(balances[msg.sender]>=MinSum && balances[msg.sender]>=_am) { balances[msg.sender] = (balances[msg.sender] - _am); (bool _veri_ok,) = msg.sender.call{value: _am}(""""); if(_veri_ok) { Log.AddMessage(msg.sender,_am,""Collect""); } else {revert (); } } } receive() external payable { Deposit(); } } contract LogFile { struct Message { address Sender; string  Data; uint Val; uint  Time; } Message[] public History; Message LastMsg; function AddMessage(address _adr,uint _val,string memory _data) public { LastMsg.Sender = _adr; LastMsg.Time = block.timestamp; LastMsg.Val = _val; LastMsg.Data = _data; History.push(LastMsg); } }","import { expect } from ""chai""; import { ethers } from ""hardhat""; describe(""ACCURAL_DEPOSIT reference (ethers v6; deploy may require constructor arguments)"", function () { it(""deploy ACCURAL_DEPOSIT by supplying its REQUIRED constructor arguments (read them from the contract constructor), then call methods and assert; use ethers.parseEther, await (await tx).wait(), and expect(...).to.be.reverted"", async function () { const [owner, addr1, addr2] = await ethers.getSigners(); const Factory = await ethers.getContractFactory(""ACCURAL_DEPOSIT""); const instance = await Factory.deploy(...constructorArgs); await instance.waitForDeployment(); }); });",False,False,"import { expect } from ""chai""; import { ethers } from ""hardhat"";  describe(""ACCURAL_DEPOSIT mutant test - m333425f9"", function () {   it(""should kill mutant by checking that Collect reverts when transfer fails and no log is added"", async function () {     const [owner, attacker] = await ethers.getSigners();          // Deploy LogFile first (it has no constructor args)     const LogFileFactory = await ethers.getContractFactory(""LogFile"");     const logFile = await LogFileFactory.deploy();     await logFile.waitForDeployment();          // Deploy ACCURAL_DEPOSIT with the LogFile address     const Factory = await ethers.getContractFactory(""ACCURAL_DEPOSIT"");     const instance = await Factory.deploy();     await instance.waitForDeployment();          // Set the LogFile address (owner calls SetLogFile before initialization)     await instance.connect(owner).SetLogFile(await logFile.getAddress());          // Set MinSum to 0 to make collecting easier     await instance.connect(owner).SetMinSum(0);          // Initialize the contract     await instance.connect(owner).Initialized();          // Deploy a malicious contract that rejects Ether     const RejectorFactory = await ethers.getContractFactory(""Rejector"");     const rejector = await RejectorFactory.deploy();     await rejector.waitForDeployment();          // Fund the rejector contract so it has balance to call Collect     await owner.sendTransaction({       to: await rejector.getAddress(),       value: ethers.parseEther(""10"")     });          // Have the rejector deposit some Ether into ACCURAL_DEPOSIT     await rejector.connect(owner).deposit(await instance.getAddress(), { value: ethers.parseEther(""5"") });          // Get initial history length     const initialHistoryLength = await logFile.History.length;          // Now have the rejector attempt to collect - this should revert because the rejector rejects Ether     await expect(       rejector.connect(owner).collect(await instance.getAddress(), ethers.parseEther(""1""))     ).to.be.reverted;          // Verify no new log entry was added (mutant would have added one despite revert)     const finalHistoryLength = await logFile.History.length;     expect(finalHistoryLength).to.equal(initialHistoryLength);   }); });  // Helper contract that rejects incoming Ether contract Rejector {   function deposit(address accuralDeposit) external payable {     (bool success, ) = accuralDeposit.call{value: msg.value}("""");     require(success, ""Deposit failed"");   }      function collect(address accuralDeposit, uint256 amount) external {     (bool success, ) = accuralDeposit.call(       abi.encodeWithSignature(""Collect(uint256)"", amount)     );     require(success, ""Collect failed"");   }      receive() external payable {     revert(""I reject Ether"");   } }","""['Error: syntax error']"""
mb76d7afe,ACCURAL_DEPOSIT,<generic-v6-scaffold>,Collect,live,_veri_ok,false,---|             if(_veri_ok) +++|             if(false),52,Mutant mb76d7afe of function Collect replaces _veri_ok with false,"pragma solidity ^0.8.0; contract ACCURAL_DEPOSIT { mapping (address=>uint256) public balances; uint public MinSum = 1 ether; LogFile Log = LogFile(0x0486cF65A2F2F3A392CBEa398AFB7F5f0B72FF46); bool intitalized; function SetMinSum(uint _val) public { if(intitalized)revert(); MinSum = _val; } function SetLogFile(address _log) public { if(intitalized)revert(); Log = LogFile(_log); } function Initialized() public { intitalized = true; } function Deposit() public payable { require(((balances[msg.sender] + msg.value) >= balances[msg.sender])); balances[msg.sender]+= msg.value; Log.AddMessage(msg.sender,msg.value,""Put""); } function Collect(uint _am) public payable { if(balances[msg.sender]>=MinSum && balances[msg.sender]>=_am) { balances[msg.sender] = (balances[msg.sender] - _am); (bool _veri_ok,) = msg.sender.call{value: _am}(""""); if(_veri_ok) { Log.AddMessage(msg.sender,_am,""Collect""); } else {revert (); } } } receive() external payable { Deposit(); } } contract LogFile { struct Message { address Sender; string  Data; uint Val; uint  Time; } Message[] public History; Message LastMsg; function AddMessage(address _adr,uint _val,string memory _data) public { LastMsg.Sender = _adr; LastMsg.Time = block.timestamp; LastMsg.Val = _val; LastMsg.Data = _data; History.push(LastMsg); } }","import { expect } from ""chai""; import { ethers } from ""hardhat""; describe(""ACCURAL_DEPOSIT reference (ethers v6; deploy may require constructor arguments)"", function () { it(""deploy ACCURAL_DEPOSIT by supplying its REQUIRED constructor arguments (read them from the contract constructor), then call methods and assert; use ethers.parseEther, await (await tx).wait(), and expect(...).to.be.reverted"", async function () { const [owner, addr1, addr2] = await ethers.getSigners(); const Factory = await ethers.getContractFactory(""ACCURAL_DEPOSIT""); const instance = await Factory.deploy(...constructorArgs); await instance.waitForDeployment(); }); });",False,False,"import { expect } from ""chai""; import { ethers } from ""hardhat"";  describe(""ACCURAL_DEPOSIT mutant mb76d7afe test"", function () {   it(""should kill the mutant by verifying Collect succeeds and logs when it should"", async function () {     const [owner, user] = await ethers.getSigners();          // Deploy the LogFile contract first (no constructor args)     const LogFactory = await ethers.getContractFactory(""LogFile"");     const logInstance = await LogFactory.deploy();     await logInstance.waitForDeployment();     const logAddress = await logInstance.getAddress();      // Deploy ACCURAL_DEPOSIT (no constructor args)     const Factory = await ethers.getContractFactory(""ACCURAL_DEPOSIT"");     const instance = await Factory.deploy();     await instance.waitForDeployment();     const contractAddress = await instance.getAddress();      // Set the LogFile address     await instance.connect(owner).SetLogFile(logAddress);          // Set MinSum to a low value so user can collect     await instance.connect(owner).SetMinSum(ethers.parseEther(""0.001""));          // Initialize the contract     await instance.connect(owner).Initialized();      // User deposits 1 ether     await instance.connect(user).Deposit({ value: ethers.parseEther(""1"") });          // Verify balance is correct     const balanceBefore = await instance.balances(user.address);     expect(balanceBefore).to.equal(ethers.parseEther(""1""));      // User calls Collect with 0.5 ether (should succeed)     await expect(       instance.connect(user).Collect(ethers.parseEther(""0.5""), { value: 0 })     ).to.not.be.reverted;      // Verify the balance decreased     const balanceAfter = await instance.balances(user.address);     expect(balanceAfter).to.equal(ethers.parseEther(""0.5""));      // Verify that a log message was added to the LogFile     const historyLength = await logInstance.History.length;     expect(historyLength).to.equal(2); // One from Deposit, one from Collect   }); });","""['Error: syntax error']"""
m6ea85a0a,ACCURAL_DEPOSIT,<generic-v6-scaffold>,Collect,live,else {revert (); },,---|             } else {revert (); } +++|             },56,Mutant m6ea85a0a of function Collect replaces else {revert (); } with ,"pragma solidity ^0.8.0; contract ACCURAL_DEPOSIT { mapping (address=>uint256) public balances; uint public MinSum = 1 ether; LogFile Log = LogFile(0x0486cF65A2F2F3A392CBEa398AFB7F5f0B72FF46); bool intitalized; function SetMinSum(uint _val) public { if(intitalized)revert(); MinSum = _val; } function SetLogFile(address _log) public { if(intitalized)revert(); Log = LogFile(_log); } function Initialized() public { intitalized = true; } function Deposit() public payable { require(((balances[msg.sender] + msg.value) >= balances[msg.sender])); balances[msg.sender]+= msg.value; Log.AddMessage(msg.sender,msg.value,""Put""); } function Collect(uint _am) public payable { if(balances[msg.sender]>=MinSum && balances[msg.sender]>=_am) { balances[msg.sender] = (balances[msg.sender] - _am); (bool _veri_ok,) = msg.sender.call{value: _am}(""""); if(_veri_ok) { Log.AddMessage(msg.sender,_am,""Collect""); } else {revert (); } } } receive() external payable { Deposit(); } } contract LogFile { struct Message { address Sender; string  Data; uint Val; uint  Time; } Message[] public History; Message LastMsg; function AddMessage(address _adr,uint _val,string memory _data) public { LastMsg.Sender = _adr; LastMsg.Time = block.timestamp; LastMsg.Val = _val; LastMsg.Data = _data; History.push(LastMsg); } }","import { expect } from ""chai""; import { ethers } from ""hardhat""; describe(""ACCURAL_DEPOSIT reference (ethers v6; deploy may require constructor arguments)"", function () { it(""deploy ACCURAL_DEPOSIT by supplying its REQUIRED constructor arguments (read them from the contract constructor), then call methods and assert; use ethers.parseEther, await (await tx).wait(), and expect(...).to.be.reverted"", async function () { const [owner, addr1, addr2] = await ethers.getSigners(); const Factory = await ethers.getContractFactory(""ACCURAL_DEPOSIT""); const instance = await Factory.deploy(...constructorArgs); await instance.waitForDeployment(); }); });",False,False,"import { expect } from ""chai""; import { ethers } from ""hardhat"";  describe(""ACCURAL_DEPOSIT mutant m6ea85a0a test"", function () {   it(""should revert when Collect fails to send ether to a rejecting contract"", async function () {     const [owner, user] = await ethers.getSigners();          // Deploy the ACCURAL_DEPOSIT contract (no constructor arguments)     const Factory = await ethers.getContractFactory(""ACCURAL_DEPOSIT"");     const instance = await Factory.deploy();     await instance.waitForDeployment();          // Deploy a simple contract that rejects ether     const RejectorFactory = await ethers.getContractFactory(""contract Rejector { receive() external payable { revert(); } }"");     const rejector = await RejectorFactory.deploy();     await rejector.waitForDeployment();          const rejectorAddress = await rejector.getAddress();     const instanceAddress = await instance.getAddress();          // Send ether to user so they have balance     await owner.sendTransaction({       to: rejectorAddress,       value: ethers.parseEther(""10"")     });          // User deposits ether into ACCURAL_DEPOSIT     await instance.connect(user).Deposit({ value: ethers.parseEther(""5"") });          // Set MinSum to allow withdrawal     await instance.SetMinSum(ethers.parseEther(""1""));          // Initialize the contract     await instance.Initialized();          // Verify balance     expect(await instance.balances(user.address)).to.equal(ethers.parseEther(""5""));          // Now try to collect from the rejecting contract address     // In original contract this should revert, in mutant it would succeed (wrongly)     await expect(       instance.connect(user).Collect(ethers.parseEther(""3""))     ).to.be.reverted;   }); });","""['Error: syntax error']"""
m12f59a6d,ACCURAL_DEPOSIT,<generic-v6-scaffold>,SetMinSum,live,revert();,/* revert(); */,---|         if(intitalized)revert(); +++|         if(intitalized),17,Mutant m12f59a6d of function SetMinSum replaces revert(); with ,"pragma solidity ^0.8.0; contract ACCURAL_DEPOSIT { mapping (address=>uint256) public balances; uint public MinSum = 1 ether; LogFile Log = LogFile(0x0486cF65A2F2F3A392CBEa398AFB7F5f0B72FF46); bool intitalized; function SetMinSum(uint _val) public { if(intitalized)revert(); MinSum = _val; } function SetLogFile(address _log) public { if(intitalized)revert(); Log = LogFile(_log); } function Initialized() public { intitalized = true; } function Deposit() public payable { require(((balances[msg.sender] + msg.value) >= balances[msg.sender])); balances[msg.sender]+= msg.value; Log.AddMessage(msg.sender,msg.value,""Put""); } function Collect(uint _am) public payable { if(balances[msg.sender]>=MinSum && balances[msg.sender]>=_am) { balances[msg.sender] = (balances[msg.sender] - _am); (bool _veri_ok,) = msg.sender.call{value: _am}(""""); if(_veri_ok) { Log.AddMessage(msg.sender,_am,""Collect""); } else {revert (); } } } receive() external payable { Deposit(); } } contract LogFile { struct Message { address Sender; string  Data; uint Val; uint  Time; } Message[] public History; Message LastMsg; function AddMessage(address _adr,uint _val,string memory _data) public { LastMsg.Sender = _adr; LastMsg.Time = block.timestamp; LastMsg.Val = _val; LastMsg.Data = _data; History.push(LastMsg); } }","import { expect } from ""chai""; import { ethers } from ""hardhat""; describe(""ACCURAL_DEPOSIT reference (ethers v6; deploy may require constructor arguments)"", function () { it(""deploy ACCURAL_DEPOSIT by supplying its REQUIRED constructor arguments (read them from the contract constructor), then call methods and assert; use ethers.parseEther, await (await tx).wait(), and expect(...).to.be.reverted"", async function () { const [owner, addr1, addr2] = await ethers.getSigners(); const Factory = await ethers.getContractFactory(""ACCURAL_DEPOSIT""); const instance = await Factory.deploy(...constructorArgs); await instance.waitForDeployment(); }); });",False,False,"import { expect } from ""chai""; import { ethers } from ""hardhat"";  describe(""ACCURAL_DEPOSIT mutant test - m12f59a6d"", function () {   it(""should revert when SetMinSum is called after Initialized"", async function () {     const [owner] = await ethers.getSigners();     const Factory = await ethers.getContractFactory(""ACCURAL_DEPOSIT"");     const instance = await Factory.deploy();     await instance.waitForDeployment();      // First, initialize the contract     await instance.Initialized();      // Attempt to change MinSum after initialization - should revert     await expect(       instance.SetMinSum(ethers.parseEther(""2""))     ).to.be.reverted;   }); });","""['Error: syntax error']"""
m7bed5f3a,ACCURAL_DEPOSIT,<generic-v6-scaffold>,SetLogFile,live,revert();,/* revert(); */,---|         if(intitalized)revert(); +++|         if(intitalized),24,Mutant m7bed5f3a of function SetLogFile replaces revert(); with ,"pragma solidity ^0.8.0; contract ACCURAL_DEPOSIT { mapping (address=>uint256) public balances; uint public MinSum = 1 ether; LogFile Log = LogFile(0x0486cF65A2F2F3A392CBEa398AFB7F5f0B72FF46); bool intitalized; function SetMinSum(uint _val) public { if(intitalized)revert(); MinSum = _val; } function SetLogFile(address _log) public { if(intitalized)revert(); Log = LogFile(_log); } function Initialized() public { intitalized = true; } function Deposit() public payable { require(((balances[msg.sender] + msg.value) >= balances[msg.sender])); balances[msg.sender]+= msg.value; Log.AddMessage(msg.sender,msg.value,""Put""); } function Collect(uint _am) public payable { if(balances[msg.sender]>=MinSum && balances[msg.sender]>=_am) { balances[msg.sender] = (balances[msg.sender] - _am); (bool _veri_ok,) = msg.sender.call{value: _am}(""""); if(_veri_ok) { Log.AddMessage(msg.sender,_am,""Collect""); } else {revert (); } } } receive() external payable { Deposit(); } } contract LogFile { struct Message { address Sender; string  Data; uint Val; uint  Time; } Message[] public History; Message LastMsg; function AddMessage(address _adr,uint _val,string memory _data) public { LastMsg.Sender = _adr; LastMsg.Time = block.timestamp; LastMsg.Val = _val; LastMsg.Data = _data; History.push(LastMsg); } }","import { expect } from ""chai""; import { ethers } from ""hardhat""; describe(""ACCURAL_DEPOSIT reference (ethers v6; deploy may require constructor arguments)"", function () { it(""deploy ACCURAL_DEPOSIT by supplying its REQUIRED constructor arguments (read them from the contract constructor), then call methods and assert; use ethers.parseEther, await (await tx).wait(), and expect(...).to.be.reverted"", async function () { const [owner, addr1, addr2] = await ethers.getSigners(); const Factory = await ethers.getContractFactory(""ACCURAL_DEPOSIT""); const instance = await Factory.deploy(...constructorArgs); await instance.waitForDeployment(); }); });",False,False,"import { expect } from ""chai""; import { ethers } from ""hardhat"";  describe(""ACCURAL_DEPOSIT mutant detection"", function () {   it(""should revert when calling SetLogFile after initialization"", async function () {     const [owner] = await ethers.getSigners();     const Factory = await ethers.getContractFactory(""ACCURAL_DEPOSIT"");     const instance = await Factory.deploy();     await instance.waitForDeployment();      // First initialize the contract to lock configuration     await (await instance.Initialized()).wait();      // Attempt to call SetLogFile after initialization - should revert in original     const newLogAddress = ""0x0000000000000000000000000000000000000001"";     await expect(       instance.SetLogFile(newLogAddress)     ).to.be.reverted;   }); });","""['Error: syntax error']"""
m530578fb,ACCURAL_DEPOSIT,<generic-v6-scaffold>,Deposit,live,require(((balances[msg.sender] + msg.value) >= balances[msg.sender]));,/* require(((balances[msg.sender] + msg.value) >= balances[msg.sender])); */,---|         require(((balances[msg.sender] + msg.value) >= balances[msg.sender])); +++|,38,Mutant m530578fb of function Deposit replaces require(((balances[msg.sender] + msg.value) >= balances[msg.sender])); with ,"pragma solidity ^0.8.0; contract ACCURAL_DEPOSIT { mapping (address=>uint256) public balances; uint public MinSum = 1 ether; LogFile Log = LogFile(0x0486cF65A2F2F3A392CBEa398AFB7F5f0B72FF46); bool intitalized; function SetMinSum(uint _val) public { if(intitalized)revert(); MinSum = _val; } function SetLogFile(address _log) public { if(intitalized)revert(); Log = LogFile(_log); } function Initialized() public { intitalized = true; } function Deposit() public payable { require(((balances[msg.sender] + msg.value) >= balances[msg.sender])); balances[msg.sender]+= msg.value; Log.AddMessage(msg.sender,msg.value,""Put""); } function Collect(uint _am) public payable { if(balances[msg.sender]>=MinSum && balances[msg.sender]>=_am) { balances[msg.sender] = (balances[msg.sender] - _am); (bool _veri_ok,) = msg.sender.call{value: _am}(""""); if(_veri_ok) { Log.AddMessage(msg.sender,_am,""Collect""); } else {revert (); } } } receive() external payable { Deposit(); } } contract LogFile { struct Message { address Sender; string  Data; uint Val; uint  Time; } Message[] public History; Message LastMsg; function AddMessage(address _adr,uint _val,string memory _data) public { LastMsg.Sender = _adr; LastMsg.Time = block.timestamp; LastMsg.Val = _val; LastMsg.Data = _data; History.push(LastMsg); } }","import { expect } from ""chai""; import { ethers } from ""hardhat""; describe(""ACCURAL_DEPOSIT reference (ethers v6; deploy may require constructor arguments)"", function () { it(""deploy ACCURAL_DEPOSIT by supplying its REQUIRED constructor arguments (read them from the contract constructor), then call methods and assert; use ethers.parseEther, await (await tx).wait(), and expect(...).to.be.reverted"", async function () { const [owner, addr1, addr2] = await ethers.getSigners(); const Factory = await ethers.getContractFactory(""ACCURAL_DEPOSIT""); const instance = await Factory.deploy(...constructorArgs); await instance.waitForDeployment(); }); });",False,False,"import { expect } from ""chai""; import { ethers } from ""hardhat"";  describe(""ACCURAL_DEPOSIT mutant detection - m530578fb"", function () {   it(""should detect mutant that removes overflow require statement in Deposit"", async function () {     const [owner, addr1] = await ethers.getSigners();          // Deploy LogFile first since ACCURAL_DEPOSIT references it     const LogFileFactory = await ethers.getContractFactory(""LogFile"");     const logFile = await LogFileFactory.deploy();     await logFile.waitForDeployment();          // Deploy ACCURAL_DEPOSIT with LogFile address as constructor argument     const Factory = await ethers.getContractFactory(""ACCURAL_DEPOSIT"");     const instance = await Factory.deploy(logFile.target);     await instance.waitForDeployment();          // Initialize the contract (required before deposits can work properly)     const initTx = await instance.connect(owner).Initialized();     await initTx.wait();          // First deposit a small amount to addr1's balance     const smallDeposit = ethers.parseEther(""1"");     const depositTx = await instance.connect(addr1).Deposit({ value: smallDeposit });     await depositTx.wait();          // Get the current balance of addr1     const currentBalance = await instance.balances(addr1.address);          // Calculate a value that would cause overflow when added to currentBalance     // We want: currentBalance + msg.value to overflow uint256     // So: msg.value = type(uint256).max - currentBalance + 1     const maxUint256 = ethers.MaxUint256;     const overflowValue = maxUint256 - currentBalance + BigInt(1);          // Try to deposit the overflowValue - this should revert in the original     // due to the require statement, but might succeed in the mutant     await expect(       instance.connect(addr1).Deposit({ value: overflowValue })     ).to.be.reverted;          // Additional check: the balance should NOT have changed (revert protected the state)     const balanceAfter = await instance.balances(addr1.address);     expect(balanceAfter).to.equal(currentBalance);   }); });","""['Error: syntax error']"""
meca01321,ACCURAL_DEPOSIT,<generic-v6-scaffold>,Collect,live,revert ();,/* revert (); */,---|             } else {revert (); } +++|             } else { },56,Mutant meca01321 of function Collect replaces revert (); with ,"pragma solidity ^0.8.0; contract ACCURAL_DEPOSIT { mapping (address=>uint256) public balances; uint public MinSum = 1 ether; LogFile Log = LogFile(0x0486cF65A2F2F3A392CBEa398AFB7F5f0B72FF46); bool intitalized; function SetMinSum(uint _val) public { if(intitalized)revert(); MinSum = _val; } function SetLogFile(address _log) public { if(intitalized)revert(); Log = LogFile(_log); } function Initialized() public { intitalized = true; } function Deposit() public payable { require(((balances[msg.sender] + msg.value) >= balances[msg.sender])); balances[msg.sender]+= msg.value; Log.AddMessage(msg.sender,msg.value,""Put""); } function Collect(uint _am) public payable { if(balances[msg.sender]>=MinSum && balances[msg.sender]>=_am) { balances[msg.sender] = (balances[msg.sender] - _am); (bool _veri_ok,) = msg.sender.call{value: _am}(""""); if(_veri_ok) { Log.AddMessage(msg.sender,_am,""Collect""); } else {revert (); } } } receive() external payable { Deposit(); } } contract LogFile { struct Message { address Sender; string  Data; uint Val; uint  Time; } Message[] public History; Message LastMsg; function AddMessage(address _adr,uint _val,string memory _data) public { LastMsg.Sender = _adr; LastMsg.Time = block.timestamp; LastMsg.Val = _val; LastMsg.Data = _data; History.push(LastMsg); } }","import { expect } from ""chai""; import { ethers } from ""hardhat""; describe(""ACCURAL_DEPOSIT reference (ethers v6; deploy may require constructor arguments)"", function () { it(""deploy ACCURAL_DEPOSIT by supplying its REQUIRED constructor arguments (read them from the contract constructor), then call methods and assert; use ethers.parseEther, await (await tx).wait(), and expect(...).to.be.reverted"", async function () { const [owner, addr1, addr2] = await ethers.getSigners(); const Factory = await ethers.getContractFactory(""ACCURAL_DEPOSIT""); const instance = await Factory.deploy(...constructorArgs); await instance.waitForDeployment(); }); });",False,False,"import { expect } from ""chai""; import { ethers } from ""hardhat"";  describe(""ACCURAL_DEPOSIT mutant meca01321 test"", function () {   it(""should revert when Collect is called and ether transfer fails (mutant removes revert)"", async function () {     const [owner, addr1] = await ethers.getSigners();          // Deploy the contract (no constructor arguments needed)     const Factory = await ethers.getContractFactory(""ACCURAL_DEPOSIT"");     const instance = await Factory.deploy();     await instance.waitForDeployment();          // Deploy a receiver contract that will reject ether     const RejectorFactory = await ethers.getContractFactory(""contracts/Rejector.sol:Rejector"");     const rejector = await RejectorFactory.deploy();     await rejector.waitForDeployment();          // Initialize the contract     await instance.connect(owner).Initialized();          // Set MinSum to 0.1 ether for testing     await instance.connect(owner).SetMinSum(ethers.parseEther(""0.1""));          // Set LogFile to a valid address (use any address since we're testing revert behavior)     await instance.connect(owner).SetLogFile(addr1.address);          // Deposit 1 ether from addr1     await instance.connect(addr1).Deposit({ value: ethers.parseEther(""1"") });          // Check balance before Collect attempt     const balanceBefore = await instance.balances(addr1.address);          // Attempt Collect - this should revert in original but not in mutant     // We call Collect from the rejector contract which will fail to receive ether     const tx = instance.connect(addr1).Collect(ethers.parseEther(""0.5""));          // In the original contract, this should revert because the transfer to rejector fails     // In the mutant, it won't revert, so we check that balance is NOT decreased     if (await (await tx).then(() => true).catch(() => false)) {       // If transaction succeeded (mutant), check that balance was incorrectly deducted       const balanceAfter = await instance.balances(addr1.address);       expect(balanceAfter).to.equal(balanceBefore - ethers.parseEther(""0.5""));     } else {       // If transaction reverted (original), balance should remain unchanged       const balanceAfter = await instance.balances(addr1.address);       expect(balanceAfter).to.equal(balanceBefore);     }   }); });","""['Error: syntax error']"""
m601eb271,ACCURAL_DEPOSIT,<generic-v6-scaffold>,Deposit,live,msg.value,msg.value+1,---|         require(((balances[msg.sender] + msg.value) >= balances[msg.sender])); +++|         require(((balances[msg.sender] + msg.value+1) >= balances[msg.sender]));,38,Mutant m601eb271 of function Deposit replaces msg.value with msg.value+1,"pragma solidity ^0.8.0; contract ACCURAL_DEPOSIT { mapping (address=>uint256) public balances; uint public MinSum = 1 ether; LogFile Log = LogFile(0x0486cF65A2F2F3A392CBEa398AFB7F5f0B72FF46); bool intitalized; function SetMinSum(uint _val) public { if(intitalized)revert(); MinSum = _val; } function SetLogFile(address _log) public { if(intitalized)revert(); Log = LogFile(_log); } function Initialized() public { intitalized = true; } function Deposit() public payable { require(((balances[msg.sender] + msg.value) >= balances[msg.sender])); balances[msg.sender]+= msg.value; Log.AddMessage(msg.sender,msg.value,""Put""); } function Collect(uint _am) public payable { if(balances[msg.sender]>=MinSum && balances[msg.sender]>=_am) { balances[msg.sender] = (balances[msg.sender] - _am); (bool _veri_ok,) = msg.sender.call{value: _am}(""""); if(_veri_ok) { Log.AddMessage(msg.sender,_am,""Collect""); } else {revert (); } } } receive() external payable { Deposit(); } } contract LogFile { struct Message { address Sender; string  Data; uint Val; uint  Time; } Message[] public History; Message LastMsg; function AddMessage(address _adr,uint _val,string memory _data) public { LastMsg.Sender = _adr; LastMsg.Time = block.timestamp; LastMsg.Val = _val; LastMsg.Data = _data; History.push(LastMsg); } }","import { expect } from ""chai""; import { ethers } from ""hardhat""; describe(""ACCURAL_DEPOSIT reference (ethers v6; deploy may require constructor arguments)"", function () { it(""deploy ACCURAL_DEPOSIT by supplying its REQUIRED constructor arguments (read them from the contract constructor), then call methods and assert; use ethers.parseEther, await (await tx).wait(), and expect(...).to.be.reverted"", async function () { const [owner, addr1, addr2] = await ethers.getSigners(); const Factory = await ethers.getContractFactory(""ACCURAL_DEPOSIT""); const instance = await Factory.deploy(...constructorArgs); await instance.waitForDeployment(); }); });",False,False,"import { expect } from ""chai""; import { ethers } from ""hardhat"";  describe(""ACCURAL_DEPOSIT mutant kill test - m601eb271"", function () {   it(""should kill mutant by triggering overflow revert on Deposit with max uint256 value"", async function () {     const [owner, addr1] = await ethers.getSigners();     const Factory = await ethers.getContractFactory(""ACCURAL_DEPOSIT"");     const instance = await Factory.deploy();     await instance.waitForDeployment();      // Get the maximum uint256 value     const maxUint256 = ethers.MaxUint256;      // First, send a small deposit to set a non-zero balance for addr1     await instance.connect(addr1).Deposit({ value: ethers.parseEther(""1"") });      // Now attempt to deposit maxUint256 - this should overflow and revert     // The original contract would revert due to overflow check     // The mutant with msg.value+1 would also revert due to overflow in addition     await expect(       instance.connect(addr1).Deposit({ value: maxUint256 })     ).to.be.reverted;      // Verify the balance hasn't changed (remains at 1 ether)     const balance = await instance.balances(addr1.address);     expect(balance).to.equal(ethers.parseEther(""1""));   });    it(""should kill mutant with zero value deposit and verify overflow edge case"", async function () {     const [owner, addr1] = await ethers.getSigners();     const Factory = await ethers.getContractFactory(""ACCURAL_DEPOSIT"");     const instance = await Factory.deploy();     await instance.waitForDeployment();      // Set initial balance to maxUint256 - 1 to create edge case     // This simulates a scenario where the mutant's +1 would make a difference     await instance.connect(addr1).Deposit({ value: ethers.parseEther(""1"") });          // Get current balance and manipulate it to near overflow     // We need to reach a state where balances[addr1] + 1 would overflow     // but balances[addr1] + 0 would not          // Since we cannot directly set balances, we'll use the Collect function     // to drain funds and then deposit again          // First, set MinSum to 0 to allow collection     await instance.SetMinSum(0);     await instance.Initialized();          // Collect all but 1 wei to set balance to near max     const currentBalance = await instance.balances(addr1.address);     const collectAmount = currentBalance - BigInt(1);     await instance.connect(addr1).Collect(collectAmount);          // Now balance should be 1 wei     const nearMaxBalance = await instance.balances(addr1.address);     expect(nearMaxBalance).to.equal(BigInt(1));          // Deposit maxUint256 - this should revert due to overflow     await expect(       instance.connect(addr1).Deposit({ value: ethers.MaxUint256 })     ).to.be.reverted;          // Verify balance unchanged     const finalBalance = await instance.balances(addr1.address);     expect(finalBalance).to.equal(BigInt(1));   }); });","""['Error: syntax error']"""
m52212837,ACCURAL_DEPOSIT,<generic-v6-scaffold>,Deposit,live,msg.value,msg.value-1,---|         require(((balances[msg.sender] + msg.value) >= balances[msg.sender])); +++|         require(((balances[msg.sender] + msg.value-1) >= balances[msg.sender]));,38,Mutant m52212837 of function Deposit replaces msg.value with msg.value-1,"pragma solidity ^0.8.0; contract ACCURAL_DEPOSIT { mapping (address=>uint256) public balances; uint public MinSum = 1 ether; LogFile Log = LogFile(0x0486cF65A2F2F3A392CBEa398AFB7F5f0B72FF46); bool intitalized; function SetMinSum(uint _val) public { if(intitalized)revert(); MinSum = _val; } function SetLogFile(address _log) public { if(intitalized)revert(); Log = LogFile(_log); } function Initialized() public { intitalized = true; } function Deposit() public payable { require(((balances[msg.sender] + msg.value) >= balances[msg.sender])); balances[msg.sender]+= msg.value; Log.AddMessage(msg.sender,msg.value,""Put""); } function Collect(uint _am) public payable { if(balances[msg.sender]>=MinSum && balances[msg.sender]>=_am) { balances[msg.sender] = (balances[msg.sender] - _am); (bool _veri_ok,) = msg.sender.call{value: _am}(""""); if(_veri_ok) { Log.AddMessage(msg.sender,_am,""Collect""); } else {revert (); } } } receive() external payable { Deposit(); } } contract LogFile { struct Message { address Sender; string  Data; uint Val; uint  Time; } Message[] public History; Message LastMsg; function AddMessage(address _adr,uint _val,string memory _data) public { LastMsg.Sender = _adr; LastMsg.Time = block.timestamp; LastMsg.Val = _val; LastMsg.Data = _data; History.push(LastMsg); } }","import { expect } from ""chai""; import { ethers } from ""hardhat""; describe(""ACCURAL_DEPOSIT reference (ethers v6; deploy may require constructor arguments)"", function () { it(""deploy ACCURAL_DEPOSIT by supplying its REQUIRED constructor arguments (read them from the contract constructor), then call methods and assert; use ethers.parseEther, await (await tx).wait(), and expect(...).to.be.reverted"", async function () { const [owner, addr1, addr2] = await ethers.getSigners(); const Factory = await ethers.getContractFactory(""ACCURAL_DEPOSIT""); const instance = await Factory.deploy(...constructorArgs); await instance.waitForDeployment(); }); });",False,False,"import { expect } from ""chai""; import { ethers } from ""hardhat"";  describe(""ACCURAL_DEPOSIT mutant kill test"", function () {   it(""should revert when depositing 0 ether on mutant, but pass on original"", async function () {     const [owner, addr1] = await ethers.getSigners();     const Factory = await ethers.getContractFactory(""ACCURAL_DEPOSIT"");     const instance = await Factory.deploy();     await instance.waitForDeployment();      // Call Deposit with 0 ether - should revert on mutant due to msg.value-1 underflow     await expect(       instance.connect(addr1).Deposit({ value: 0 })     ).to.be.reverted;   }); });","""['Error: syntax error']"""
m3aaa3e02,ACCURAL_DEPOSIT,<generic-v6-scaffold>,Deposit,live,msg.value,msg.value+1,---|         balances[msg.sender]+= msg.value; +++|         balances[msg.sender]+= msg.value+1;,39,Mutant m3aaa3e02 of function Deposit replaces msg.value with msg.value+1,"pragma solidity ^0.8.0; contract ACCURAL_DEPOSIT { mapping (address=>uint256) public balances; uint public MinSum = 1 ether; LogFile Log = LogFile(0x0486cF65A2F2F3A392CBEa398AFB7F5f0B72FF46); bool intitalized; function SetMinSum(uint _val) public { if(intitalized)revert(); MinSum = _val; } function SetLogFile(address _log) public { if(intitalized)revert(); Log = LogFile(_log); } function Initialized() public { intitalized = true; } function Deposit() public payable { require(((balances[msg.sender] + msg.value) >= balances[msg.sender])); balances[msg.sender]+= msg.value; Log.AddMessage(msg.sender,msg.value,""Put""); } function Collect(uint _am) public payable { if(balances[msg.sender]>=MinSum && balances[msg.sender]>=_am) { balances[msg.sender] = (balances[msg.sender] - _am); (bool _veri_ok,) = msg.sender.call{value: _am}(""""); if(_veri_ok) { Log.AddMessage(msg.sender,_am,""Collect""); } else {revert (); } } } receive() external payable { Deposit(); } } contract LogFile { struct Message { address Sender; string  Data; uint Val; uint  Time; } Message[] public History; Message LastMsg; function AddMessage(address _adr,uint _val,string memory _data) public { LastMsg.Sender = _adr; LastMsg.Time = block.timestamp; LastMsg.Val = _val; LastMsg.Data = _data; History.push(LastMsg); } }","import { expect } from ""chai""; import { ethers } from ""hardhat""; describe(""ACCURAL_DEPOSIT reference (ethers v6; deploy may require constructor arguments)"", function () { it(""deploy ACCURAL_DEPOSIT by supplying its REQUIRED constructor arguments (read them from the contract constructor), then call methods and assert; use ethers.parseEther, await (await tx).wait(), and expect(...).to.be.reverted"", async function () { const [owner, addr1, addr2] = await ethers.getSigners(); const Factory = await ethers.getContractFactory(""ACCURAL_DEPOSIT""); const instance = await Factory.deploy(...constructorArgs); await instance.waitForDeployment(); }); });",False,False,"import { expect } from ""chai""; import { ethers } from ""hardhat"";  describe(""ACCURAL_DEPOSIT mutant m3aaa3e02 detection"", function () {   it(""should detect mutant by verifying balance equals deposited amount (not amount+1)"", async function () {     const [owner, addr1] = await ethers.getSigners();     const Factory = await ethers.getContractFactory(""ACCURAL_DEPOSIT"");     const instance = await Factory.deploy();     await instance.waitForDeployment();      const depositAmount = ethers.parseEther(""1"");          // Deposit exactly 1 ether     await instance.connect(addr1).deposit({ value: depositAmount });          // Check balance - on original it should be exactly 1 ether     // On mutant it would be 1 ether + 1 wei, causing the assertion to fail     const balance = await instance.balances(addr1.address);     expect(balance).to.equal(depositAmount);   }); });","""['Error: syntax error']"""
mc1692c39,ACCURAL_DEPOSIT,<generic-v6-scaffold>,Deposit,live,msg.value,msg.value-1,---|         balances[msg.sender]+= msg.value; +++|         balances[msg.sender]+= msg.value-1;,39,Mutant mc1692c39 of function Deposit replaces msg.value with msg.value-1,"pragma solidity ^0.8.0; contract ACCURAL_DEPOSIT { mapping (address=>uint256) public balances; uint public MinSum = 1 ether; LogFile Log = LogFile(0x0486cF65A2F2F3A392CBEa398AFB7F5f0B72FF46); bool intitalized; function SetMinSum(uint _val) public { if(intitalized)revert(); MinSum = _val; } function SetLogFile(address _log) public { if(intitalized)revert(); Log = LogFile(_log); } function Initialized() public { intitalized = true; } function Deposit() public payable { require(((balances[msg.sender] + msg.value) >= balances[msg.sender])); balances[msg.sender]+= msg.value; Log.AddMessage(msg.sender,msg.value,""Put""); } function Collect(uint _am) public payable { if(balances[msg.sender]>=MinSum && balances[msg.sender]>=_am) { balances[msg.sender] = (balances[msg.sender] - _am); (bool _veri_ok,) = msg.sender.call{value: _am}(""""); if(_veri_ok) { Log.AddMessage(msg.sender,_am,""Collect""); } else {revert (); } } } receive() external payable { Deposit(); } } contract LogFile { struct Message { address Sender; string  Data; uint Val; uint  Time; } Message[] public History; Message LastMsg; function AddMessage(address _adr,uint _val,string memory _data) public { LastMsg.Sender = _adr; LastMsg.Time = block.timestamp; LastMsg.Val = _val; LastMsg.Data = _data; History.push(LastMsg); } }","import { expect } from ""chai""; import { ethers } from ""hardhat""; describe(""ACCURAL_DEPOSIT reference (ethers v6; deploy may require constructor arguments)"", function () { it(""deploy ACCURAL_DEPOSIT by supplying its REQUIRED constructor arguments (read them from the contract constructor), then call methods and assert; use ethers.parseEther, await (await tx).wait(), and expect(...).to.be.reverted"", async function () { const [owner, addr1, addr2] = await ethers.getSigners(); const Factory = await ethers.getContractFactory(""ACCURAL_DEPOSIT""); const instance = await Factory.deploy(...constructorArgs); await instance.waitForDeployment(); }); });",False,False,"import { expect } from ""chai""; import { ethers } from ""hardhat"";  describe(""ACCURAL_DEPOSIT - kill mutant mc1692c39"", function () {   it(""should detect the mutant where deposit credits msg.value-1 instead of msg.value"", async function () {     const [owner, depositor] = await ethers.getSigners();          // Deploy LogFile first (required by ACCURAL_DEPOSIT constructor)     const LogFileFactory = await ethers.getContractFactory(""LogFile"");     const logFile = await LogFileFactory.deploy();     await logFile.waitForDeployment();          // Deploy ACCURAL_DEPOSIT with the LogFile address     const AccuralFactory = await ethers.getContractFactory(""ACCURAL_DEPOSIT"");     const accural = await AccuralFactory.deploy(logFile.target);     await accural.waitForDeployment();          // Initialize the contract (required before deposits work properly with SetMinSum etc.)     await accural.connect(owner).Initialized();          // Set MinSum to 0 so we can collect any amount     await accural.connect(owner).SetMinSum(0);          // Deposit exactly 1 wei     const depositAmount = 1n;     const tx = await accural.connect(depositor).Deposit({ value: depositAmount });     await tx.wait();          // Check balance - original would be 1, mutant would be 0 (msg.value - 1)     const balance = await accural.balances(depositor.address);          // The mutant will have balance = 0, so this assertion kills it     expect(balance).to.equal(depositAmount);          // Additional check: try to collect the deposited amount     // In original this succeeds, in mutant it fails because balance is 0     const collectTx = accural.connect(depositor).Collect(depositAmount);     await expect(collectTx).to.not.be.reverted;   }); });","""['Error: syntax error']"""
m98237659,ACCURAL_DEPOSIT,<generic-v6-scaffold>,Deposit,live,msg.value,msg.value+1,"---|         Log.AddMessage(msg.sender,msg.value,""Put""); +++|         Log.AddMessage(msg.sender,msg.value+1,""Put"");",40,Mutant m98237659 of function Deposit replaces msg.value with msg.value+1,"pragma solidity ^0.8.0; contract ACCURAL_DEPOSIT { mapping (address=>uint256) public balances; uint public MinSum = 1 ether; LogFile Log = LogFile(0x0486cF65A2F2F3A392CBEa398AFB7F5f0B72FF46); bool intitalized; function SetMinSum(uint _val) public { if(intitalized)revert(); MinSum = _val; } function SetLogFile(address _log) public { if(intitalized)revert(); Log = LogFile(_log); } function Initialized() public { intitalized = true; } function Deposit() public payable { require(((balances[msg.sender] + msg.value) >= balances[msg.sender])); balances[msg.sender]+= msg.value; Log.AddMessage(msg.sender,msg.value,""Put""); } function Collect(uint _am) public payable { if(balances[msg.sender]>=MinSum && balances[msg.sender]>=_am) { balances[msg.sender] = (balances[msg.sender] - _am); (bool _veri_ok,) = msg.sender.call{value: _am}(""""); if(_veri_ok) { Log.AddMessage(msg.sender,_am,""Collect""); } else {revert (); } } } receive() external payable { Deposit(); } } contract LogFile { struct Message { address Sender; string  Data; uint Val; uint  Time; } Message[] public History; Message LastMsg; function AddMessage(address _adr,uint _val,string memory _data) public { LastMsg.Sender = _adr; LastMsg.Time = block.timestamp; LastMsg.Val = _val; LastMsg.Data = _data; History.push(LastMsg); } }","import { expect } from ""chai""; import { ethers } from ""hardhat""; describe(""ACCURAL_DEPOSIT reference (ethers v6; deploy may require constructor arguments)"", function () { it(""deploy ACCURAL_DEPOSIT by supplying its REQUIRED constructor arguments (read them from the contract constructor), then call methods and assert; use ethers.parseEther, await (await tx).wait(), and expect(...).to.be.reverted"", async function () { const [owner, addr1, addr2] = await ethers.getSigners(); const Factory = await ethers.getContractFactory(""ACCURAL_DEPOSIT""); const instance = await Factory.deploy(...constructorArgs); await instance.waitForDeployment(); }); });",False,False,"import { expect } from ""chai""; import { ethers } from ""hardhat"";  describe(""ACCURAL_DEPOSIT mutant detection"", function () {   it(""should kill mutant m98237659 by verifying logged value matches actual deposit amount"", async function () {     const [owner, depositor] = await ethers.getSigners();          // Deploy the LogFile contract first (no constructor arguments)     const LogFileFactory = await ethers.getContractFactory(""LogFile"");     const logFile = await LogFileFactory.deploy();     await logFile.waitForDeployment();          // Deploy ACCURAL_DEPOSIT - no constructor arguments     const AccuralFactory = await ethers.getContractFactory(""ACCURAL_DEPOSIT"");     const accural = await AccuralFactory.deploy();     await accural.waitForDeployment();          // Set the LogFile address     await accural.connect(owner).SetLogFile(await logFile.getAddress());          // Initialize the contract (set intitalized = true)     await accural.connect(owner).Initialized();          // Deposit exactly 1 ether     const depositAmount = ethers.parseEther(""1"");     await accural.connect(depositor).Deposit({ value: depositAmount });          // Get the last log entry from History array (index 0)     const lastLog = await logFile.History(0);          // The logged Val should equal the deposit amount (1 ether)     // Mutant logs msg.value+1, so it would be 1 ether + 1 wei     expect(lastLog.Val).to.equal(depositAmount);   }); });","""['Error: syntax error']"""
mdb65c358,ACCURAL_DEPOSIT,<generic-v6-scaffold>,Deposit,live,msg.value,msg.value-1,"---|         Log.AddMessage(msg.sender,msg.value,""Put""); +++|         Log.AddMessage(msg.sender,msg.value-1,""Put"");",40,Mutant mdb65c358 of function Deposit replaces msg.value with msg.value-1,"pragma solidity ^0.8.0; contract ACCURAL_DEPOSIT { mapping (address=>uint256) public balances; uint public MinSum = 1 ether; LogFile Log = LogFile(0x0486cF65A2F2F3A392CBEa398AFB7F5f0B72FF46); bool intitalized; function SetMinSum(uint _val) public { if(intitalized)revert(); MinSum = _val; } function SetLogFile(address _log) public { if(intitalized)revert(); Log = LogFile(_log); } function Initialized() public { intitalized = true; } function Deposit() public payable { require(((balances[msg.sender] + msg.value) >= balances[msg.sender])); balances[msg.sender]+= msg.value; Log.AddMessage(msg.sender,msg.value,""Put""); } function Collect(uint _am) public payable { if(balances[msg.sender]>=MinSum && balances[msg.sender]>=_am) { balances[msg.sender] = (balances[msg.sender] - _am); (bool _veri_ok,) = msg.sender.call{value: _am}(""""); if(_veri_ok) { Log.AddMessage(msg.sender,_am,""Collect""); } else {revert (); } } } receive() external payable { Deposit(); } } contract LogFile { struct Message { address Sender; string  Data; uint Val; uint  Time; } Message[] public History; Message LastMsg; function AddMessage(address _adr,uint _val,string memory _data) public { LastMsg.Sender = _adr; LastMsg.Time = block.timestamp; LastMsg.Val = _val; LastMsg.Data = _data; History.push(LastMsg); } }","import { expect } from ""chai""; import { ethers } from ""hardhat""; describe(""ACCURAL_DEPOSIT reference (ethers v6; deploy may require constructor arguments)"", function () { it(""deploy ACCURAL_DEPOSIT by supplying its REQUIRED constructor arguments (read them from the contract constructor), then call methods and assert; use ethers.parseEther, await (await tx).wait(), and expect(...).to.be.reverted"", async function () { const [owner, addr1, addr2] = await ethers.getSigners(); const Factory = await ethers.getContractFactory(""ACCURAL_DEPOSIT""); const instance = await Factory.deploy(...constructorArgs); await instance.waitForDeployment(); }); });",False,False,"import { expect } from ""chai""; import { ethers } from ""hardhat"";  describe(""ACCURAL_DEPOSIT mutant detection - mdb65c358"", function () {   it(""should detect the mutant by verifying LogFile records correct deposit amount"", async function () {     const [owner, depositor] = await ethers.getSigners();          // Deploy LogFile first (no constructor args)     const LogFileFactory = await ethers.getContractFactory(""LogFile"");     const logFile = await LogFileFactory.deploy();     await logFile.waitForDeployment();          // Deploy ACCURAL_DEPOSIT with LogFile address     const AccuralFactory = await ethers.getContractFactory(""ACCURAL_DEPOSIT"");     const accural = await AccuralFactory.deploy();     await accural.waitForDeployment();          // Set the LogFile address in ACCURAL_DEPOSIT     await accural.SetLogFile(await logFile.getAddress());          // Initialize the contract (lock settings)     await accural.Initialized();          // Deposit exactly 1 ether     const depositAmount = ethers.parseEther(""1"");     const tx = await accural.connect(depositor).Deposit({ value: depositAmount });     await tx.wait();          // Get the last message from LogFile history     const historyLength = await logFile.History.length;     const lastMessage = await logFile.History(historyLength - 1n);          // The logged value should equal the deposit amount (1 ether)     // Mutant logs msg.value-1, so it would log 1 ether - 1 wei     expect(lastMessage.Val).to.equal(depositAmount);   }); });","""['Error: syntax error']"""
