Mutant_id,Contract_id,Test_id,Function_name,Status,Original,Replacement,Diff,StartLine,Details,Contract_Context,Test_Context,Test_Generated,KilledByLLM,Generated_test,Test_errors
m4683c873,PENNY_BY_PENNY,<generic-v6-scaffold>,Put,live, >= ,  > ,---|         require(((acc.balance + msg.value) >= acc.balance)); +++|         require(((acc.balance + msg.value)  > acc.balance));,43,Mutant m4683c873 of function Put replaces >= with >,"pragma solidity ^0.8.0; contract PENNY_BY_PENNY { struct Holder { uint unlockTime; uint balance; } mapping (address => Holder) public Acc; uint public MinSum; LogFile Log; bool intitalized; function SetMinSum(uint _val) public { if(intitalized)revert(); MinSum = _val; } function SetLogFile(address _log) public { if(intitalized)revert(); Log = LogFile(_log); } function Initialized() public { intitalized = true; } function Put(uint _lockTime) public payable { Holder storage acc = Acc[msg.sender]; require(((acc.balance + msg.value) >= acc.balance)); acc.balance += msg.value; require(((block.timestamp + _lockTime) >= block.timestamp)); if(block.timestamp+_lockTime>acc.unlockTime)acc.unlockTime=block.timestamp+_lockTime; Log.AddMessage(msg.sender,msg.value,""Put""); } function Collect(uint _am) public payable { Holder storage acc = Acc[msg.sender]; if( acc.balance>=MinSum && acc.balance>=_am && block.timestamp>acc.unlockTime) { acc.balance = (acc.balance - _am); { (bool _s, bytes memory _d) = msg.sender.call{value: _am}(""""); _d; if (_s) { Log.AddMessage(msg.sender,_am,""Collect""); } else {revert (); } } } } fallback() external payable { Put(0); } } contract LogFile { struct Message { address Sender; string  Data; uint Val; uint  Time; } Message[] public History; Message LastMsg; function AddMessage(address _adr,uint _val, string memory _data) public { LastMsg.Sender = _adr; LastMsg.Time = block.timestamp; LastMsg.Val = _val; LastMsg.Data = _data; History.push(LastMsg); } }","import { expect } from ""chai""; import { ethers } from ""hardhat""; describe(""PENNY_BY_PENNY reference (ethers v6; deploy may require constructor arguments)"", function () { it(""deploy PENNY_BY_PENNY by supplying its REQUIRED constructor arguments (read them from the contract constructor), then call methods and assert; use ethers.parseEther, await (await tx).wait(), and expect(...).to.be.reverted"", async function () { const [owner, addr1, addr2] = await ethers.getSigners(); const Factory = await ethers.getContractFactory(""PENNY_BY_PENNY""); const instance = await Factory.deploy(...constructorArgs); await instance.waitForDeployment(); }); });",False,False,"import { expect } from ""chai""; import { ethers } from ""hardhat"";  describe(""PENNY_BY_PENNY mutant test - m4683c873"", function () {   it(""should revert when Put is called with msg.value = 0 after a prior deposit (mutant kills, original passes)"", async function () {     const [owner] = await ethers.getSigners();          // Deploy the contract (no constructor arguments needed)     const Factory = await ethers.getContractFactory(""PENNY_BY_PENNY"");     const instance = await Factory.deploy();     await instance.waitForDeployment();          // Initialize the contract to enable operations     await instance.Initialized();          // First deposit: send 1 wei to create a positive balance     await instance.connect(owner).Put(100, { value: 1 });          // Now call Put with 0 value - this should pass on original (balance + 0 >= balance is true)     // but revert on mutant (balance + 0 > balance is false)     const tx = instance.connect(owner).Put(0, { value: 0 });          await expect(tx).to.be.reverted;   }); });","""['Error: syntax error']"""
m3af8828a,PENNY_BY_PENNY,<generic-v6-scaffold>,Put,live, >= , <= ,---|         require(((acc.balance + msg.value) >= acc.balance)); +++|         require(((acc.balance + msg.value) <= acc.balance));,43,Mutant m3af8828a of function Put replaces >= with <=,"pragma solidity ^0.8.0; contract PENNY_BY_PENNY { struct Holder { uint unlockTime; uint balance; } mapping (address => Holder) public Acc; uint public MinSum; LogFile Log; bool intitalized; function SetMinSum(uint _val) public { if(intitalized)revert(); MinSum = _val; } function SetLogFile(address _log) public { if(intitalized)revert(); Log = LogFile(_log); } function Initialized() public { intitalized = true; } function Put(uint _lockTime) public payable { Holder storage acc = Acc[msg.sender]; require(((acc.balance + msg.value) >= acc.balance)); acc.balance += msg.value; require(((block.timestamp + _lockTime) >= block.timestamp)); if(block.timestamp+_lockTime>acc.unlockTime)acc.unlockTime=block.timestamp+_lockTime; Log.AddMessage(msg.sender,msg.value,""Put""); } function Collect(uint _am) public payable { Holder storage acc = Acc[msg.sender]; if( acc.balance>=MinSum && acc.balance>=_am && block.timestamp>acc.unlockTime) { acc.balance = (acc.balance - _am); { (bool _s, bytes memory _d) = msg.sender.call{value: _am}(""""); _d; if (_s) { Log.AddMessage(msg.sender,_am,""Collect""); } else {revert (); } } } } fallback() external payable { Put(0); } } contract LogFile { struct Message { address Sender; string  Data; uint Val; uint  Time; } Message[] public History; Message LastMsg; function AddMessage(address _adr,uint _val, string memory _data) public { LastMsg.Sender = _adr; LastMsg.Time = block.timestamp; LastMsg.Val = _val; LastMsg.Data = _data; History.push(LastMsg); } }","import { expect } from ""chai""; import { ethers } from ""hardhat""; describe(""PENNY_BY_PENNY reference (ethers v6; deploy may require constructor arguments)"", function () { it(""deploy PENNY_BY_PENNY by supplying its REQUIRED constructor arguments (read them from the contract constructor), then call methods and assert; use ethers.parseEther, await (await tx).wait(), and expect(...).to.be.reverted"", async function () { const [owner, addr1, addr2] = await ethers.getSigners(); const Factory = await ethers.getContractFactory(""PENNY_BY_PENNY""); const instance = await Factory.deploy(...constructorArgs); await instance.waitForDeployment(); }); });",False,False,"import { expect } from ""chai""; import { ethers } from ""hardhat"";  describe(""PENNY_BY_PENNY mutant m3af8828a detection"", function () {   it(""should kill mutant by sending positive ether to Put and expecting success"", async function () {     const [owner] = await ethers.getSigners();     const Factory = await ethers.getContractFactory(""PENNY_BY_PENNY"");     const instance = await Factory.deploy();     await instance.waitForDeployment();      // Send 1 wei to Put function - should succeed in original but revert in mutant     const tx = await instance.Put(0, { value: ethers.parseEther(""1"") });     await expect(tx).to.not.be.reverted;   }); });","""['Error: syntax error']"""
mdb2430af,PENNY_BY_PENNY,<generic-v6-scaffold>,Put,live, >= , == ,---|         require(((acc.balance + msg.value) >= acc.balance)); +++|         require(((acc.balance + msg.value) == acc.balance));,43,Mutant mdb2430af of function Put replaces >= with ==,"pragma solidity ^0.8.0; contract PENNY_BY_PENNY { struct Holder { uint unlockTime; uint balance; } mapping (address => Holder) public Acc; uint public MinSum; LogFile Log; bool intitalized; function SetMinSum(uint _val) public { if(intitalized)revert(); MinSum = _val; } function SetLogFile(address _log) public { if(intitalized)revert(); Log = LogFile(_log); } function Initialized() public { intitalized = true; } function Put(uint _lockTime) public payable { Holder storage acc = Acc[msg.sender]; require(((acc.balance + msg.value) >= acc.balance)); acc.balance += msg.value; require(((block.timestamp + _lockTime) >= block.timestamp)); if(block.timestamp+_lockTime>acc.unlockTime)acc.unlockTime=block.timestamp+_lockTime; Log.AddMessage(msg.sender,msg.value,""Put""); } function Collect(uint _am) public payable { Holder storage acc = Acc[msg.sender]; if( acc.balance>=MinSum && acc.balance>=_am && block.timestamp>acc.unlockTime) { acc.balance = (acc.balance - _am); { (bool _s, bytes memory _d) = msg.sender.call{value: _am}(""""); _d; if (_s) { Log.AddMessage(msg.sender,_am,""Collect""); } else {revert (); } } } } fallback() external payable { Put(0); } } contract LogFile { struct Message { address Sender; string  Data; uint Val; uint  Time; } Message[] public History; Message LastMsg; function AddMessage(address _adr,uint _val, string memory _data) public { LastMsg.Sender = _adr; LastMsg.Time = block.timestamp; LastMsg.Val = _val; LastMsg.Data = _data; History.push(LastMsg); } }","import { expect } from ""chai""; import { ethers } from ""hardhat""; describe(""PENNY_BY_PENNY reference (ethers v6; deploy may require constructor arguments)"", function () { it(""deploy PENNY_BY_PENNY by supplying its REQUIRED constructor arguments (read them from the contract constructor), then call methods and assert; use ethers.parseEther, await (await tx).wait(), and expect(...).to.be.reverted"", async function () { const [owner, addr1, addr2] = await ethers.getSigners(); const Factory = await ethers.getContractFactory(""PENNY_BY_PENNY""); const instance = await Factory.deploy(...constructorArgs); await instance.waitForDeployment(); }); });",False,False,"import { expect } from ""chai""; import { ethers } from ""hardhat"";  describe(""PENNY_BY_PENNY mutant mdb2430af detection"", function () {   it(""should succeed with a positive msg.value on original but revert on mutant (== instead of >=)"", async function () {     const [owner] = await ethers.getSigners();     const Factory = await ethert.getContractFactory(""PENNY_BY_PENNY"");     const instance = await Factory.deploy();     await instance.waitForDeployment();      // Set MinSum to 0 to allow Collect later (not needed for this test)     // First initialize the contract (required before Put)     await (await instance.SetMinSum(0)).wait();     await (await instance.Initialized()).wait();      // Attempt to call Put with a positive msg.value (1 wei)     // On original: should succeed because (0 + 1) >= 0 is true     // On mutant: should revert because (0 + 1) == 0 is false     await expect(       instance.Put(100, { value: ethers.parseEther(""0.000000000000000001"") })     ).to.not.be.reverted;   }); });","""['Error: syntax error']"""
m9087a223,PENNY_BY_PENNY,<generic-v6-scaffold>,Put,live, + , - ,---|         require(((acc.balance + msg.value) >= acc.balance)); +++|         require(((acc.balance - msg.value) >= acc.balance));,43,Mutant m9087a223 of function Put replaces + with -,"pragma solidity ^0.8.0; contract PENNY_BY_PENNY { struct Holder { uint unlockTime; uint balance; } mapping (address => Holder) public Acc; uint public MinSum; LogFile Log; bool intitalized; function SetMinSum(uint _val) public { if(intitalized)revert(); MinSum = _val; } function SetLogFile(address _log) public { if(intitalized)revert(); Log = LogFile(_log); } function Initialized() public { intitalized = true; } function Put(uint _lockTime) public payable { Holder storage acc = Acc[msg.sender]; require(((acc.balance + msg.value) >= acc.balance)); acc.balance += msg.value; require(((block.timestamp + _lockTime) >= block.timestamp)); if(block.timestamp+_lockTime>acc.unlockTime)acc.unlockTime=block.timestamp+_lockTime; Log.AddMessage(msg.sender,msg.value,""Put""); } function Collect(uint _am) public payable { Holder storage acc = Acc[msg.sender]; if( acc.balance>=MinSum && acc.balance>=_am && block.timestamp>acc.unlockTime) { acc.balance = (acc.balance - _am); { (bool _s, bytes memory _d) = msg.sender.call{value: _am}(""""); _d; if (_s) { Log.AddMessage(msg.sender,_am,""Collect""); } else {revert (); } } } } fallback() external payable { Put(0); } } contract LogFile { struct Message { address Sender; string  Data; uint Val; uint  Time; } Message[] public History; Message LastMsg; function AddMessage(address _adr,uint _val, string memory _data) public { LastMsg.Sender = _adr; LastMsg.Time = block.timestamp; LastMsg.Val = _val; LastMsg.Data = _data; History.push(LastMsg); } }","import { expect } from ""chai""; import { ethers } from ""hardhat""; describe(""PENNY_BY_PENNY reference (ethers v6; deploy may require constructor arguments)"", function () { it(""deploy PENNY_BY_PENNY by supplying its REQUIRED constructor arguments (read them from the contract constructor), then call methods and assert; use ethers.parseEther, await (await tx).wait(), and expect(...).to.be.reverted"", async function () { const [owner, addr1, addr2] = await ethers.getSigners(); const Factory = await ethers.getContractFactory(""PENNY_BY_PENNY""); const instance = await Factory.deploy(...constructorArgs); await instance.waitForDeployment(); }); });",False,False,"import { expect } from ""chai""; import { ethers } from ""hardhat"";  describe(""PENNY_BY_PENNY mutant detection"", function () {     it(""should detect mutant m9087a223 by calling Put with non-zero value"", async function () {         const [owner] = await ethers.getSigners();         const Factory = await ethers.getContractFactory(""PENNY_BY_PENNY"");         const instance = await Factory.deploy();         await instance.waitForDeployment();          // Initialize the contract to enable Put function         await (await instance.Initialized()).wait();          // Attempt to call Put with a non-zero value - should succeed on original, revert on mutant         const tx = instance.Put(0, { value: ethers.parseEther(""1"") });         await expect(tx).to.not.be.reverted;     }); });","""['Error: syntax error']"""
m0cb245d3,PENNY_BY_PENNY,<generic-v6-scaffold>,Put,live, + , * ,---|         require(((acc.balance + msg.value) >= acc.balance)); +++|         require(((acc.balance * msg.value) >= acc.balance));,43,Mutant m0cb245d3 of function Put replaces + with *,"pragma solidity ^0.8.0; contract PENNY_BY_PENNY { struct Holder { uint unlockTime; uint balance; } mapping (address => Holder) public Acc; uint public MinSum; LogFile Log; bool intitalized; function SetMinSum(uint _val) public { if(intitalized)revert(); MinSum = _val; } function SetLogFile(address _log) public { if(intitalized)revert(); Log = LogFile(_log); } function Initialized() public { intitalized = true; } function Put(uint _lockTime) public payable { Holder storage acc = Acc[msg.sender]; require(((acc.balance + msg.value) >= acc.balance)); acc.balance += msg.value; require(((block.timestamp + _lockTime) >= block.timestamp)); if(block.timestamp+_lockTime>acc.unlockTime)acc.unlockTime=block.timestamp+_lockTime; Log.AddMessage(msg.sender,msg.value,""Put""); } function Collect(uint _am) public payable { Holder storage acc = Acc[msg.sender]; if( acc.balance>=MinSum && acc.balance>=_am && block.timestamp>acc.unlockTime) { acc.balance = (acc.balance - _am); { (bool _s, bytes memory _d) = msg.sender.call{value: _am}(""""); _d; if (_s) { Log.AddMessage(msg.sender,_am,""Collect""); } else {revert (); } } } } fallback() external payable { Put(0); } } contract LogFile { struct Message { address Sender; string  Data; uint Val; uint  Time; } Message[] public History; Message LastMsg; function AddMessage(address _adr,uint _val, string memory _data) public { LastMsg.Sender = _adr; LastMsg.Time = block.timestamp; LastMsg.Val = _val; LastMsg.Data = _data; History.push(LastMsg); } }","import { expect } from ""chai""; import { ethers } from ""hardhat""; describe(""PENNY_BY_PENNY reference (ethers v6; deploy may require constructor arguments)"", function () { it(""deploy PENNY_BY_PENNY by supplying its REQUIRED constructor arguments (read them from the contract constructor), then call methods and assert; use ethers.parseEther, await (await tx).wait(), and expect(...).to.be.reverted"", async function () { const [owner, addr1, addr2] = await ethers.getSigners(); const Factory = await ethers.getContractFactory(""PENNY_BY_PENNY""); const instance = await Factory.deploy(...constructorArgs); await instance.waitForDeployment(); }); });",False,False,"import { expect } from ""chai""; import { ethers } from ""hardhat"";  describe(""PENNY_BY_PENNY mutant m0cb245d3 test"", function () {   it(""should revert when Put is called with msg.value = 0 by a holder with existing balance"", async function () {     const [owner, addr1] = await ethers.getSigners();          // Deploy the contract (no constructor arguments needed)     const Factory = await ethers.getContractFactory(""PENNY_BY_PENNY"");     const instance = await Factory.deploy();     await instance.waitForDeployment();          // First, have addr1 deposit some ETH to get a positive balance     const depositAmount = ethers.parseEther(""1.0"");     await instance.connect(addr1).Put(depositAmount, { value: depositAmount });          // Now try to call Put with msg.value = 0 (should revert on mutant)     await expect(       instance.connect(addr1).Put(0, { value: 0 })     ).to.be.reverted;   }); });","""['Error: syntax error']"""
m56b4c7cf,PENNY_BY_PENNY,<generic-v6-scaffold>,Put,live, >= ,  > ,---|         require(((block.timestamp + _lockTime) >= block.timestamp)); +++|         require(((block.timestamp + _lockTime)  > block.timestamp));,45,Mutant m56b4c7cf of function Put replaces >= with >,"pragma solidity ^0.8.0; contract PENNY_BY_PENNY { struct Holder { uint unlockTime; uint balance; } mapping (address => Holder) public Acc; uint public MinSum; LogFile Log; bool intitalized; function SetMinSum(uint _val) public { if(intitalized)revert(); MinSum = _val; } function SetLogFile(address _log) public { if(intitalized)revert(); Log = LogFile(_log); } function Initialized() public { intitalized = true; } function Put(uint _lockTime) public payable { Holder storage acc = Acc[msg.sender]; require(((acc.balance + msg.value) >= acc.balance)); acc.balance += msg.value; require(((block.timestamp + _lockTime) >= block.timestamp)); if(block.timestamp+_lockTime>acc.unlockTime)acc.unlockTime=block.timestamp+_lockTime; Log.AddMessage(msg.sender,msg.value,""Put""); } function Collect(uint _am) public payable { Holder storage acc = Acc[msg.sender]; if( acc.balance>=MinSum && acc.balance>=_am && block.timestamp>acc.unlockTime) { acc.balance = (acc.balance - _am); { (bool _s, bytes memory _d) = msg.sender.call{value: _am}(""""); _d; if (_s) { Log.AddMessage(msg.sender,_am,""Collect""); } else {revert (); } } } } fallback() external payable { Put(0); } } contract LogFile { struct Message { address Sender; string  Data; uint Val; uint  Time; } Message[] public History; Message LastMsg; function AddMessage(address _adr,uint _val, string memory _data) public { LastMsg.Sender = _adr; LastMsg.Time = block.timestamp; LastMsg.Val = _val; LastMsg.Data = _data; History.push(LastMsg); } }","import { expect } from ""chai""; import { ethers } from ""hardhat""; describe(""PENNY_BY_PENNY reference (ethers v6; deploy may require constructor arguments)"", function () { it(""deploy PENNY_BY_PENNY by supplying its REQUIRED constructor arguments (read them from the contract constructor), then call methods and assert; use ethers.parseEther, await (await tx).wait(), and expect(...).to.be.reverted"", async function () { const [owner, addr1, addr2] = await ethers.getSigners(); const Factory = await ethers.getContractFactory(""PENNY_BY_PENNY""); const instance = await Factory.deploy(...constructorArgs); await instance.waitForDeployment(); }); });",False,False,"import { expect } from ""chai""; import { ethers } from ""hardhat"";  describe(""PENNY_BY_PENNY mutant m56b4c7cf test"", function () {   it(""should allow Put with _lockTime = 0 (original passes, mutant reverts)"", async function () {     const [owner] = await ethers.getSigners();     const Factory = await ethers.getContractFactory(""PENNY_BY_PENNY"");     const instance = await Factory.deploy();     await instance.waitForDeployment();      // Send 1 wei with _lockTime = 0     const tx = instance.Put(0, { value: 1 });          // Original: succeeds; Mutant: reverts because block.timestamp + 0 > block.timestamp is false     await expect(tx).to.not.be.reverted;   }); });","""['Error: syntax error']"""
mde5943ad,PENNY_BY_PENNY,<generic-v6-scaffold>,Put,live, >= , <= ,---|         require(((block.timestamp + _lockTime) >= block.timestamp)); +++|         require(((block.timestamp + _lockTime) <= block.timestamp));,45,Mutant mde5943ad of function Put replaces >= with <=,"pragma solidity ^0.8.0; contract PENNY_BY_PENNY { struct Holder { uint unlockTime; uint balance; } mapping (address => Holder) public Acc; uint public MinSum; LogFile Log; bool intitalized; function SetMinSum(uint _val) public { if(intitalized)revert(); MinSum = _val; } function SetLogFile(address _log) public { if(intitalized)revert(); Log = LogFile(_log); } function Initialized() public { intitalized = true; } function Put(uint _lockTime) public payable { Holder storage acc = Acc[msg.sender]; require(((acc.balance + msg.value) >= acc.balance)); acc.balance += msg.value; require(((block.timestamp + _lockTime) >= block.timestamp)); if(block.timestamp+_lockTime>acc.unlockTime)acc.unlockTime=block.timestamp+_lockTime; Log.AddMessage(msg.sender,msg.value,""Put""); } function Collect(uint _am) public payable { Holder storage acc = Acc[msg.sender]; if( acc.balance>=MinSum && acc.balance>=_am && block.timestamp>acc.unlockTime) { acc.balance = (acc.balance - _am); { (bool _s, bytes memory _d) = msg.sender.call{value: _am}(""""); _d; if (_s) { Log.AddMessage(msg.sender,_am,""Collect""); } else {revert (); } } } } fallback() external payable { Put(0); } } contract LogFile { struct Message { address Sender; string  Data; uint Val; uint  Time; } Message[] public History; Message LastMsg; function AddMessage(address _adr,uint _val, string memory _data) public { LastMsg.Sender = _adr; LastMsg.Time = block.timestamp; LastMsg.Val = _val; LastMsg.Data = _data; History.push(LastMsg); } }","import { expect } from ""chai""; import { ethers } from ""hardhat""; describe(""PENNY_BY_PENNY reference (ethers v6; deploy may require constructor arguments)"", function () { it(""deploy PENNY_BY_PENNY by supplying its REQUIRED constructor arguments (read them from the contract constructor), then call methods and assert; use ethers.parseEther, await (await tx).wait(), and expect(...).to.be.reverted"", async function () { const [owner, addr1, addr2] = await ethers.getSigners(); const Factory = await ethers.getContractFactory(""PENNY_BY_PENNY""); const instance = await Factory.deploy(...constructorArgs); await instance.waitForDeployment(); }); });",False,False,"import { expect } from ""chai""; import { ethers } from ""hardhat"";  describe(""PENNY_BY_PENNY - kill mutant mde5943ad"", function () {   it(""should revert when Put is called with non-zero _lockTime due to mutant bug"", async function () {     const [owner] = await ethers.getSigners();     const Factory = await ethers.getContractFactory(""PENNY_BY_PENNY"");     const instance = await Factory.deploy();     await instance.waitForDeployment();      // Call Initialized to set intitalized to true (required for Put to work)     await (await instance.Initialized()).wait();      // Set MinSum to 0 to avoid interference     await (await instance.SetMinSum(0)).wait();      // Deploy and set LogFile (required for Put to work)     const LogFactory = await ethers.getContractFactory(""LogFile"");     const logInstance = await LogFactory.deploy();     await logInstance.waitForDeployment();     await (await instance.SetLogFile(await logInstance.getAddress())).wait();      // Call Put with non-zero _lockTime - should succeed in original but revert in mutant     // The mutant's condition block.timestamp + _lockTime <= block.timestamp     // will fail for any positive _lockTime, causing revert     const lockTime = 100;     const value = ethers.parseEther(""1"");          // In the original, this should succeed. In the mutant, it will revert.     // We expect it to succeed (original behavior), so if it reverts, the mutant is detected     const tx = instance.Put(lockTime, { value: value });     await expect(tx).to.not.be.reverted;   }); });","""['Error: syntax error']"""
m25768d8a,PENNY_BY_PENNY,<generic-v6-scaffold>,Put,live, >= , == ,---|         require(((block.timestamp + _lockTime) >= block.timestamp)); +++|         require(((block.timestamp + _lockTime) == block.timestamp));,45,Mutant m25768d8a of function Put replaces >= with ==,"pragma solidity ^0.8.0; contract PENNY_BY_PENNY { struct Holder { uint unlockTime; uint balance; } mapping (address => Holder) public Acc; uint public MinSum; LogFile Log; bool intitalized; function SetMinSum(uint _val) public { if(intitalized)revert(); MinSum = _val; } function SetLogFile(address _log) public { if(intitalized)revert(); Log = LogFile(_log); } function Initialized() public { intitalized = true; } function Put(uint _lockTime) public payable { Holder storage acc = Acc[msg.sender]; require(((acc.balance + msg.value) >= acc.balance)); acc.balance += msg.value; require(((block.timestamp + _lockTime) >= block.timestamp)); if(block.timestamp+_lockTime>acc.unlockTime)acc.unlockTime=block.timestamp+_lockTime; Log.AddMessage(msg.sender,msg.value,""Put""); } function Collect(uint _am) public payable { Holder storage acc = Acc[msg.sender]; if( acc.balance>=MinSum && acc.balance>=_am && block.timestamp>acc.unlockTime) { acc.balance = (acc.balance - _am); { (bool _s, bytes memory _d) = msg.sender.call{value: _am}(""""); _d; if (_s) { Log.AddMessage(msg.sender,_am,""Collect""); } else {revert (); } } } } fallback() external payable { Put(0); } } contract LogFile { struct Message { address Sender; string  Data; uint Val; uint  Time; } Message[] public History; Message LastMsg; function AddMessage(address _adr,uint _val, string memory _data) public { LastMsg.Sender = _adr; LastMsg.Time = block.timestamp; LastMsg.Val = _val; LastMsg.Data = _data; History.push(LastMsg); } }","import { expect } from ""chai""; import { ethers } from ""hardhat""; describe(""PENNY_BY_PENNY reference (ethers v6; deploy may require constructor arguments)"", function () { it(""deploy PENNY_BY_PENNY by supplying its REQUIRED constructor arguments (read them from the contract constructor), then call methods and assert; use ethers.parseEther, await (await tx).wait(), and expect(...).to.be.reverted"", async function () { const [owner, addr1, addr2] = await ethers.getSigners(); const Factory = await ethers.getContractFactory(""PENNY_BY_PENNY""); const instance = await Factory.deploy(...constructorArgs); await instance.waitForDeployment(); }); });",False,False,"import { expect } from ""chai""; import { ethers } from ""hardhat"";  describe(""PENNY_BY_PENNY mutant test - m25768d8a"", function () {   it(""should kill mutant by calling Put with non-zero _lockTime"", async function () {     const [owner] = await ethers.getSigners();     const Factory = await ethers.getContractFactory(""PENNY_BY_PENNY"");     const instance = await Factory.deploy();     await instance.waitForDeployment();      // Set MinSum to 0 to avoid interfering with Collect logic     await instance.SetMinSum(0);     // Initialize the contract     await instance.Initialized();      // Call Put with a non-zero _lockTime (e.g., 100 seconds)     // In the original contract, this should succeed because (block.timestamp + 100) >= block.timestamp     // In the mutant, it will revert because (block.timestamp + 100) == block.timestamp is false     const tx = instance.Put(100, { value: ethers.parseEther(""1"") });          // The mutant should revert, so we expect the transaction to fail     await expect(tx).to.be.reverted;   }); });","""['Error: syntax error']"""
m9a3c54c7,PENNY_BY_PENNY,<generic-v6-scaffold>,Put,live, + , - ,---|         require(((block.timestamp + _lockTime) >= block.timestamp)); +++|         require(((block.timestamp - _lockTime) >= block.timestamp));,45,Mutant m9a3c54c7 of function Put replaces + with -,"pragma solidity ^0.8.0; contract PENNY_BY_PENNY { struct Holder { uint unlockTime; uint balance; } mapping (address => Holder) public Acc; uint public MinSum; LogFile Log; bool intitalized; function SetMinSum(uint _val) public { if(intitalized)revert(); MinSum = _val; } function SetLogFile(address _log) public { if(intitalized)revert(); Log = LogFile(_log); } function Initialized() public { intitalized = true; } function Put(uint _lockTime) public payable { Holder storage acc = Acc[msg.sender]; require(((acc.balance + msg.value) >= acc.balance)); acc.balance += msg.value; require(((block.timestamp + _lockTime) >= block.timestamp)); if(block.timestamp+_lockTime>acc.unlockTime)acc.unlockTime=block.timestamp+_lockTime; Log.AddMessage(msg.sender,msg.value,""Put""); } function Collect(uint _am) public payable { Holder storage acc = Acc[msg.sender]; if( acc.balance>=MinSum && acc.balance>=_am && block.timestamp>acc.unlockTime) { acc.balance = (acc.balance - _am); { (bool _s, bytes memory _d) = msg.sender.call{value: _am}(""""); _d; if (_s) { Log.AddMessage(msg.sender,_am,""Collect""); } else {revert (); } } } } fallback() external payable { Put(0); } } contract LogFile { struct Message { address Sender; string  Data; uint Val; uint  Time; } Message[] public History; Message LastMsg; function AddMessage(address _adr,uint _val, string memory _data) public { LastMsg.Sender = _adr; LastMsg.Time = block.timestamp; LastMsg.Val = _val; LastMsg.Data = _data; History.push(LastMsg); } }","import { expect } from ""chai""; import { ethers } from ""hardhat""; describe(""PENNY_BY_PENNY reference (ethers v6; deploy may require constructor arguments)"", function () { it(""deploy PENNY_BY_PENNY by supplying its REQUIRED constructor arguments (read them from the contract constructor), then call methods and assert; use ethers.parseEther, await (await tx).wait(), and expect(...).to.be.reverted"", async function () { const [owner, addr1, addr2] = await ethers.getSigners(); const Factory = await ethers.getContractFactory(""PENNY_BY_PENNY""); const instance = await Factory.deploy(...constructorArgs); await instance.waitForDeployment(); }); });",False,False,"import { expect } from ""chai""; import { ethers } from ""hardhat"";  describe(""PENNY_BY_PENNY mutant m9a3c54c7"", function () {   it(""should kill the mutant by calling Put with non-zero _lockTime and expecting success"", async function () {     const [owner] = await ethers.getSigners();     const Factory = await ethers.getContractFactory(""PENNY_BY_PENNY"");     const instance = await Factory.deploy();     await instance.waitForDeployment();      // Initialize the contract (required before Put can be called)     await instance.Initialized();      // Set MinSum to a small value so it doesn't interfere     await instance.SetMinSum(0);      // Call Put with a non-zero _lockTime value     // In the original contract, this should succeed because the timestamp check is always true     // In the mutant, this should revert because (block.timestamp - _lockTime) >= block.timestamp is false for any positive _lockTime     const lockTime = 1000;     const value = ethers.parseEther(""1"");          await expect(       instance.connect(owner).Put(lockTime, { value: value })     ).to.not.be.reverted;   }); });","""['Error: syntax error']"""
m83fd3300,PENNY_BY_PENNY,<generic-v6-scaffold>,Put,live, + , * ,---|         require(((block.timestamp + _lockTime) >= block.timestamp)); +++|         require(((block.timestamp * _lockTime) >= block.timestamp));,45,Mutant m83fd3300 of function Put replaces + with *,"pragma solidity ^0.8.0; contract PENNY_BY_PENNY { struct Holder { uint unlockTime; uint balance; } mapping (address => Holder) public Acc; uint public MinSum; LogFile Log; bool intitalized; function SetMinSum(uint _val) public { if(intitalized)revert(); MinSum = _val; } function SetLogFile(address _log) public { if(intitalized)revert(); Log = LogFile(_log); } function Initialized() public { intitalized = true; } function Put(uint _lockTime) public payable { Holder storage acc = Acc[msg.sender]; require(((acc.balance + msg.value) >= acc.balance)); acc.balance += msg.value; require(((block.timestamp + _lockTime) >= block.timestamp)); if(block.timestamp+_lockTime>acc.unlockTime)acc.unlockTime=block.timestamp+_lockTime; Log.AddMessage(msg.sender,msg.value,""Put""); } function Collect(uint _am) public payable { Holder storage acc = Acc[msg.sender]; if( acc.balance>=MinSum && acc.balance>=_am && block.timestamp>acc.unlockTime) { acc.balance = (acc.balance - _am); { (bool _s, bytes memory _d) = msg.sender.call{value: _am}(""""); _d; if (_s) { Log.AddMessage(msg.sender,_am,""Collect""); } else {revert (); } } } } fallback() external payable { Put(0); } } contract LogFile { struct Message { address Sender; string  Data; uint Val; uint  Time; } Message[] public History; Message LastMsg; function AddMessage(address _adr,uint _val, string memory _data) public { LastMsg.Sender = _adr; LastMsg.Time = block.timestamp; LastMsg.Val = _val; LastMsg.Data = _data; History.push(LastMsg); } }","import { expect } from ""chai""; import { ethers } from ""hardhat""; describe(""PENNY_BY_PENNY reference (ethers v6; deploy may require constructor arguments)"", function () { it(""deploy PENNY_BY_PENNY by supplying its REQUIRED constructor arguments (read them from the contract constructor), then call methods and assert; use ethers.parseEther, await (await tx).wait(), and expect(...).to.be.reverted"", async function () { const [owner, addr1, addr2] = await ethers.getSigners(); const Factory = await ethers.getContractFactory(""PENNY_BY_PENNY""); const instance = await Factory.deploy(...constructorArgs); await instance.waitForDeployment(); }); });",False,False,"import { expect } from ""chai""; import { ethers } } from ""hardhat"";  describe(""PENNY_BY_PENNY mutant detection test"", function () {   it(""should detect mutant m83fd3300 by calling Put with _lockTime = 0"", async function () {     const [owner, addr1] = await ethers.getSigners();     const Factory = await ethers.getContractFactory(""PENNY_BY_PENNY"");     const instance = await Factory.deploy();     await instance.waitForDeployment();      // Call Put with _lockTime = 0 and 1 ether value     const tx = instance.connect(addr1).Put(0, { value: ethers.parseEther(""1"") });          // In original contract this succeeds (block.timestamp + 0 >= block.timestamp is true)     // In mutant this reverts (block.timestamp * 0 = 0 >= block.timestamp is false)     await expect(tx).to.not.be.reverted;   }); });","""['Error: syntax error']"""
me80c04a1,PENNY_BY_PENNY,<generic-v6-scaffold>,Put,live,>,<,---|         if(block.timestamp+_lockTime>acc.unlockTime)acc.unlockTime=block.timestamp+_lockTime; +++|         if(block.timestamp+_lockTime<acc.unlockTime)acc.unlockTime=block.timestamp+_lockTime;,46,Mutant me80c04a1 of function Put replaces > with <,"pragma solidity ^0.8.0; contract PENNY_BY_PENNY { struct Holder { uint unlockTime; uint balance; } mapping (address => Holder) public Acc; uint public MinSum; LogFile Log; bool intitalized; function SetMinSum(uint _val) public { if(intitalized)revert(); MinSum = _val; } function SetLogFile(address _log) public { if(intitalized)revert(); Log = LogFile(_log); } function Initialized() public { intitalized = true; } function Put(uint _lockTime) public payable { Holder storage acc = Acc[msg.sender]; require(((acc.balance + msg.value) >= acc.balance)); acc.balance += msg.value; require(((block.timestamp + _lockTime) >= block.timestamp)); if(block.timestamp+_lockTime>acc.unlockTime)acc.unlockTime=block.timestamp+_lockTime; Log.AddMessage(msg.sender,msg.value,""Put""); } function Collect(uint _am) public payable { Holder storage acc = Acc[msg.sender]; if( acc.balance>=MinSum && acc.balance>=_am && block.timestamp>acc.unlockTime) { acc.balance = (acc.balance - _am); { (bool _s, bytes memory _d) = msg.sender.call{value: _am}(""""); _d; if (_s) { Log.AddMessage(msg.sender,_am,""Collect""); } else {revert (); } } } } fallback() external payable { Put(0); } } contract LogFile { struct Message { address Sender; string  Data; uint Val; uint  Time; } Message[] public History; Message LastMsg; function AddMessage(address _adr,uint _val, string memory _data) public { LastMsg.Sender = _adr; LastMsg.Time = block.timestamp; LastMsg.Val = _val; LastMsg.Data = _data; History.push(LastMsg); } }","import { expect } from ""chai""; import { ethers } from ""hardhat""; describe(""PENNY_BY_PENNY reference (ethers v6; deploy may require constructor arguments)"", function () { it(""deploy PENNY_BY_PENNY by supplying its REQUIRED constructor arguments (read them from the contract constructor), then call methods and assert; use ethers.parseEther, await (await tx).wait(), and expect(...).to.be.reverted"", async function () { const [owner, addr1, addr2] = await ethers.getSigners(); const Factory = await ethers.getContractFactory(""PENNY_BY_PENNY""); const instance = await Factory.deploy(...constructorArgs); await instance.waitForDeployment(); }); });",False,False,"import { expect } from ""chai""; import { ethers } from ""hardhat"";  describe(""PENNY_BY_PENNY mutant test - me80c04a1"", function () {   it(""should detect reversed comparison operator in Put function"", async function () {     const [owner, addr1] = await ethers.getSigners();          // Deploy LogFile first (required by PENNY_BY_PENNY)     const LogFileFactory = await ethers.getContractFactory(""LogFile"");     const logFile = await LogFileFactory.deploy();     await logFile.waitForDeployment();          // Deploy PENNY_BY_PENNY (no constructor arguments)     const Factory = await ethers.getContractFactory(""PENNY_BY_PENNY"");     const instance = await Factory.deploy();     await instance.waitForDeployment();          // Initialize the contract     await instance.connect(owner).SetLogFile(await logFile.getAddress());     await instance.connect(owner).SetMinSum(ethers.parseEther(""0.1""));     await instance.connect(owner).Initialized();          // First deposit: short lock time (100 seconds)     const shortLockTime = 100;     const deposit1 = ethers.parseEther(""1"");     await instance.connect(addr1).Put(shortLockTime, { value: deposit1 });          // Get the unlock time after first deposit     let holderInfo = await instance.Acc(addr1.address);     const unlockTimeAfterFirstDeposit = holderInfo.unlockTime;          // Second deposit: longer lock time (200 seconds) - should extend unlock time     const longLockTime = 200;     const deposit2 = ethers.parseEther(""1"");     await instance.connect(addr1).Put(longLockTime, { value: deposit2 });          // Get the unlock time after second deposit     holderInfo = await instance.Acc(addr1.address);     const unlockTimeAfterSecondDeposit = holderInfo.unlockTime;          // In the original contract, the unlock time should be extended     // In the mutant, the unlock time would NOT be extended (stays at first deposit's unlock time)     const expectedUnlockTime = BigInt(await ethers.provider.getBlock(""latest"").then(b => b!.timestamp)) + BigInt(longLockTime);          // If mutant is active, unlock time would be shorter (from first deposit only)     // Wait until after first unlock time but before second unlock time     const shortUnlockTime = BigInt(await ethers.provider.getBlock(""latest"").then(b => b!.timestamp)) + BigInt(shortLockTime);          // Mine blocks to advance time past the short lock time     await ethers.provider.send(""evm_setNextBlockTimestamp"", [Number(shortUnlockTime) + 1]);     await ethers.provider.send(""evm_mine"", []);          // Try to collect - should succeed in mutant (unlock time not extended)     // Should fail in original (unlock time was extended)     await expect(       instance.connect(addr1).Collect(ethers.parseEther(""0.5""))     ).to.be.reverted;          // Now advance time past the long lock time     await ethers.provider.send(""evm_setNextBlockTimestamp"", [Number(expectedUnlockTime) + 1]);     await ethers.provider.send(""evm_mine"", []);          // Now collection should succeed in both versions     await expect(       instance.connect(addr1).Collect(ethers.parseEther(""0.5""))     ).to.not.be.reverted;   }); });","""['Error: syntax error']"""
m58fe48aa,PENNY_BY_PENNY,<generic-v6-scaffold>,Put,live,>,>= ,---|         if(block.timestamp+_lockTime>acc.unlockTime)acc.unlockTime=block.timestamp+_lockTime; +++|         if(block.timestamp+_lockTime>= acc.unlockTime)acc.unlockTime=block.timestamp+_lockTime;,46,Mutant m58fe48aa of function Put replaces > with >=,"pragma solidity ^0.8.0; contract PENNY_BY_PENNY { struct Holder { uint unlockTime; uint balance; } mapping (address => Holder) public Acc; uint public MinSum; LogFile Log; bool intitalized; function SetMinSum(uint _val) public { if(intitalized)revert(); MinSum = _val; } function SetLogFile(address _log) public { if(intitalized)revert(); Log = LogFile(_log); } function Initialized() public { intitalized = true; } function Put(uint _lockTime) public payable { Holder storage acc = Acc[msg.sender]; require(((acc.balance + msg.value) >= acc.balance)); acc.balance += msg.value; require(((block.timestamp + _lockTime) >= block.timestamp)); if(block.timestamp+_lockTime>acc.unlockTime)acc.unlockTime=block.timestamp+_lockTime; Log.AddMessage(msg.sender,msg.value,""Put""); } function Collect(uint _am) public payable { Holder storage acc = Acc[msg.sender]; if( acc.balance>=MinSum && acc.balance>=_am && block.timestamp>acc.unlockTime) { acc.balance = (acc.balance - _am); { (bool _s, bytes memory _d) = msg.sender.call{value: _am}(""""); _d; if (_s) { Log.AddMessage(msg.sender,_am,""Collect""); } else {revert (); } } } } fallback() external payable { Put(0); } } contract LogFile { struct Message { address Sender; string  Data; uint Val; uint  Time; } Message[] public History; Message LastMsg; function AddMessage(address _adr,uint _val, string memory _data) public { LastMsg.Sender = _adr; LastMsg.Time = block.timestamp; LastMsg.Val = _val; LastMsg.Data = _data; History.push(LastMsg); } }","import { expect } from ""chai""; import { ethers } from ""hardhat""; describe(""PENNY_BY_PENNY reference (ethers v6; deploy may require constructor arguments)"", function () { it(""deploy PENNY_BY_PENNY by supplying its REQUIRED constructor arguments (read them from the contract constructor), then call methods and assert; use ethers.parseEther, await (await tx).wait(), and expect(...).to.be.reverted"", async function () { const [owner, addr1, addr2] = await ethers.getSigners(); const Factory = await ethers.getContractFactory(""PENNY_BY_PENNY""); const instance = await Factory.deploy(...constructorArgs); await instance.waitForDeployment(); }); });",False,False,"import { expect } from ""chai""; import { ethers } from ""hardhat"";  describe(""PENNY_BY_PENNY mutant m58fe48aa test"", function () {   it(""should detect mutant where >= replaces > in Put function unlockTime update"", async function () {     const [owner, addr1] = await ethers.getSigners();          // Deploy LogFile first (required by PENNY_BY_PENNY)     const LogFileFactory = await ethers.getContractFactory(""LogFile"");     const logFile = await LogFileFactory.deploy();     await logFile.waitForDeployment();          // Deploy PENNY_BY_PENNY (no constructor arguments based on contract code)     const Factory = await ethers.getContractFactory(""PENNY_BY_PENNY"");     const instance = await Factory.deploy();     await instance.waitForDeployment();          // Initialize the contract     await instance.connect(owner).SetLogFile(await logFile.getAddress());     await instance.connect(owner).SetMinSum(ethers.parseEther(""0.1""));     await instance.connect(owner).Initialized();          // First Put: set a lock time that results in unlockTime = block.timestamp + 100     const lockTime1 = 100;     const depositAmount = ethers.parseEther(""1"");     const tx1 = await instance.connect(addr1).Put(lockTime1, { value: depositAmount });     await tx1.wait();          // Get the current unlockTime after first deposit     const holderAfterFirst = await instance.Acc(addr1.address);     const unlockTimeAfterFirst = holderAfterFirst.unlockTime;          // Calculate the exact lockTime needed to produce the same unlockTime     // Since block.timestamp may have advanced slightly, we need to compute     const currentBlock = await ethers.provider.getBlock(""latest"");     const currentTimestamp = currentBlock!.timestamp;     const lockTime2 = Number(unlockTimeAfterFirst) - currentTimestamp;          // Second Put: use _lockTime that results in the SAME unlockTime     const tx2 = await instance.connect(addr1).Put(lockTime2, { value: depositAmount });     await tx2.wait();          // Get unlockTime after second Put     const holderAfterSecond = await instance.Acc(addr1.address);     const unlockTimeAfterSecond = holderAfterSecond.unlockTime;          // In the original contract, unlockTime should NOT change because block.timestamp+_lockTime is NOT > unlockTime (it's equal)     // In the mutant, unlockTime WILL be updated (waste of gas) because >= evaluates to true     // We can detect this by checking if the unlockTime changed when it shouldn't have     // The mutant will cause a state write, which we can detect via gas usage comparison     // However, a simpler approach: verify the unlockTime remains exactly the same     expect(unlockTimeAfterSecond).to.equal(unlockTimeAfterFirst,        ""Mutant detected: unlockTime was updated when it should not have been (>= instead of >)"");   }); });","""['Error: syntax error']"""
m03e38297,PENNY_BY_PENNY,<generic-v6-scaffold>,Put,live,+,-,---|         if(block.timestamp+_lockTime>acc.unlockTime)acc.unlockTime=block.timestamp+_lockTime; +++|         if(block.timestamp-_lockTime>acc.unlockTime)acc.unlockTime=block.timestamp+_lockTime;,46,Mutant m03e38297 of function Put replaces + with -,"pragma solidity ^0.8.0; contract PENNY_BY_PENNY { struct Holder { uint unlockTime; uint balance; } mapping (address => Holder) public Acc; uint public MinSum; LogFile Log; bool intitalized; function SetMinSum(uint _val) public { if(intitalized)revert(); MinSum = _val; } function SetLogFile(address _log) public { if(intitalized)revert(); Log = LogFile(_log); } function Initialized() public { intitalized = true; } function Put(uint _lockTime) public payable { Holder storage acc = Acc[msg.sender]; require(((acc.balance + msg.value) >= acc.balance)); acc.balance += msg.value; require(((block.timestamp + _lockTime) >= block.timestamp)); if(block.timestamp+_lockTime>acc.unlockTime)acc.unlockTime=block.timestamp+_lockTime; Log.AddMessage(msg.sender,msg.value,""Put""); } function Collect(uint _am) public payable { Holder storage acc = Acc[msg.sender]; if( acc.balance>=MinSum && acc.balance>=_am && block.timestamp>acc.unlockTime) { acc.balance = (acc.balance - _am); { (bool _s, bytes memory _d) = msg.sender.call{value: _am}(""""); _d; if (_s) { Log.AddMessage(msg.sender,_am,""Collect""); } else {revert (); } } } } fallback() external payable { Put(0); } } contract LogFile { struct Message { address Sender; string  Data; uint Val; uint  Time; } Message[] public History; Message LastMsg; function AddMessage(address _adr,uint _val, string memory _data) public { LastMsg.Sender = _adr; LastMsg.Time = block.timestamp; LastMsg.Val = _val; LastMsg.Data = _data; History.push(LastMsg); } }","import { expect } from ""chai""; import { ethers } from ""hardhat""; describe(""PENNY_BY_PENNY reference (ethers v6; deploy may require constructor arguments)"", function () { it(""deploy PENNY_BY_PENNY by supplying its REQUIRED constructor arguments (read them from the contract constructor), then call methods and assert; use ethers.parseEther, await (await tx).wait(), and expect(...).to.be.reverted"", async function () { const [owner, addr1, addr2] = await ethers.getSigners(); const Factory = await ethers.getContractFactory(""PENNY_BY_PENNY""); const instance = await Factory.deploy(...constructorArgs); await instance.waitForDeployment(); }); });",False,False,"import { expect } from ""chai""; import { ethers } from ""hardhat"";  describe(""PENNY_BY_PENNY mutant kill test"", function () {   it(""should detect mutant m03e38297 by checking unlock time update on second Put with shorter lock"", async function () {     const [owner, addr1] = await ethers.getSigners();     const Factory = await ethers.getContractFactory(""PENNY_BY_PENNY"");     const instance = await Factory.deploy();     await instance.waitForDeployment();      // Initialize the contract     await instance.Initialized();      // Set MinSum to 0 so Collect can work with any balance     await instance.SetMinSum(0);      // Deploy a LogFile contract (required for AddMessage to work)     const LogFactory = await ethers.getContractFactory(""LogFile"");     const logInstance = await LogFactory.deploy();     await logInstance.waitForDeployment();     await instance.SetLogFile(await logInstance.getAddress());      const depositAmount = ethers.parseEther(""1"");     const longLockTime = 100000; // large lock time in seconds     const shortLockTime = 1; // very short lock time      // First deposit with a long lock time     await instance.connect(addr1).Put(longLockTime, { value: depositAmount });      // Record the unlock time after first deposit     let accInfo = await instance.Acc(addr1.address);     const firstUnlockTime = accInfo.unlockTime;      // Second deposit with a short lock time - this should update unlockTime in original     await instance.connect(addr1).Put(shortLockTime, { value: depositAmount });      // Check the unlock time after second deposit     accInfo = await instance.Acc(addr1.address);     const secondUnlockTime = accInfo.unlockTime;      // In the original contract: block.timestamp + shortLockTime > firstUnlockTime should be false     // (since firstUnlockTime = block.timestamp1 + longLockTime, and longLockTime >> shortLockTime)     // So original would NOT update unlockTime: secondUnlockTime == firstUnlockTime     // In the mutant: block.timestamp - shortLockTime > firstUnlockTime would be false too     // BUT the key difference is: if we wait until after shortLockTime but before longLockTime expires,     // the original would still have unlockTime in the future, while mutant might have updated it incorrectly.      // To directly kill the mutant: we need a scenario where the condition evaluation differs.     // Let's create a case where the original updates unlockTime but mutant does NOT.          // Reset by deploying fresh contract     const instance2 = await Factory.deploy();     await instance2.waitForDeployment();     await instance2.Initialized();     await instance2.SetMinSum(0);     await instance2.SetLogFile(await logInstance.getAddress());      // Deposit with a moderate lock time first     const moderateLock = 500;     await instance2.connect(addr1).Put(moderateLock, { value: depositAmount });          // Now deposit with a VERY LARGE lock time (should extend unlockTime in original)     const hugeLock = 1000000;     await instance2.connect(addr1).Put(hugeLock, { value: depositAmount });      // Get the unlock time     accInfo = await instance2.Acc(addr1.address);     const finalUnlockTime = accInfo.unlockTime;          // Get current block timestamp     const blockNum = await ethers.provider.getBlockNumber();     const block = await ethers.provider.getBlock(blockNum);     const currentTime = block.timestamp;      // In original: block.timestamp + hugeLock > previous unlock time -> update happens     // So finalUnlockTime should be approximately currentTime + hugeLock     // In mutant: block.timestamp - hugeLock > previous unlock time -> FALSE (since subtraction makes it small)     // So mutant would NOT update, finalUnlockTime would be currentTime + moderateLock (smaller)          // The mutant would have a SMALLER unlock time than original     // So we can kill the mutant by trying to collect after the shorter period     // but before the longer period - mutant would allow it, original would revert          // Wait for moderateLock time to pass (or simulate by advancing time)     await ethers.provider.send(""evm_increaseTime"", [moderateLock + 10]);     await ethers.provider.send(""evm_mine"", []);      // Try to collect - in original this should revert because unlockTime is still in the future     // (since original updated to hugeLock time which hasn't passed)     // In mutant, unlockTime was NOT updated (still at moderateLock time which has passed)     // So mutant would allow the collect          await expect(       instance2.connect(addr1).Collect(ethers.parseEther(""0.5""))     ).to.be.reverted;   }); });","""['Error: syntax error']"""
m7a350307,PENNY_BY_PENNY,<generic-v6-scaffold>,Put,live,+,*,---|         if(block.timestamp+_lockTime>acc.unlockTime)acc.unlockTime=block.timestamp+_lockTime; +++|         if(block.timestamp*_lockTime>acc.unlockTime)acc.unlockTime=block.timestamp+_lockTime;,46,Mutant m7a350307 of function Put replaces + with *,"pragma solidity ^0.8.0; contract PENNY_BY_PENNY { struct Holder { uint unlockTime; uint balance; } mapping (address => Holder) public Acc; uint public MinSum; LogFile Log; bool intitalized; function SetMinSum(uint _val) public { if(intitalized)revert(); MinSum = _val; } function SetLogFile(address _log) public { if(intitalized)revert(); Log = LogFile(_log); } function Initialized() public { intitalized = true; } function Put(uint _lockTime) public payable { Holder storage acc = Acc[msg.sender]; require(((acc.balance + msg.value) >= acc.balance)); acc.balance += msg.value; require(((block.timestamp + _lockTime) >= block.timestamp)); if(block.timestamp+_lockTime>acc.unlockTime)acc.unlockTime=block.timestamp+_lockTime; Log.AddMessage(msg.sender,msg.value,""Put""); } function Collect(uint _am) public payable { Holder storage acc = Acc[msg.sender]; if( acc.balance>=MinSum && acc.balance>=_am && block.timestamp>acc.unlockTime) { acc.balance = (acc.balance - _am); { (bool _s, bytes memory _d) = msg.sender.call{value: _am}(""""); _d; if (_s) { Log.AddMessage(msg.sender,_am,""Collect""); } else {revert (); } } } } fallback() external payable { Put(0); } } contract LogFile { struct Message { address Sender; string  Data; uint Val; uint  Time; } Message[] public History; Message LastMsg; function AddMessage(address _adr,uint _val, string memory _data) public { LastMsg.Sender = _adr; LastMsg.Time = block.timestamp; LastMsg.Val = _val; LastMsg.Data = _data; History.push(LastMsg); } }","import { expect } from ""chai""; import { ethers } from ""hardhat""; describe(""PENNY_BY_PENNY reference (ethers v6; deploy may require constructor arguments)"", function () { it(""deploy PENNY_BY_PENNY by supplying its REQUIRED constructor arguments (read them from the contract constructor), then call methods and assert; use ethers.parseEther, await (await tx).wait(), and expect(...).to.be.reverted"", async function () { const [owner, addr1, addr2] = await ethers.getSigners(); const Factory = await ethers.getContractFactory(""PENNY_BY_PENNY""); const instance = await Factory.deploy(...constructorArgs); await instance.waitForDeployment(); }); });",False,False,"import { expect } from ""chai""; import { ethers } from ""hardhat"";  describe(""PENNY_BY_PENNY mutant m7a350307 test"", function () {   it(""should detect mutant by verifying unlockTime is not updated when _lockTime is 0 and current unlockTime is in the future"", async function () {     const [owner, addr1] = await ethers.getSigners();          // Deploy LogFile first (needed as constructor argument)     const LogFileFactory = await ethers.getContractFactory(""LogFile"");     const logFile = await LogFileFactory.deploy();     await logFile.waitForDeployment();          // Deploy PENNY_BY_PENNY with LogFile address     const Factory = await ethers.getContractFactory(""PENNY_BY_PENNY"");     const instance = await Factory.deploy(await logFile.getAddress());     await instance.waitForDeployment();          // Initialize the contract     await instance.connect(owner).Initialized();          // Set MinSum to 0 for testing purposes     await instance.connect(owner).SetMinSum(0);          // First, make a Put with a non-zero lock time to set an unlockTime in the future     const lockTime1 = 1000; // seconds     const depositAmount = ethers.parseEther(""1"");     await instance.connect(addr1).Put(lockTime1, { value: depositAmount });          // Get the current unlockTime after first deposit     const holder1 = await instance.Acc(addr1.address);     const initialUnlockTime = holder1.unlockTime;          // Now call Put with _lockTime = 0     // In the original: block.timestamp + 0 = block.timestamp, which is NOT > initialUnlockTime (since initialUnlockTime > block.timestamp)     // In the mutant: block.timestamp * 0 = 0, which IS NOT > initialUnlockTime (0 is not > a positive number)     // Wait - we need a case where the original would NOT update but mutant WOULD     // Let's instead use a very small _lockTime like 1 second     // Wait for some time to pass so block.timestamp advances     await ethers.provider.send(""evm_increaseTime"", [500]);     await ethers.provider.send(""evm_mine"", []);          // Now call Put with _lockTime = 1     // Original: block.timestamp + 1 > initialUnlockTime?      // If we waited 500 seconds and initialUnlockTime was block.timestamp + 1000, then now block.timestamp = initialUnlockTime - 500, so block.timestamp + 1 < initialUnlockTime     // Mutant: block.timestamp * 1 = block.timestamp, which is > initialUnlockTime? No, block.timestamp < initialUnlockTime     // Need different approach          // Let's reset: deploy fresh contract     const instance2 = await Factory.deploy(await logFile.getAddress());     await instance2.waitForDeployment();     await instance2.connect(owner).Initialized();     await instance2.connect(owner).SetMinSum(0);          // Make a Put with lockTime = 100 seconds     await instance2.connect(addr1).Put(100, { value: ethers.parseEther(""1"") });     const holderBefore = await instance2.Acc(addr1.address);     const unlockTimeBefore = holderBefore.unlockTime;          // Advance time so that current timestamp is well past the unlockTime     await ethers.provider.send(""evm_increaseTime"", [200]);     await ethers.provider.send(""evm_mine"", []);          // Now current timestamp > unlockTimeBefore     // Call Put with _lockTime = 0     await instance2.connect(addr1).Put(0, { value: ethers.parseEther(""0.5"") });          // Get updated unlockTime     const holderAfter = await instance2.Acc(addr1.address);     const unlockTimeAfter = holderAfter.unlockTime;          // In original: block.timestamp + 0 = block.timestamp, which IS > unlockTimeBefore (since we advanced past it)     // So original WOULD update - this doesn't differentiate          // Let's try a different scenario: set unlockTime to a very large value first     const instance3 = await Factory.deploy(await logFile.getAddress());     await instance3.waitForDeployment();     await instance3.connect(owner).Initialized();     await instance3.connect(owner).SetMinSum(0);          // Make a Put with huge lockTime to set unlockTime far in future     await instance3.connect(addr1).Put(1000000, { value: ethers.parseEther(""1"") });     const holderBefore2 = await instance3.Acc(addr1.address);     const futureUnlockTime = holderBefore2.unlockTime;          // Now call Put with _lockTime = 1     // Original: block.timestamp + 1 < futureUnlockTime (since futureUnlockTime is block.timestamp + 1000000)     // Mutant: block.timestamp * 1 = block.timestamp, which is < futureUnlockTime     // Both false - need case where original false but mutant true          // Scenario: _lockTime = 2, current timestamp is large     // Original: block.timestamp + 2 > futureUnlockTime? No     // Mutant: block.timestamp * 2 > futureUnlockTime? block.timestamp * 2 = 2*block.timestamp > block.timestamp + 1000000? Only if block.timestamp > 1000000 which is true (current timestamp ~1.7B)     // Yes! This will work          await instance3.connect(addr1).Put(2, { value: ethers.parseEther(""0.5"") });     const holderAfter2 = await instance3.Acc(addr1.address);     const unlockTimeAfter2 = holderAfter2.unlockTime;          // In original: unlockTime should remain unchanged (futureUnlockTime)     // In mutant: unlockTime would be updated to block.timestamp + 2 (because the if condition becomes true)     // We expect unlockTime to NOT change (original behavior)     expect(unlockTimeAfter2).to.equal(futureUnlockTime);   }); });","""['Error: syntax error']"""
mf1f0319d,PENNY_BY_PENNY,<generic-v6-scaffold>,Put,live,+,-,---|         if(block.timestamp+_lockTime>acc.unlockTime)acc.unlockTime=block.timestamp+_lockTime; +++|         if(block.timestamp+_lockTime>acc.unlockTime)acc.unlockTime=block.timestamp-_lockTime;,46,Mutant mf1f0319d of function Put replaces + with -,"pragma solidity ^0.8.0; contract PENNY_BY_PENNY { struct Holder { uint unlockTime; uint balance; } mapping (address => Holder) public Acc; uint public MinSum; LogFile Log; bool intitalized; function SetMinSum(uint _val) public { if(intitalized)revert(); MinSum = _val; } function SetLogFile(address _log) public { if(intitalized)revert(); Log = LogFile(_log); } function Initialized() public { intitalized = true; } function Put(uint _lockTime) public payable { Holder storage acc = Acc[msg.sender]; require(((acc.balance + msg.value) >= acc.balance)); acc.balance += msg.value; require(((block.timestamp + _lockTime) >= block.timestamp)); if(block.timestamp+_lockTime>acc.unlockTime)acc.unlockTime=block.timestamp+_lockTime; Log.AddMessage(msg.sender,msg.value,""Put""); } function Collect(uint _am) public payable { Holder storage acc = Acc[msg.sender]; if( acc.balance>=MinSum && acc.balance>=_am && block.timestamp>acc.unlockTime) { acc.balance = (acc.balance - _am); { (bool _s, bytes memory _d) = msg.sender.call{value: _am}(""""); _d; if (_s) { Log.AddMessage(msg.sender,_am,""Collect""); } else {revert (); } } } } fallback() external payable { Put(0); } } contract LogFile { struct Message { address Sender; string  Data; uint Val; uint  Time; } Message[] public History; Message LastMsg; function AddMessage(address _adr,uint _val, string memory _data) public { LastMsg.Sender = _adr; LastMsg.Time = block.timestamp; LastMsg.Val = _val; LastMsg.Data = _data; History.push(LastMsg); } }","import { expect } from ""chai""; import { ethers } from ""hardhat""; describe(""PENNY_BY_PENNY reference (ethers v6; deploy may require constructor arguments)"", function () { it(""deploy PENNY_BY_PENNY by supplying its REQUIRED constructor arguments (read them from the contract constructor), then call methods and assert; use ethers.parseEther, await (await tx).wait(), and expect(...).to.be.reverted"", async function () { const [owner, addr1, addr2] = await ethers.getSigners(); const Factory = await ethers.getContractFactory(""PENNY_BY_PENNY""); const instance = await Factory.deploy(...constructorArgs); await instance.waitForDeployment(); }); });",False,False,"import { expect } from ""chai""; import { ethers } from ""hardhat"";  describe(""PENNY_BY_PENNY mutant mf1f0319d test"", function () {   it(""should revert on early Collect before lock time expires (original) but mutant allows it"", async function () {     const [owner, addr1] = await ethers.getSigners();          // Deploy PENNY_BY_PENNY (no constructor arguments needed)     const Factory = await ethers.getContractFactory(""PENNY_BY_PENNY"");     const instance = await Factory.deploy();     await instance.waitForDeployment();          // Deploy LogFile (needed for AddMessage calls)     const LogFactory = await ethers.getContractFactory(""LogFile"");     const log = await LogFactory.deploy();     await log.waitForDeployment();          // Initialize contract: set MinSum, LogFile, and mark as initialized     await instance.connect(owner).SetMinSum(ethers.parseEther(""0.1""));     await instance.connect(owner).SetLogFile(await log.getAddress());     await instance.connect(owner).Initialized();          // Deposit 1 ether with lock time of 3600 seconds (1 hour)     const depositAmount = ethers.parseEther(""1"");     const lockTime = 3600;     const txDeposit = await instance.connect(addr1).Put(lockTime, { value: depositAmount });     await txDeposit.wait();          // Attempt to collect 0.5 ether immediately (before lock time expires)     const collectAmount = ethers.parseEther(""0.5"");          // This should revert on original (lock still active) but pass on mutant (wrong unlockTime)     await expect(       instance.connect(addr1).Collect(collectAmount)     ).to.be.reverted;   }); });","""['Error: syntax error']"""
m5fb5e187,PENNY_BY_PENNY,<generic-v6-scaffold>,Put,live,+,*,---|         if(block.timestamp+_lockTime>acc.unlockTime)acc.unlockTime=block.timestamp+_lockTime; +++|         if(block.timestamp+_lockTime>acc.unlockTime)acc.unlockTime=block.timestamp*_lockTime;,46,Mutant m5fb5e187 of function Put replaces + with *,"pragma solidity ^0.8.0; contract PENNY_BY_PENNY { struct Holder { uint unlockTime; uint balance; } mapping (address => Holder) public Acc; uint public MinSum; LogFile Log; bool intitalized; function SetMinSum(uint _val) public { if(intitalized)revert(); MinSum = _val; } function SetLogFile(address _log) public { if(intitalized)revert(); Log = LogFile(_log); } function Initialized() public { intitalized = true; } function Put(uint _lockTime) public payable { Holder storage acc = Acc[msg.sender]; require(((acc.balance + msg.value) >= acc.balance)); acc.balance += msg.value; require(((block.timestamp + _lockTime) >= block.timestamp)); if(block.timestamp+_lockTime>acc.unlockTime)acc.unlockTime=block.timestamp+_lockTime; Log.AddMessage(msg.sender,msg.value,""Put""); } function Collect(uint _am) public payable { Holder storage acc = Acc[msg.sender]; if( acc.balance>=MinSum && acc.balance>=_am && block.timestamp>acc.unlockTime) { acc.balance = (acc.balance - _am); { (bool _s, bytes memory _d) = msg.sender.call{value: _am}(""""); _d; if (_s) { Log.AddMessage(msg.sender,_am,""Collect""); } else {revert (); } } } } fallback() external payable { Put(0); } } contract LogFile { struct Message { address Sender; string  Data; uint Val; uint  Time; } Message[] public History; Message LastMsg; function AddMessage(address _adr,uint _val, string memory _data) public { LastMsg.Sender = _adr; LastMsg.Time = block.timestamp; LastMsg.Val = _val; LastMsg.Data = _data; History.push(LastMsg); } }","import { expect } from ""chai""; import { ethers } from ""hardhat""; describe(""PENNY_BY_PENNY reference (ethers v6; deploy may require constructor arguments)"", function () { it(""deploy PENNY_BY_PENNY by supplying its REQUIRED constructor arguments (read them from the contract constructor), then call methods and assert; use ethers.parseEther, await (await tx).wait(), and expect(...).to.be.reverted"", async function () { const [owner, addr1, addr2] = await ethers.getSigners(); const Factory = await ethers.getContractFactory(""PENNY_BY_PENNY""); const instance = await Factory.deploy(...constructorArgs); await instance.waitForDeployment(); }); });",False,False,"import { expect } from ""chai""; import { ethers } from ""hardhat"";  describe(""PENNY_BY_PENNY mutant m5fb5e187 test"", function () {   it(""should detect the * vs + mutation in unlockTime calculation"", async function () {     const [owner, addr1] = await ethers.getSigners();     const Factory = await ethers.getContractFactory(""PENNY_BY_PENNY"");     const instance = await Factory.deploy();     await instance.waitForDeployment();      // Setup: set MinSum to 0 and initialize the contract     await instance.SetMinSum(0);     await instance.SetLogFile(await ethers.Wallet.createRandom().getAddress()); // dummy address, not used in test     await instance.Initialized();      // Get current block timestamp     const blockNumBefore = await ethers.provider.getBlockNumber();     const blockBefore = await ethers.provider.getBlock(blockNumBefore);     const currentTime = blockBefore.timestamp;      // Put with _lockTime = 1 second     const tx = await instance.connect(addr1).Put(1, { value: ethers.parseEther(""1"") });     await tx.wait();      // Check the stored unlockTime     const holder = await instance.Acc(addr1.address);          // Original: unlockTime = block.timestamp + 1     // Mutant: unlockTime = block.timestamp * 1 = block.timestamp     // So if mutant is deployed, unlockTime will equal block.timestamp (since *1)     // If original, unlockTime will be block.timestamp + 1     const expectedOriginal = currentTime + 1;     const expectedMutant = currentTime; // because timestamp * 1 = timestamp      // The test will fail on mutant because unlockTime will be currentTime instead of currentTime+1     expect(holder.unlockTime).to.equal(expectedOriginal);          // Additionally, verify Collect behavior: at currentTime, mutant allows collect (since unlockTime = currentTime)     // but original should revert (since unlockTime = currentTime + 1 > currentTime)     await expect(       instance.connect(addr1).Collect(ethers.parseEther(""0.5""))     ).to.be.reverted;   }); });","""['Error: syntax error']"""
m7f8f6910,PENNY_BY_PENNY,<generic-v6-scaffold>,Collect,live, && , || ,---|         if( acc.balance>=MinSum && acc.balance>=_am && block.timestamp>acc.unlockTime) +++|         if( acc.balance>=MinSum && acc.balance>=_am || block.timestamp>acc.unlockTime),53,Mutant m7f8f6910 of function Collect replaces && with ||,"pragma solidity ^0.8.0; contract PENNY_BY_PENNY { struct Holder { uint unlockTime; uint balance; } mapping (address => Holder) public Acc; uint public MinSum; LogFile Log; bool intitalized; function SetMinSum(uint _val) public { if(intitalized)revert(); MinSum = _val; } function SetLogFile(address _log) public { if(intitalized)revert(); Log = LogFile(_log); } function Initialized() public { intitalized = true; } function Put(uint _lockTime) public payable { Holder storage acc = Acc[msg.sender]; require(((acc.balance + msg.value) >= acc.balance)); acc.balance += msg.value; require(((block.timestamp + _lockTime) >= block.timestamp)); if(block.timestamp+_lockTime>acc.unlockTime)acc.unlockTime=block.timestamp+_lockTime; Log.AddMessage(msg.sender,msg.value,""Put""); } function Collect(uint _am) public payable { Holder storage acc = Acc[msg.sender]; if( acc.balance>=MinSum && acc.balance>=_am && block.timestamp>acc.unlockTime) { acc.balance = (acc.balance - _am); { (bool _s, bytes memory _d) = msg.sender.call{value: _am}(""""); _d; if (_s) { Log.AddMessage(msg.sender,_am,""Collect""); } else {revert (); } } } } fallback() external payable { Put(0); } } contract LogFile { struct Message { address Sender; string  Data; uint Val; uint  Time; } Message[] public History; Message LastMsg; function AddMessage(address _adr,uint _val, string memory _data) public { LastMsg.Sender = _adr; LastMsg.Time = block.timestamp; LastMsg.Val = _val; LastMsg.Data = _data; History.push(LastMsg); } }","import { expect } from ""chai""; import { ethers } from ""hardhat""; describe(""PENNY_BY_PENNY reference (ethers v6; deploy may require constructor arguments)"", function () { it(""deploy PENNY_BY_PENNY by supplying its REQUIRED constructor arguments (read them from the contract constructor), then call methods and assert; use ethers.parseEther, await (await tx).wait(), and expect(...).to.be.reverted"", async function () { const [owner, addr1, addr2] = await ethers.getSigners(); const Factory = await ethers.getContractFactory(""PENNY_BY_PENNY""); const instance = await Factory.deploy(...constructorArgs); await instance.waitForDeployment(); }); });",False,False,"import { expect } from ""chai""; import { ethers } from ""hardhat"";  describe(""PENNY_BY_PENNY mutant m7f8f6910 test"", function () {   it(""should revert on Collect when balance >= MinSum and balance >= _am but block.timestamp <= unlockTime (original AND logic)"", async function () {     const [owner, user] = await ethers.getSigners();          // Deploy contracts     const LogFactory = await ethers.getContractFactory(""LogFile"");     const logInstance = await LogFactory.deploy();     await logInstance.waitForDeployment();          const PennyFactory = await ethers.getContractFactory(""PENNY_BY_PENNY"");     const pennyInstance = await PennyFactory.deploy();     await pennyInstance.waitForDeployment();          // Setup: initialize contract and set MinSum     await pennyInstance.SetMinSum(ethers.parseEther(""1""));     await pennyInstance.SetLogFile(await logInstance.getAddress());     await pennyInstance.Initialized();          // User puts 2 ETH with a lock time of 1000 seconds from now     const lockTime = 1000;     const depositAmount = ethers.parseEther(""2"");     await pennyInstance.connect(user).Put(lockTime, { value: depositAmount });          // Verify unlockTime is set correctly     const holder = await pennyInstance.Acc(user.address);     const currentTime = (await ethers.provider.getBlock(""latest"")).timestamp;     expect(holder.unlockTime).to.equal(currentTime + lockTime);          // Try to collect 1.5 ETH while still locked (before unlockTime)     const collectAmount = ethers.parseEther(""1.5"");          // This should revert on original (AND logic) but would succeed on mutant (OR logic)     await expect(       pennyInstance.connect(user).Collect(collectAmount)     ).to.be.reverted;   }); });","""['Error: syntax error']"""
m08f13442,PENNY_BY_PENNY,<generic-v6-scaffold>,Collect,live, && , || ,---|         if( acc.balance>=MinSum && acc.balance>=_am && block.timestamp>acc.unlockTime) +++|         if( acc.balance>=MinSum || acc.balance>=_am && block.timestamp>acc.unlockTime),53,Mutant m08f13442 of function Collect replaces && with ||,"pragma solidity ^0.8.0; contract PENNY_BY_PENNY { struct Holder { uint unlockTime; uint balance; } mapping (address => Holder) public Acc; uint public MinSum; LogFile Log; bool intitalized; function SetMinSum(uint _val) public { if(intitalized)revert(); MinSum = _val; } function SetLogFile(address _log) public { if(intitalized)revert(); Log = LogFile(_log); } function Initialized() public { intitalized = true; } function Put(uint _lockTime) public payable { Holder storage acc = Acc[msg.sender]; require(((acc.balance + msg.value) >= acc.balance)); acc.balance += msg.value; require(((block.timestamp + _lockTime) >= block.timestamp)); if(block.timestamp+_lockTime>acc.unlockTime)acc.unlockTime=block.timestamp+_lockTime; Log.AddMessage(msg.sender,msg.value,""Put""); } function Collect(uint _am) public payable { Holder storage acc = Acc[msg.sender]; if( acc.balance>=MinSum && acc.balance>=_am && block.timestamp>acc.unlockTime) { acc.balance = (acc.balance - _am); { (bool _s, bytes memory _d) = msg.sender.call{value: _am}(""""); _d; if (_s) { Log.AddMessage(msg.sender,_am,""Collect""); } else {revert (); } } } } fallback() external payable { Put(0); } } contract LogFile { struct Message { address Sender; string  Data; uint Val; uint  Time; } Message[] public History; Message LastMsg; function AddMessage(address _adr,uint _val, string memory _data) public { LastMsg.Sender = _adr; LastMsg.Time = block.timestamp; LastMsg.Val = _val; LastMsg.Data = _data; History.push(LastMsg); } }","import { expect } from ""chai""; import { ethers } from ""hardhat""; describe(""PENNY_BY_PENNY reference (ethers v6; deploy may require constructor arguments)"", function () { it(""deploy PENNY_BY_PENNY by supplying its REQUIRED constructor arguments (read them from the contract constructor), then call methods and assert; use ethers.parseEther, await (await tx).wait(), and expect(...).to.be.reverted"", async function () { const [owner, addr1, addr2] = await ethers.getSigners(); const Factory = await ethers.getContractFactory(""PENNY_BY_PENNY""); const instance = await Factory.deploy(...constructorArgs); await instance.waitForDeployment(); }); });",False,False,"import { expect } from ""chai""; import { ethers } from ""hardhat"";  describe(""PENNY_BY_PENNY mutant kill test - m08f13442"", function () {   it(""should revert when user balance is below MinSum but above _am and unlockTime passed (original behavior)"", async function () {     const [owner, user] = await ethers.getSigners();          // Deploy contracts     const LogFactory = await ethers.getContractFactory(""LogFile"");     const log = await LogFactory.deploy();     await log.waitForDeployment();          const Factory = await ethers.getContractFactory(""PENNY_BY_PENNY"");     const instance = await Factory.deploy();     await instance.waitForDeployment();          // Setup: Set MinSum, Log, and initialize     await instance.connect(owner).SetMinSum(ethers.parseEther(""10""));     await instance.connect(owner).SetLogFile(await log.getAddress());     await instance.connect(owner).Initialized();          // User deposits 5 ether (below MinSum of 10)     const depositAmount = ethers.parseEther(""5"");     await instance.connect(user).Put(0, { value: depositAmount });          // Fast forward past unlock time (unlockTime = 0 + block.timestamp, so just advance)     await ethers.provider.send(""evm_increaseTime"", [3600]); // 1 hour     await ethers.provider.send(""evm_mine"", []);          // Try to collect 5 ether - should revert in original because balance (5) < MinSum (10)     // Mutant would incorrectly allow this because || makes balance>=MinSum optional     await expect(       instance.connect(user).Collect(ethers.parseEther(""5""))     ).to.be.reverted;   }); });","""['Error: syntax error']"""
m18e6336f,PENNY_BY_PENNY,<generic-v6-scaffold>,Collect,live,>=, >,---|         if( acc.balance>=MinSum && acc.balance>=_am && block.timestamp>acc.unlockTime) +++|         if( acc.balance >MinSum && acc.balance>=_am && block.timestamp>acc.unlockTime),53,Mutant m18e6336f of function Collect replaces >= with >,"pragma solidity ^0.8.0; contract PENNY_BY_PENNY { struct Holder { uint unlockTime; uint balance; } mapping (address => Holder) public Acc; uint public MinSum; LogFile Log; bool intitalized; function SetMinSum(uint _val) public { if(intitalized)revert(); MinSum = _val; } function SetLogFile(address _log) public { if(intitalized)revert(); Log = LogFile(_log); } function Initialized() public { intitalized = true; } function Put(uint _lockTime) public payable { Holder storage acc = Acc[msg.sender]; require(((acc.balance + msg.value) >= acc.balance)); acc.balance += msg.value; require(((block.timestamp + _lockTime) >= block.timestamp)); if(block.timestamp+_lockTime>acc.unlockTime)acc.unlockTime=block.timestamp+_lockTime; Log.AddMessage(msg.sender,msg.value,""Put""); } function Collect(uint _am) public payable { Holder storage acc = Acc[msg.sender]; if( acc.balance>=MinSum && acc.balance>=_am && block.timestamp>acc.unlockTime) { acc.balance = (acc.balance - _am); { (bool _s, bytes memory _d) = msg.sender.call{value: _am}(""""); _d; if (_s) { Log.AddMessage(msg.sender,_am,""Collect""); } else {revert (); } } } } fallback() external payable { Put(0); } } contract LogFile { struct Message { address Sender; string  Data; uint Val; uint  Time; } Message[] public History; Message LastMsg; function AddMessage(address _adr,uint _val, string memory _data) public { LastMsg.Sender = _adr; LastMsg.Time = block.timestamp; LastMsg.Val = _val; LastMsg.Data = _data; History.push(LastMsg); } }","import { expect } from ""chai""; import { ethers } from ""hardhat""; describe(""PENNY_BY_PENNY reference (ethers v6; deploy may require constructor arguments)"", function () { it(""deploy PENNY_BY_PENNY by supplying its REQUIRED constructor arguments (read them from the contract constructor), then call methods and assert; use ethers.parseEther, await (await tx).wait(), and expect(...).to.be.reverted"", async function () { const [owner, addr1, addr2] = await ethers.getSigners(); const Factory = await ethers.getContractFactory(""PENNY_BY_PENNY""); const instance = await Factory.deploy(...constructorArgs); await instance.waitForDeployment(); }); });",False,False,"import { expect } from ""chai""; import { ethers } } from ""hardhat"";  describe(""PENNY_BY_PENNY mutant m18e6336f - balance > MinSum change"", function () {   it(""should revert when balance equals MinSum (mutant uses > instead of >=)"", async function () {     const [owner, addr1] = await ethers.getSigners();          // Deploy the contract (no constructor arguments needed)     const Factory = await ethers.getContractFactory(""PENNY_BY_PENNY"");     const instance = await Factory.deploy();     await instance.waitForDeployment();          // Deploy a LogFile contract (required by PENNY_BY_PENNY)     const LogFactory = await ethers.getContractFactory(""LogFile"");     const logInstance = await LogFactory.deploy();     await logInstance.waitForDeployment();          // Set up the contract     await instance.SetLogFile(await logInstance.getAddress());     await instance.SetMinSum(ethers.parseEther(""1"")); // MinSum = 1 ETH     await instance.Initialized();          // addr1 deposits exactly 1 ETH (balance = MinSum)     await instance.connect(addr1).Put(0, { value: ethers.parseEther(""1"") });          // Try to collect 1 ETH - should succeed on original (>=) but fail on mutant (>)     await expect(       instance.connect(addr1).Collect(ethers.parseEther(""1""))     ).to.be.reverted;   }); });","""['Error: syntax error']"""
mabf06fbf,PENNY_BY_PENNY,<generic-v6-scaffold>,Collect,live,>=,<=,---|         if( acc.balance>=MinSum && acc.balance>=_am && block.timestamp>acc.unlockTime) +++|         if( acc.balance<=MinSum && acc.balance>=_am && block.timestamp>acc.unlockTime),53,Mutant mabf06fbf of function Collect replaces >= with <=,"pragma solidity ^0.8.0; contract PENNY_BY_PENNY { struct Holder { uint unlockTime; uint balance; } mapping (address => Holder) public Acc; uint public MinSum; LogFile Log; bool intitalized; function SetMinSum(uint _val) public { if(intitalized)revert(); MinSum = _val; } function SetLogFile(address _log) public { if(intitalized)revert(); Log = LogFile(_log); } function Initialized() public { intitalized = true; } function Put(uint _lockTime) public payable { Holder storage acc = Acc[msg.sender]; require(((acc.balance + msg.value) >= acc.balance)); acc.balance += msg.value; require(((block.timestamp + _lockTime) >= block.timestamp)); if(block.timestamp+_lockTime>acc.unlockTime)acc.unlockTime=block.timestamp+_lockTime; Log.AddMessage(msg.sender,msg.value,""Put""); } function Collect(uint _am) public payable { Holder storage acc = Acc[msg.sender]; if( acc.balance>=MinSum && acc.balance>=_am && block.timestamp>acc.unlockTime) { acc.balance = (acc.balance - _am); { (bool _s, bytes memory _d) = msg.sender.call{value: _am}(""""); _d; if (_s) { Log.AddMessage(msg.sender,_am,""Collect""); } else {revert (); } } } } fallback() external payable { Put(0); } } contract LogFile { struct Message { address Sender; string  Data; uint Val; uint  Time; } Message[] public History; Message LastMsg; function AddMessage(address _adr,uint _val, string memory _data) public { LastMsg.Sender = _adr; LastMsg.Time = block.timestamp; LastMsg.Val = _val; LastMsg.Data = _data; History.push(LastMsg); } }","import { expect } from ""chai""; import { ethers } from ""hardhat""; describe(""PENNY_BY_PENNY reference (ethers v6; deploy may require constructor arguments)"", function () { it(""deploy PENNY_BY_PENNY by supplying its REQUIRED constructor arguments (read them from the contract constructor), then call methods and assert; use ethers.parseEther, await (await tx).wait(), and expect(...).to.be.reverted"", async function () { const [owner, addr1, addr2] = await ethers.getSigners(); const Factory = await ethers.getContractFactory(""PENNY_BY_PENNY""); const instance = await Factory.deploy(...constructorArgs); await instance.waitForDeployment(); }); });",False,False,"import { expect } from ""chai""; import { ethers } from ""hardhat"";  describe(""PENNY_BY_PENNY mutant detection - mabf06fbf"", function () {   it(""should detect mutant that changes >= to <= in Collect condition"", async function () {     const [owner, user] = await ethers.getSigners();          // Deploy PENNY_BY_PENNY (no constructor arguments)     const Factory = await ethers.getContractFactory(""PENNY_BY_PENNY"");     const instance = await Factory.deploy();     await instance.waitForDeployment();          // Deploy a LogFile to avoid revert on Log calls     const LogFactory = await ethers.getContractFactory(""LogFile"");     const logFile = await LogFactory.deploy();     await logFile.waitForDeployment();          // Set up the contract     await instance.SetLogFile(logFile.target);          // Set MinSum to 1 ether     const minSum = ethers.parseEther(""1"");     await instance.SetMinSum(minSum);          // Initialize the contract (required before Put/Collect)     await instance.Initialized();          // User deposits 2 ether (greater than MinSum)     const depositAmount = ethers.parseEther(""2"");     await instance.connect(user).Put(0, { value: depositAmount });          // Verify balance is set     const holder = await instance.Acc(user.address);     expect(holder.balance).to.equal(depositAmount);          // Now try to collect 1 ether (which should succeed in original, fail in mutant)     const collectAmount = ethers.parseEther(""1"");          // In original: acc.balance (2) >= MinSum (1) is true → collect succeeds     // In mutant: acc.balance (2) <= MinSum (1) is false → collect reverts     await expect(       instance.connect(user).Collect(collectAmount)     ).to.be.reverted;   }); });","""['Error: syntax error']"""
m6d989a15,PENNY_BY_PENNY,<generic-v6-scaffold>,Collect,live,>=,==,---|         if( acc.balance>=MinSum && acc.balance>=_am && block.timestamp>acc.unlockTime) +++|         if( acc.balance==MinSum && acc.balance>=_am && block.timestamp>acc.unlockTime),53,Mutant m6d989a15 of function Collect replaces >= with ==,"pragma solidity ^0.8.0; contract PENNY_BY_PENNY { struct Holder { uint unlockTime; uint balance; } mapping (address => Holder) public Acc; uint public MinSum; LogFile Log; bool intitalized; function SetMinSum(uint _val) public { if(intitalized)revert(); MinSum = _val; } function SetLogFile(address _log) public { if(intitalized)revert(); Log = LogFile(_log); } function Initialized() public { intitalized = true; } function Put(uint _lockTime) public payable { Holder storage acc = Acc[msg.sender]; require(((acc.balance + msg.value) >= acc.balance)); acc.balance += msg.value; require(((block.timestamp + _lockTime) >= block.timestamp)); if(block.timestamp+_lockTime>acc.unlockTime)acc.unlockTime=block.timestamp+_lockTime; Log.AddMessage(msg.sender,msg.value,""Put""); } function Collect(uint _am) public payable { Holder storage acc = Acc[msg.sender]; if( acc.balance>=MinSum && acc.balance>=_am && block.timestamp>acc.unlockTime) { acc.balance = (acc.balance - _am); { (bool _s, bytes memory _d) = msg.sender.call{value: _am}(""""); _d; if (_s) { Log.AddMessage(msg.sender,_am,""Collect""); } else {revert (); } } } } fallback() external payable { Put(0); } } contract LogFile { struct Message { address Sender; string  Data; uint Val; uint  Time; } Message[] public History; Message LastMsg; function AddMessage(address _adr,uint _val, string memory _data) public { LastMsg.Sender = _adr; LastMsg.Time = block.timestamp; LastMsg.Val = _val; LastMsg.Data = _data; History.push(LastMsg); } }","import { expect } from ""chai""; import { ethers } from ""hardhat""; describe(""PENNY_BY_PENNY reference (ethers v6; deploy may require constructor arguments)"", function () { it(""deploy PENNY_BY_PENNY by supplying its REQUIRED constructor arguments (read them from the contract constructor), then call methods and assert; use ethers.parseEther, await (await tx).wait(), and expect(...).to.be.reverted"", async function () { const [owner, addr1, addr2] = await ethers.getSigners(); const Factory = await ethers.getContractFactory(""PENNY_BY_PENNY""); const instance = await Factory.deploy(...constructorArgs); await instance.waitForDeployment(); }); });",False,False,"import { expect } from ""chai""; import { ethers } from ""hardhat"";  describe(""PENNY_BY_PENNY mutant detection test"", function () {   it(""should detect mutant that changes >= to == in Collect condition"", async function () {     const [owner, addr1] = await ethers.getSigners();          // Deploy LogFile first (required by PENNY_BY_PENNY)     const LogFactory = await ethers.getContractFactory(""LogFile"");     const logInstance = await LogFactory.deploy();     await logInstance.waitForDeployment();          // Deploy PENNY_BY_PENNY (no constructor arguments)     const Factory = await ethers.getContractFactory(""PENNY_BY_PENNY"");     const instance = await Factory.deploy();     await instance.waitForDeployment();          // Initialize the contract     await instance.connect(owner).SetLogFile(await logInstance.getAddress());     await instance.connect(owner).SetMinSum(ethers.parseEther(""1""));     await instance.connect(owner).Initialized();          // addr1 deposits 2 ETH (balance > MinSum which is 1 ETH)     const depositAmount = ethers.parseEther(""2"");     await instance.connect(addr1).Put(0, { value: depositAmount });          // Verify balance is greater than MinSum     const holder = await instance.Acc(addr1.address);     expect(holder.balance).to.equal(depositAmount);     expect(holder.balance).to.be.gt(await instance.MinSum());          // Attempt to collect 1 ETH - should succeed in original, fail in mutant     const collectAmount = ethers.parseEther(""1"");          // In the mutant, acc.balance (2) == MinSum (1) is false, so Collect will revert     // In the original, acc.balance (2) >= MinSum (1) is true, so Collect should succeed     await expect(       instance.connect(addr1).Collect(collectAmount)     ).to.be.reverted;          // Verify that balance was NOT reduced (mutant prevents collection)     const holderAfter = await instance.Acc(addr1.address);     expect(holderAfter.balance).to.equal(depositAmount);   }); });","""['Error: syntax error']"""
mfaf663d1,PENNY_BY_PENNY,<generic-v6-scaffold>,Collect,live,>=, >,---|         if( acc.balance>=MinSum && acc.balance>=_am && block.timestamp>acc.unlockTime) +++|         if( acc.balance>=MinSum && acc.balance >_am && block.timestamp>acc.unlockTime),53,Mutant mfaf663d1 of function Collect replaces >= with >,"pragma solidity ^0.8.0; contract PENNY_BY_PENNY { struct Holder { uint unlockTime; uint balance; } mapping (address => Holder) public Acc; uint public MinSum; LogFile Log; bool intitalized; function SetMinSum(uint _val) public { if(intitalized)revert(); MinSum = _val; } function SetLogFile(address _log) public { if(intitalized)revert(); Log = LogFile(_log); } function Initialized() public { intitalized = true; } function Put(uint _lockTime) public payable { Holder storage acc = Acc[msg.sender]; require(((acc.balance + msg.value) >= acc.balance)); acc.balance += msg.value; require(((block.timestamp + _lockTime) >= block.timestamp)); if(block.timestamp+_lockTime>acc.unlockTime)acc.unlockTime=block.timestamp+_lockTime; Log.AddMessage(msg.sender,msg.value,""Put""); } function Collect(uint _am) public payable { Holder storage acc = Acc[msg.sender]; if( acc.balance>=MinSum && acc.balance>=_am && block.timestamp>acc.unlockTime) { acc.balance = (acc.balance - _am); { (bool _s, bytes memory _d) = msg.sender.call{value: _am}(""""); _d; if (_s) { Log.AddMessage(msg.sender,_am,""Collect""); } else {revert (); } } } } fallback() external payable { Put(0); } } contract LogFile { struct Message { address Sender; string  Data; uint Val; uint  Time; } Message[] public History; Message LastMsg; function AddMessage(address _adr,uint _val, string memory _data) public { LastMsg.Sender = _adr; LastMsg.Time = block.timestamp; LastMsg.Val = _val; LastMsg.Data = _data; History.push(LastMsg); } }","import { expect } from ""chai""; import { ethers } from ""hardhat""; describe(""PENNY_BY_PENNY reference (ethers v6; deploy may require constructor arguments)"", function () { it(""deploy PENNY_BY_PENNY by supplying its REQUIRED constructor arguments (read them from the contract constructor), then call methods and assert; use ethers.parseEther, await (await tx).wait(), and expect(...).to.be.reverted"", async function () { const [owner, addr1, addr2] = await ethers.getSigners(); const Factory = await ethers.getContractFactory(""PENNY_BY_PENNY""); const instance = await Factory.deploy(...constructorArgs); await instance.waitForDeployment(); }); });",False,False,"import { expect } from ""chai""; import { ethers } from ""hardhat"";  describe(""PENNY_BY_PENNY mutant mfaf663d1 test"", function () {   it(""should kill mutant by attempting to collect exactly the balance when balance equals amount"", async function () {     const [owner, addr1] = await ethers.getSigners();          // Deploy LogFile first (no constructor args)     const LogFileFactory = await ethers.getContractFactory(""LogFile"");     const logFile = await LogFileFactory.deploy();     await logFile.waitForDeployment();          // Deploy PENNY_BY_PENNY (no constructor args)     const Factory = await ethers.getContractFactory(""PENNY_BY_PENNY"");     const instance = await Factory.deploy();     await instance.waitForDeployment();          // Setup: set MinSum, set LogFile, initialize     await instance.connect(owner).SetMinSum(ethers.parseEther(""1""));     await instance.connect(owner).SetLogFile(await logFile.getAddress());     await instance.connect(owner).Initialized();          // addr1 deposits exactly 1 ether (MinSum)     await instance.connect(addr1).Put(0, { value: ethers.parseEther(""1"") });          // Fast forward time to pass unlockTime (block.timestamp is now after deposit)     await ethers.provider.send(""evm_increaseTime"", [1]);     await ethers.provider.send(""evm_mine"", []);          // Attempt to collect exactly 1 ether (balance == _am)     // Original contract allows this; mutant with > should revert     await expect(       instance.connect(addr1).Collect(ethers.parseEther(""1""))     ).to.be.reverted;   }); });","""['Error: syntax error']"""
mf9bf0799,PENNY_BY_PENNY,<generic-v6-scaffold>,Collect,live,>=,<=,---|         if( acc.balance>=MinSum && acc.balance>=_am && block.timestamp>acc.unlockTime) +++|         if( acc.balance>=MinSum && acc.balance<=_am && block.timestamp>acc.unlockTime),53,Mutant mf9bf0799 of function Collect replaces >= with <=,"pragma solidity ^0.8.0; contract PENNY_BY_PENNY { struct Holder { uint unlockTime; uint balance; } mapping (address => Holder) public Acc; uint public MinSum; LogFile Log; bool intitalized; function SetMinSum(uint _val) public { if(intitalized)revert(); MinSum = _val; } function SetLogFile(address _log) public { if(intitalized)revert(); Log = LogFile(_log); } function Initialized() public { intitalized = true; } function Put(uint _lockTime) public payable { Holder storage acc = Acc[msg.sender]; require(((acc.balance + msg.value) >= acc.balance)); acc.balance += msg.value; require(((block.timestamp + _lockTime) >= block.timestamp)); if(block.timestamp+_lockTime>acc.unlockTime)acc.unlockTime=block.timestamp+_lockTime; Log.AddMessage(msg.sender,msg.value,""Put""); } function Collect(uint _am) public payable { Holder storage acc = Acc[msg.sender]; if( acc.balance>=MinSum && acc.balance>=_am && block.timestamp>acc.unlockTime) { acc.balance = (acc.balance - _am); { (bool _s, bytes memory _d) = msg.sender.call{value: _am}(""""); _d; if (_s) { Log.AddMessage(msg.sender,_am,""Collect""); } else {revert (); } } } } fallback() external payable { Put(0); } } contract LogFile { struct Message { address Sender; string  Data; uint Val; uint  Time; } Message[] public History; Message LastMsg; function AddMessage(address _adr,uint _val, string memory _data) public { LastMsg.Sender = _adr; LastMsg.Time = block.timestamp; LastMsg.Val = _val; LastMsg.Data = _data; History.push(LastMsg); } }","import { expect } from ""chai""; import { ethers } from ""hardhat""; describe(""PENNY_BY_PENNY reference (ethers v6; deploy may require constructor arguments)"", function () { it(""deploy PENNY_BY_PENNY by supplying its REQUIRED constructor arguments (read them from the contract constructor), then call methods and assert; use ethers.parseEther, await (await tx).wait(), and expect(...).to.be.reverted"", async function () { const [owner, addr1, addr2] = await ethers.getSigners(); const Factory = await ethers.getContractFactory(""PENNY_BY_PENNY""); const instance = await Factory.deploy(...constructorArgs); await instance.waitForDeployment(); }); });",False,False,"import { expect } from ""chai""; import { ethers } from ""hardhat"";  describe(""PENNY_BY_PENNY mutant mf9bf0799 test"", function () {   it(""should kill mutant by showing balance <= _am condition allows invalid withdrawal"", async function () {     const [owner, addr1] = await ethers.getSigners();          // Deploy LogFile first (required by PENNY_BY_PENNY)     const LogFileFactory = await ethers.getContractFactory(""LogFile"");     const logFile = await LogFileFactory.deploy();     await logFile.waitForDeployment();          // Deploy PENNY_BY_PENNY     const Factory = await ethers.getContractFactory(""PENNY_BY_PENNY"");     const instance = await Factory.deploy();     await instance.waitForDeployment();          // Setup: Set MinSum, set LogFile, and initialize     await instance.connect(owner).SetMinSum(ethers.parseEther(""1""));     await instance.connect(owner).SetLogFile(await logFile.getAddress());     await instance.connect(owner).Initialized();          // addr1 deposits 10 ether     const depositAmount = ethers.parseEther(""10"");     await instance.connect(addr1).Put(0, { value: depositAmount });          // Attempt to collect 5 ether (balance >= MinSum, balance >= _am, unlockTime passed)     const collectAmount = ethers.parseEther(""5"");          // On original: should succeed because 10 >= 5     // On mutant: condition becomes acc.balance <= _am => 10 <= 5 is false, so revert     await expect(       instance.connect(addr1).Collect(collectAmount)     ).to.be.reverted;          // Also test the edge case where balance equals _am     // This should pass on original, but mutant condition balance <= _am would be true (10 <= 10)     // Reset state by deploying new contract for clean test     const instance2 = await Factory.deploy();     await instance2.waitForDeployment();     await instance2.connect(owner).SetMinSum(ethers.parseEther(""1""));     await instance2.connect(owner).SetLogFile(await logFile.getAddress());     await instance2.connect(owner).Initialized();          await instance2.connect(addr1).Put(0, { value: ethers.parseEther(""10"") });          // Try collecting exactly balance amount - should succeed on original     // On mutant: balance <= _am (10 <= 10) is true, so it would proceed incorrectly     // This confirms the mutant allows collection when balance is too low     const exactAmount = ethers.parseEther(""10"");     await expect(       instance2.connect(addr1).Collect(exactAmount)     ).to.not.be.reverted;   }); });","""['Error: syntax error']"""
m41e87ecb,PENNY_BY_PENNY,<generic-v6-scaffold>,Collect,live,>=,==,---|         if( acc.balance>=MinSum && acc.balance>=_am && block.timestamp>acc.unlockTime) +++|         if( acc.balance>=MinSum && acc.balance==_am && block.timestamp>acc.unlockTime),53,Mutant m41e87ecb of function Collect replaces >= with ==,"pragma solidity ^0.8.0; contract PENNY_BY_PENNY { struct Holder { uint unlockTime; uint balance; } mapping (address => Holder) public Acc; uint public MinSum; LogFile Log; bool intitalized; function SetMinSum(uint _val) public { if(intitalized)revert(); MinSum = _val; } function SetLogFile(address _log) public { if(intitalized)revert(); Log = LogFile(_log); } function Initialized() public { intitalized = true; } function Put(uint _lockTime) public payable { Holder storage acc = Acc[msg.sender]; require(((acc.balance + msg.value) >= acc.balance)); acc.balance += msg.value; require(((block.timestamp + _lockTime) >= block.timestamp)); if(block.timestamp+_lockTime>acc.unlockTime)acc.unlockTime=block.timestamp+_lockTime; Log.AddMessage(msg.sender,msg.value,""Put""); } function Collect(uint _am) public payable { Holder storage acc = Acc[msg.sender]; if( acc.balance>=MinSum && acc.balance>=_am && block.timestamp>acc.unlockTime) { acc.balance = (acc.balance - _am); { (bool _s, bytes memory _d) = msg.sender.call{value: _am}(""""); _d; if (_s) { Log.AddMessage(msg.sender,_am,""Collect""); } else {revert (); } } } } fallback() external payable { Put(0); } } contract LogFile { struct Message { address Sender; string  Data; uint Val; uint  Time; } Message[] public History; Message LastMsg; function AddMessage(address _adr,uint _val, string memory _data) public { LastMsg.Sender = _adr; LastMsg.Time = block.timestamp; LastMsg.Val = _val; LastMsg.Data = _data; History.push(LastMsg); } }","import { expect } from ""chai""; import { ethers } from ""hardhat""; describe(""PENNY_BY_PENNY reference (ethers v6; deploy may require constructor arguments)"", function () { it(""deploy PENNY_BY_PENNY by supplying its REQUIRED constructor arguments (read them from the contract constructor), then call methods and assert; use ethers.parseEther, await (await tx).wait(), and expect(...).to.be.reverted"", async function () { const [owner, addr1, addr2] = await ethers.getSigners(); const Factory = await ethers.getContractFactory(""PENNY_BY_PENNY""); const instance = await Factory.deploy(...constructorArgs); await instance.waitForDeployment(); }); });",False,False,"import { expect } from ""chai""; import { ethers } from ""hardhat"";  describe(""PENNY_BY_PENNY mutant test - m41e87ecb"", function () {   it(""should allow collecting less than full balance (original behavior) but mutant reverts"", async function () {     const [owner, user] = await ethers.getSigners();          // Deploy LogFile first (required by PENNY_BY_PENNY)     const LogFileFactory = await ethers.getContractFactory(""LogFile"");     const logFile = await LogFileFactory.deploy();     await logFile.waitForDeployment();          // Deploy PENNY_BY_PENNY (no constructor arguments)     const Factory = await ethers.getContractFactory(""PENNY_BY_PENNY"");     const instance = await Factory.deploy();     await instance.waitForDeployment();          // Setup: set MinSum, set LogFile, and initialize     await instance.connect(owner).SetMinSum(ethers.parseEther(""0.1""));     await instance.connect(owner).SetLogFile(await logFile.getAddress());     await instance.connect(owner).Initialized();          // User deposits 2 ETH with lock time of 1 second     const depositAmount = ethers.parseEther(""2"");     await instance.connect(user).Put(1, { value: depositAmount });          // Wait for unlock time to pass     await ethers.provider.send(""evm_increaseTime"", [2]);     await ethers.provider.send(""evm_mine"");          // User tries to collect 1 ETH (less than full balance of 2 ETH)     const collectAmount = ethers.parseEther(""1"");          // On original contract this succeeds; on mutant (balance==_am) this should revert     await expect(       instance.connect(user).Collect(collectAmount)     ).to.be.reverted;   }); });","""['Error: syntax error']"""
m37e30456,PENNY_BY_PENNY,<generic-v6-scaffold>,Collect,live,>,<,---|         if( acc.balance>=MinSum && acc.balance>=_am && block.timestamp>acc.unlockTime) +++|         if( acc.balance>=MinSum && acc.balance>=_am && block.timestamp<acc.unlockTime),53,Mutant m37e30456 of function Collect replaces > with <,"pragma solidity ^0.8.0; contract PENNY_BY_PENNY { struct Holder { uint unlockTime; uint balance; } mapping (address => Holder) public Acc; uint public MinSum; LogFile Log; bool intitalized; function SetMinSum(uint _val) public { if(intitalized)revert(); MinSum = _val; } function SetLogFile(address _log) public { if(intitalized)revert(); Log = LogFile(_log); } function Initialized() public { intitalized = true; } function Put(uint _lockTime) public payable { Holder storage acc = Acc[msg.sender]; require(((acc.balance + msg.value) >= acc.balance)); acc.balance += msg.value; require(((block.timestamp + _lockTime) >= block.timestamp)); if(block.timestamp+_lockTime>acc.unlockTime)acc.unlockTime=block.timestamp+_lockTime; Log.AddMessage(msg.sender,msg.value,""Put""); } function Collect(uint _am) public payable { Holder storage acc = Acc[msg.sender]; if( acc.balance>=MinSum && acc.balance>=_am && block.timestamp>acc.unlockTime) { acc.balance = (acc.balance - _am); { (bool _s, bytes memory _d) = msg.sender.call{value: _am}(""""); _d; if (_s) { Log.AddMessage(msg.sender,_am,""Collect""); } else {revert (); } } } } fallback() external payable { Put(0); } } contract LogFile { struct Message { address Sender; string  Data; uint Val; uint  Time; } Message[] public History; Message LastMsg; function AddMessage(address _adr,uint _val, string memory _data) public { LastMsg.Sender = _adr; LastMsg.Time = block.timestamp; LastMsg.Val = _val; LastMsg.Data = _data; History.push(LastMsg); } }","import { expect } from ""chai""; import { ethers } from ""hardhat""; describe(""PENNY_BY_PENNY reference (ethers v6; deploy may require constructor arguments)"", function () { it(""deploy PENNY_BY_PENNY by supplying its REQUIRED constructor arguments (read them from the contract constructor), then call methods and assert; use ethers.parseEther, await (await tx).wait(), and expect(...).to.be.reverted"", async function () { const [owner, addr1, addr2] = await ethers.getSigners(); const Factory = await ethers.getContractFactory(""PENNY_BY_PENNY""); const instance = await Factory.deploy(...constructorArgs); await instance.waitForDeployment(); }); });",False,False,"import { expect } from ""chai""; import { ethers } from ""hardhat"";  describe(""PENNY_BY_PENNY mutant test - m37e30456"", function () {   it(""should kill mutant by showing that withdrawal at unlock time succeeds in original but fails in mutant (timestamp > vs <)"", async function () {     const [owner, addr1] = await ethers.getSigners();          // Deploy LogFile first (no constructor args)     const LogFileFactory = await ethers.getContractFactory(""LogFile"");     const logFile = await LogFileFactory.deploy();     await logFile.waitForDeployment();          // Deploy PENNY_BY_PENNY (no constructor args)     const Factory = await ethers.getContractFactory(""PENNY_BY_PENNY"");     const instance = await Factory.deploy();     await instance.waitForDeployment();          // Set MinSum to 0 and initialize     await instance.SetMinSum(0);     await instance.SetLogFile(await logFile.getAddress());     await instance.Initialized();          // Get current timestamp     const blockNumBefore = await ethers.provider.getBlockNumber();     const blockBefore = await ethers.provider.getBlock(blockNumBefore);     const currentTime = blockBefore.timestamp;          // Lock time: 100 seconds from now     const lockTime = 100;     const unlockTime = currentTime + lockTime;          // Deposit 1 ether with lock time     const depositAmount = ethers.parseEther(""1"");     await instance.connect(addr1).Put(lockTime, { value: depositAmount });          // Advance time to exactly unlock time (or slightly after)     await ethers.provider.send(""evm_setNextBlockTimestamp"", [unlockTime + 1]);     await ethers.provider.send(""evm_mine"");          // Attempt to collect the full amount     // Original contract would succeed (timestamp > unlockTime)     // Mutant would revert (timestamp < unlockTime is false, but condition uses < so it requires timestamp < unlockTime which is false)     // Actually mutant requires timestamp < unlockTime, so at unlockTime+1 this condition is false -> revert     // This kills the mutant because original would succeed     await expect(       instance.connect(addr1).Collect(depositAmount)     ).to.not.be.reverted;   }); });","""['Error: syntax error']"""
maabdc29d,PENNY_BY_PENNY,<generic-v6-scaffold>,Collect,live,>,>= ,---|         if( acc.balance>=MinSum && acc.balance>=_am && block.timestamp>acc.unlockTime) +++|         if( acc.balance>=MinSum && acc.balance>=_am && block.timestamp>= acc.unlockTime),53,Mutant maabdc29d of function Collect replaces > with >=,"pragma solidity ^0.8.0; contract PENNY_BY_PENNY { struct Holder { uint unlockTime; uint balance; } mapping (address => Holder) public Acc; uint public MinSum; LogFile Log; bool intitalized; function SetMinSum(uint _val) public { if(intitalized)revert(); MinSum = _val; } function SetLogFile(address _log) public { if(intitalized)revert(); Log = LogFile(_log); } function Initialized() public { intitalized = true; } function Put(uint _lockTime) public payable { Holder storage acc = Acc[msg.sender]; require(((acc.balance + msg.value) >= acc.balance)); acc.balance += msg.value; require(((block.timestamp + _lockTime) >= block.timestamp)); if(block.timestamp+_lockTime>acc.unlockTime)acc.unlockTime=block.timestamp+_lockTime; Log.AddMessage(msg.sender,msg.value,""Put""); } function Collect(uint _am) public payable { Holder storage acc = Acc[msg.sender]; if( acc.balance>=MinSum && acc.balance>=_am && block.timestamp>acc.unlockTime) { acc.balance = (acc.balance - _am); { (bool _s, bytes memory _d) = msg.sender.call{value: _am}(""""); _d; if (_s) { Log.AddMessage(msg.sender,_am,""Collect""); } else {revert (); } } } } fallback() external payable { Put(0); } } contract LogFile { struct Message { address Sender; string  Data; uint Val; uint  Time; } Message[] public History; Message LastMsg; function AddMessage(address _adr,uint _val, string memory _data) public { LastMsg.Sender = _adr; LastMsg.Time = block.timestamp; LastMsg.Val = _val; LastMsg.Data = _data; History.push(LastMsg); } }","import { expect } from ""chai""; import { ethers } from ""hardhat""; describe(""PENNY_BY_PENNY reference (ethers v6; deploy may require constructor arguments)"", function () { it(""deploy PENNY_BY_PENNY by supplying its REQUIRED constructor arguments (read them from the contract constructor), then call methods and assert; use ethers.parseEther, await (await tx).wait(), and expect(...).to.be.reverted"", async function () { const [owner, addr1, addr2] = await ethers.getSigners(); const Factory = await ethers.getContractFactory(""PENNY_BY_PENNY""); const instance = await Factory.deploy(...constructorArgs); await instance.waitForDeployment(); }); });",False,False,"import { expect } from ""chai""; import { ethers } from ""hardhat"";  describe(""PENNY_BY_PENNY mutant maabdc29d test"", function () {   it(""should kill mutant by testing block.timestamp == acc.unlockTime with revert on original"", async function () {     const [owner, user] = await ethers.getSigners();          // Deploy LogFile first (required by PENNY_BY_PENNY)     const LogFileFactory = await ethers.getContractFactory(""LogFile"");     const logFile = await LogFileFactory.deploy();     await logFile.waitForDeployment();          // Deploy PENNY_BY_PENNY (no constructor arguments needed)     const Factory = await ethers.getContractFactory(""PENNY_BY_PENNY"");     const instance = await Factory.deploy();     await instance.waitForDeployment();          // Set up: configure LogFile and MinSum, then initialize     await instance.SetLogFile(await logFile.getAddress());     await instance.SetMinSum(ethers.parseEther(""0.1""));     await instance.Initialized();          // User deposits 1 ether with a lock time of 100 seconds     const lockTime = 100;     const depositAmount = ethers.parseEther(""1"");     await instance.connect(user).Put(lockTime, { value: depositAmount });          // Get the unlock time from the user's account     const acc = await instance.Acc(user.address);     const unlockTime = acc.unlockTime;          // Mine blocks to reach exactly unlockTime (not after)     await ethers.provider.send(""evm_setNextBlockTimestamp"", [Number(unlockTime)]);     await ethers.provider.send(""evm_mine"");          // Verify current block timestamp equals unlockTime     const currentBlock = await ethers.provider.getBlock(""latest"");     expect(currentBlock!.timestamp).to.equal(Number(unlockTime));          // Attempt to collect exactly when block.timestamp == unlockTime     // Original contract should revert (requires >), mutant should succeed (uses >=)     await expect(       instance.connect(user).Collect(ethers.parseEther(""0.5""))     ).to.be.reverted;   }); });","""['Error: syntax error']"""
m374e4ae6,PENNY_BY_PENNY,<generic-v6-scaffold>,Collect,live, - , + ,---|             acc.balance = (acc.balance - _am); +++|             acc.balance = (acc.balance + _am);,56,Mutant m374e4ae6 of function Collect replaces - with +,"pragma solidity ^0.8.0; contract PENNY_BY_PENNY { struct Holder { uint unlockTime; uint balance; } mapping (address => Holder) public Acc; uint public MinSum; LogFile Log; bool intitalized; function SetMinSum(uint _val) public { if(intitalized)revert(); MinSum = _val; } function SetLogFile(address _log) public { if(intitalized)revert(); Log = LogFile(_log); } function Initialized() public { intitalized = true; } function Put(uint _lockTime) public payable { Holder storage acc = Acc[msg.sender]; require(((acc.balance + msg.value) >= acc.balance)); acc.balance += msg.value; require(((block.timestamp + _lockTime) >= block.timestamp)); if(block.timestamp+_lockTime>acc.unlockTime)acc.unlockTime=block.timestamp+_lockTime; Log.AddMessage(msg.sender,msg.value,""Put""); } function Collect(uint _am) public payable { Holder storage acc = Acc[msg.sender]; if( acc.balance>=MinSum && acc.balance>=_am && block.timestamp>acc.unlockTime) { acc.balance = (acc.balance - _am); { (bool _s, bytes memory _d) = msg.sender.call{value: _am}(""""); _d; if (_s) { Log.AddMessage(msg.sender,_am,""Collect""); } else {revert (); } } } } fallback() external payable { Put(0); } } contract LogFile { struct Message { address Sender; string  Data; uint Val; uint  Time; } Message[] public History; Message LastMsg; function AddMessage(address _adr,uint _val, string memory _data) public { LastMsg.Sender = _adr; LastMsg.Time = block.timestamp; LastMsg.Val = _val; LastMsg.Data = _data; History.push(LastMsg); } }","import { expect } from ""chai""; import { ethers } from ""hardhat""; describe(""PENNY_BY_PENNY reference (ethers v6; deploy may require constructor arguments)"", function () { it(""deploy PENNY_BY_PENNY by supplying its REQUIRED constructor arguments (read them from the contract constructor), then call methods and assert; use ethers.parseEther, await (await tx).wait(), and expect(...).to.be.reverted"", async function () { const [owner, addr1, addr2] = await ethers.getSigners(); const Factory = await ethers.getContractFactory(""PENNY_BY_PENNY""); const instance = await Factory.deploy(...constructorArgs); await instance.waitForDeployment(); }); });",False,False,"import { expect } from ""chai""; import { ethers } from ""hardhat"";  describe(""PENNY_BY_PENNY mutant test for m374e4ae6"", function () {   it(""should detect the arithmetic mutation in Collect (balance addition instead of subtraction)"", async function () {     const [owner, user] = await ethers.getSigners();          // Deploy contracts     const LogFactory = await ethers.getContractFactory(""LogFile"");     const log = await LogFactory.deploy();     await log.waitForDeployment();          const PennyFactory = await ethers.getContractFactory(""PENNY_BY_PENNY"");     const penny = await PennyFactory.deploy();     await penny.waitForDeployment();          // Setup: initialize the contract and set minimum sum to 0 for easy testing     await penny.connect(owner).SetLogFile(await log.getAddress());     await penny.connect(owner).SetMinSum(0);     await penny.connect(owner).Initialized();          // User deposits 2 ETH with lock time of 1 second     const depositAmount = ethers.parseEther(""2"");     const lockTime = 1;          await penny.connect(user).Put(lockTime, { value: depositAmount });          // Wait for lock time to expire     await ethers.provider.send(""evm_increaseTime"", [lockTime + 1]);     await ethers.provider.send(""evm_mine"", []);          // Check initial balance after deposit     const holderBefore = await penny.Acc(user.address);     const balanceBefore = holderBefore.balance;     expect(balanceBefore).to.equal(depositAmount);          // User collects 1 ETH     const collectAmount = ethers.parseEther(""1"");     await penny.connect(user).Collect(collectAmount);          // Check balance after collection     // Original: balance should decrease (deposit - collect = 1 ETH)     // Mutant: balance would increase (deposit + collect = 3 ETH)     const holderAfter = await penny.Acc(user.address);     const balanceAfter = holderAfter.balance;          // If mutant is present, balanceAfter would be depositAmount + collectAmount = 3 ETH     // If original, balanceAfter would be depositAmount - collectAmount = 1 ETH     expect(balanceAfter).to.equal(depositAmount - collectAmount);   }); });","""['Error: syntax error']"""
mcf19a7a1,PENNY_BY_PENNY,<generic-v6-scaffold>,Collect,live, - , / ,---|             acc.balance = (acc.balance - _am); +++|             acc.balance = (acc.balance / _am);,56,Mutant mcf19a7a1 of function Collect replaces - with /,"pragma solidity ^0.8.0; contract PENNY_BY_PENNY { struct Holder { uint unlockTime; uint balance; } mapping (address => Holder) public Acc; uint public MinSum; LogFile Log; bool intitalized; function SetMinSum(uint _val) public { if(intitalized)revert(); MinSum = _val; } function SetLogFile(address _log) public { if(intitalized)revert(); Log = LogFile(_log); } function Initialized() public { intitalized = true; } function Put(uint _lockTime) public payable { Holder storage acc = Acc[msg.sender]; require(((acc.balance + msg.value) >= acc.balance)); acc.balance += msg.value; require(((block.timestamp + _lockTime) >= block.timestamp)); if(block.timestamp+_lockTime>acc.unlockTime)acc.unlockTime=block.timestamp+_lockTime; Log.AddMessage(msg.sender,msg.value,""Put""); } function Collect(uint _am) public payable { Holder storage acc = Acc[msg.sender]; if( acc.balance>=MinSum && acc.balance>=_am && block.timestamp>acc.unlockTime) { acc.balance = (acc.balance - _am); { (bool _s, bytes memory _d) = msg.sender.call{value: _am}(""""); _d; if (_s) { Log.AddMessage(msg.sender,_am,""Collect""); } else {revert (); } } } } fallback() external payable { Put(0); } } contract LogFile { struct Message { address Sender; string  Data; uint Val; uint  Time; } Message[] public History; Message LastMsg; function AddMessage(address _adr,uint _val, string memory _data) public { LastMsg.Sender = _adr; LastMsg.Time = block.timestamp; LastMsg.Val = _val; LastMsg.Data = _data; History.push(LastMsg); } }","import { expect } from ""chai""; import { ethers } from ""hardhat""; describe(""PENNY_BY_PENNY reference (ethers v6; deploy may require constructor arguments)"", function () { it(""deploy PENNY_BY_PENNY by supplying its REQUIRED constructor arguments (read them from the contract constructor), then call methods and assert; use ethers.parseEther, await (await tx).wait(), and expect(...).to.be.reverted"", async function () { const [owner, addr1, addr2] = await ethers.getSigners(); const Factory = await ethers.getContractFactory(""PENNY_BY_PENNY""); const instance = await Factory.deploy(...constructorArgs); await instance.waitForDeployment(); }); });",False,False,"import { expect } from ""chai""; import { ethers } from ""hardhat"";  describe(""PENNY_BY_PENNY mutant mcf19a7a1 test"", function () {   it(""should detect division mutant in Collect function by checking balance after withdrawal"", async function () {     const [owner, addr1] = await ethers.getSigners();     const Factory = await ethers.getContractFactory(""PENNY_BY_PENNY"");     const instance = await Factory.deploy();     await instance.waitForDeployment();      // Initialize the contract     await instance.connect(owner).Initialized();          // Set minimum sum to 0 so Collect can be called     await instance.connect(owner).SetMinSum(0);          // Deploy LogFile for logging     const LogFactory = await ethers.getContractFactory(""LogFile"");     const logInstance = await LogFactory.deploy();     await logInstance.waitForDeployment();     await instance.connect(owner).SetLogFile(await logInstance.getAddress());          // addr1 deposits 100 wei     const depositAmount = ethers.parseEther(""0.0000000000000001""); // 100 wei     await instance.connect(addr1).Put(0, { value: depositAmount });          // Check initial balance     let holderInfo = await instance.connect(addr1).Acc(addr1.address);     expect(holderInfo.balance).to.equal(depositAmount);          // Collect 10 wei     const collectAmount = ethers.parseEther(""0.00000000000000001""); // 10 wei     await instance.connect(addr1).Collect(collectAmount);          // Check remaining balance - original uses subtraction (90 wei), mutant uses division (10 wei)     holderInfo = await instance.connect(addr1).Acc(addr1.address);     expect(holderInfo.balance).to.equal(depositAmount - collectAmount);   }); });","""['Error: syntax error']"""
mb4e5da39,PENNY_BY_PENNY,<generic-v6-scaffold>,SetMinSum,live,intitalized,true,---|         if(intitalized)revert(); +++|         if(true)revert();,23,Mutant mb4e5da39 of function SetMinSum replaces intitalized with true,"pragma solidity ^0.8.0; contract PENNY_BY_PENNY { struct Holder { uint unlockTime; uint balance; } mapping (address => Holder) public Acc; uint public MinSum; LogFile Log; bool intitalized; function SetMinSum(uint _val) public { if(intitalized)revert(); MinSum = _val; } function SetLogFile(address _log) public { if(intitalized)revert(); Log = LogFile(_log); } function Initialized() public { intitalized = true; } function Put(uint _lockTime) public payable { Holder storage acc = Acc[msg.sender]; require(((acc.balance + msg.value) >= acc.balance)); acc.balance += msg.value; require(((block.timestamp + _lockTime) >= block.timestamp)); if(block.timestamp+_lockTime>acc.unlockTime)acc.unlockTime=block.timestamp+_lockTime; Log.AddMessage(msg.sender,msg.value,""Put""); } function Collect(uint _am) public payable { Holder storage acc = Acc[msg.sender]; if( acc.balance>=MinSum && acc.balance>=_am && block.timestamp>acc.unlockTime) { acc.balance = (acc.balance - _am); { (bool _s, bytes memory _d) = msg.sender.call{value: _am}(""""); _d; if (_s) { Log.AddMessage(msg.sender,_am,""Collect""); } else {revert (); } } } } fallback() external payable { Put(0); } } contract LogFile { struct Message { address Sender; string  Data; uint Val; uint  Time; } Message[] public History; Message LastMsg; function AddMessage(address _adr,uint _val, string memory _data) public { LastMsg.Sender = _adr; LastMsg.Time = block.timestamp; LastMsg.Val = _val; LastMsg.Data = _data; History.push(LastMsg); } }","import { expect } from ""chai""; import { ethers } from ""hardhat""; describe(""PENNY_BY_PENNY reference (ethers v6; deploy may require constructor arguments)"", function () { it(""deploy PENNY_BY_PENNY by supplying its REQUIRED constructor arguments (read them from the contract constructor), then call methods and assert; use ethers.parseEther, await (await tx).wait(), and expect(...).to.be.reverted"", async function () { const [owner, addr1, addr2] = await ethers.getSigners(); const Factory = await ethers.getContractFactory(""PENNY_BY_PENNY""); const instance = await Factory.deploy(...constructorArgs); await instance.waitForDeployment(); }); });",False,False,"import { expect } from ""chai""; import { ethers } from ""hardhat"";  describe(""PENNY_BY_PENNY mutant mb4e5da39 test"", function () {   it(""should kill the mutant by calling SetMinSum before Initialized is called"", async function () {     const [owner] = await ethers.getSigners();     const Factory = await ethers.getContractFactory(""PENNY_BY_PENNY"");     const instance = await Factory.deploy();     await instance.waitForDeployment();      // On the original contract, calling SetMinSum before Initialized() should succeed     // because intitalized is false. On the mutant, it will always revert.     await expect(       instance.SetMinSum(100)     ).to.not.be.reverted;   }); });","""['Error: syntax error']"""
mdb5b7020,PENNY_BY_PENNY,<generic-v6-scaffold>,SetMinSum,live,intitalized,false,---|         if(intitalized)revert(); +++|         if(false)revert();,23,Mutant mdb5b7020 of function SetMinSum replaces intitalized with false,"pragma solidity ^0.8.0; contract PENNY_BY_PENNY { struct Holder { uint unlockTime; uint balance; } mapping (address => Holder) public Acc; uint public MinSum; LogFile Log; bool intitalized; function SetMinSum(uint _val) public { if(intitalized)revert(); MinSum = _val; } function SetLogFile(address _log) public { if(intitalized)revert(); Log = LogFile(_log); } function Initialized() public { intitalized = true; } function Put(uint _lockTime) public payable { Holder storage acc = Acc[msg.sender]; require(((acc.balance + msg.value) >= acc.balance)); acc.balance += msg.value; require(((block.timestamp + _lockTime) >= block.timestamp)); if(block.timestamp+_lockTime>acc.unlockTime)acc.unlockTime=block.timestamp+_lockTime; Log.AddMessage(msg.sender,msg.value,""Put""); } function Collect(uint _am) public payable { Holder storage acc = Acc[msg.sender]; if( acc.balance>=MinSum && acc.balance>=_am && block.timestamp>acc.unlockTime) { acc.balance = (acc.balance - _am); { (bool _s, bytes memory _d) = msg.sender.call{value: _am}(""""); _d; if (_s) { Log.AddMessage(msg.sender,_am,""Collect""); } else {revert (); } } } } fallback() external payable { Put(0); } } contract LogFile { struct Message { address Sender; string  Data; uint Val; uint  Time; } Message[] public History; Message LastMsg; function AddMessage(address _adr,uint _val, string memory _data) public { LastMsg.Sender = _adr; LastMsg.Time = block.timestamp; LastMsg.Val = _val; LastMsg.Data = _data; History.push(LastMsg); } }","import { expect } from ""chai""; import { ethers } from ""hardhat""; describe(""PENNY_BY_PENNY reference (ethers v6; deploy may require constructor arguments)"", function () { it(""deploy PENNY_BY_PENNY by supplying its REQUIRED constructor arguments (read them from the contract constructor), then call methods and assert; use ethers.parseEther, await (await tx).wait(), and expect(...).to.be.reverted"", async function () { const [owner, addr1, addr2] = await ethers.getSigners(); const Factory = await ethers.getContractFactory(""PENNY_BY_PENNY""); const instance = await Factory.deploy(...constructorArgs); await instance.waitForDeployment(); }); });",False,False,"import { expect } from ""chai""; import { ethers } from ""hardhat"";  describe(""PENNY_BY_PENNY mutant mdb5b7020 test"", function () {   it(""should revert SetMinSum after initialization, but mutant allows it"", async function () {     const [owner] = await ethers.getSigners();          // Deploy the contract (no constructor arguments for PENNY_BY_PENNY)     const Factory = await ethers.getContractFactory(""PENNY_BY_PENNY"");     const instance = await Factory.deploy();     await instance.waitForDeployment();      // Step 1: Initialize the contract (set intitalized = true)     const txInit = await instance.Initialized();     await txInit.wait();      // Step 2: Attempt to call SetMinSum after initialization     // Original contract would revert because intitalized is true     // Mutant with if(false) will not revert and will change MinSum     const txSet = await instance.SetMinSum(100);     await txSet.wait();      // Step 3: Verify the mutant behavior - MinSum should be changed     const minSum = await instance.MinSum();     expect(minSum).to.equal(100);   }); });","""['Error: syntax error']"""
m0eaa4937,PENNY_BY_PENNY,<generic-v6-scaffold>,SetLogFile,live,intitalized,true,---|         if(intitalized)revert(); +++|         if(true)revert();,30,Mutant m0eaa4937 of function SetLogFile replaces intitalized with true,"pragma solidity ^0.8.0; contract PENNY_BY_PENNY { struct Holder { uint unlockTime; uint balance; } mapping (address => Holder) public Acc; uint public MinSum; LogFile Log; bool intitalized; function SetMinSum(uint _val) public { if(intitalized)revert(); MinSum = _val; } function SetLogFile(address _log) public { if(intitalized)revert(); Log = LogFile(_log); } function Initialized() public { intitalized = true; } function Put(uint _lockTime) public payable { Holder storage acc = Acc[msg.sender]; require(((acc.balance + msg.value) >= acc.balance)); acc.balance += msg.value; require(((block.timestamp + _lockTime) >= block.timestamp)); if(block.timestamp+_lockTime>acc.unlockTime)acc.unlockTime=block.timestamp+_lockTime; Log.AddMessage(msg.sender,msg.value,""Put""); } function Collect(uint _am) public payable { Holder storage acc = Acc[msg.sender]; if( acc.balance>=MinSum && acc.balance>=_am && block.timestamp>acc.unlockTime) { acc.balance = (acc.balance - _am); { (bool _s, bytes memory _d) = msg.sender.call{value: _am}(""""); _d; if (_s) { Log.AddMessage(msg.sender,_am,""Collect""); } else {revert (); } } } } fallback() external payable { Put(0); } } contract LogFile { struct Message { address Sender; string  Data; uint Val; uint  Time; } Message[] public History; Message LastMsg; function AddMessage(address _adr,uint _val, string memory _data) public { LastMsg.Sender = _adr; LastMsg.Time = block.timestamp; LastMsg.Val = _val; LastMsg.Data = _data; History.push(LastMsg); } }","import { expect } from ""chai""; import { ethers } from ""hardhat""; describe(""PENNY_BY_PENNY reference (ethers v6; deploy may require constructor arguments)"", function () { it(""deploy PENNY_BY_PENNY by supplying its REQUIRED constructor arguments (read them from the contract constructor), then call methods and assert; use ethers.parseEther, await (await tx).wait(), and expect(...).to.be.reverted"", async function () { const [owner, addr1, addr2] = await ethers.getSigners(); const Factory = await ethers.getContractFactory(""PENNY_BY_PENNY""); const instance = await Factory.deploy(...constructorArgs); await instance.waitForDeployment(); }); });",False,False,"import { expect } from ""chai""; import { ethers } from ""hardhat"";  describe(""PENNY_BY_PENNY mutant m0eaa4937 test"", function () {   it(""should allow SetLogFile before initialization, but mutant always reverts"", async function () {     const [owner, addr1] = await ethers.getSigners();          // Deploy LogFile first     const LogFileFactory = await ethers.getContractFactory(""LogFile"");     const logFile = await LogFileFactory.deploy();     await logFile.waitForDeployment();          // Deploy PENNY_BY_PENNY (no constructor arguments needed)     const Factory = await ethers.getContractFactory(""PENNY_BY_PENNY"");     const instance = await Factory.deploy();     await instance.waitForDeployment();          // Call SetLogFile before Initialized() - should succeed on original, fail on mutant     await expect(       instance.connect(owner).SetLogFile(await logFile.getAddress())     ).to.not.be.reverted;          // Now initialize the contract     await instance.connect(owner).Initialized();          // Verify the log file was set by making a deposit and checking the LogFile     const depositAmount = ethers.parseEther(""1.0"");     await instance.connect(addr1).Put(0, { value: depositAmount });          // Check that a message was added to the LogFile history     const history = await logFile.History(0);     expect(history.Sender).to.equal(await addr1.getAddress());     expect(history.Val).to.equal(depositAmount);     expect(history.Data).to.equal(""Put"");   }); });","""['Error: syntax error']"""
m683824fc,PENNY_BY_PENNY,<generic-v6-scaffold>,SetLogFile,live,intitalized,false,---|         if(intitalized)revert(); +++|         if(false)revert();,30,Mutant m683824fc of function SetLogFile replaces intitalized with false,"pragma solidity ^0.8.0; contract PENNY_BY_PENNY { struct Holder { uint unlockTime; uint balance; } mapping (address => Holder) public Acc; uint public MinSum; LogFile Log; bool intitalized; function SetMinSum(uint _val) public { if(intitalized)revert(); MinSum = _val; } function SetLogFile(address _log) public { if(intitalized)revert(); Log = LogFile(_log); } function Initialized() public { intitalized = true; } function Put(uint _lockTime) public payable { Holder storage acc = Acc[msg.sender]; require(((acc.balance + msg.value) >= acc.balance)); acc.balance += msg.value; require(((block.timestamp + _lockTime) >= block.timestamp)); if(block.timestamp+_lockTime>acc.unlockTime)acc.unlockTime=block.timestamp+_lockTime; Log.AddMessage(msg.sender,msg.value,""Put""); } function Collect(uint _am) public payable { Holder storage acc = Acc[msg.sender]; if( acc.balance>=MinSum && acc.balance>=_am && block.timestamp>acc.unlockTime) { acc.balance = (acc.balance - _am); { (bool _s, bytes memory _d) = msg.sender.call{value: _am}(""""); _d; if (_s) { Log.AddMessage(msg.sender,_am,""Collect""); } else {revert (); } } } } fallback() external payable { Put(0); } } contract LogFile { struct Message { address Sender; string  Data; uint Val; uint  Time; } Message[] public History; Message LastMsg; function AddMessage(address _adr,uint _val, string memory _data) public { LastMsg.Sender = _adr; LastMsg.Time = block.timestamp; LastMsg.Val = _val; LastMsg.Data = _data; History.push(LastMsg); } }","import { expect } from ""chai""; import { ethers } from ""hardhat""; describe(""PENNY_BY_PENNY reference (ethers v6; deploy may require constructor arguments)"", function () { it(""deploy PENNY_BY_PENNY by supplying its REQUIRED constructor arguments (read them from the contract constructor), then call methods and assert; use ethers.parseEther, await (await tx).wait(), and expect(...).to.be.reverted"", async function () { const [owner, addr1, addr2] = await ethers.getSigners(); const Factory = await ethers.getContractFactory(""PENNY_BY_PENNY""); const instance = await Factory.deploy(...constructorArgs); await instance.waitForDeployment(); }); });",False,False,"import { expect } from ""chai""; import { ethers } from ""hardhat"";  describe(""PENNY_BY_PENNY mutant detection"", function () {   it(""should revert SetLogFile after initialization (detects mutant m683824fc)"", async function () {     const [owner] = await ethers.getSigners();          // Deploy contract (no constructor arguments needed for PENNY_BY_PENNY)     const Factory = await ethers.getContractFactory(""PENNY_BY_PENNY"");     const instance = await Factory.deploy();     await instance.waitForDeployment();      // First, initialize the contract to lock configuration     const initTx = await instance.Initialized();     await initTx.wait();      // Attempt to call SetLogFile after initialization - should revert in original     await expect(       instance.SetLogFile(ethers.ZeroAddress)     ).to.be.reverted;   }); });","""['Error: syntax error']"""
mea5161e8,PENNY_BY_PENNY,<generic-v6-scaffold>,Put,live,block.timestamp+_lockTime>acc.unlockTime,true,---|         if(block.timestamp+_lockTime>acc.unlockTime)acc.unlockTime=block.timestamp+_lockTime; +++|         if(true)acc.unlockTime=block.timestamp+_lockTime;,46,Mutant mea5161e8 of function Put replaces block.timestamp+_lockTime>acc.unlockTime with true,"pragma solidity ^0.8.0; contract PENNY_BY_PENNY { struct Holder { uint unlockTime; uint balance; } mapping (address => Holder) public Acc; uint public MinSum; LogFile Log; bool intitalized; function SetMinSum(uint _val) public { if(intitalized)revert(); MinSum = _val; } function SetLogFile(address _log) public { if(intitalized)revert(); Log = LogFile(_log); } function Initialized() public { intitalized = true; } function Put(uint _lockTime) public payable { Holder storage acc = Acc[msg.sender]; require(((acc.balance + msg.value) >= acc.balance)); acc.balance += msg.value; require(((block.timestamp + _lockTime) >= block.timestamp)); if(block.timestamp+_lockTime>acc.unlockTime)acc.unlockTime=block.timestamp+_lockTime; Log.AddMessage(msg.sender,msg.value,""Put""); } function Collect(uint _am) public payable { Holder storage acc = Acc[msg.sender]; if( acc.balance>=MinSum && acc.balance>=_am && block.timestamp>acc.unlockTime) { acc.balance = (acc.balance - _am); { (bool _s, bytes memory _d) = msg.sender.call{value: _am}(""""); _d; if (_s) { Log.AddMessage(msg.sender,_am,""Collect""); } else {revert (); } } } } fallback() external payable { Put(0); } } contract LogFile { struct Message { address Sender; string  Data; uint Val; uint  Time; } Message[] public History; Message LastMsg; function AddMessage(address _adr,uint _val, string memory _data) public { LastMsg.Sender = _adr; LastMsg.Time = block.timestamp; LastMsg.Val = _val; LastMsg.Data = _data; History.push(LastMsg); } }","import { expect } from ""chai""; import { ethers } from ""hardhat""; describe(""PENNY_BY_PENNY reference (ethers v6; deploy may require constructor arguments)"", function () { it(""deploy PENNY_BY_PENNY by supplying its REQUIRED constructor arguments (read them from the contract constructor), then call methods and assert; use ethers.parseEther, await (await tx).wait(), and expect(...).to.be.reverted"", async function () { const [owner, addr1, addr2] = await ethers.getSigners(); const Factory = await ethers.getContractFactory(""PENNY_BY_PENNY""); const instance = await Factory.deploy(...constructorArgs); await instance.waitForDeployment(); }); });",False,False,"import { expect } from ""chai""; import { ethers } from ""hardhat"";  describe(""PENNY_BY_PENNY mutant mea5161e8 detection"", function () {   it(""should detect mutant that always updates unlockTime by testing lock time override"", async function () {     const [owner, addr1] = await ethers.getSigners();          // Deploy contracts - PENNY_BY_PENNY has no constructor arguments     const PennyFactory = await ethers.getContractFactory(""PENNY_BY_PENNY"");     const penny = await PennyFactory.deploy();     await penny.waitForDeployment();          const LogFactory = await ethers.getContractFactory(""LogFile"");     const log = await LogFactory.deploy();     await log.waitForDeployment();          // Setup: Set MinSum to 0 and initialize the contract     await (await penny.SetMinSum(0)).wait();     await (await penny.SetLogFile(await log.getAddress())).wait();     await (await penny.Initialized()).wait();          // First Put: Lock funds with a long lock time (e.g., 1000 seconds)     const longLockTime = 1000;     const depositAmount = ethers.parseEther(""1.0"");     await (await penny.connect(addr1).Put(longLockTime, { value: depositAmount })).wait();          // Get the current unlock time after first deposit     const accAfterFirst = await penny.Acc(addr1.address);     const firstUnlockTime = accAfterFirst.unlockTime;          // Second Put: Try to override with a shorter lock time (e.g., 100 seconds)     const shortLockTime = 100;     await (await penny.connect(addr1).Put(shortLockTime, { value: depositAmount })).wait();          // Get the unlock time after second deposit     const accAfterSecond = await penny.Acc(addr1.address);     const secondUnlockTime = accAfterSecond.unlockTime;          // In the original contract, unlockTime should NOT be overwritten to a shorter time     // In the mutant, it WILL be overwritten to the shorter time     // We can verify by checking if unlockTime decreased     if (secondUnlockTime < firstUnlockTime) {       // Mutant detected - unlockTime was incorrectly overwritten to a shorter time       // Now try to collect before the original lock time expires       const currentBlock = await ethers.provider.getBlock(""latest"");       const timeUntilOriginalLock = Number(firstUnlockTime) - Number(currentBlock!.timestamp);              // Mine blocks to advance time just past the short lock time but before the long lock time       await ethers.provider.send(""evm_increaseTime"", [timeUntilOriginalLock - 50]);       await ethers.provider.send(""evm_mine"", []);              // In the mutant, this Collect should succeed (incorrectly) because unlockTime was shortened       // In the original, this would revert because unlockTime is still the long one       const collectAmount = ethers.parseEther(""0.5"");       await expect(         penny.connect(addr1).Collect(collectAmount)       ).to.be.reverted;              // If we reach here, the Collect reverted, which means the mutant might still have the original behavior       // But we already detected the unlockTime change above       expect(secondUnlockTime).to.be.lessThan(firstUnlockTime);     } else {       // Original behavior - unlock time was NOT overwritten       // This test should fail on the mutant because the mutant would have overwritten it       expect(secondUnlockTime).to.be.lessThan(firstUnlockTime);     }   }); });","""['Error: syntax error']"""
mc53a08e2,PENNY_BY_PENNY,<generic-v6-scaffold>,Put,live,block.timestamp+_lockTime>acc.unlockTime,false,---|         if(block.timestamp+_lockTime>acc.unlockTime)acc.unlockTime=block.timestamp+_lockTime; +++|         if(false)acc.unlockTime=block.timestamp+_lockTime;,46,Mutant mc53a08e2 of function Put replaces block.timestamp+_lockTime>acc.unlockTime with false,"pragma solidity ^0.8.0; contract PENNY_BY_PENNY { struct Holder { uint unlockTime; uint balance; } mapping (address => Holder) public Acc; uint public MinSum; LogFile Log; bool intitalized; function SetMinSum(uint _val) public { if(intitalized)revert(); MinSum = _val; } function SetLogFile(address _log) public { if(intitalized)revert(); Log = LogFile(_log); } function Initialized() public { intitalized = true; } function Put(uint _lockTime) public payable { Holder storage acc = Acc[msg.sender]; require(((acc.balance + msg.value) >= acc.balance)); acc.balance += msg.value; require(((block.timestamp + _lockTime) >= block.timestamp)); if(block.timestamp+_lockTime>acc.unlockTime)acc.unlockTime=block.timestamp+_lockTime; Log.AddMessage(msg.sender,msg.value,""Put""); } function Collect(uint _am) public payable { Holder storage acc = Acc[msg.sender]; if( acc.balance>=MinSum && acc.balance>=_am && block.timestamp>acc.unlockTime) { acc.balance = (acc.balance - _am); { (bool _s, bytes memory _d) = msg.sender.call{value: _am}(""""); _d; if (_s) { Log.AddMessage(msg.sender,_am,""Collect""); } else {revert (); } } } } fallback() external payable { Put(0); } } contract LogFile { struct Message { address Sender; string  Data; uint Val; uint  Time; } Message[] public History; Message LastMsg; function AddMessage(address _adr,uint _val, string memory _data) public { LastMsg.Sender = _adr; LastMsg.Time = block.timestamp; LastMsg.Val = _val; LastMsg.Data = _data; History.push(LastMsg); } }","import { expect } from ""chai""; import { ethers } from ""hardhat""; describe(""PENNY_BY_PENNY reference (ethers v6; deploy may require constructor arguments)"", function () { it(""deploy PENNY_BY_PENNY by supplying its REQUIRED constructor arguments (read them from the contract constructor), then call methods and assert; use ethers.parseEther, await (await tx).wait(), and expect(...).to.be.reverted"", async function () { const [owner, addr1, addr2] = await ethers.getSigners(); const Factory = await ethers.getContractFactory(""PENNY_BY_PENNY""); const instance = await Factory.deploy(...constructorArgs); await instance.waitForDeployment(); }); });",False,False,"import { expect } from ""chai""; import { ethers } from ""hardhat"";  describe(""PENNY_BY_PENNY mutant mc53a08e2 test"", function () {   it(""should detect that unlockTime is not updated when Put is called with a longer lockTime"", async function () {     const [owner, addr1] = await ethers.getSigners();          // Deploy LogFile first (no constructor args)     const LogFileFactory = await ethers.getContractFactory(""LogFile"");     const logFile = await LogFileFactory.deploy();     await logFile.waitForDeployment();          // Deploy PENNY_BY_PENNY (no constructor args)     const Factory = await ethers.getContractFactory(""PENNY_BY_PENNY"");     const instance = await Factory.deploy();     await instance.waitForDeployment();          // Set up the contract     await instance.SetLogFile(await logFile.getAddress());     await instance.SetMinSum(ethers.parseEther(""0.1""));     await instance.Initialized();          // Get current block timestamp     const blockNumBefore = await ethers.provider.getBlockNumber();     const blockBefore = await ethers.provider.getBlock(blockNumBefore);     const currentTime = blockBefore!.timestamp;          // First Put with lockTime of 100 seconds     const lockTime1 = 100;     await instance.connect(addr1).Put(lockTime1, { value: ethers.parseEther(""1.0"") });          // Check unlockTime after first Put - should be currentTime + 100     let holder = await instance.Acc(addr1.address);     expect(holder.unlockTime).to.equal(currentTime + lockTime1);          // Second Put with lockTime of 200 seconds (longer)     const lockTime2 = 200;     // Need to wait a bit to get a new block timestamp     await ethers.provider.send(""evm_increaseTime"", [1]);     await ethers.provider.send(""evm_mine"", []);          await instance.connect(addr1).Put(lockTime2, { value: ethers.parseEther(""0.5"") });          // Get updated timestamp     const blockNumAfter = await ethers.provider.getBlockNumber();     const blockAfter = await ethers.provider.getBlock(blockNumAfter);     const timeAfterPut2 = blockAfter!.timestamp;          // Check unlockTime - in original it should be timeAfterPut2 + 200 (the longer lock)     // In mutant it would still be currentTime + 100 (unchanged)     holder = await instance.Acc(addr1.address);          // The mutant would keep unlockTime at currentTime + 100     // The original would update it to timeAfterPut2 + 200     // We verify it's the longer time, which the mutant would fail     expect(holder.unlockTime).to.equal(timeAfterPut2 + lockTime2);          // Now try to Collect before the longer lock expires but after the shorter lock     // This should revert in original (still locked) but succeed in mutant (unlocked prematurely)     await ethers.provider.send(""evm_increaseTime"", [lockTime1 + 10]); // Just past first lock     await ethers.provider.send(""evm_mine"", []);          // Attempt to collect - should revert because unlockTime was properly extended     await expect(       instance.connect(addr1).Collect(ethers.parseEther(""0.5""))     ).to.be.reverted;          // Now fast forward past the longer lock time     await ethers.provider.send(""evm_increaseTime"", [lockTime2 - lockTime1 - 5]);     await ethers.provider.send(""evm_mine"", []);          // This should now succeed in both original and mutant     await instance.connect(addr1).Collect(ethers.parseEther(""0.5""));   }); });","""['Error: syntax error']"""
m55f27093,PENNY_BY_PENNY,<generic-v6-scaffold>,Collect,live,acc.balance>=MinSum && acc.balance>=_am && block.timestamp>acc.unlockTime,true,---|         if( acc.balance>=MinSum && acc.balance>=_am && block.timestamp>acc.unlockTime) +++|         if( true),53,Mutant m55f27093 of function Collect replaces acc.balance>=MinSum && acc.balance>=_am && block.timestamp>acc.unlockTime with true,"pragma solidity ^0.8.0; contract PENNY_BY_PENNY { struct Holder { uint unlockTime; uint balance; } mapping (address => Holder) public Acc; uint public MinSum; LogFile Log; bool intitalized; function SetMinSum(uint _val) public { if(intitalized)revert(); MinSum = _val; } function SetLogFile(address _log) public { if(intitalized)revert(); Log = LogFile(_log); } function Initialized() public { intitalized = true; } function Put(uint _lockTime) public payable { Holder storage acc = Acc[msg.sender]; require(((acc.balance + msg.value) >= acc.balance)); acc.balance += msg.value; require(((block.timestamp + _lockTime) >= block.timestamp)); if(block.timestamp+_lockTime>acc.unlockTime)acc.unlockTime=block.timestamp+_lockTime; Log.AddMessage(msg.sender,msg.value,""Put""); } function Collect(uint _am) public payable { Holder storage acc = Acc[msg.sender]; if( acc.balance>=MinSum && acc.balance>=_am && block.timestamp>acc.unlockTime) { acc.balance = (acc.balance - _am); { (bool _s, bytes memory _d) = msg.sender.call{value: _am}(""""); _d; if (_s) { Log.AddMessage(msg.sender,_am,""Collect""); } else {revert (); } } } } fallback() external payable { Put(0); } } contract LogFile { struct Message { address Sender; string  Data; uint Val; uint  Time; } Message[] public History; Message LastMsg; function AddMessage(address _adr,uint _val, string memory _data) public { LastMsg.Sender = _adr; LastMsg.Time = block.timestamp; LastMsg.Val = _val; LastMsg.Data = _data; History.push(LastMsg); } }","import { expect } from ""chai""; import { ethers } from ""hardhat""; describe(""PENNY_BY_PENNY reference (ethers v6; deploy may require constructor arguments)"", function () { it(""deploy PENNY_BY_PENNY by supplying its REQUIRED constructor arguments (read them from the contract constructor), then call methods and assert; use ethers.parseEther, await (await tx).wait(), and expect(...).to.be.reverted"", async function () { const [owner, addr1, addr2] = await ethers.getSigners(); const Factory = await ethers.getContractFactory(""PENNY_BY_PENNY""); const instance = await Factory.deploy(...constructorArgs); await instance.waitForDeployment(); }); });",False,False,"import { expect } from ""chai""; import { ethers } from ""hardhat"";  describe(""PENNY_BY_PENNY mutant m55f27093 detection"", function () {   it(""should revert Collect when balance < MinSum in original, but mutant allows it"", async function () {     const [owner, addr1] = await ethers.getSigners();     const Factory = await ethers.getContractFactory(""PENNY_BY_PENNY"");     const instance = await Factory.deploy();     await instance.waitForDeployment();      // Set MinSum to a non-zero value     const minSum = ethers.parseEther(""1"");     await instance.SetMinSum(minSum);      // Initialize the contract (set intitalized = true to prevent further changes)     await instance.Initialized();      // addr1 puts some ETH but less than MinSum     const putAmount = ethers.parseEther(""0.5"");     await instance.connect(addr1).Put(0, { value: putAmount });      // Now try to collect - balance (0.5) < MinSum (1.0), and also unlockTime hasn't passed     // In original this should revert; in mutant it would succeed     await expect(       instance.connect(addr1).Collect(putAmount)     ).to.be.reverted;   }); });","""['Error: syntax error']"""
m7159281a,PENNY_BY_PENNY,<generic-v6-scaffold>,Collect,live,acc.balance>=MinSum && acc.balance>=_am && block.timestamp>acc.unlockTime,false,---|         if( acc.balance>=MinSum && acc.balance>=_am && block.timestamp>acc.unlockTime) +++|         if( false),53,Mutant m7159281a of function Collect replaces acc.balance>=MinSum && acc.balance>=_am && block.timestamp>acc.unlockTime with false,"pragma solidity ^0.8.0; contract PENNY_BY_PENNY { struct Holder { uint unlockTime; uint balance; } mapping (address => Holder) public Acc; uint public MinSum; LogFile Log; bool intitalized; function SetMinSum(uint _val) public { if(intitalized)revert(); MinSum = _val; } function SetLogFile(address _log) public { if(intitalized)revert(); Log = LogFile(_log); } function Initialized() public { intitalized = true; } function Put(uint _lockTime) public payable { Holder storage acc = Acc[msg.sender]; require(((acc.balance + msg.value) >= acc.balance)); acc.balance += msg.value; require(((block.timestamp + _lockTime) >= block.timestamp)); if(block.timestamp+_lockTime>acc.unlockTime)acc.unlockTime=block.timestamp+_lockTime; Log.AddMessage(msg.sender,msg.value,""Put""); } function Collect(uint _am) public payable { Holder storage acc = Acc[msg.sender]; if( acc.balance>=MinSum && acc.balance>=_am && block.timestamp>acc.unlockTime) { acc.balance = (acc.balance - _am); { (bool _s, bytes memory _d) = msg.sender.call{value: _am}(""""); _d; if (_s) { Log.AddMessage(msg.sender,_am,""Collect""); } else {revert (); } } } } fallback() external payable { Put(0); } } contract LogFile { struct Message { address Sender; string  Data; uint Val; uint  Time; } Message[] public History; Message LastMsg; function AddMessage(address _adr,uint _val, string memory _data) public { LastMsg.Sender = _adr; LastMsg.Time = block.timestamp; LastMsg.Val = _val; LastMsg.Data = _data; History.push(LastMsg); } }","import { expect } from ""chai""; import { ethers } from ""hardhat""; describe(""PENNY_BY_PENNY reference (ethers v6; deploy may require constructor arguments)"", function () { it(""deploy PENNY_BY_PENNY by supplying its REQUIRED constructor arguments (read them from the contract constructor), then call methods and assert; use ethers.parseEther, await (await tx).wait(), and expect(...).to.be.reverted"", async function () { const [owner, addr1, addr2] = await ethers.getSigners(); const Factory = await ethers.getContractFactory(""PENNY_BY_PENNY""); const instance = await Factory.deploy(...constructorArgs); await instance.waitForDeployment(); }); });",False,False,"import { expect } from ""chai""; import { ethers } from ""hardhat"";  describe(""PENNY_BY_PENNY mutant m7159281a - Collect condition replaced with false"", function () {   it(""should revert or do nothing when Collect is called with valid conditions, because the mutant replaces the entire condition with false"", async function () {     const [owner, addr1] = await ethers.getSigners();          // Deploy LogFile first (no constructor args)     const LogFileFactory = await ethers.getContractFactory(""LogFile"");     const logFile = await LogFileFactory.deploy();     await logFile.waitForDeployment();          // Deploy PENNY_BY_PENNY (no constructor args)     const Factory = await ethers.getContractFactory(""PENNY_BY_PENNY"");     const instance = await Factory.deploy();     await instance.waitForDeployment();          // Set MinSum to 1 ether     await instance.SetMinSum(ethers.parseEther(""1""));          // Set LogFile address     await instance.SetLogFile(await logFile.getAddress());          // Initialize the contract     await instance.Initialized();          // addr1 deposits 2 ether with lock time of 1 second     await instance.connect(addr1).Put(1, { value: ethers.parseEther(""2"") });          // Wait for lock time to pass     await ethers.provider.send(""evm_increaseTime"", [2]);     await ethers.provider.send(""evm_mine"", []);          // Get initial balance of addr1     const initialBalance = await ethers.provider.getBalance(addr1.address);          // Try to collect 1 ether - this should succeed in the original but fail in the mutant     const tx = instance.connect(addr1).Collect(ethers.parseEther(""1""));          // In the mutant, the condition is false, so the transfer never happens     // The function will either revert or do nothing silently     // We expect either a revert OR no balance change     let reverted = false;     try {       await (await tx).wait();     } catch (e) {       reverted = true;     }          if (!reverted) {       // If it didn't revert, the balance should not have changed (mutant behavior)       const finalBalance = await ethers.provider.getBalance(addr1.address);       expect(finalBalance).to.equal(initialBalance);     } else {       // If it reverted, that's also the mutant behavior (condition always false)       expect(reverted).to.be.true;     }          // Additionally, verify that the contract still holds the full deposit     const contractBalance = await ethers.provider.getBalance(await instance.getAddress());     expect(contractBalance).to.equal(ethers.parseEther(""2""));   }); });","""['Error: syntax error']"""
md8d481f2,PENNY_BY_PENNY,<generic-v6-scaffold>,Collect,live,_s,true,"---|             { (bool _s, bytes memory _d) = msg.sender.call{value: _am}(""""); _d; if (_s) { +++|             { (bool _s, bytes memory _d) = msg.sender.call{value: _am}(""""); _d; if (true) {",57,Mutant md8d481f2 of function Collect replaces _s with true,"pragma solidity ^0.8.0; contract PENNY_BY_PENNY { struct Holder { uint unlockTime; uint balance; } mapping (address => Holder) public Acc; uint public MinSum; LogFile Log; bool intitalized; function SetMinSum(uint _val) public { if(intitalized)revert(); MinSum = _val; } function SetLogFile(address _log) public { if(intitalized)revert(); Log = LogFile(_log); } function Initialized() public { intitalized = true; } function Put(uint _lockTime) public payable { Holder storage acc = Acc[msg.sender]; require(((acc.balance + msg.value) >= acc.balance)); acc.balance += msg.value; require(((block.timestamp + _lockTime) >= block.timestamp)); if(block.timestamp+_lockTime>acc.unlockTime)acc.unlockTime=block.timestamp+_lockTime; Log.AddMessage(msg.sender,msg.value,""Put""); } function Collect(uint _am) public payable { Holder storage acc = Acc[msg.sender]; if( acc.balance>=MinSum && acc.balance>=_am && block.timestamp>acc.unlockTime) { acc.balance = (acc.balance - _am); { (bool _s, bytes memory _d) = msg.sender.call{value: _am}(""""); _d; if (_s) { Log.AddMessage(msg.sender,_am,""Collect""); } else {revert (); } } } } fallback() external payable { Put(0); } } contract LogFile { struct Message { address Sender; string  Data; uint Val; uint  Time; } Message[] public History; Message LastMsg; function AddMessage(address _adr,uint _val, string memory _data) public { LastMsg.Sender = _adr; LastMsg.Time = block.timestamp; LastMsg.Val = _val; LastMsg.Data = _data; History.push(LastMsg); } }","import { expect } from ""chai""; import { ethers } from ""hardhat""; describe(""PENNY_BY_PENNY reference (ethers v6; deploy may require constructor arguments)"", function () { it(""deploy PENNY_BY_PENNY by supplying its REQUIRED constructor arguments (read them from the contract constructor), then call methods and assert; use ethers.parseEther, await (await tx).wait(), and expect(...).to.be.reverted"", async function () { const [owner, addr1, addr2] = await ethers.getSigners(); const Factory = await ethers.getContractFactory(""PENNY_BY_PENNY""); const instance = await Factory.deploy(...constructorArgs); await instance.waitForDeployment(); }); });",False,False,"import { expect } from ""chai""; import { ethers } from ""hardhat"";  describe(""PENNY_BY_PENNY mutant md8d481f2 test"", function () {   it(""should revert when Collect is called with a failing external call but mutant incorrectly treats it as success"", async function () {     const [owner, addr1, addr2] = await ethers.getSigners();          // Deploy the LogFile contract first (no constructor arguments)     const LogFileFactory = await ethers.getContractFactory(""LogFile"");     const logFile = await LogFileFactory.deploy();     await logFile.waitForDeployment();          // Deploy PENNY_BY_PENNY (no constructor arguments)     const Factory = await ethers.getContractFactory(""PENNY_BY_PENNY"");     const instance = await Factory.deploy();     await instance.waitForDeployment();          // Set up the contract     await instance.SetMinSum(ethers.parseEther(""1""));     await instance.SetLogFile(await logFile.getAddress());     await instance.Initialized();          // Create a contract that will reject ETH     const Rejector = await ethers.getContractFactory(""contract RejectETH { receive() external payable { revert(); } }"");     const rejector = await Rejector.deploy();     await rejector.waitForDeployment();          // addr1 puts funds into the contract     await instance.connect(addr1).Put(0, { value: ethers.parseEther(""2"") });          // addr1 tries to collect 1 ETH to the rejector contract - this should revert     await expect(       instance.connect(addr1).Collect(ethers.parseEther(""1""))     ).to.be.reverted;   }); });","""['Error: syntax error']"""
m16079581,PENNY_BY_PENNY,<generic-v6-scaffold>,Collect,live,_s,false,"---|             { (bool _s, bytes memory _d) = msg.sender.call{value: _am}(""""); _d; if (_s) { +++|             { (bool _s, bytes memory _d) = msg.sender.call{value: _am}(""""); _d; if (false) {",57,Mutant m16079581 of function Collect replaces _s with false,"pragma solidity ^0.8.0; contract PENNY_BY_PENNY { struct Holder { uint unlockTime; uint balance; } mapping (address => Holder) public Acc; uint public MinSum; LogFile Log; bool intitalized; function SetMinSum(uint _val) public { if(intitalized)revert(); MinSum = _val; } function SetLogFile(address _log) public { if(intitalized)revert(); Log = LogFile(_log); } function Initialized() public { intitalized = true; } function Put(uint _lockTime) public payable { Holder storage acc = Acc[msg.sender]; require(((acc.balance + msg.value) >= acc.balance)); acc.balance += msg.value; require(((block.timestamp + _lockTime) >= block.timestamp)); if(block.timestamp+_lockTime>acc.unlockTime)acc.unlockTime=block.timestamp+_lockTime; Log.AddMessage(msg.sender,msg.value,""Put""); } function Collect(uint _am) public payable { Holder storage acc = Acc[msg.sender]; if( acc.balance>=MinSum && acc.balance>=_am && block.timestamp>acc.unlockTime) { acc.balance = (acc.balance - _am); { (bool _s, bytes memory _d) = msg.sender.call{value: _am}(""""); _d; if (_s) { Log.AddMessage(msg.sender,_am,""Collect""); } else {revert (); } } } } fallback() external payable { Put(0); } } contract LogFile { struct Message { address Sender; string  Data; uint Val; uint  Time; } Message[] public History; Message LastMsg; function AddMessage(address _adr,uint _val, string memory _data) public { LastMsg.Sender = _adr; LastMsg.Time = block.timestamp; LastMsg.Val = _val; LastMsg.Data = _data; History.push(LastMsg); } }","import { expect } from ""chai""; import { ethers } from ""hardhat""; describe(""PENNY_BY_PENNY reference (ethers v6; deploy may require constructor arguments)"", function () { it(""deploy PENNY_BY_PENNY by supplying its REQUIRED constructor arguments (read them from the contract constructor), then call methods and assert; use ethers.parseEther, await (await tx).wait(), and expect(...).to.be.reverted"", async function () { const [owner, addr1, addr2] = await ethers.getSigners(); const Factory = await ethers.getContractFactory(""PENNY_BY_PENNY""); const instance = await Factory.deploy(...constructorArgs); await instance.waitForDeployment(); }); });",False,False,"import { expect } from ""chai""; import { ethers } from ""hardhat"";  describe(""PENNY_BY_PENNY mutant m16079581 - Collect success logging"", function () {   it(""should detect mutant by verifying Collect event is logged after successful transfer"", async function () {     const [owner, user] = await ethers.getSigners();          // Deploy LogFile first (no constructor args)     const LogFileFactory = await ethers.getContractFactory(""LogFile"");     const logFile = await LogFileFactory.deploy();     await logFile.waitForDeployment();          // Deploy PENNY_BY_PENNY (no constructor args)     const Factory = await ethers.getContractFactory(""PENNY_BY_PENNY"");     const instance = await Factory.deploy();     await instance.waitForDeployment();          // Setup: Set MinSum, LogFile, and initialize     const minSum = ethers.parseEther(""0.1"");     await instance.SetMinSum(minSum);     await instance.SetLogFile(await logFile.getAddress());     await instance.Initialized();          // User puts 1 ETH with 1 second lock time     const putAmount = ethers.parseEther(""1"");     const lockTime = 1;     await instance.connect(user).Put(lockTime, { value: putAmount });          // Advance time past unlock     await ethers.provider.send(""evm_increaseTime"", [2]);     await ethers.provider.send(""evm_mine"");          // User collects 0.5 ETH (meets all conditions)     const collectAmount = ethers.parseEther(""0.5"");     await instance.connect(user).Collect(collectAmount);          // Check LogFile history for the Collect message     const historyLength = await logFile.History.length;     expect(historyLength).to.be.gt(0);          const lastMessage = await logFile.History(historyLength - 1n);     expect(lastMessage.Sender).to.equal(await user.getAddress());     expect(lastMessage.Val).to.equal(collectAmount);     expect(lastMessage.Data).to.equal(""Collect"");          // Verify user received the funds     const userBalanceAfter = await ethers.provider.getBalance(await user.getAddress());     expect(userBalanceAfter).to.be.gt(ethers.parseEther(""9999"")); // initial 10000 + 0.5   }); });","""['Error: syntax error']"""
mb4b20593,PENNY_BY_PENNY,<generic-v6-scaffold>,Collect,live,else {revert (); },,---|             } else {revert (); } } +++|             }  },60,Mutant mb4b20593 of function Collect replaces else {revert (); } with ,"pragma solidity ^0.8.0; contract PENNY_BY_PENNY { struct Holder { uint unlockTime; uint balance; } mapping (address => Holder) public Acc; uint public MinSum; LogFile Log; bool intitalized; function SetMinSum(uint _val) public { if(intitalized)revert(); MinSum = _val; } function SetLogFile(address _log) public { if(intitalized)revert(); Log = LogFile(_log); } function Initialized() public { intitalized = true; } function Put(uint _lockTime) public payable { Holder storage acc = Acc[msg.sender]; require(((acc.balance + msg.value) >= acc.balance)); acc.balance += msg.value; require(((block.timestamp + _lockTime) >= block.timestamp)); if(block.timestamp+_lockTime>acc.unlockTime)acc.unlockTime=block.timestamp+_lockTime; Log.AddMessage(msg.sender,msg.value,""Put""); } function Collect(uint _am) public payable { Holder storage acc = Acc[msg.sender]; if( acc.balance>=MinSum && acc.balance>=_am && block.timestamp>acc.unlockTime) { acc.balance = (acc.balance - _am); { (bool _s, bytes memory _d) = msg.sender.call{value: _am}(""""); _d; if (_s) { Log.AddMessage(msg.sender,_am,""Collect""); } else {revert (); } } } } fallback() external payable { Put(0); } } contract LogFile { struct Message { address Sender; string  Data; uint Val; uint  Time; } Message[] public History; Message LastMsg; function AddMessage(address _adr,uint _val, string memory _data) public { LastMsg.Sender = _adr; LastMsg.Time = block.timestamp; LastMsg.Val = _val; LastMsg.Data = _data; History.push(LastMsg); } }","import { expect } from ""chai""; import { ethers } from ""hardhat""; describe(""PENNY_BY_PENNY reference (ethers v6; deploy may require constructor arguments)"", function () { it(""deploy PENNY_BY_PENNY by supplying its REQUIRED constructor arguments (read them from the contract constructor), then call methods and assert; use ethers.parseEther, await (await tx).wait(), and expect(...).to.be.reverted"", async function () { const [owner, addr1, addr2] = await ethers.getSigners(); const Factory = await ethers.getContractFactory(""PENNY_BY_PENNY""); const instance = await Factory.deploy(...constructorArgs); await instance.waitForDeployment(); }); });",False,False,"import { expect } from ""chai""; import { ethers } from ""hardhat"";  describe(""PENNY_BY_PENNY mutant mb4b20593 detection"", function () {   it(""should revert when Collect fails due to recipient contract rejecting ether"", async function () {     const [owner, addr1] = await ethers.getSigners();          // Deploy the main contract     const Factory = await ethers.getContractFactory(""PENNY_BY_PENNY"");     const instance = await Factory.deploy();     await instance.waitForDeployment();          // Deploy a malicious contract that rejects ether     const Rejector = await ethers.getContractFactory(""RejectEther"");     const rejector = await Rejector.deploy();     await rejector.waitForDeployment();          // Setup: initialize contract, set min sum, fund the contract     const minSum = ethers.parseEther(""1"");     const depositAmount = ethers.parseEther(""2"");          await instance.connect(owner).SetMinSum(minSum);     await instance.connect(owner).SetLogFile(owner.address); // dummy log address     await instance.connect(owner).Initialized();          // Fund the contract through addr1     await instance.connect(addr1).Put(depositAmount, { value: depositAmount });          // Advance time to make unlockTime pass     await ethers.provider.send(""evm_increaseTime"", [3600 * 24 * 365]); // 1 year     await ethers.provider.send(""evm_mine"", []);          // Try to collect from addr1, but send to rejector contract     // This should revert because the rejector rejects ether     await expect(       instance.connect(addr1).Collect(depositAmount)     ).to.be.reverted;   }); });","""['Error: syntax error']"""
m3d965f59,PENNY_BY_PENNY,<generic-v6-scaffold>,SetMinSum,live,revert();,/* revert(); */,---|         if(intitalized)revert(); +++|         if(intitalized),23,Mutant m3d965f59 of function SetMinSum replaces revert(); with ,"pragma solidity ^0.8.0; contract PENNY_BY_PENNY { struct Holder { uint unlockTime; uint balance; } mapping (address => Holder) public Acc; uint public MinSum; LogFile Log; bool intitalized; function SetMinSum(uint _val) public { if(intitalized)revert(); MinSum = _val; } function SetLogFile(address _log) public { if(intitalized)revert(); Log = LogFile(_log); } function Initialized() public { intitalized = true; } function Put(uint _lockTime) public payable { Holder storage acc = Acc[msg.sender]; require(((acc.balance + msg.value) >= acc.balance)); acc.balance += msg.value; require(((block.timestamp + _lockTime) >= block.timestamp)); if(block.timestamp+_lockTime>acc.unlockTime)acc.unlockTime=block.timestamp+_lockTime; Log.AddMessage(msg.sender,msg.value,""Put""); } function Collect(uint _am) public payable { Holder storage acc = Acc[msg.sender]; if( acc.balance>=MinSum && acc.balance>=_am && block.timestamp>acc.unlockTime) { acc.balance = (acc.balance - _am); { (bool _s, bytes memory _d) = msg.sender.call{value: _am}(""""); _d; if (_s) { Log.AddMessage(msg.sender,_am,""Collect""); } else {revert (); } } } } fallback() external payable { Put(0); } } contract LogFile { struct Message { address Sender; string  Data; uint Val; uint  Time; } Message[] public History; Message LastMsg; function AddMessage(address _adr,uint _val, string memory _data) public { LastMsg.Sender = _adr; LastMsg.Time = block.timestamp; LastMsg.Val = _val; LastMsg.Data = _data; History.push(LastMsg); } }","import { expect } from ""chai""; import { ethers } from ""hardhat""; describe(""PENNY_BY_PENNY reference (ethers v6; deploy may require constructor arguments)"", function () { it(""deploy PENNY_BY_PENNY by supplying its REQUIRED constructor arguments (read them from the contract constructor), then call methods and assert; use ethers.parseEther, await (await tx).wait(), and expect(...).to.be.reverted"", async function () { const [owner, addr1, addr2] = await ethers.getSigners(); const Factory = await ethers.getContractFactory(""PENNY_BY_PENNY""); const instance = await Factory.deploy(...constructorArgs); await instance.waitForDeployment(); }); });",False,False,"import { expect } from ""chai""; import { ethers } from ""hardhat"";  describe(""PENNY_BY_PENNY mutant m3d965f59 test"", function () {   it(""should revert SetMinSum after Initialized is called"", async function () {     const [owner] = await ethers.getSigners();     const Factory = await ethers.getContractFactory(""PENNY_BY_PENNY"");     const instance = await Factory.deploy();     await instance.waitForDeployment();      // First initialize the contract     const txInit = await instance.Initialized();     await txInit.wait();      // Now try to call SetMinSum - it should revert on original but pass on mutant     await expect(       instance.SetMinSum(100)     ).to.be.reverted;   }); });","""['Error: syntax error']"""
m0ac61393,PENNY_BY_PENNY,<generic-v6-scaffold>,SetLogFile,live,revert();,/* revert(); */,---|         if(intitalized)revert(); +++|         if(intitalized),30,Mutant m0ac61393 of function SetLogFile replaces revert(); with ,"pragma solidity ^0.8.0; contract PENNY_BY_PENNY { struct Holder { uint unlockTime; uint balance; } mapping (address => Holder) public Acc; uint public MinSum; LogFile Log; bool intitalized; function SetMinSum(uint _val) public { if(intitalized)revert(); MinSum = _val; } function SetLogFile(address _log) public { if(intitalized)revert(); Log = LogFile(_log); } function Initialized() public { intitalized = true; } function Put(uint _lockTime) public payable { Holder storage acc = Acc[msg.sender]; require(((acc.balance + msg.value) >= acc.balance)); acc.balance += msg.value; require(((block.timestamp + _lockTime) >= block.timestamp)); if(block.timestamp+_lockTime>acc.unlockTime)acc.unlockTime=block.timestamp+_lockTime; Log.AddMessage(msg.sender,msg.value,""Put""); } function Collect(uint _am) public payable { Holder storage acc = Acc[msg.sender]; if( acc.balance>=MinSum && acc.balance>=_am && block.timestamp>acc.unlockTime) { acc.balance = (acc.balance - _am); { (bool _s, bytes memory _d) = msg.sender.call{value: _am}(""""); _d; if (_s) { Log.AddMessage(msg.sender,_am,""Collect""); } else {revert (); } } } } fallback() external payable { Put(0); } } contract LogFile { struct Message { address Sender; string  Data; uint Val; uint  Time; } Message[] public History; Message LastMsg; function AddMessage(address _adr,uint _val, string memory _data) public { LastMsg.Sender = _adr; LastMsg.Time = block.timestamp; LastMsg.Val = _val; LastMsg.Data = _data; History.push(LastMsg); } }","import { expect } from ""chai""; import { ethers } from ""hardhat""; describe(""PENNY_BY_PENNY reference (ethers v6; deploy may require constructor arguments)"", function () { it(""deploy PENNY_BY_PENNY by supplying its REQUIRED constructor arguments (read them from the contract constructor), then call methods and assert; use ethers.parseEther, await (await tx).wait(), and expect(...).to.be.reverted"", async function () { const [owner, addr1, addr2] = await ethers.getSigners(); const Factory = await ethers.getContractFactory(""PENNY_BY_PENNY""); const instance = await Factory.deploy(...constructorArgs); await instance.waitForDeployment(); }); });",False,False,"import { expect } from ""chai""; import { ethers } from ""hardhat"";  describe(""PENNY_BY_PENNY mutant m0ac61393 test"", function () {     it(""should revert SetLogFile after Initialized is called"", async function () {         const [owner] = await ethers.getSigners();         const Factory = await ethers.getContractFactory(""PENNY_BY_PENNY"");         const instance = await Factory.deploy();         await instance.waitForDeployment();          // First initialize the contract         await instance.Initialized();          // Attempt to call SetLogFile after initialization - should revert in original, but mutant won't revert         await expect(             instance.SetLogFile(ethers.ZeroAddress)         ).to.be.reverted;     }); });","""['Error: syntax error']"""
m8d11cd3b,PENNY_BY_PENNY,<generic-v6-scaffold>,Put,live,require(((acc.balance + msg.value) >= acc.balance));,/* require(((acc.balance + msg.value) >= acc.balance)); */,---|         require(((acc.balance + msg.value) >= acc.balance)); +++|,43,Mutant m8d11cd3b of function Put replaces require(((acc.balance + msg.value) >= acc.balance)); with ,"pragma solidity ^0.8.0; contract PENNY_BY_PENNY { struct Holder { uint unlockTime; uint balance; } mapping (address => Holder) public Acc; uint public MinSum; LogFile Log; bool intitalized; function SetMinSum(uint _val) public { if(intitalized)revert(); MinSum = _val; } function SetLogFile(address _log) public { if(intitalized)revert(); Log = LogFile(_log); } function Initialized() public { intitalized = true; } function Put(uint _lockTime) public payable { Holder storage acc = Acc[msg.sender]; require(((acc.balance + msg.value) >= acc.balance)); acc.balance += msg.value; require(((block.timestamp + _lockTime) >= block.timestamp)); if(block.timestamp+_lockTime>acc.unlockTime)acc.unlockTime=block.timestamp+_lockTime; Log.AddMessage(msg.sender,msg.value,""Put""); } function Collect(uint _am) public payable { Holder storage acc = Acc[msg.sender]; if( acc.balance>=MinSum && acc.balance>=_am && block.timestamp>acc.unlockTime) { acc.balance = (acc.balance - _am); { (bool _s, bytes memory _d) = msg.sender.call{value: _am}(""""); _d; if (_s) { Log.AddMessage(msg.sender,_am,""Collect""); } else {revert (); } } } } fallback() external payable { Put(0); } } contract LogFile { struct Message { address Sender; string  Data; uint Val; uint  Time; } Message[] public History; Message LastMsg; function AddMessage(address _adr,uint _val, string memory _data) public { LastMsg.Sender = _adr; LastMsg.Time = block.timestamp; LastMsg.Val = _val; LastMsg.Data = _data; History.push(LastMsg); } }","import { expect } from ""chai""; import { ethers } from ""hardhat""; describe(""PENNY_BY_PENNY reference (ethers v6; deploy may require constructor arguments)"", function () { it(""deploy PENNY_BY_PENNY by supplying its REQUIRED constructor arguments (read them from the contract constructor), then call methods and assert; use ethers.parseEther, await (await tx).wait(), and expect(...).to.be.reverted"", async function () { const [owner, addr1, addr2] = await ethers.getSigners(); const Factory = await ethers.getContractFactory(""PENNY_BY_PENNY""); const instance = await Factory.deploy(...constructorArgs); await instance.waitForDeployment(); }); });",False,False,"import { expect } from ""chai""; import { ethers } from ""hardhat"";  describe(""PENNY_BY_PENNY mutant m8d11cd3b test"", function () {   it(""should revert on overflow when depositing large amount (original behavior), but mutant allows overflow"", async function () {     const [owner, addr1] = await ethers.getSigners();          // Deploy the contract (no constructor arguments needed for PENNY_BY_PENNY)     const Factory = await ethers.getContractFactory(""PENNY_BY_PENNY"");     const instance = await Factory.deploy();     await instance.waitForDeployment();          // Initialize the contract to enable Put functionality     await instance.connect(owner).Initialized();          // Set MinSum to 0 to avoid interference from Collect requirements     await instance.connect(owner).SetMinSum(0);          // Deploy a LogFile contract (required for Log reference)     const LogFactory = await ethers.getContractFactory(""LogFile"");     const logInstance = await LogFactory.deploy();     await logInstance.waitForDeployment();          // Set the LogFile address     await instance.connect(owner).SetLogFile(await logInstance.getAddress());          // Calculate an amount that will cause overflow:      // We want acc.balance + msg.value to overflow uint256     // Since acc.balance starts at 0, we need msg.value to be > type(uint256).max     // But we can't send that much Ether. Instead, first deposit a large amount,     // then deposit another amount that causes the sum to overflow.     // Deposit maximum possible value that doesn't overflow yet     const maxUint = ethers.MaxUint256;          // First deposit to set balance to maxUint - 1     const firstDeposit = maxUint - 1n;     await instance.connect(addr1).Put(0, { value: firstDeposit });          // Now try to deposit 1 wei - this should cause overflow (balance + msg.value > maxUint)     // In the original contract, this should revert due to the require statement     // In the mutant, the require is removed, so it will succeed and corrupt the balance     await expect(       instance.connect(addr1).Put(0, { value: 1n })     ).to.be.reverted;   }); });","""['Error: syntax error']"""
m04b67d78,PENNY_BY_PENNY,<generic-v6-scaffold>,Put,live,require(((block.timestamp + _lockTime) >= block.timestamp));,/* require(((block.timestamp + _lockTime) >= block.timestamp)); */,---|         require(((block.timestamp + _lockTime) >= block.timestamp)); +++|,45,Mutant m04b67d78 of function Put replaces require(((block.timestamp + _lockTime) >= block.timestamp)); with ,"pragma solidity ^0.8.0; contract PENNY_BY_PENNY { struct Holder { uint unlockTime; uint balance; } mapping (address => Holder) public Acc; uint public MinSum; LogFile Log; bool intitalized; function SetMinSum(uint _val) public { if(intitalized)revert(); MinSum = _val; } function SetLogFile(address _log) public { if(intitalized)revert(); Log = LogFile(_log); } function Initialized() public { intitalized = true; } function Put(uint _lockTime) public payable { Holder storage acc = Acc[msg.sender]; require(((acc.balance + msg.value) >= acc.balance)); acc.balance += msg.value; require(((block.timestamp + _lockTime) >= block.timestamp)); if(block.timestamp+_lockTime>acc.unlockTime)acc.unlockTime=block.timestamp+_lockTime; Log.AddMessage(msg.sender,msg.value,""Put""); } function Collect(uint _am) public payable { Holder storage acc = Acc[msg.sender]; if( acc.balance>=MinSum && acc.balance>=_am && block.timestamp>acc.unlockTime) { acc.balance = (acc.balance - _am); { (bool _s, bytes memory _d) = msg.sender.call{value: _am}(""""); _d; if (_s) { Log.AddMessage(msg.sender,_am,""Collect""); } else {revert (); } } } } fallback() external payable { Put(0); } } contract LogFile { struct Message { address Sender; string  Data; uint Val; uint  Time; } Message[] public History; Message LastMsg; function AddMessage(address _adr,uint _val, string memory _data) public { LastMsg.Sender = _adr; LastMsg.Time = block.timestamp; LastMsg.Val = _val; LastMsg.Data = _data; History.push(LastMsg); } }","import { expect } from ""chai""; import { ethers } from ""hardhat""; describe(""PENNY_BY_PENNY reference (ethers v6; deploy may require constructor arguments)"", function () { it(""deploy PENNY_BY_PENNY by supplying its REQUIRED constructor arguments (read them from the contract constructor), then call methods and assert; use ethers.parseEther, await (await tx).wait(), and expect(...).to.be.reverted"", async function () { const [owner, addr1, addr2] = await ethers.getSigners(); const Factory = await ethers.getContractFactory(""PENNY_BY_PENNY""); const instance = await Factory.deploy(...constructorArgs); await instance.waitForDeployment(); }); });",False,False,"import { expect } from ""chai""; import { ethers } from ""hardhat"";  describe(""PENNY_BY_PENNY mutant m04b67d78"", function () {   it(""should kill the mutant by causing arithmetic overflow when _lockTime is max uint256"", async function () {     const [owner] = await ethers.getSigners();     const Factory = await ethers.getContractFactory(""PENNY_BY_PENNY"");     const instance = await Factory.deploy();     await instance.waitForDeployment();      // Initialize the contract     await instance.Initialized();      // Set MinSum to 0 for testing     await instance.SetMinSum(0);      // Deploy a LogFile contract     const LogFileFactory = await ethers.getContractFactory(""LogFile"");     const logFile = await LogFileFactory.deploy();     await logFile.waitForDeployment();      // Set the LogFile address     await instance.SetLogFile(await logFile.getAddress());      // Attempt to call Put with max uint256 _lockTime value     // This should revert in the original due to overflow protection,     // but in the mutant it would succeed (killing the mutant)     const maxUint256 = ethers.MaxUint256;     const value = ethers.parseEther(""1"");      await expect(       instance.Put(maxUint256, { value: value })     ).to.be.reverted;   }); });","""['Error: syntax error']"""
m41929ad8,PENNY_BY_PENNY,<generic-v6-scaffold>,Collect,live,revert ();,/* revert (); */,---|             } else {revert (); } } +++|             } else { } },60,Mutant m41929ad8 of function Collect replaces revert (); with ,"pragma solidity ^0.8.0; contract PENNY_BY_PENNY { struct Holder { uint unlockTime; uint balance; } mapping (address => Holder) public Acc; uint public MinSum; LogFile Log; bool intitalized; function SetMinSum(uint _val) public { if(intitalized)revert(); MinSum = _val; } function SetLogFile(address _log) public { if(intitalized)revert(); Log = LogFile(_log); } function Initialized() public { intitalized = true; } function Put(uint _lockTime) public payable { Holder storage acc = Acc[msg.sender]; require(((acc.balance + msg.value) >= acc.balance)); acc.balance += msg.value; require(((block.timestamp + _lockTime) >= block.timestamp)); if(block.timestamp+_lockTime>acc.unlockTime)acc.unlockTime=block.timestamp+_lockTime; Log.AddMessage(msg.sender,msg.value,""Put""); } function Collect(uint _am) public payable { Holder storage acc = Acc[msg.sender]; if( acc.balance>=MinSum && acc.balance>=_am && block.timestamp>acc.unlockTime) { acc.balance = (acc.balance - _am); { (bool _s, bytes memory _d) = msg.sender.call{value: _am}(""""); _d; if (_s) { Log.AddMessage(msg.sender,_am,""Collect""); } else {revert (); } } } } fallback() external payable { Put(0); } } contract LogFile { struct Message { address Sender; string  Data; uint Val; uint  Time; } Message[] public History; Message LastMsg; function AddMessage(address _adr,uint _val, string memory _data) public { LastMsg.Sender = _adr; LastMsg.Time = block.timestamp; LastMsg.Val = _val; LastMsg.Data = _data; History.push(LastMsg); } }","import { expect } from ""chai""; import { ethers } from ""hardhat""; describe(""PENNY_BY_PENNY reference (ethers v6; deploy may require constructor arguments)"", function () { it(""deploy PENNY_BY_PENNY by supplying its REQUIRED constructor arguments (read them from the contract constructor), then call methods and assert; use ethers.parseEther, await (await tx).wait(), and expect(...).to.be.reverted"", async function () { const [owner, addr1, addr2] = await ethers.getSigners(); const Factory = await ethers.getContractFactory(""PENNY_BY_PENNY""); const instance = await Factory.deploy(...constructorArgs); await instance.waitForDeployment(); }); });",False,False,"import { expect } from ""chai""; import { ethers } from ""hardhat"";  describe(""PENNY_BY_PENNY mutant kill test - m41929ad8"", function () {   it(""should revert when Collect fails due to recipient contract rejecting ETH, but mutant silently succeeds"", async function () {     const [owner, attacker] = await ethers.getSigners();          // Deploy a malicious contract that rejects ETH     const Rejector = await ethers.getContractFactory(""RejectingContract"");     const rejector = await Rejector.deploy();     await rejector.waitForDeployment();          // Deploy the PENNY_BY_PENNY contract     const Factory = await ethers.getContractFactory(""PENNY_BY_PENNY"");     const instance = await Factory.deploy();     await instance.waitForDeployment();          // Deploy LogFile (required for AddMessage)     const LogFactory = await ethers.getContractFactory(""LogFile"");     const logFile = await LogFactory.deploy();     await logFile.waitForDeployment();          // Initialize the contract     await instance.connect(owner).SetLogFile(await logFile.getAddress());     await instance.connect(owner).SetMinSum(ethers.parseEther(""1""));     await instance.connect(owner).Initialized();          // Fund the attacker account with ETH     await owner.sendTransaction({       to: attacker.address,       value: ethers.parseEther(""10"")     });          // Attacker deposits 2 ETH into the contract     await instance.connect(attacker).Put(0, { value: ethers.parseEther(""2"") });          // Attempt to collect using the rejecting contract as recipient     // The original contract would revert; the mutant will not revert     const tx = instance.connect(attacker).Collect(       ethers.parseEther(""1""),       { to: await rejector.getAddress() }     );          // The mutant will NOT revert (fails test) while original would revert     await expect(tx).to.be.reverted;   }); });  // Helper contract that rejects all ETH transfers contract RejectingContract {   receive() external payable {     revert(""ETH rejected"");   } }","""['Error: syntax error']"""
m5f488ecf,PENNY_BY_PENNY,<generic-v6-scaffold>,Put,live,msg.value,msg.value+1,---|         require(((acc.balance + msg.value) >= acc.balance)); +++|         require(((acc.balance + msg.value+1) >= acc.balance));,43,Mutant m5f488ecf of function Put replaces msg.value with msg.value+1,"pragma solidity ^0.8.0; contract PENNY_BY_PENNY { struct Holder { uint unlockTime; uint balance; } mapping (address => Holder) public Acc; uint public MinSum; LogFile Log; bool intitalized; function SetMinSum(uint _val) public { if(intitalized)revert(); MinSum = _val; } function SetLogFile(address _log) public { if(intitalized)revert(); Log = LogFile(_log); } function Initialized() public { intitalized = true; } function Put(uint _lockTime) public payable { Holder storage acc = Acc[msg.sender]; require(((acc.balance + msg.value) >= acc.balance)); acc.balance += msg.value; require(((block.timestamp + _lockTime) >= block.timestamp)); if(block.timestamp+_lockTime>acc.unlockTime)acc.unlockTime=block.timestamp+_lockTime; Log.AddMessage(msg.sender,msg.value,""Put""); } function Collect(uint _am) public payable { Holder storage acc = Acc[msg.sender]; if( acc.balance>=MinSum && acc.balance>=_am && block.timestamp>acc.unlockTime) { acc.balance = (acc.balance - _am); { (bool _s, bytes memory _d) = msg.sender.call{value: _am}(""""); _d; if (_s) { Log.AddMessage(msg.sender,_am,""Collect""); } else {revert (); } } } } fallback() external payable { Put(0); } } contract LogFile { struct Message { address Sender; string  Data; uint Val; uint  Time; } Message[] public History; Message LastMsg; function AddMessage(address _adr,uint _val, string memory _data) public { LastMsg.Sender = _adr; LastMsg.Time = block.timestamp; LastMsg.Val = _val; LastMsg.Data = _data; History.push(LastMsg); } }","import { expect } from ""chai""; import { ethers } from ""hardhat""; describe(""PENNY_BY_PENNY reference (ethers v6; deploy may require constructor arguments)"", function () { it(""deploy PENNY_BY_PENNY by supplying its REQUIRED constructor arguments (read them from the contract constructor), then call methods and assert; use ethers.parseEther, await (await tx).wait(), and expect(...).to.be.reverted"", async function () { const [owner, addr1, addr2] = await ethers.getSigners(); const Factory = await ethers.getContractFactory(""PENNY_BY_PENNY""); const instance = await Factory.deploy(...constructorArgs); await instance.waitForDeployment(); }); });",False,False,"import { expect } from ""chai""; import { ethers } from ""hardhat"";  describe(""PENNY_BY_PENNY mutant detection test"", function () {   it(""should detect mutant by testing Put with msg.value = 0 and checking that balance remains unchanged"", async function () {     const [owner] = await ethers.getSigners();     const Factory = await ethers.getContractFactory(""PENNY_BY_PENNY"");     const instance = await Factory.deploy();     await instance.waitForDeployment();      // Get initial balance     const initialBalance = (await instance.Acc(owner.address)).balance;      // Call Put with 0 value - this should succeed in original (balance unchanged)     // but mutant's require statement (acc.balance + msg.value + 1 >= acc.balance)     // will fail when msg.value = 0 because acc.balance + 1 > acc.balance is always true,     // HOWEVER the mutant actually changes the require to be more permissive, not restrictive.     // The real kill condition: test with msg.value = type(uint256).max - initialBalance to trigger overflow     // In original, overflow causes revert; in mutant, the +1 changes overflow behavior          // Actually, the correct kill: test with msg.value = 0 and check that the mutant's      // require (acc.balance + 0 + 1 >= acc.balance) is always true (no difference).     // The REAL difference: test with a large msg.value that causes overflow.     // In original: acc.balance + msg.value >= acc.balance -> overflow revert     // In mutant: acc.balance + msg.value + 1 >= acc.balance -> different overflow point          // Let's use a value that causes overflow in mutant but not in original     const maxUint = ethers.MaxUint256;     const largeValue = maxUint - BigInt(initialBalance);          // This should revert in mutant due to overflow (acc.balance + largeValue + 1 overflows)     // but succeed in original (acc.balance + largeValue = maxUint, no overflow)     await expect(       instance.Put(0, { value: largeValue })     ).to.be.reverted;          // Alternative kill: test with msg.value = 0 and verify no revert     // The mutant's require is always true for any input, so the only way to kill is     // via the overflow difference above   }); });","""['Error: syntax error']"""
mde048cf8,PENNY_BY_PENNY,<generic-v6-scaffold>,Put,live,msg.value,msg.value-1,---|         require(((acc.balance + msg.value) >= acc.balance)); +++|         require(((acc.balance + msg.value-1) >= acc.balance));,43,Mutant mde048cf8 of function Put replaces msg.value with msg.value-1,"pragma solidity ^0.8.0; contract PENNY_BY_PENNY { struct Holder { uint unlockTime; uint balance; } mapping (address => Holder) public Acc; uint public MinSum; LogFile Log; bool intitalized; function SetMinSum(uint _val) public { if(intitalized)revert(); MinSum = _val; } function SetLogFile(address _log) public { if(intitalized)revert(); Log = LogFile(_log); } function Initialized() public { intitalized = true; } function Put(uint _lockTime) public payable { Holder storage acc = Acc[msg.sender]; require(((acc.balance + msg.value) >= acc.balance)); acc.balance += msg.value; require(((block.timestamp + _lockTime) >= block.timestamp)); if(block.timestamp+_lockTime>acc.unlockTime)acc.unlockTime=block.timestamp+_lockTime; Log.AddMessage(msg.sender,msg.value,""Put""); } function Collect(uint _am) public payable { Holder storage acc = Acc[msg.sender]; if( acc.balance>=MinSum && acc.balance>=_am && block.timestamp>acc.unlockTime) { acc.balance = (acc.balance - _am); { (bool _s, bytes memory _d) = msg.sender.call{value: _am}(""""); _d; if (_s) { Log.AddMessage(msg.sender,_am,""Collect""); } else {revert (); } } } } fallback() external payable { Put(0); } } contract LogFile { struct Message { address Sender; string  Data; uint Val; uint  Time; } Message[] public History; Message LastMsg; function AddMessage(address _adr,uint _val, string memory _data) public { LastMsg.Sender = _adr; LastMsg.Time = block.timestamp; LastMsg.Val = _val; LastMsg.Data = _data; History.push(LastMsg); } }","import { expect } from ""chai""; import { ethers } from ""hardhat""; describe(""PENNY_BY_PENNY reference (ethers v6; deploy may require constructor arguments)"", function () { it(""deploy PENNY_BY_PENNY by supplying its REQUIRED constructor arguments (read them from the contract constructor), then call methods and assert; use ethers.parseEther, await (await tx).wait(), and expect(...).to.be.reverted"", async function () { const [owner, addr1, addr2] = await ethers.getSigners(); const Factory = await ethers.getContractFactory(""PENNY_BY_PENNY""); const instance = await Factory.deploy(...constructorArgs); await instance.waitForDeployment(); }); });",False,False,"import { expect } from ""chai""; import { ethers } from ""hardhat"";  describe(""PENNY_BY_PENNY mutant kill test - mde048cf8"", function () {   it(""should revert when sending 0 wei in Put due to msg.value-1 underflow in mutant"", async function () {     const [owner] = await ethers.getSigners();     const Factory = await ethers.getContractFactory(""PENNY_BY_PENNY"");     // Deploy without constructor arguments (contract has no constructor)     const instance = await Factory.deploy();     await instance.waitForDeployment();      // Initialize the contract (required before Put can be called with _lockTime)     await instance.Initialized();      // Attempt to call Put with 0 wei and any lock time     // Original: require((acc.balance + 0) >= acc.balance) → passes     // Mutant: require((acc.balance + 0 - 1) >= acc.balance) → underflow revert     await expect(       instance.Put(0, { value: 0 })     ).to.be.reverted;   }); });","""['Error: syntax error']"""
m425955a4,PENNY_BY_PENNY,<generic-v6-scaffold>,Put,live,msg.value,msg.value+1,---|         acc.balance += msg.value; +++|         acc.balance += msg.value+1;,44,Mutant m425955a4 of function Put replaces msg.value with msg.value+1,"pragma solidity ^0.8.0; contract PENNY_BY_PENNY { struct Holder { uint unlockTime; uint balance; } mapping (address => Holder) public Acc; uint public MinSum; LogFile Log; bool intitalized; function SetMinSum(uint _val) public { if(intitalized)revert(); MinSum = _val; } function SetLogFile(address _log) public { if(intitalized)revert(); Log = LogFile(_log); } function Initialized() public { intitalized = true; } function Put(uint _lockTime) public payable { Holder storage acc = Acc[msg.sender]; require(((acc.balance + msg.value) >= acc.balance)); acc.balance += msg.value; require(((block.timestamp + _lockTime) >= block.timestamp)); if(block.timestamp+_lockTime>acc.unlockTime)acc.unlockTime=block.timestamp+_lockTime; Log.AddMessage(msg.sender,msg.value,""Put""); } function Collect(uint _am) public payable { Holder storage acc = Acc[msg.sender]; if( acc.balance>=MinSum && acc.balance>=_am && block.timestamp>acc.unlockTime) { acc.balance = (acc.balance - _am); { (bool _s, bytes memory _d) = msg.sender.call{value: _am}(""""); _d; if (_s) { Log.AddMessage(msg.sender,_am,""Collect""); } else {revert (); } } } } fallback() external payable { Put(0); } } contract LogFile { struct Message { address Sender; string  Data; uint Val; uint  Time; } Message[] public History; Message LastMsg; function AddMessage(address _adr,uint _val, string memory _data) public { LastMsg.Sender = _adr; LastMsg.Time = block.timestamp; LastMsg.Val = _val; LastMsg.Data = _data; History.push(LastMsg); } }","import { expect } from ""chai""; import { ethers } from ""hardhat""; describe(""PENNY_BY_PENNY reference (ethers v6; deploy may require constructor arguments)"", function () { it(""deploy PENNY_BY_PENNY by supplying its REQUIRED constructor arguments (read them from the contract constructor), then call methods and assert; use ethers.parseEther, await (await tx).wait(), and expect(...).to.be.reverted"", async function () { const [owner, addr1, addr2] = await ethers.getSigners(); const Factory = await ethers.getContractFactory(""PENNY_BY_PENNY""); const instance = await Factory.deploy(...constructorArgs); await instance.waitForDeployment(); }); });",False,False,"import { expect } from ""chai""; import { ethers } from ""hardhat"";  describe(""PENNY_BY_PENNY mutant m425955a4 test"", function () {   it(""should detect the msg.value+1 bug in Put function"", async function () {     const [owner, user] = await ethers.getSigners();     const Factory = await ethers.getContractFactory(""PENNY_BY_PENNY"");     const instance = await Factory.deploy();     await instance.waitForDeployment();      // Set MinSum to 0 so any balance is collectable     await instance.SetMinSum(0);     // Initialize the contract     await instance.Initialized();      const depositAmount = ethers.parseEther(""1.0"");      // User deposits exactly 1 ether     const putTx = await instance.connect(user).Put(0, { value: depositAmount });     await putTx.wait();      // Try to collect the exact same amount deposited     const collectTx = instance.connect(user).Collect(depositAmount);     await expect(collectTx).to.be.reverted;      // Verify the contract still holds the extra 1 wei from the bug     const contractBalance = await ethers.provider.getBalance(instance.target);     expect(contractBalance).to.equal(1n);   }); });","""['Error: syntax error']"""
mb0cecada,PENNY_BY_PENNY,<generic-v6-scaffold>,Put,live,msg.value,msg.value-1,---|         acc.balance += msg.value; +++|         acc.balance += msg.value-1;,44,Mutant mb0cecada of function Put replaces msg.value with msg.value-1,"pragma solidity ^0.8.0; contract PENNY_BY_PENNY { struct Holder { uint unlockTime; uint balance; } mapping (address => Holder) public Acc; uint public MinSum; LogFile Log; bool intitalized; function SetMinSum(uint _val) public { if(intitalized)revert(); MinSum = _val; } function SetLogFile(address _log) public { if(intitalized)revert(); Log = LogFile(_log); } function Initialized() public { intitalized = true; } function Put(uint _lockTime) public payable { Holder storage acc = Acc[msg.sender]; require(((acc.balance + msg.value) >= acc.balance)); acc.balance += msg.value; require(((block.timestamp + _lockTime) >= block.timestamp)); if(block.timestamp+_lockTime>acc.unlockTime)acc.unlockTime=block.timestamp+_lockTime; Log.AddMessage(msg.sender,msg.value,""Put""); } function Collect(uint _am) public payable { Holder storage acc = Acc[msg.sender]; if( acc.balance>=MinSum && acc.balance>=_am && block.timestamp>acc.unlockTime) { acc.balance = (acc.balance - _am); { (bool _s, bytes memory _d) = msg.sender.call{value: _am}(""""); _d; if (_s) { Log.AddMessage(msg.sender,_am,""Collect""); } else {revert (); } } } } fallback() external payable { Put(0); } } contract LogFile { struct Message { address Sender; string  Data; uint Val; uint  Time; } Message[] public History; Message LastMsg; function AddMessage(address _adr,uint _val, string memory _data) public { LastMsg.Sender = _adr; LastMsg.Time = block.timestamp; LastMsg.Val = _val; LastMsg.Data = _data; History.push(LastMsg); } }","import { expect } from ""chai""; import { ethers } from ""hardhat""; describe(""PENNY_BY_PENNY reference (ethers v6; deploy may require constructor arguments)"", function () { it(""deploy PENNY_BY_PENNY by supplying its REQUIRED constructor arguments (read them from the contract constructor), then call methods and assert; use ethers.parseEther, await (await tx).wait(), and expect(...).to.be.reverted"", async function () { const [owner, addr1, addr2] = await ethers.getSigners(); const Factory = await ethers.getContractFactory(""PENNY_BY_PENNY""); const instance = await Factory.deploy(...constructorArgs); await instance.waitForDeployment(); }); });",False,False,"import { expect } from ""chai""; import { ethers } from ""hardhat"";  describe(""PENNY_BY_PENNY mutant detection test"", function () {   it(""should detect mutant mb0cecada by verifying exact balance after Put"", async function () {     const [owner] = await ethers.getSigners();     const Factory = await ethers.getContractFactory(""PENNY_BY_PENNY"");     const instance = await Factory.deploy();     await instance.waitForDeployment();      // Send exactly 100 wei to Put     const depositAmount = ethers.parseEther(""0.0000000000000001""); // 100 wei     const tx = await instance.connect(owner).Put(0, { value: depositAmount });     await tx.wait();      // Check the recorded balance - should be exactly 100 wei     const holder = await instance.Acc(owner.address);     expect(holder.balance).to.equal(depositAmount);   }); });","""['Error: syntax error']"""
m2ecff4ea,PENNY_BY_PENNY,<generic-v6-scaffold>,Put,live,block.timestamp,block.prevrandao,---|         require(((block.timestamp + _lockTime) >= block.timestamp)); +++|         require(((block.prevrandao + _lockTime) >= block.timestamp));,45,Mutant m2ecff4ea of function Put replaces block.timestamp with block.prevrandao,"pragma solidity ^0.8.0; contract PENNY_BY_PENNY { struct Holder { uint unlockTime; uint balance; } mapping (address => Holder) public Acc; uint public MinSum; LogFile Log; bool intitalized; function SetMinSum(uint _val) public { if(intitalized)revert(); MinSum = _val; } function SetLogFile(address _log) public { if(intitalized)revert(); Log = LogFile(_log); } function Initialized() public { intitalized = true; } function Put(uint _lockTime) public payable { Holder storage acc = Acc[msg.sender]; require(((acc.balance + msg.value) >= acc.balance)); acc.balance += msg.value; require(((block.timestamp + _lockTime) >= block.timestamp)); if(block.timestamp+_lockTime>acc.unlockTime)acc.unlockTime=block.timestamp+_lockTime; Log.AddMessage(msg.sender,msg.value,""Put""); } function Collect(uint _am) public payable { Holder storage acc = Acc[msg.sender]; if( acc.balance>=MinSum && acc.balance>=_am && block.timestamp>acc.unlockTime) { acc.balance = (acc.balance - _am); { (bool _s, bytes memory _d) = msg.sender.call{value: _am}(""""); _d; if (_s) { Log.AddMessage(msg.sender,_am,""Collect""); } else {revert (); } } } } fallback() external payable { Put(0); } } contract LogFile { struct Message { address Sender; string  Data; uint Val; uint  Time; } Message[] public History; Message LastMsg; function AddMessage(address _adr,uint _val, string memory _data) public { LastMsg.Sender = _adr; LastMsg.Time = block.timestamp; LastMsg.Val = _val; LastMsg.Data = _data; History.push(LastMsg); } }","import { expect } from ""chai""; import { ethers } from ""hardhat""; describe(""PENNY_BY_PENNY reference (ethers v6; deploy may require constructor arguments)"", function () { it(""deploy PENNY_BY_PENNY by supplying its REQUIRED constructor arguments (read them from the contract constructor), then call methods and assert; use ethers.parseEther, await (await tx).wait(), and expect(...).to.be.reverted"", async function () { const [owner, addr1, addr2] = await ethers.getSigners(); const Factory = await ethers.getContractFactory(""PENNY_BY_PENNY""); const instance = await Factory.deploy(...constructorArgs); await instance.waitForDeployment(); }); });",False,False,"import { expect } from ""chai""; import { ethers } from ""hardhat"";  describe(""PENNY_BY_PENNY mutant kill test - m2ecff4ea"", function () {   it(""should revert when _lockTime causes overflow in original, but not in mutant using block.prevrandao"", async function () {     const [owner, addr1] = await ethers.getSigners();     const Factory = await ethers.getContractFactory(""PENNY_BY_PENNY"");     const instance = await Factory.deploy();     await instance.waitForDeployment();      // Deploy LogFile contract     const LogFileFactory = await ethers.getContractFactory(""LogFile"");     const logInstance = await LogFileFactory.deploy();     await logInstance.waitForDeployment();      // Set up the contract     await instance.SetLogFile(await logInstance.getAddress());     await instance.SetMinSum(ethers.parseEther(""0.1""));     await instance.Initialized();      // Calculate a _lockTime that will cause overflow when added to block.timestamp     // block.timestamp is ~1.7e9, so we use a value close to type(uint256).max     const maxUint256 = ethers.MaxUint256;     const overflowLockTime = maxUint256 - BigInt(100); // Will overflow when added to timestamp      // This should revert in original (using block.timestamp) due to overflow check     // In mutant (using block.prevrandao), it may not revert because prevrandao is much smaller     await expect(       instance.connect(addr1).Put(overflowLockTime, { value: ethers.parseEther(""1"") })     ).to.be.reverted;   }); });","""['Error: syntax error']"""
mf1157a47,PENNY_BY_PENNY,<generic-v6-scaffold>,Put,live,block.timestamp,block.prevrandao,---|         require(((block.timestamp + _lockTime) >= block.timestamp)); +++|         require(((block.timestamp + _lockTime) >= block.prevrandao));,45,Mutant mf1157a47 of function Put replaces block.timestamp with block.prevrandao,"pragma solidity ^0.8.0; contract PENNY_BY_PENNY { struct Holder { uint unlockTime; uint balance; } mapping (address => Holder) public Acc; uint public MinSum; LogFile Log; bool intitalized; function SetMinSum(uint _val) public { if(intitalized)revert(); MinSum = _val; } function SetLogFile(address _log) public { if(intitalized)revert(); Log = LogFile(_log); } function Initialized() public { intitalized = true; } function Put(uint _lockTime) public payable { Holder storage acc = Acc[msg.sender]; require(((acc.balance + msg.value) >= acc.balance)); acc.balance += msg.value; require(((block.timestamp + _lockTime) >= block.timestamp)); if(block.timestamp+_lockTime>acc.unlockTime)acc.unlockTime=block.timestamp+_lockTime; Log.AddMessage(msg.sender,msg.value,""Put""); } function Collect(uint _am) public payable { Holder storage acc = Acc[msg.sender]; if( acc.balance>=MinSum && acc.balance>=_am && block.timestamp>acc.unlockTime) { acc.balance = (acc.balance - _am); { (bool _s, bytes memory _d) = msg.sender.call{value: _am}(""""); _d; if (_s) { Log.AddMessage(msg.sender,_am,""Collect""); } else {revert (); } } } } fallback() external payable { Put(0); } } contract LogFile { struct Message { address Sender; string  Data; uint Val; uint  Time; } Message[] public History; Message LastMsg; function AddMessage(address _adr,uint _val, string memory _data) public { LastMsg.Sender = _adr; LastMsg.Time = block.timestamp; LastMsg.Val = _val; LastMsg.Data = _data; History.push(LastMsg); } }","import { expect } from ""chai""; import { ethers } from ""hardhat""; describe(""PENNY_BY_PENNY reference (ethers v6; deploy may require constructor arguments)"", function () { it(""deploy PENNY_BY_PENNY by supplying its REQUIRED constructor arguments (read them from the contract constructor), then call methods and assert; use ethers.parseEther, await (await tx).wait(), and expect(...).to.be.reverted"", async function () { const [owner, addr1, addr2] = await ethers.getSigners(); const Factory = await ethers.getContractFactory(""PENNY_BY_PENNY""); const instance = await Factory.deploy(...constructorArgs); await instance.waitForDeployment(); }); });",False,False,"import { expect } from ""chai""; import { ethers } from ""hardhat"";  describe(""PENNY_BY_PENNY mutant mf1157a47 test"", function () {   it(""should succeed on original but revert on mutant when calling Put with non-zero _lockTime"", async function () {     const [owner, addr1] = await ethers.getSigners();          // Deploy LogFile first (required by PENNY_BY_PENNY)     const LogFileFactory = await ethers.getContractFactory(""LogFile"");     const logFile = await LogFileFactory.deploy();     await logFile.waitForDeployment();          // Deploy PENNY_BY_PENNY (no constructor arguments needed)     const Factory = await ethers.getContractFactory(""PENNY_BY_PENNY"");     const instance = await Factory.deploy();     await instance.waitForDeployment();          // Set up the contract: initialize LogFile and MinSum     await instance.setLogFile(await logFile.getAddress());     await instance.setMinSum(ethers.parseEther(""0.1""));     await instance.initialized();          // Call Put with a non-zero _lockTime and some ether     // This should succeed on original (block.timestamp + _lockTime >= block.timestamp always true)     // But should revert on mutant because block.timestamp + _lockTime >= block.prevrandao will likely fail     const lockTime = 100; // non-zero lock time     const value = ethers.parseEther(""1.0"");          // The call should revert on the mutant due to the changed require statement     await expect(       instance.connect(addr1).put(lockTime, { value: value })     ).to.be.reverted;   }); });","""['Error: syntax error']"""
mdfdd96d6,PENNY_BY_PENNY,<generic-v6-scaffold>,Put,live,block.timestamp,block.prevrandao,---|         if(block.timestamp+_lockTime>acc.unlockTime)acc.unlockTime=block.timestamp+_lockTime; +++|         if(block.prevrandao+_lockTime>acc.unlockTime)acc.unlockTime=block.timestamp+_lockTime;,46,Mutant mdfdd96d6 of function Put replaces block.timestamp with block.prevrandao,"pragma solidity ^0.8.0; contract PENNY_BY_PENNY { struct Holder { uint unlockTime; uint balance; } mapping (address => Holder) public Acc; uint public MinSum; LogFile Log; bool intitalized; function SetMinSum(uint _val) public { if(intitalized)revert(); MinSum = _val; } function SetLogFile(address _log) public { if(intitalized)revert(); Log = LogFile(_log); } function Initialized() public { intitalized = true; } function Put(uint _lockTime) public payable { Holder storage acc = Acc[msg.sender]; require(((acc.balance + msg.value) >= acc.balance)); acc.balance += msg.value; require(((block.timestamp + _lockTime) >= block.timestamp)); if(block.timestamp+_lockTime>acc.unlockTime)acc.unlockTime=block.timestamp+_lockTime; Log.AddMessage(msg.sender,msg.value,""Put""); } function Collect(uint _am) public payable { Holder storage acc = Acc[msg.sender]; if( acc.balance>=MinSum && acc.balance>=_am && block.timestamp>acc.unlockTime) { acc.balance = (acc.balance - _am); { (bool _s, bytes memory _d) = msg.sender.call{value: _am}(""""); _d; if (_s) { Log.AddMessage(msg.sender,_am,""Collect""); } else {revert (); } } } } fallback() external payable { Put(0); } } contract LogFile { struct Message { address Sender; string  Data; uint Val; uint  Time; } Message[] public History; Message LastMsg; function AddMessage(address _adr,uint _val, string memory _data) public { LastMsg.Sender = _adr; LastMsg.Time = block.timestamp; LastMsg.Val = _val; LastMsg.Data = _data; History.push(LastMsg); } }","import { expect } from ""chai""; import { ethers } from ""hardhat""; describe(""PENNY_BY_PENNY reference (ethers v6; deploy may require constructor arguments)"", function () { it(""deploy PENNY_BY_PENNY by supplying its REQUIRED constructor arguments (read them from the contract constructor), then call methods and assert; use ethers.parseEther, await (await tx).wait(), and expect(...).to.be.reverted"", async function () { const [owner, addr1, addr2] = await ethers.getSigners(); const Factory = await ethers.getContractFactory(""PENNY_BY_PENNY""); const instance = await Factory.deploy(...constructorArgs); await instance.waitForDeployment(); }); });",False,False,"import { expect } from ""chai""; import { ethers } from ""hardhat"";  describe(""PENNY_BY_PENNY mutant kill test - mdfdd96d6"", function () {   it(""should detect the block.prevrandao mutation by showing premature collect"", async function () {     const [owner, user] = await ethers.getSigners();          // Deploy LogFile first (no constructor args)     const LogFileFactory = await ethers.getContractFactory(""LogFile"");     const logFile = await LogFileFactory.deploy();     await logFile.waitForDeployment();          // Deploy PENNY_BY_PENNY (no constructor args)     const Factory = await ethers.getContractFactory(""PENNY_BY_PENNY"");     const instance = await Factory.deploy();     await instance.waitForDeployment();          // Initialize the contract: set MinSum, Log, and mark as initialized     await (await instance.SetMinSum(ethers.parseEther(""0.1""))).wait();     await (await instance.SetLogFile(await logFile.getAddress())).wait();     await (await instance.Initialized()).wait();          // User deposits 1 ether with a lock time of 1 hour (3600 seconds)     const depositAmount = ethers.parseEther(""1"");     const lockTime = 3600; // 1 hour lock     await (await instance.connect(user).Put(lockTime, { value: depositAmount })).wait();          // Immediately try to collect 0.5 ether (should fail because lock time hasn't passed)     const collectAmount = ethers.parseEther(""0.5"");          // On original: block.timestamp + 3600 > current timestamp, so collect reverts     // On mutant: block.prevrandao + 3600 might not be > acc.unlockTime (which was set using block.timestamp)     // This can cause the unlockTime to not be properly updated, allowing premature collect     await expect(       instance.connect(user).Collect(collectAmount)     ).to.be.reverted;   }); });","""['Error: syntax error']"""
mb5d48afb,PENNY_BY_PENNY,<generic-v6-scaffold>,Put,live,block.timestamp,block.prevrandao,---|         if(block.timestamp+_lockTime>acc.unlockTime)acc.unlockTime=block.timestamp+_lockTime; +++|         if(block.timestamp+_lockTime>acc.unlockTime)acc.unlockTime=block.prevrandao+_lockTime;,46,Mutant mb5d48afb of function Put replaces block.timestamp with block.prevrandao,"pragma solidity ^0.8.0; contract PENNY_BY_PENNY { struct Holder { uint unlockTime; uint balance; } mapping (address => Holder) public Acc; uint public MinSum; LogFile Log; bool intitalized; function SetMinSum(uint _val) public { if(intitalized)revert(); MinSum = _val; } function SetLogFile(address _log) public { if(intitalized)revert(); Log = LogFile(_log); } function Initialized() public { intitalized = true; } function Put(uint _lockTime) public payable { Holder storage acc = Acc[msg.sender]; require(((acc.balance + msg.value) >= acc.balance)); acc.balance += msg.value; require(((block.timestamp + _lockTime) >= block.timestamp)); if(block.timestamp+_lockTime>acc.unlockTime)acc.unlockTime=block.timestamp+_lockTime; Log.AddMessage(msg.sender,msg.value,""Put""); } function Collect(uint _am) public payable { Holder storage acc = Acc[msg.sender]; if( acc.balance>=MinSum && acc.balance>=_am && block.timestamp>acc.unlockTime) { acc.balance = (acc.balance - _am); { (bool _s, bytes memory _d) = msg.sender.call{value: _am}(""""); _d; if (_s) { Log.AddMessage(msg.sender,_am,""Collect""); } else {revert (); } } } } fallback() external payable { Put(0); } } contract LogFile { struct Message { address Sender; string  Data; uint Val; uint  Time; } Message[] public History; Message LastMsg; function AddMessage(address _adr,uint _val, string memory _data) public { LastMsg.Sender = _adr; LastMsg.Time = block.timestamp; LastMsg.Val = _val; LastMsg.Data = _data; History.push(LastMsg); } }","import { expect } from ""chai""; import { ethers } from ""hardhat""; describe(""PENNY_BY_PENNY reference (ethers v6; deploy may require constructor arguments)"", function () { it(""deploy PENNY_BY_PENNY by supplying its REQUIRED constructor arguments (read them from the contract constructor), then call methods and assert; use ethers.parseEther, await (await tx).wait(), and expect(...).to.be.reverted"", async function () { const [owner, addr1, addr2] = await ethers.getSigners(); const Factory = await ethers.getContractFactory(""PENNY_BY_PENNY""); const instance = await Factory.deploy(...constructorArgs); await instance.waitForDeployment(); }); });",False,False,"import { expect } from ""chai""; import { ethers } from ""hardhat"";  describe(""PENNY_BY_PENNY mutant mb5d48afb test"", function () {   it(""should detect the mutant by verifying unlockTime is based on block.timestamp, not block.prevrandao"", async function () {     const [owner, addr1] = await ethers.getSigners();     const Factory = await ethers.getContractFactory(""PENNY_BY_PENNY"");     const instance = await Factory.deploy();     await instance.waitForDeployment();      // Set MinSum to 0 so any amount can be collected     await instance.SetMinSum(0);     // Initialize the contract     await instance.Initialized();      // Put 1 ether with lockTime = 100 seconds     const lockTime = 100;     const putAmount = ethers.parseEther(""1"");     await instance.connect(addr1).Put(lockTime, { value: putAmount });      // Get the current block timestamp     const blockBefore = await ethers.provider.getBlock(""latest"");     const expectedUnlockTime = blockBefore.timestamp + lockTime;      // Check that unlockTime was set correctly (based on block.timestamp)     const acc = await instance.Acc(addr1.address);     expect(acc.unlockTime).to.equal(expectedUnlockTime);      // Try to collect immediately - should revert because unlockTime hasn't passed     await expect(       instance.connect(addr1).Collect(putAmount)     ).to.be.reverted;      // Wait until just before unlockTime (minus 1 second for safety)     await ethers.provider.send(""evm_setNextBlockTimestamp"", [expectedUnlockTime - 1]);     await ethers.provider.send(""evm_mine"", []);      // Should still revert because time hasn't passed     await expect(       instance.connect(addr1).Collect(putAmount)     ).to.be.reverted;      // Now advance past unlockTime     await ethers.provider.send(""evm_setNextBlockTimestamp"", [expectedUnlockTime + 1]);     await ethers.provider.send(""evm_mine"", []);      // Should succeed now     await expect(       instance.connect(addr1).Collect(putAmount)     ).to.not.be.reverted;   }); });","""['Error: syntax error']"""
m93a330d4,PENNY_BY_PENNY,<generic-v6-scaffold>,Put,live,msg.value,msg.value+1,"---|         Log.AddMessage(msg.sender,msg.value,""Put""); +++|         Log.AddMessage(msg.sender,msg.value+1,""Put"");",47,Mutant m93a330d4 of function Put replaces msg.value with msg.value+1,"pragma solidity ^0.8.0; contract PENNY_BY_PENNY { struct Holder { uint unlockTime; uint balance; } mapping (address => Holder) public Acc; uint public MinSum; LogFile Log; bool intitalized; function SetMinSum(uint _val) public { if(intitalized)revert(); MinSum = _val; } function SetLogFile(address _log) public { if(intitalized)revert(); Log = LogFile(_log); } function Initialized() public { intitalized = true; } function Put(uint _lockTime) public payable { Holder storage acc = Acc[msg.sender]; require(((acc.balance + msg.value) >= acc.balance)); acc.balance += msg.value; require(((block.timestamp + _lockTime) >= block.timestamp)); if(block.timestamp+_lockTime>acc.unlockTime)acc.unlockTime=block.timestamp+_lockTime; Log.AddMessage(msg.sender,msg.value,""Put""); } function Collect(uint _am) public payable { Holder storage acc = Acc[msg.sender]; if( acc.balance>=MinSum && acc.balance>=_am && block.timestamp>acc.unlockTime) { acc.balance = (acc.balance - _am); { (bool _s, bytes memory _d) = msg.sender.call{value: _am}(""""); _d; if (_s) { Log.AddMessage(msg.sender,_am,""Collect""); } else {revert (); } } } } fallback() external payable { Put(0); } } contract LogFile { struct Message { address Sender; string  Data; uint Val; uint  Time; } Message[] public History; Message LastMsg; function AddMessage(address _adr,uint _val, string memory _data) public { LastMsg.Sender = _adr; LastMsg.Time = block.timestamp; LastMsg.Val = _val; LastMsg.Data = _data; History.push(LastMsg); } }","import { expect } from ""chai""; import { ethers } from ""hardhat""; describe(""PENNY_BY_PENNY reference (ethers v6; deploy may require constructor arguments)"", function () { it(""deploy PENNY_BY_PENNY by supplying its REQUIRED constructor arguments (read them from the contract constructor), then call methods and assert; use ethers.parseEther, await (await tx).wait(), and expect(...).to.be.reverted"", async function () { const [owner, addr1, addr2] = await ethers.getSigners(); const Factory = await ethers.getContractFactory(""PENNY_BY_PENNY""); const instance = await Factory.deploy(...constructorArgs); await instance.waitForDeployment(); }); });",False,False,"import { expect } from ""chai""; import { ethers } from ""hardhat"";  describe(""PENNY_BY_PENNY mutant m93a330d4 detection"", function () {   it(""should detect mutated LogFile value by verifying logged amount matches msg.value exactly"", async function () {     const [owner] = await ethers.getSigners();          // Deploy LogFile first (needed as constructor argument for PENNY_BY_PENNY)     const LogFileFactory = await ethers.getContractFactory(""LogFile"");     const logFile = await LogFileFactory.deploy();     await logFile.waitForDeployment();          // Deploy PENNY_BY_PENNY with LogFile address     const PennyFactory = await ethers.getContractFactory(""PENNY_BY_PENNY"");     const penny = await PennyFactory.deploy();     await penny.waitForDeployment();          // Initialize the contract (required before Put can be called meaningfully)     await (await penny.SetLogFile(await logFile.getAddress())).wait();     await (await penny.Initialized()).wait();          // Send exactly 100 wei to Put function     const testAmount = ethers.parseEther(""0.0000000000000001""); // 100 wei     const tx = await penny.connect(owner).Put(0, { value: testAmount });     await tx.wait();          // Read the last entry from LogFile's History array     const historyLength = await logFile.History.length;     const lastEntry = await logFile.History(historyLength - 1n);          // The mutant logs msg.value+1, so original logs 100 wei, mutant logs 101 wei     // Assert that the logged value matches the actual sent amount     expect(lastEntry.Val).to.equal(testAmount);   }); });","""['Error: syntax error']"""
mce2ee725,PENNY_BY_PENNY,<generic-v6-scaffold>,Put,live,msg.value,msg.value-1,"---|         Log.AddMessage(msg.sender,msg.value,""Put""); +++|         Log.AddMessage(msg.sender,msg.value-1,""Put"");",47,Mutant mce2ee725 of function Put replaces msg.value with msg.value-1,"pragma solidity ^0.8.0; contract PENNY_BY_PENNY { struct Holder { uint unlockTime; uint balance; } mapping (address => Holder) public Acc; uint public MinSum; LogFile Log; bool intitalized; function SetMinSum(uint _val) public { if(intitalized)revert(); MinSum = _val; } function SetLogFile(address _log) public { if(intitalized)revert(); Log = LogFile(_log); } function Initialized() public { intitalized = true; } function Put(uint _lockTime) public payable { Holder storage acc = Acc[msg.sender]; require(((acc.balance + msg.value) >= acc.balance)); acc.balance += msg.value; require(((block.timestamp + _lockTime) >= block.timestamp)); if(block.timestamp+_lockTime>acc.unlockTime)acc.unlockTime=block.timestamp+_lockTime; Log.AddMessage(msg.sender,msg.value,""Put""); } function Collect(uint _am) public payable { Holder storage acc = Acc[msg.sender]; if( acc.balance>=MinSum && acc.balance>=_am && block.timestamp>acc.unlockTime) { acc.balance = (acc.balance - _am); { (bool _s, bytes memory _d) = msg.sender.call{value: _am}(""""); _d; if (_s) { Log.AddMessage(msg.sender,_am,""Collect""); } else {revert (); } } } } fallback() external payable { Put(0); } } contract LogFile { struct Message { address Sender; string  Data; uint Val; uint  Time; } Message[] public History; Message LastMsg; function AddMessage(address _adr,uint _val, string memory _data) public { LastMsg.Sender = _adr; LastMsg.Time = block.timestamp; LastMsg.Val = _val; LastMsg.Data = _data; History.push(LastMsg); } }","import { expect } from ""chai""; import { ethers } from ""hardhat""; describe(""PENNY_BY_PENNY reference (ethers v6; deploy may require constructor arguments)"", function () { it(""deploy PENNY_BY_PENNY by supplying its REQUIRED constructor arguments (read them from the contract constructor), then call methods and assert; use ethers.parseEther, await (await tx).wait(), and expect(...).to.be.reverted"", async function () { const [owner, addr1, addr2] = await ethers.getSigners(); const Factory = await ethers.getContractFactory(""PENNY_BY_PENNY""); const instance = await Factory.deploy(...constructorArgs); await instance.waitForDeployment(); }); });",False,False,"import { expect } from ""chai""; import { ethers } from ""hardhat"";  describe(""PENNY_BY_PENNY mutant mce2ee725 detection"", function () {   it(""should detect mutant that logs msg.value-1 instead of msg.value"", async function () {     const [owner, user] = await ethers.getSigners();          // Deploy LogFile first (no constructor args)     const LogFileFactory = await ethers.getContractFactory(""LogFile"");     const logFile = await LogFileFactory.deploy();     await logFile.waitForDeployment();          // Deploy PENNY_BY_PENNY (no constructor args as per original code)     const PennyFactory = await ethers.getContractFactory(""PENNY_BY_PENNY"");     const penny = await PennyFactory.deploy();     await penny.waitForDeployment();          // Set up the contract: set MinSum, set LogFile, and initialize     await (await penny.SetMinSum(0)).wait();     await (await penny.SetLogFile(await logFile.getAddress())).wait();     await (await penny.Initialized()).wait();          // Send exactly 1 wei via Put     const amount = 1;     const tx = await penny.connect(user).Put(0, { value: amount });     await tx.wait();          // Retrieve the logged message from LogFile's history     // History is an array, index 0 should contain the first message     const historyEntry = await logFile.History(0);     const loggedVal = historyEntry.Val;          // Assert that the logged value equals the amount sent (1 wei)     // Mutant would log 0 (msg.value-1) instead of 1, causing assertion to fail     expect(loggedVal).to.equal(amount);   }); });","""['Error: syntax error']"""
m88bc37a1,PENNY_BY_PENNY,<generic-v6-scaffold>,Collect,live,block.timestamp,block.prevrandao,---|         if( acc.balance>=MinSum && acc.balance>=_am && block.timestamp>acc.unlockTime) +++|         if( acc.balance>=MinSum && acc.balance>=_am && block.prevrandao>acc.unlockTime),53,Mutant m88bc37a1 of function Collect replaces block.timestamp with block.prevrandao,"pragma solidity ^0.8.0; contract PENNY_BY_PENNY { struct Holder { uint unlockTime; uint balance; } mapping (address => Holder) public Acc; uint public MinSum; LogFile Log; bool intitalized; function SetMinSum(uint _val) public { if(intitalized)revert(); MinSum = _val; } function SetLogFile(address _log) public { if(intitalized)revert(); Log = LogFile(_log); } function Initialized() public { intitalized = true; } function Put(uint _lockTime) public payable { Holder storage acc = Acc[msg.sender]; require(((acc.balance + msg.value) >= acc.balance)); acc.balance += msg.value; require(((block.timestamp + _lockTime) >= block.timestamp)); if(block.timestamp+_lockTime>acc.unlockTime)acc.unlockTime=block.timestamp+_lockTime; Log.AddMessage(msg.sender,msg.value,""Put""); } function Collect(uint _am) public payable { Holder storage acc = Acc[msg.sender]; if( acc.balance>=MinSum && acc.balance>=_am && block.timestamp>acc.unlockTime) { acc.balance = (acc.balance - _am); { (bool _s, bytes memory _d) = msg.sender.call{value: _am}(""""); _d; if (_s) { Log.AddMessage(msg.sender,_am,""Collect""); } else {revert (); } } } } fallback() external payable { Put(0); } } contract LogFile { struct Message { address Sender; string  Data; uint Val; uint  Time; } Message[] public History; Message LastMsg; function AddMessage(address _adr,uint _val, string memory _data) public { LastMsg.Sender = _adr; LastMsg.Time = block.timestamp; LastMsg.Val = _val; LastMsg.Data = _data; History.push(LastMsg); } }","import { expect } from ""chai""; import { ethers } from ""hardhat""; describe(""PENNY_BY_PENNY reference (ethers v6; deploy may require constructor arguments)"", function () { it(""deploy PENNY_BY_PENNY by supplying its REQUIRED constructor arguments (read them from the contract constructor), then call methods and assert; use ethers.parseEther, await (await tx).wait(), and expect(...).to.be.reverted"", async function () { const [owner, addr1, addr2] = await ethers.getSigners(); const Factory = await ethers.getContractFactory(""PENNY_BY_PENNY""); const instance = await Factory.deploy(...constructorArgs); await instance.waitForDeployment(); }); });",False,False,"import { expect } from ""chai""; import { ethers } } from ""hardhat"";  describe(""PENNY_BY_PENNY mutant m88bc37a1"", function () {   it(""should kill mutant by proving block.prevrandao cannot replace block.timestamp for time-based unlock"", async function () {     const [owner, addr1] = await ethers.getSigners();          // Deploy PENNY_BY_PENNY (no constructor arguments needed)     const Factory = await ethers.getContractFactory(""PENNY_BY_PENNY"");     const instance = await Factory.deploy();     await instance.waitForDeployment();          // Deploy LogFile (required for Log.AddMessage calls)     const LogFactory = await ethers.getContractFactory(""LogFile"");     const logInstance = await LogFactory.deploy();     await logInstance.waitForDeployment();          // Initialize contract: set MinSum to 0, set LogFile, and call Initialized     await (await instance.SetMinSum(0)).wait();     await (await instance.SetLogFile(await logInstance.getAddress())).wait();     await (await instance.Initialized()).wait();          // Set lock time to 1 hour (3600 seconds) in the future     const lockTime = 3600;     const depositAmount = ethers.parseEther(""1"");          // addr1 deposits 1 ETH with lock time     await (await instance.connect(addr1).Put(lockTime, { value: depositAmount })).wait();          // Fast forward time by 2 hours (7200 seconds) to ensure unlock time has passed     await ethers.provider.send(""evm_increaseTime"", [7200]);     await ethers.provider.send(""evm_mine"", []);          // Attempt to collect - on original this would succeed because block.timestamp > unlockTime     // On mutant this will likely revert because block.prevrandao is not time-based     await expect(       instance.connect(addr1).Collect(depositAmount)     ).to.be.reverted; // Mutant fails because prevrandao isn't guaranteed > unlockTime          // Verify balance unchanged (collection failed)     const holder = await instance.Acc(addr1.address);     expect(holder.balance).to.equal(depositAmount);   }); });","""['Error: syntax error']"""
