Mutant_id,Contract_id,Test_id,Function_name,Status,Original,Replacement,Diff,StartLine,Details,Contract_Context,Test_Context,Test_Generated,KilledByLLM,Generated_test,Test_errors
m24b5d374,PrivateBank,<generic-v6-scaffold>,Deposit,live, >= ,  > ,---|         if(msg.value >= MinDeposit) +++|         if(msg.value  > MinDeposit),21,Mutant m24b5d374 of function Deposit replaces >= with >,"pragma solidity ^0.8.0; contract PrivateBank { mapping (address => uint) public balances; uint public MinDeposit = 1 ether; Log TransferLog; constructor(address _log) { TransferLog = Log(_log); } function Deposit() public payable { if(msg.value >= MinDeposit) { require(((balances[msg.sender] + msg.value) >= balances[msg.sender])); balances[msg.sender]+=msg.value; TransferLog.AddMessage(msg.sender,msg.value,""Deposit""); } } function CashOut(uint _am) public { if(_am<=balances[msg.sender]) { balances[msg.sender] = (balances[msg.sender] - _am); (bool _veri_ok,) = msg.sender.call{value: _am}(""""); if(_veri_ok) { TransferLog.AddMessage(msg.sender,_am,""CashOut""); } else {revert (); } } } receive() external payable {} } contract Log { struct Message { address Sender; string  Data; uint Val; uint  Time; } Message[] public History; Message LastMsg; function AddMessage(address _adr,uint _val,string memory _data) public { LastMsg.Sender = _adr; LastMsg.Time = block.timestamp; LastMsg.Val = _val; LastMsg.Data = _data; History.push(LastMsg); } }","import { expect } from ""chai""; import { ethers } from ""hardhat""; describe(""PrivateBank reference (ethers v6; deploy may require constructor arguments)"", function () { it(""deploy PrivateBank by supplying its REQUIRED constructor arguments (read them from the contract constructor), then call methods and assert; use ethers.parseEther, await (await tx).wait(), and expect(...).to.be.reverted"", async function () { const [owner, addr1, addr2] = await ethers.getSigners(); const Factory = await ethers.getContractFactory(""PrivateBank""); const instance = await Factory.deploy(...constructorArgs); await instance.waitForDeployment(); }); });",False,False,"import { expect } from ""chai""; import { ethers } from ""hardhat"";  describe(""PrivateBank mutant m24b5d374 - Deposit edge case"", function () {   it(""should revert when depositing exactly MinDeposit (1 ether) due to > instead of >="", async function () {     const [owner, depositor] = await ethers.getSigners();          // Deploy Log contract first (required constructor argument for PrivateBank)     const LogFactory = await ethers.getContractFactory(""Log"");     const log = await LogFactory.deploy();     await log.waitForDeployment();          // Deploy PrivateBank with Log address     const PrivateBankFactory = await ethers.getContractFactory(""PrivateBank"");     const bank = await PrivateBankFactory.deploy(await log.getAddress());     await bank.waitForDeployment();          const minDeposit = ethers.parseEther(""1"");          // Attempt to deposit exactly 1 ether (should fail in mutant because > rejects equality)     await expect(       bank.connect(depositor).Deposit({ value: minDeposit })     ).to.not.changeTokenBalance; // This syntax won't work for ether, so use proper assertion          // Correct approach: verify the transaction does NOT revert (original behavior) vs mutant     // For mutant: the deposit should be silently rejected (no revert, just no balance change)     const balanceBefore = await bank.balances(depositor.address);          const tx = await bank.connect(depositor).Deposit({ value: minDeposit });     await tx.wait();          const balanceAfter = await bank.balances(depositor.address);          // In the original, balance would increase by 1 ether     // In the mutant (with > instead of >=), balance should remain unchanged     expect(balanceAfter).to.equal(balanceBefore);   }); });","""['Error: syntax error']"""
me9b2d455,PrivateBank,<generic-v6-scaffold>,Deposit,live, >= , <= ,---|         if(msg.value >= MinDeposit) +++|         if(msg.value <= MinDeposit),21,Mutant me9b2d455 of function Deposit replaces >= with <=,"pragma solidity ^0.8.0; contract PrivateBank { mapping (address => uint) public balances; uint public MinDeposit = 1 ether; Log TransferLog; constructor(address _log) { TransferLog = Log(_log); } function Deposit() public payable { if(msg.value >= MinDeposit) { require(((balances[msg.sender] + msg.value) >= balances[msg.sender])); balances[msg.sender]+=msg.value; TransferLog.AddMessage(msg.sender,msg.value,""Deposit""); } } function CashOut(uint _am) public { if(_am<=balances[msg.sender]) { balances[msg.sender] = (balances[msg.sender] - _am); (bool _veri_ok,) = msg.sender.call{value: _am}(""""); if(_veri_ok) { TransferLog.AddMessage(msg.sender,_am,""CashOut""); } else {revert (); } } } receive() external payable {} } contract Log { struct Message { address Sender; string  Data; uint Val; uint  Time; } Message[] public History; Message LastMsg; function AddMessage(address _adr,uint _val,string memory _data) public { LastMsg.Sender = _adr; LastMsg.Time = block.timestamp; LastMsg.Val = _val; LastMsg.Data = _data; History.push(LastMsg); } }","import { expect } from ""chai""; import { ethers } from ""hardhat""; describe(""PrivateBank reference (ethers v6; deploy may require constructor arguments)"", function () { it(""deploy PrivateBank by supplying its REQUIRED constructor arguments (read them from the contract constructor), then call methods and assert; use ethers.parseEther, await (await tx).wait(), and expect(...).to.be.reverted"", async function () { const [owner, addr1, addr2] = await ethers.getSigners(); const Factory = await ethers.getContractFactory(""PrivateBank""); const instance = await Factory.deploy(...constructorArgs); await instance.waitForDeployment(); }); });",False,False,"import { expect } from ""chai""; import { ethers } from ""hardhat"";  describe(""PrivateBank mutant detection test"", function () {   it(""should kill mutant me9b2d455 by depositing amount greater than MinDeposit and expecting success"", async function () {     const [owner, addr1] = await ethers.getSigners();          // Deploy the Log contract first (required constructor argument for PrivateBank)     const LogFactory = await ethers.getContractFactory(""Log"");     const logInstance = await LogFactory.deploy();     await logInstance.waitForDeployment();          // Deploy PrivateBank with Log contract address     const PrivateBankFactory = await ethers.getContractFactory(""PrivateBank"");     const privateBank = await PrivateBankFactory.deploy(await logInstance.getAddress());     await privateBank.waitForDeployment();          // Get the MinDeposit value     const minDeposit = await privateBank.MinDeposit();          // Deposit amount greater than MinDeposit (2 ether when MinDeposit is 1 ether)     const depositAmount = minDeposit + ethers.parseEther(""1"");          // This should succeed on original (deposit >= MinDeposit)     // But should fail on mutant (deposit <= MinDeposit is false)     await expect(       privateBank.connect(addr1).Deposit({ value: depositAmount })     ).to.not.be.reverted;          // Verify the balance increased as expected     const balance = await privateBank.balances(addr1.address);     expect(balance).to.equal(depositAmount);   }); });","""['Error: syntax error']"""
m320e110a,PrivateBank,<generic-v6-scaffold>,Deposit,live, >= , == ,---|         if(msg.value >= MinDeposit) +++|         if(msg.value == MinDeposit),21,Mutant m320e110a of function Deposit replaces >= with ==,"pragma solidity ^0.8.0; contract PrivateBank { mapping (address => uint) public balances; uint public MinDeposit = 1 ether; Log TransferLog; constructor(address _log) { TransferLog = Log(_log); } function Deposit() public payable { if(msg.value >= MinDeposit) { require(((balances[msg.sender] + msg.value) >= balances[msg.sender])); balances[msg.sender]+=msg.value; TransferLog.AddMessage(msg.sender,msg.value,""Deposit""); } } function CashOut(uint _am) public { if(_am<=balances[msg.sender]) { balances[msg.sender] = (balances[msg.sender] - _am); (bool _veri_ok,) = msg.sender.call{value: _am}(""""); if(_veri_ok) { TransferLog.AddMessage(msg.sender,_am,""CashOut""); } else {revert (); } } } receive() external payable {} } contract Log { struct Message { address Sender; string  Data; uint Val; uint  Time; } Message[] public History; Message LastMsg; function AddMessage(address _adr,uint _val,string memory _data) public { LastMsg.Sender = _adr; LastMsg.Time = block.timestamp; LastMsg.Val = _val; LastMsg.Data = _data; History.push(LastMsg); } }","import { expect } from ""chai""; import { ethers } from ""hardhat""; describe(""PrivateBank reference (ethers v6; deploy may require constructor arguments)"", function () { it(""deploy PrivateBank by supplying its REQUIRED constructor arguments (read them from the contract constructor), then call methods and assert; use ethers.parseEther, await (await tx).wait(), and expect(...).to.be.reverted"", async function () { const [owner, addr1, addr2] = await ethers.getSigners(); const Factory = await ethers.getContractFactory(""PrivateBank""); const instance = await Factory.deploy(...constructorArgs); await instance.waitForDeployment(); }); });",False,False,"import { expect } from ""chai""; import { ethers } from ""hardhat"";  describe(""PrivateBank mutant detection - m320e110a"", function () {   it(""should kill mutant by depositing amount greater than MinDeposit and verifying balance"", async function () {     const [owner, depositor] = await ethers.getSigners();          // Deploy the Log contract first (required constructor argument for PrivateBank)     const LogFactory = await ethers.getContractFactory(""Log"");     const logInstance = await LogFactory.deploy();     await logInstance.waitForDeployment();          // Deploy PrivateBank with Log address     const PrivateBankFactory = await ethers.getContractFactory(""PrivateBank"");     const bankInstance = await PrivateBankFactory.deploy(await logInstance.getAddress());     await bankInstance.waitForDeployment();          // Get the MinDeposit value (1 ether)     const minDeposit = await bankInstance.MinDeposit();          // Create a deposit amount that is greater than MinDeposit (e.g., 2 ether)     const depositAmount = ethers.parseEther(""2"");          // Deposit from depositor address     await bankInstance.connect(depositor).Deposit({ value: depositAmount });          // Check the balance - original contract should accept > MinDeposit     // Mutant rejects because msg.value == MinDeposit is false for 2 ether     const balance = await bankInstance.balances(depositor.address);     expect(balance).to.equal(depositAmount);   }); });","""['Error: syntax error']"""
m972e903b,PrivateBank,<generic-v6-scaffold>,Deposit,live, >= ,  > ,---|             require(((balances[msg.sender] + msg.value) >= balances[msg.sender])); +++|             require(((balances[msg.sender] + msg.value)  > balances[msg.sender]));,23,Mutant m972e903b of function Deposit replaces >= with >,"pragma solidity ^0.8.0; contract PrivateBank { mapping (address => uint) public balances; uint public MinDeposit = 1 ether; Log TransferLog; constructor(address _log) { TransferLog = Log(_log); } function Deposit() public payable { if(msg.value >= MinDeposit) { require(((balances[msg.sender] + msg.value) >= balances[msg.sender])); balances[msg.sender]+=msg.value; TransferLog.AddMessage(msg.sender,msg.value,""Deposit""); } } function CashOut(uint _am) public { if(_am<=balances[msg.sender]) { balances[msg.sender] = (balances[msg.sender] - _am); (bool _veri_ok,) = msg.sender.call{value: _am}(""""); if(_veri_ok) { TransferLog.AddMessage(msg.sender,_am,""CashOut""); } else {revert (); } } } receive() external payable {} } contract Log { struct Message { address Sender; string  Data; uint Val; uint  Time; } Message[] public History; Message LastMsg; function AddMessage(address _adr,uint _val,string memory _data) public { LastMsg.Sender = _adr; LastMsg.Time = block.timestamp; LastMsg.Val = _val; LastMsg.Data = _data; History.push(LastMsg); } }","import { expect } from ""chai""; import { ethers } from ""hardhat""; describe(""PrivateBank reference (ethers v6; deploy may require constructor arguments)"", function () { it(""deploy PrivateBank by supplying its REQUIRED constructor arguments (read them from the contract constructor), then call methods and assert; use ethers.parseEther, await (await tx).wait(), and expect(...).to.be.reverted"", async function () { const [owner, addr1, addr2] = await ethers.getSigners(); const Factory = await ethers.getContractFactory(""PrivateBank""); const instance = await Factory.deploy(...constructorArgs); await instance.waitForDeployment(); }); });",False,False,"import { expect } from ""chai""; import { ethers } from ""hardhat"";  describe(""PrivateBank mutant test - m972e903b"", function () {   it(""should revert when depositing 0 wei on the mutant (original passes)"", async function () {     const [owner] = await ethers.getSigners();          // Deploy the Log contract first (required constructor argument for PrivateBank)     const LogFactory = await ethers.getContractFactory(""Log"");     const log = await LogFactory.deploy();     await log.waitForDeployment();          // Deploy PrivateBank with the Log address     const PrivateBankFactory = await ethers.getContractFactory(""PrivateBank"");     const bank = await PrivateBankFactory.deploy(await log.getAddress());     await bank.waitForDeployment();          // Attempt to deposit 0 wei (less than MinDeposit, but the require check happens before the MinDeposit check)     // On the original, this passes because (balance + 0) >= balance is always true     // On the mutant, this reverts because (balance + 0) > balance is false     await expect(       bank.connect(owner).Deposit({ value: 0 })     ).to.be.reverted;   }); });","""['Error: syntax error']"""
mee399eaa,PrivateBank,<generic-v6-scaffold>,Deposit,live, >= , <= ,---|             require(((balances[msg.sender] + msg.value) >= balances[msg.sender])); +++|             require(((balances[msg.sender] + msg.value) <= balances[msg.sender]));,23,Mutant mee399eaa of function Deposit replaces >= with <=,"pragma solidity ^0.8.0; contract PrivateBank { mapping (address => uint) public balances; uint public MinDeposit = 1 ether; Log TransferLog; constructor(address _log) { TransferLog = Log(_log); } function Deposit() public payable { if(msg.value >= MinDeposit) { require(((balances[msg.sender] + msg.value) >= balances[msg.sender])); balances[msg.sender]+=msg.value; TransferLog.AddMessage(msg.sender,msg.value,""Deposit""); } } function CashOut(uint _am) public { if(_am<=balances[msg.sender]) { balances[msg.sender] = (balances[msg.sender] - _am); (bool _veri_ok,) = msg.sender.call{value: _am}(""""); if(_veri_ok) { TransferLog.AddMessage(msg.sender,_am,""CashOut""); } else {revert (); } } } receive() external payable {} } contract Log { struct Message { address Sender; string  Data; uint Val; uint  Time; } Message[] public History; Message LastMsg; function AddMessage(address _adr,uint _val,string memory _data) public { LastMsg.Sender = _adr; LastMsg.Time = block.timestamp; LastMsg.Val = _val; LastMsg.Data = _data; History.push(LastMsg); } }","import { expect } from ""chai""; import { ethers } from ""hardhat""; describe(""PrivateBank reference (ethers v6; deploy may require constructor arguments)"", function () { it(""deploy PrivateBank by supplying its REQUIRED constructor arguments (read them from the contract constructor), then call methods and assert; use ethers.parseEther, await (await tx).wait(), and expect(...).to.be.reverted"", async function () { const [owner, addr1, addr2] = await ethers.getSigners(); const Factory = await ethers.getContractFactory(""PrivateBank""); const instance = await Factory.deploy(...constructorArgs); await instance.waitForDeployment(); }); });",False,False,"import { expect } from ""chai""; import { ethers } from ""hardhat"";  describe(""PrivateBank mutant mee399eaa - Deposit with <= instead of >="", function () {   it(""should revert when depositing a positive amount because mutant uses <= instead of >="", async function () {     const [owner, addr1] = await ethers.getSigners();          // Deploy Log contract first (required constructor argument for PrivateBank)     const LogFactory = await ethers.getContractFactory(""Log"");     const log = await LogFactory.deploy();     await log.waitForDeployment();          // Deploy PrivateBank with Log address     const PrivateBankFactory = await ethers.getContractFactory(""PrivateBank"");     const privateBank = await PrivateBankFactory.deploy(await log.getAddress());     await privateBank.waitForDeployment();          const depositAmount = ethers.parseEther(""1"");          // Original: deposit succeeds; Mutant: require((balance + msg.value) <= balance) fails for positive msg.value     await expect(       privateBank.connect(addr1).Deposit({ value: depositAmount })     ).to.be.reverted;   });      it(""should succeed when depositing 0 ether (edge case where mutant might pass)"", async function () {     const [owner, addr1] = await ethers.getSigners();          const LogFactory = await ethers.getContractFactory(""Log"");     const log = await LogFactory.deploy();     await log.waitForDeployment();          const PrivateBankFactory = await ethers.getContractFactory(""PrivateBank"");     const privateBank = await PrivateBankFactory.deploy(await log.getAddress());     await privateBank.waitForDeployment();          // Deposit 0 ether - mutant condition: (balance + 0) <= balance is true, so it passes     await expect(       privateBank.connect(addr1).Deposit({ value: 0 })     ).to.not.be.reverted;   }); });","""['Error: syntax error']"""
m21d7e0f0,PrivateBank,<generic-v6-scaffold>,Deposit,live, >= , == ,---|             require(((balances[msg.sender] + msg.value) >= balances[msg.sender])); +++|             require(((balances[msg.sender] + msg.value) == balances[msg.sender]));,23,Mutant m21d7e0f0 of function Deposit replaces >= with ==,"pragma solidity ^0.8.0; contract PrivateBank { mapping (address => uint) public balances; uint public MinDeposit = 1 ether; Log TransferLog; constructor(address _log) { TransferLog = Log(_log); } function Deposit() public payable { if(msg.value >= MinDeposit) { require(((balances[msg.sender] + msg.value) >= balances[msg.sender])); balances[msg.sender]+=msg.value; TransferLog.AddMessage(msg.sender,msg.value,""Deposit""); } } function CashOut(uint _am) public { if(_am<=balances[msg.sender]) { balances[msg.sender] = (balances[msg.sender] - _am); (bool _veri_ok,) = msg.sender.call{value: _am}(""""); if(_veri_ok) { TransferLog.AddMessage(msg.sender,_am,""CashOut""); } else {revert (); } } } receive() external payable {} } contract Log { struct Message { address Sender; string  Data; uint Val; uint  Time; } Message[] public History; Message LastMsg; function AddMessage(address _adr,uint _val,string memory _data) public { LastMsg.Sender = _adr; LastMsg.Time = block.timestamp; LastMsg.Val = _val; LastMsg.Data = _data; History.push(LastMsg); } }","import { expect } from ""chai""; import { ethers } from ""hardhat""; describe(""PrivateBank reference (ethers v6; deploy may require constructor arguments)"", function () { it(""deploy PrivateBank by supplying its REQUIRED constructor arguments (read them from the contract constructor), then call methods and assert; use ethers.parseEther, await (await tx).wait(), and expect(...).to.be.reverted"", async function () { const [owner, addr1, addr2] = await ethers.getSigners(); const Factory = await ethers.getContractFactory(""PrivateBank""); const instance = await Factory.deploy(...constructorArgs); await instance.waitForDeployment(); }); });",False,False,"import { expect } from ""chai""; import { ethers } from ""hardhat"";  describe(""PrivateBank mutant m21d7e0f0 test"", function () {   it(""should revert when depositing any positive amount due to mutated require condition"", async function () {     const [owner] = await ethers.getSigners();          // Deploy the Log contract first (needed as constructor argument)     const LogFactory = await ethers.getContractFactory(""Log"");     const logInstance = await LogFactory.deploy();     await logInstance.waitForDeployment();          // Deploy PrivateBank with Log address     const PrivateBankFactory = await ethers.getContractFactory(""PrivateBank"");     const privateBank = await PrivateBankFactory.deploy(await logInstance.getAddress());     await privateBank.waitForDeployment();          // Attempt to deposit exactly the minimum deposit (1 ether)     const depositAmount = ethers.parseEther(""1"");          // The mutant changes >= to ==, so require((balance + deposit) == balance)     // will always fail for any positive deposit amount     await expect(       privateBank.connect(owner).Deposit({ value: depositAmount })     ).to.be.reverted;          // Verify balance remains zero     const balance = await privateBank.balances(owner.address);     expect(balance).to.equal(0);   }); });","""['Error: syntax error']"""
m147e3a3a,PrivateBank,<generic-v6-scaffold>,Deposit,live, + , - ,---|             require(((balances[msg.sender] + msg.value) >= balances[msg.sender])); +++|             require(((balances[msg.sender] - msg.value) >= balances[msg.sender]));,23,Mutant m147e3a3a of function Deposit replaces + with -,"pragma solidity ^0.8.0; contract PrivateBank { mapping (address => uint) public balances; uint public MinDeposit = 1 ether; Log TransferLog; constructor(address _log) { TransferLog = Log(_log); } function Deposit() public payable { if(msg.value >= MinDeposit) { require(((balances[msg.sender] + msg.value) >= balances[msg.sender])); balances[msg.sender]+=msg.value; TransferLog.AddMessage(msg.sender,msg.value,""Deposit""); } } function CashOut(uint _am) public { if(_am<=balances[msg.sender]) { balances[msg.sender] = (balances[msg.sender] - _am); (bool _veri_ok,) = msg.sender.call{value: _am}(""""); if(_veri_ok) { TransferLog.AddMessage(msg.sender,_am,""CashOut""); } else {revert (); } } } receive() external payable {} } contract Log { struct Message { address Sender; string  Data; uint Val; uint  Time; } Message[] public History; Message LastMsg; function AddMessage(address _adr,uint _val,string memory _data) public { LastMsg.Sender = _adr; LastMsg.Time = block.timestamp; LastMsg.Val = _val; LastMsg.Data = _data; History.push(LastMsg); } }","import { expect } from ""chai""; import { ethers } from ""hardhat""; describe(""PrivateBank reference (ethers v6; deploy may require constructor arguments)"", function () { it(""deploy PrivateBank by supplying its REQUIRED constructor arguments (read them from the contract constructor), then call methods and assert; use ethers.parseEther, await (await tx).wait(), and expect(...).to.be.reverted"", async function () { const [owner, addr1, addr2] = await ethers.getSigners(); const Factory = await ethers.getContractFactory(""PrivateBank""); const instance = await Factory.deploy(...constructorArgs); await instance.waitForDeployment(); }); });",False,False,"import { expect } from ""chai""; import { ethers } } from ""hardhat"";  describe(""PrivateBank mutant m147e3a3a - Deposit overflow check mutation"", function () {   it(""should revert when depositing with a non-zero existing balance due to mutated subtraction check"", async function () {     const [owner, addr1] = await ethers.getSigners();     const LogFactory = await ethers.getContractFactory(""Log"");     const log = await LogFactory.deploy();     await log.waitForDeployment();          const PrivateBankFactory = await ethers.getContractFactory(""PrivateBank"");     const privateBank = await PrivateBankFactory.deploy(log.target);     await privateBank.waitForDeployment();      // First deposit to create a non-zero balance     const initialDeposit = ethers.parseEther(""1"");     await privateBank.connect(addr1).Deposit({ value: initialDeposit });          // Attempt second deposit - mutant will revert due to (balance - msg.value) >= balance     const secondDeposit = ethers.parseEther(""1"");     await expect(       privateBank.connect(addr1).Deposit({ value: secondDeposit })     ).to.be.reverted;   }); });","""['Error: syntax error']"""
m857c1d2c,PrivateBank,<generic-v6-scaffold>,Deposit,live, + , * ,---|             require(((balances[msg.sender] + msg.value) >= balances[msg.sender])); +++|             require(((balances[msg.sender] * msg.value) >= balances[msg.sender]));,23,Mutant m857c1d2c of function Deposit replaces + with *,"pragma solidity ^0.8.0; contract PrivateBank { mapping (address => uint) public balances; uint public MinDeposit = 1 ether; Log TransferLog; constructor(address _log) { TransferLog = Log(_log); } function Deposit() public payable { if(msg.value >= MinDeposit) { require(((balances[msg.sender] + msg.value) >= balances[msg.sender])); balances[msg.sender]+=msg.value; TransferLog.AddMessage(msg.sender,msg.value,""Deposit""); } } function CashOut(uint _am) public { if(_am<=balances[msg.sender]) { balances[msg.sender] = (balances[msg.sender] - _am); (bool _veri_ok,) = msg.sender.call{value: _am}(""""); if(_veri_ok) { TransferLog.AddMessage(msg.sender,_am,""CashOut""); } else {revert (); } } } receive() external payable {} } contract Log { struct Message { address Sender; string  Data; uint Val; uint  Time; } Message[] public History; Message LastMsg; function AddMessage(address _adr,uint _val,string memory _data) public { LastMsg.Sender = _adr; LastMsg.Time = block.timestamp; LastMsg.Val = _val; LastMsg.Data = _data; History.push(LastMsg); } }","import { expect } from ""chai""; import { ethers } from ""hardhat""; describe(""PrivateBank reference (ethers v6; deploy may require constructor arguments)"", function () { it(""deploy PrivateBank by supplying its REQUIRED constructor arguments (read them from the contract constructor), then call methods and assert; use ethers.parseEther, await (await tx).wait(), and expect(...).to.be.reverted"", async function () { const [owner, addr1, addr2] = await ethers.getSigners(); const Factory = await ethers.getContractFactory(""PrivateBank""); const instance = await Factory.deploy(...constructorArgs); await instance.waitForDeployment(); }); });",False,False,"import { expect } from ""chai""; import { ethers } from ""hardhat"";  describe(""PrivateBank mutant kill test - m857c1d2c"", function () {   it(""should detect mutant where + is replaced with * in require statement by depositing with zero balance"", async function () {     const [owner, addr1] = await ethers.getSigners();          // Deploy Log contract first (required constructor argument for PrivateBank)     const LogFactory = await ethers.getContractFactory(""Log"");     const log = await LogFactory.deploy();     await log.waitForDeployment();          // Deploy PrivateBank with Log address     const PrivateBankFactory = await ethers.getContractFactory(""PrivateBank"");     const bank = await PrivateBankFactory.deploy(await log.getAddress());     await bank.waitForDeployment();          // Test case: addr1 has zero balance and deposits 1 ether     // Original: (0 + 1 ether) >= 0 passes     // Mutant: (0 * 1 ether) >= 0 passes (both pass for zero balance)          // Instead, test with a non-zero balance where multiplication changes behavior     // First deposit to get non-zero balance     await bank.connect(addr1).Deposit({ value: ethers.parseEther(""2"") });          // Now addr1 has balance of 2 ether     // Try to deposit 1 wei more     // Original: (2 ether + 1 wei) >= 2 ether passes     // Mutant: (2 ether * 1 wei) >= 2 ether FAILS because 2 ether * 1 wei = 2 wei < 2 ether     await expect(       bank.connect(addr1).Deposit({ value: 1 })     ).to.be.reverted;   }); });","""['Error: syntax error']"""
m0d6aa744,PrivateBank,<generic-v6-scaffold>,CashOut,live,<=, <,---|         if(_am<=balances[msg.sender]) +++|         if(_am <balances[msg.sender]),31,Mutant m0d6aa744 of function CashOut replaces <= with <,"pragma solidity ^0.8.0; contract PrivateBank { mapping (address => uint) public balances; uint public MinDeposit = 1 ether; Log TransferLog; constructor(address _log) { TransferLog = Log(_log); } function Deposit() public payable { if(msg.value >= MinDeposit) { require(((balances[msg.sender] + msg.value) >= balances[msg.sender])); balances[msg.sender]+=msg.value; TransferLog.AddMessage(msg.sender,msg.value,""Deposit""); } } function CashOut(uint _am) public { if(_am<=balances[msg.sender]) { balances[msg.sender] = (balances[msg.sender] - _am); (bool _veri_ok,) = msg.sender.call{value: _am}(""""); if(_veri_ok) { TransferLog.AddMessage(msg.sender,_am,""CashOut""); } else {revert (); } } } receive() external payable {} } contract Log { struct Message { address Sender; string  Data; uint Val; uint  Time; } Message[] public History; Message LastMsg; function AddMessage(address _adr,uint _val,string memory _data) public { LastMsg.Sender = _adr; LastMsg.Time = block.timestamp; LastMsg.Val = _val; LastMsg.Data = _data; History.push(LastMsg); } }","import { expect } from ""chai""; import { ethers } from ""hardhat""; describe(""PrivateBank reference (ethers v6; deploy may require constructor arguments)"", function () { it(""deploy PrivateBank by supplying its REQUIRED constructor arguments (read them from the contract constructor), then call methods and assert; use ethers.parseEther, await (await tx).wait(), and expect(...).to.be.reverted"", async function () { const [owner, addr1, addr2] = await ethers.getSigners(); const Factory = await ethers.getContractFactory(""PrivateBank""); const instance = await Factory.deploy(...constructorArgs); await instance.waitForDeployment(); }); });",False,False,"import { expect } from ""chai""; import { ethers } from ""hardhat"";  describe(""PrivateBank mutant detection - CashOut <= vs <"", function () {   it(""should allow withdrawing the exact balance (original behavior), but mutant should revert"", async function () {     const [owner] = await ethers.getSigners();          // Deploy Log contract first (required constructor argument for PrivateBank)     const LogFactory = await ethers.getContractFactory(""Log"");     const log = await LogFactory.deploy();     await log.waitForDeployment();          // Deploy PrivateBank with Log address     const PrivateBankFactory = await ethers.getContractFactory(""PrivateBank"");     const bank = await PrivateBankFactory.deploy(await log.getAddress());     await bank.waitForDeployment();          const depositAmount = ethers.parseEther(""1"");          // Deposit exactly 1 ether     const depositTx = await bank.connect(owner).Deposit({ value: depositAmount });     await depositTx.wait();          // Try to withdraw exactly the same amount (should succeed in original, fail in mutant)     await expect(       bank.connect(owner).CashOut(depositAmount)     ).to.not.be.reverted;          // Verify balance is now zero     expect(await bank.balances(owner.address)).to.equal(0);   }); });","""['Error: syntax error']"""
md6ea39e8,PrivateBank,<generic-v6-scaffold>,CashOut,live,<=,>=,---|         if(_am<=balances[msg.sender]) +++|         if(_am>=balances[msg.sender]),31,Mutant md6ea39e8 of function CashOut replaces <= with >=,"pragma solidity ^0.8.0; contract PrivateBank { mapping (address => uint) public balances; uint public MinDeposit = 1 ether; Log TransferLog; constructor(address _log) { TransferLog = Log(_log); } function Deposit() public payable { if(msg.value >= MinDeposit) { require(((balances[msg.sender] + msg.value) >= balances[msg.sender])); balances[msg.sender]+=msg.value; TransferLog.AddMessage(msg.sender,msg.value,""Deposit""); } } function CashOut(uint _am) public { if(_am<=balances[msg.sender]) { balances[msg.sender] = (balances[msg.sender] - _am); (bool _veri_ok,) = msg.sender.call{value: _am}(""""); if(_veri_ok) { TransferLog.AddMessage(msg.sender,_am,""CashOut""); } else {revert (); } } } receive() external payable {} } contract Log { struct Message { address Sender; string  Data; uint Val; uint  Time; } Message[] public History; Message LastMsg; function AddMessage(address _adr,uint _val,string memory _data) public { LastMsg.Sender = _adr; LastMsg.Time = block.timestamp; LastMsg.Val = _val; LastMsg.Data = _data; History.push(LastMsg); } }","import { expect } from ""chai""; import { ethers } from ""hardhat""; describe(""PrivateBank reference (ethers v6; deploy may require constructor arguments)"", function () { it(""deploy PrivateBank by supplying its REQUIRED constructor arguments (read them from the contract constructor), then call methods and assert; use ethers.parseEther, await (await tx).wait(), and expect(...).to.be.reverted"", async function () { const [owner, addr1, addr2] = await ethers.getSigners(); const Factory = await ethers.getContractFactory(""PrivateBank""); const instance = await Factory.deploy(...constructorArgs); await instance.waitForDeployment(); }); });",False,False,"import { expect } from ""chai""; import { ethers } } from ""hardhat"";  describe(""PrivateBank mutant md6ea39e8 detection"", function () {   it(""should detect the mutant by verifying CashOut behavior with amount less than balance"", async function () {     const [owner, addr1] = await ethers.getSigners();          // Deploy the Log contract first (required constructor argument for PrivateBank)     const LogFactory = await ethers.getContractFactory(""Log"");     const log = await LogFactory.deploy();     await log.waitForDeployment();          // Deploy PrivateBank with the Log contract address     const PrivateBankFactory = await ethers.getContractFactory(""PrivateBank"");     const privateBank = await PrivateBankFactory.deploy(await log.getAddress());     await privateBank.waitForDeployment();          // Get the MinDeposit value to ensure we deposit enough     const minDeposit = await privateBank.MinDeposit();          // Deposit exactly the minimum deposit from addr1     await privateBank.connect(addr1).Deposit({ value: minDeposit });          // Verify the balance was updated     let balance = await privateBank.balances(addr1.address);     expect(balance).to.equal(minDeposit);          // Try to withdraw half of the deposited amount (should work in original, fail in mutant)     const withdrawAmount = minDeposit / 2n;          // Execute the CashOut transaction     const tx = await privateBank.connect(addr1).CashOut(withdrawAmount);     const receipt = await tx.wait();          // Check that the transaction succeeded (no revert)     expect(receipt.status).to.equal(1);          // Verify the balance decreased by the withdrawal amount     balance = await privateBank.balances(addr1.address);     expect(balance).to.equal(minDeposit - withdrawAmount);          // Verify the Log contract recorded the CashOut message     const logContract = await ethers.getContractAt(""Log"", await log.getAddress());     const historyLength = await logContract.History.length;          // Find the last CashOut entry (it should be the most recent)     // The deposit added one entry, the CashOut should add another     const lastEntry = await logContract.History(historyLength - 1n);     expect(lastEntry.Sender).to.equal(addr1.address);     expect(lastEntry.Val).to.equal(withdrawAmount);     expect(lastEntry.Data).to.equal(""CashOut"");   }); });","""['Error: syntax error']"""
mc7e068f7,PrivateBank,<generic-v6-scaffold>,CashOut,live,<=,==,---|         if(_am<=balances[msg.sender]) +++|         if(_am==balances[msg.sender]),31,Mutant mc7e068f7 of function CashOut replaces <= with ==,"pragma solidity ^0.8.0; contract PrivateBank { mapping (address => uint) public balances; uint public MinDeposit = 1 ether; Log TransferLog; constructor(address _log) { TransferLog = Log(_log); } function Deposit() public payable { if(msg.value >= MinDeposit) { require(((balances[msg.sender] + msg.value) >= balances[msg.sender])); balances[msg.sender]+=msg.value; TransferLog.AddMessage(msg.sender,msg.value,""Deposit""); } } function CashOut(uint _am) public { if(_am<=balances[msg.sender]) { balances[msg.sender] = (balances[msg.sender] - _am); (bool _veri_ok,) = msg.sender.call{value: _am}(""""); if(_veri_ok) { TransferLog.AddMessage(msg.sender,_am,""CashOut""); } else {revert (); } } } receive() external payable {} } contract Log { struct Message { address Sender; string  Data; uint Val; uint  Time; } Message[] public History; Message LastMsg; function AddMessage(address _adr,uint _val,string memory _data) public { LastMsg.Sender = _adr; LastMsg.Time = block.timestamp; LastMsg.Val = _val; LastMsg.Data = _data; History.push(LastMsg); } }","import { expect } from ""chai""; import { ethers } from ""hardhat""; describe(""PrivateBank reference (ethers v6; deploy may require constructor arguments)"", function () { it(""deploy PrivateBank by supplying its REQUIRED constructor arguments (read them from the contract constructor), then call methods and assert; use ethers.parseEther, await (await tx).wait(), and expect(...).to.be.reverted"", async function () { const [owner, addr1, addr2] = await ethers.getSigners(); const Factory = await ethers.getContractFactory(""PrivateBank""); const instance = await Factory.deploy(...constructorArgs); await instance.waitForDeployment(); }); });",False,False,"import { expect } from ""chai""; import { ethers } from ""hardhat"";  describe(""PrivateBank mutant mc7e068f7 - CashOut == replacement"", function () {   it(""should kill the mutant by withdrawing a partial amount (less than full balance)"", async function () {     const [owner, user] = await ethers.getSigners();          // Deploy Log contract first     const LogFactory = await ethers.getContractFactory(""Log"");     const logInstance = await LogFactory.deploy();     await logInstance.waitForDeployment();          // Deploy PrivateBank with Log address as constructor argument     const Factory = await ethers.getContractFactory(""PrivateBank"");     const instance = await Factory.deploy(await logInstance.getAddress());     await instance.waitForDeployment();          // Deposit 5 ether from user     const depositAmount = ethers.parseEther(""5"");     const depositTx = await instance.connect(user).Deposit({ value: depositAmount });     await depositTx.wait();          // Verify balance is 5 ether     expect(await instance.balances(user.address)).to.equal(depositAmount);          // Attempt to withdraw 2 ether (partial amount, not full balance)     const withdrawAmount = ethers.parseEther(""2"");          // In the original, this should succeed; in the mutant (==), it should revert     await expect(       instance.connect(user).CashOut(withdrawAmount)     ).to.be.reverted;          // Verify balance remains unchanged (mutant didn't allow partial withdrawal)     expect(await instance.balances(user.address)).to.equal(depositAmount);   }); });","""['Error: syntax error']"""
m62f9eb98,PrivateBank,<generic-v6-scaffold>,CashOut,live, - , + ,---|             balances[msg.sender] = (balances[msg.sender] - _am); +++|             balances[msg.sender] = (balances[msg.sender] + _am);,34,Mutant m62f9eb98 of function CashOut replaces - with +,"pragma solidity ^0.8.0; contract PrivateBank { mapping (address => uint) public balances; uint public MinDeposit = 1 ether; Log TransferLog; constructor(address _log) { TransferLog = Log(_log); } function Deposit() public payable { if(msg.value >= MinDeposit) { require(((balances[msg.sender] + msg.value) >= balances[msg.sender])); balances[msg.sender]+=msg.value; TransferLog.AddMessage(msg.sender,msg.value,""Deposit""); } } function CashOut(uint _am) public { if(_am<=balances[msg.sender]) { balances[msg.sender] = (balances[msg.sender] - _am); (bool _veri_ok,) = msg.sender.call{value: _am}(""""); if(_veri_ok) { TransferLog.AddMessage(msg.sender,_am,""CashOut""); } else {revert (); } } } receive() external payable {} } contract Log { struct Message { address Sender; string  Data; uint Val; uint  Time; } Message[] public History; Message LastMsg; function AddMessage(address _adr,uint _val,string memory _data) public { LastMsg.Sender = _adr; LastMsg.Time = block.timestamp; LastMsg.Val = _val; LastMsg.Data = _data; History.push(LastMsg); } }","import { expect } from ""chai""; import { ethers } from ""hardhat""; describe(""PrivateBank reference (ethers v6; deploy may require constructor arguments)"", function () { it(""deploy PrivateBank by supplying its REQUIRED constructor arguments (read them from the contract constructor), then call methods and assert; use ethers.parseEther, await (await tx).wait(), and expect(...).to.be.reverted"", async function () { const [owner, addr1, addr2] = await ethers.getSigners(); const Factory = await ethers.getContractFactory(""PrivateBank""); const instance = await Factory.deploy(...constructorArgs); await instance.waitForDeployment(); }); });",False,False,"import { expect } from ""chai""; import { ethers } from ""hardhat"";  describe(""PrivateBank mutant detection - CashOut balance mutation"", function () {   it(""should detect mutant where CashOut adds instead of subtracts balance"", async function () {     const [owner, addr1] = await ethers.getSigners();          // Deploy Log contract first (required constructor argument for PrivateBank)     const LogFactory = await ethers.getContractFactory(""Log"");     const log = await LogFactory.deploy();     await log.waitForDeployment();          // Deploy PrivateBank with Log address     const PrivateBankFactory = await ethers.getContractFactory(""PrivateBank"");     const privateBank = await PrivateBankFactory.deploy(await log.getAddress());     await privateBank.waitForDeployment();          const depositAmount = ethers.parseEther(""2"");     const cashOutAmount = ethers.parseEther(""1"");          // Deposit from addr1     await privateBank.connect(addr1).Deposit({ value: depositAmount });          // Check initial balance after deposit     const balanceAfterDeposit = await privateBank.balances(addr1.address);     expect(balanceAfterDeposit).to.equal(depositAmount);          // Cash out partial amount     await privateBank.connect(addr1).CashOut(cashOutAmount);          // Check balance after cash out - should be deposit minus cashout     // In original: balance decreases (depositAmount - cashOutAmount)     // In mutant: balance increases (depositAmount + cashOutAmount)     const balanceAfterCashOut = await privateBank.balances(addr1.address);          // This assertion will pass on original (balance = 1 ether)     // and fail on mutant (balance = 3 ether), thus killing the mutant     expect(balanceAfterCashOut).to.equal(depositAmount - cashOutAmount);   }); });","""['Error: syntax error']"""
m7a9eab2f,PrivateBank,<generic-v6-scaffold>,CashOut,live, - , / ,---|             balances[msg.sender] = (balances[msg.sender] - _am); +++|             balances[msg.sender] = (balances[msg.sender] / _am);,34,Mutant m7a9eab2f of function CashOut replaces - with /,"pragma solidity ^0.8.0; contract PrivateBank { mapping (address => uint) public balances; uint public MinDeposit = 1 ether; Log TransferLog; constructor(address _log) { TransferLog = Log(_log); } function Deposit() public payable { if(msg.value >= MinDeposit) { require(((balances[msg.sender] + msg.value) >= balances[msg.sender])); balances[msg.sender]+=msg.value; TransferLog.AddMessage(msg.sender,msg.value,""Deposit""); } } function CashOut(uint _am) public { if(_am<=balances[msg.sender]) { balances[msg.sender] = (balances[msg.sender] - _am); (bool _veri_ok,) = msg.sender.call{value: _am}(""""); if(_veri_ok) { TransferLog.AddMessage(msg.sender,_am,""CashOut""); } else {revert (); } } } receive() external payable {} } contract Log { struct Message { address Sender; string  Data; uint Val; uint  Time; } Message[] public History; Message LastMsg; function AddMessage(address _adr,uint _val,string memory _data) public { LastMsg.Sender = _adr; LastMsg.Time = block.timestamp; LastMsg.Val = _val; LastMsg.Data = _data; History.push(LastMsg); } }","import { expect } from ""chai""; import { ethers } from ""hardhat""; describe(""PrivateBank reference (ethers v6; deploy may require constructor arguments)"", function () { it(""deploy PrivateBank by supplying its REQUIRED constructor arguments (read them from the contract constructor), then call methods and assert; use ethers.parseEther, await (await tx).wait(), and expect(...).to.be.reverted"", async function () { const [owner, addr1, addr2] = await ethers.getSigners(); const Factory = await ethers.getContractFactory(""PrivateBank""); const instance = await Factory.deploy(...constructorArgs); await instance.waitForDeployment(); }); });",False,False,"import { expect } from ""chai""; import { ethers } from ""hardhat"";  describe(""PrivateBank - Kill mutant m7a9eab2f (CashOut: subtraction replaced with division)"", function () {   it(""should fail on mutant when cashing out half of deposited amount and checking remaining balance"", async function () {     const [owner, user] = await ethers.getSigners();          // Deploy the Log contract first (required constructor argument for PrivateBank)     const LogFactory = await ethers.getContractFactory(""Log"");     const log = await LogFactory.deploy();     await log.waitForDeployment();          // Deploy PrivateBank with the Log contract address     const PrivateBankFactory = await ethers.getContractFactory(""PrivateBank"");     const bank = await PrivateBankFactory.deploy(await log.getAddress());     await bank.waitForDeployment();          const depositAmount = ethers.parseEther(""2"");     const cashOutAmount = ethers.parseEther(""1"");     const expectedRemaining = ethers.parseEther(""1"");          // Deposit 2 ether from user     await bank.connect(user).deposit({ value: depositAmount });          // Verify initial balance     expect(await bank.balances(user.address)).to.equal(depositAmount);          // Cash out 1 ether     await bank.connect(user).cashOut(cashOutAmount);          // Check remaining balance - on original should be 1 ether, on mutant would be 2/1 = 2 ether     const remainingBalance = await bank.balances(user.address);     expect(remainingBalance).to.equal(expectedRemaining);   }); });","""['Error: syntax error']"""
mee8efc09,PrivateBank,<generic-v6-scaffold>,Deposit,live,msg.value >= MinDeposit,true,---|         if(msg.value >= MinDeposit) +++|         if(true),21,Mutant mee8efc09 of function Deposit replaces msg.value >= MinDeposit with true,"pragma solidity ^0.8.0; contract PrivateBank { mapping (address => uint) public balances; uint public MinDeposit = 1 ether; Log TransferLog; constructor(address _log) { TransferLog = Log(_log); } function Deposit() public payable { if(msg.value >= MinDeposit) { require(((balances[msg.sender] + msg.value) >= balances[msg.sender])); balances[msg.sender]+=msg.value; TransferLog.AddMessage(msg.sender,msg.value,""Deposit""); } } function CashOut(uint _am) public { if(_am<=balances[msg.sender]) { balances[msg.sender] = (balances[msg.sender] - _am); (bool _veri_ok,) = msg.sender.call{value: _am}(""""); if(_veri_ok) { TransferLog.AddMessage(msg.sender,_am,""CashOut""); } else {revert (); } } } receive() external payable {} } contract Log { struct Message { address Sender; string  Data; uint Val; uint  Time; } Message[] public History; Message LastMsg; function AddMessage(address _adr,uint _val,string memory _data) public { LastMsg.Sender = _adr; LastMsg.Time = block.timestamp; LastMsg.Val = _val; LastMsg.Data = _data; History.push(LastMsg); } }","import { expect } from ""chai""; import { ethers } from ""hardhat""; describe(""PrivateBank reference (ethers v6; deploy may require constructor arguments)"", function () { it(""deploy PrivateBank by supplying its REQUIRED constructor arguments (read them from the contract constructor), then call methods and assert; use ethers.parseEther, await (await tx).wait(), and expect(...).to.be.reverted"", async function () { const [owner, addr1, addr2] = await ethers.getSigners(); const Factory = await ethers.getContractFactory(""PrivateBank""); const instance = await Factory.deploy(...constructorArgs); await instance.waitForDeployment(); }); });",False,False,"import { expect } from ""chai""; import { ethers } from ""hardhat"";  describe(""PrivateBank mutant test - mee8efc09"", function () {   it(""should revert when depositing below MinDeposit in original contract, but mutant allows it"", async function () {     const [owner, addr1] = await ethers.getSigners();          // Deploy Log contract first (required constructor argument for PrivateBank)     const LogFactory = await ethers.getContractFactory(""Log"");     const logInstance = await LogFactory.deploy();     await logInstance.waitForDeployment();          // Deploy PrivateBank with Log contract address     const Factory = await ethers.getContractFactory(""PrivateBank"");     const instance = await Factory.deploy(await logInstance.getAddress());     await instance.waitForDeployment();          // Verify MinDeposit is 1 ether     expect(await instance.MinDeposit()).to.equal(ethers.parseEther(""1""));          // Attempt to deposit 0.5 ether (below minimum)     const depositAmount = ethers.parseEther(""0.5"");          // The original contract should revert because msg.value < MinDeposit     // The mutant with ""if(true)"" will NOT revert and will accept the deposit     await expect(       instance.connect(addr1).Deposit({ value: depositAmount })     ).to.be.reverted;          // Additional verification: balance should remain 0 if reverted     expect(await instance.balances(addr1.address)).to.equal(0);   }); });","""['Error: syntax error']"""
m0972b875,PrivateBank,<generic-v6-scaffold>,Deposit,live,msg.value >= MinDeposit,false,---|         if(msg.value >= MinDeposit) +++|         if(false),21,Mutant m0972b875 of function Deposit replaces msg.value >= MinDeposit with false,"pragma solidity ^0.8.0; contract PrivateBank { mapping (address => uint) public balances; uint public MinDeposit = 1 ether; Log TransferLog; constructor(address _log) { TransferLog = Log(_log); } function Deposit() public payable { if(msg.value >= MinDeposit) { require(((balances[msg.sender] + msg.value) >= balances[msg.sender])); balances[msg.sender]+=msg.value; TransferLog.AddMessage(msg.sender,msg.value,""Deposit""); } } function CashOut(uint _am) public { if(_am<=balances[msg.sender]) { balances[msg.sender] = (balances[msg.sender] - _am); (bool _veri_ok,) = msg.sender.call{value: _am}(""""); if(_veri_ok) { TransferLog.AddMessage(msg.sender,_am,""CashOut""); } else {revert (); } } } receive() external payable {} } contract Log { struct Message { address Sender; string  Data; uint Val; uint  Time; } Message[] public History; Message LastMsg; function AddMessage(address _adr,uint _val,string memory _data) public { LastMsg.Sender = _adr; LastMsg.Time = block.timestamp; LastMsg.Val = _val; LastMsg.Data = _data; History.push(LastMsg); } }","import { expect } from ""chai""; import { ethers } from ""hardhat""; describe(""PrivateBank reference (ethers v6; deploy may require constructor arguments)"", function () { it(""deploy PrivateBank by supplying its REQUIRED constructor arguments (read them from the contract constructor), then call methods and assert; use ethers.parseEther, await (await tx).wait(), and expect(...).to.be.reverted"", async function () { const [owner, addr1, addr2] = await ethers.getSigners(); const Factory = await ethers.getContractFactory(""PrivateBank""); const instance = await Factory.deploy(...constructorArgs); await instance.waitForDeployment(); }); });",False,False,"import { expect } from ""chai""; import { ethers } from ""hardhat"";  describe(""PrivateBank mutant m0972b875 - Deposit condition changed to false"", function () {   it(""should revert when depositing 1 ether because condition is always false"", async function () {     const [owner] = await ethers.getSigners();          // Deploy Log contract first (required constructor argument for PrivateBank)     const LogFactory = await ethers.getContractFactory(""Log"");     const logInstance = await LogFactory.deploy();     await logInstance.waitForDeployment();          // Deploy PrivateBank with Log contract address     const PrivateBankFactory = await ethers.getContractFactory(""PrivateBank"");     const privateBank = await PrivateBankFactory.deploy(await logInstance.getAddress());     await privateBank.waitForDeployment();          // Attempt to deposit 1 ether (which meets MinDeposit requirement in original)     const depositAmount = ethers.parseEther(""1"");          // The mutant changes msg.value >= MinDeposit to false, so the deposit should never execute     // We expect the balance to remain 0 after attempting to deposit     await owner.sendTransaction({       to: await privateBank.getAddress(),       value: depositAmount     });          // Check that balance was NOT updated (since condition is always false)     const balance = await privateBank.balances(owner.address);     expect(balance).to.equal(0);   }); });","""['Error: syntax error']"""
m29a03d02,PrivateBank,<generic-v6-scaffold>,CashOut,live,_am<=balances[msg.sender],true,---|         if(_am<=balances[msg.sender]) +++|         if(true),31,Mutant m29a03d02 of function CashOut replaces _am<=balances[msg.sender] with true,"pragma solidity ^0.8.0; contract PrivateBank { mapping (address => uint) public balances; uint public MinDeposit = 1 ether; Log TransferLog; constructor(address _log) { TransferLog = Log(_log); } function Deposit() public payable { if(msg.value >= MinDeposit) { require(((balances[msg.sender] + msg.value) >= balances[msg.sender])); balances[msg.sender]+=msg.value; TransferLog.AddMessage(msg.sender,msg.value,""Deposit""); } } function CashOut(uint _am) public { if(_am<=balances[msg.sender]) { balances[msg.sender] = (balances[msg.sender] - _am); (bool _veri_ok,) = msg.sender.call{value: _am}(""""); if(_veri_ok) { TransferLog.AddMessage(msg.sender,_am,""CashOut""); } else {revert (); } } } receive() external payable {} } contract Log { struct Message { address Sender; string  Data; uint Val; uint  Time; } Message[] public History; Message LastMsg; function AddMessage(address _adr,uint _val,string memory _data) public { LastMsg.Sender = _adr; LastMsg.Time = block.timestamp; LastMsg.Val = _val; LastMsg.Data = _data; History.push(LastMsg); } }","import { expect } from ""chai""; import { ethers } from ""hardhat""; describe(""PrivateBank reference (ethers v6; deploy may require constructor arguments)"", function () { it(""deploy PrivateBank by supplying its REQUIRED constructor arguments (read them from the contract constructor), then call methods and assert; use ethers.parseEther, await (await tx).wait(), and expect(...).to.be.reverted"", async function () { const [owner, addr1, addr2] = await ethers.getSigners(); const Factory = await ethers.getContractFactory(""PrivateBank""); const instance = await Factory.deploy(...constructorArgs); await instance.waitForDeployment(); }); });",False,False,"import { expect } from ""chai""; import { ethers } from ""hardhat"";  describe(""PrivateBank mutant m29a03d02 - CashOut balance check"", function () {   it(""should revert when user tries to withdraw more than their balance (kills mutant that removes check)"", async function () {     const [owner, user] = await ethers.getSigners();          // Deploy Log contract first (required constructor argument)     const LogFactory = await ethers.getContractFactory(""Log"");     const log = await LogFactory.deploy();     await log.waitForDeployment();          // Deploy PrivateBank with Log address     const PrivateBankFactory = await ethers.getContractFactory(""PrivateBank"");     const bank = await PrivateBankFactory.deploy(await log.getAddress());     await bank.waitForDeployment();          // User has no balance initially     const withdrawalAmount = ethers.parseEther(""1"");          // Attempt to withdraw without any deposit - should revert     await expect(       bank.connect(user).CashOut(withdrawalAmount)     ).to.be.reverted;   });      it(""should revert when user tries to withdraw more than deposited balance"", async function () {     const [owner, user] = await ethers.getSigners();          // Deploy contracts     const LogFactory = await ethers.getContractFactory(""Log"");     const log = await LogFactory.deploy();     await log.waitForDeployment();          const PrivateBankFactory = await ethers.getContractFactory(""PrivateBank"");     const bank = await PrivateBankFactory.deploy(await log.getAddress());     await bank.waitForDeployment();          // Deposit exactly 1 ether (minimum deposit)     const depositAmount = ethers.parseEther(""1"");     await bank.connect(user).Deposit({ value: depositAmount });          // Try to withdraw 2 ether (more than deposited)     const excessiveWithdrawal = ethers.parseEther(""2"");          // This should revert on original contract, but succeed on mutant (killing it)     await expect(       bank.connect(user).CashOut(excessiveWithdrawal)     ).to.be.reverted;   }); });","""['Error: syntax error']"""
m3cd19630,PrivateBank,<generic-v6-scaffold>,CashOut,live,_am<=balances[msg.sender],false,---|         if(_am<=balances[msg.sender]) +++|         if(false),31,Mutant m3cd19630 of function CashOut replaces _am<=balances[msg.sender] with false,"pragma solidity ^0.8.0; contract PrivateBank { mapping (address => uint) public balances; uint public MinDeposit = 1 ether; Log TransferLog; constructor(address _log) { TransferLog = Log(_log); } function Deposit() public payable { if(msg.value >= MinDeposit) { require(((balances[msg.sender] + msg.value) >= balances[msg.sender])); balances[msg.sender]+=msg.value; TransferLog.AddMessage(msg.sender,msg.value,""Deposit""); } } function CashOut(uint _am) public { if(_am<=balances[msg.sender]) { balances[msg.sender] = (balances[msg.sender] - _am); (bool _veri_ok,) = msg.sender.call{value: _am}(""""); if(_veri_ok) { TransferLog.AddMessage(msg.sender,_am,""CashOut""); } else {revert (); } } } receive() external payable {} } contract Log { struct Message { address Sender; string  Data; uint Val; uint  Time; } Message[] public History; Message LastMsg; function AddMessage(address _adr,uint _val,string memory _data) public { LastMsg.Sender = _adr; LastMsg.Time = block.timestamp; LastMsg.Val = _val; LastMsg.Data = _data; History.push(LastMsg); } }","import { expect } from ""chai""; import { ethers } from ""hardhat""; describe(""PrivateBank reference (ethers v6; deploy may require constructor arguments)"", function () { it(""deploy PrivateBank by supplying its REQUIRED constructor arguments (read them from the contract constructor), then call methods and assert; use ethers.parseEther, await (await tx).wait(), and expect(...).to.be.reverted"", async function () { const [owner, addr1, addr2] = await ethers.getSigners(); const Factory = await ethers.getContractFactory(""PrivateBank""); const instance = await Factory.deploy(...constructorArgs); await instance.waitForDeployment(); }); });",False,False,"import { expect } from ""chai""; import { ethers } from ""hardhat"";  describe(""PrivateBank mutant m3cd19630 test"", function () {   it(""should detect that CashOut fails to execute when condition is replaced with false"", async function () {     const [owner, addr1] = await ethers.getSigners();          // Deploy the Log contract first (required constructor argument for PrivateBank)     const LogFactory = await ethers.getContractFactory(""Log"");     const logContract = await LogFactory.deploy();     await logContract.waitForDeployment();          // Deploy PrivateBank with Log contract address     const PrivateBankFactory = await ethers.getContractFactory(""PrivateBank"");     const privateBank = await PrivateBankFactory.deploy(await logContract.getAddress());     await privateBank.waitForDeployment();          // Get the minimum deposit amount     const minDeposit = await privateBank.MinDeposit();          // Deposit exactly minDeposit from addr1     const depositAmount = minDeposit;     const depositTx = await privateBank.connect(addr1).Deposit({ value: depositAmount });     await depositTx.wait();          // Check balance after deposit     const balanceAfterDeposit = await privateBank.balances(addr1.address);     expect(balanceAfterDeposit).to.equal(depositAmount);          // Get addr1's initial ether balance before CashOut     const initialEtherBalance = await ethers.provider.getBalance(addr1.address);          // Attempt to cash out the full deposited amount     const cashOutTx = privateBank.connect(addr1).CashOut(depositAmount);          // The transaction should revert because the mutant replaces the condition with false,     // but the function doesn't have a revert for that case - it just skips the if block     // However, we need to check the actual behavior: the transaction will succeed (no revert)     // but nothing will happen. Let's execute and check state.     await (await cashOutTx).wait();          // Check that balance remains unchanged (mutant doesn't deduct)     const balanceAfterCashOut = await privateBank.balances(addr1.address);     expect(balanceAfterCashOut).to.equal(depositAmount);          // Check that no ether was transferred to addr1     const finalEtherBalance = await ethers.provider.getBalance(addr1.address);     // Account for gas costs, but the ether should NOT have been transferred     // The difference should be gas costs only (not the full depositAmount)     const gasCost = (await cashOutTx).gasUsed * (await cashOutTx).gasPrice;     expect(finalEtherBalance).to.equal(initialEtherBalance - gasCost);          // Also verify that no CashOut message was added to the Log     const logHistoryLength = await logContract.History.length;     // There should be exactly 1 entry (from the Deposit) not 2     expect(logHistoryLength).to.equal(1);   }); });","""['Error: syntax error']"""
mf634ec97,PrivateBank,<generic-v6-scaffold>,CashOut,live,_veri_ok,true,---|             if(_veri_ok) +++|             if(true),36,Mutant mf634ec97 of function CashOut replaces _veri_ok with true,"pragma solidity ^0.8.0; contract PrivateBank { mapping (address => uint) public balances; uint public MinDeposit = 1 ether; Log TransferLog; constructor(address _log) { TransferLog = Log(_log); } function Deposit() public payable { if(msg.value >= MinDeposit) { require(((balances[msg.sender] + msg.value) >= balances[msg.sender])); balances[msg.sender]+=msg.value; TransferLog.AddMessage(msg.sender,msg.value,""Deposit""); } } function CashOut(uint _am) public { if(_am<=balances[msg.sender]) { balances[msg.sender] = (balances[msg.sender] - _am); (bool _veri_ok,) = msg.sender.call{value: _am}(""""); if(_veri_ok) { TransferLog.AddMessage(msg.sender,_am,""CashOut""); } else {revert (); } } } receive() external payable {} } contract Log { struct Message { address Sender; string  Data; uint Val; uint  Time; } Message[] public History; Message LastMsg; function AddMessage(address _adr,uint _val,string memory _data) public { LastMsg.Sender = _adr; LastMsg.Time = block.timestamp; LastMsg.Val = _val; LastMsg.Data = _data; History.push(LastMsg); } }","import { expect } from ""chai""; import { ethers } from ""hardhat""; describe(""PrivateBank reference (ethers v6; deploy may require constructor arguments)"", function () { it(""deploy PrivateBank by supplying its REQUIRED constructor arguments (read them from the contract constructor), then call methods and assert; use ethers.parseEther, await (await tx).wait(), and expect(...).to.be.reverted"", async function () { const [owner, addr1, addr2] = await ethers.getSigners(); const Factory = await ethers.getContractFactory(""PrivateBank""); const instance = await Factory.deploy(...constructorArgs); await instance.waitForDeployment(); }); });",False,False,"import { expect } from ""chai""; import { ethers } from ""hardhat"";  describe(""PrivateBank mutant mf634ec97 - CashOut always true"", function () {   it(""should revert when CashOut is called by a contract that rejects ETH, but mutant incorrectly succeeds"", async function () {     // Deploy the Log contract first (required constructor argument for PrivateBank)     const LogFactory = await ethers.getContractFactory(""Log"");     const log = await LogFactory.deploy();     await log.waitForDeployment();      // Deploy PrivateBank with the Log address     const PrivateBankFactory = await ethers.getContractFactory(""PrivateBank"");     const bank = await PrivateBankFactory.deploy(await log.getAddress());     await bank.waitForDeployment();      // Deploy a malicious contract that will reject incoming ETH     const RejectorFactory = await ethers.getContractFactory(""contract Rejector { receive() external payable { revert('ETH rejected'); } }"");     const rejector = await RejectorFactory.deploy();     await rejector.waitForDeployment();      // Fund the rejector contract so it can deposit     await ethers.provider.send(""hardhat_setBalance"", [       await rejector.getAddress(),       ethers.parseEther(""10"").toString()     ]);      // Deposit 1 ether from the rejector contract (min deposit is 1 ether)     await bank.connect(rejector).Deposit({ value: ethers.parseEther(""1"") });      // Check balance after deposit     const balanceAfterDeposit = await bank.balances(await rejector.getAddress());     expect(balanceAfterDeposit).to.equal(ethers.parseEther(""1""));      // Attempt to cash out - original would revert, mutant might not     const tx = bank.connect(rejector).CashOut(ethers.parseEther(""1""));          // The mutant will NOT revert (because it uses true instead of _veri_ok)     // But we expect the original to revert. The test should detect the mutant     // by checking that the balance was incorrectly deducted despite transfer failure.     await expect(tx).to.be.reverted;   }); });","""['Error: syntax error']"""
m2e8b62f8,PrivateBank,<generic-v6-scaffold>,CashOut,live,_veri_ok,false,---|             if(_veri_ok) +++|             if(false),36,Mutant m2e8b62f8 of function CashOut replaces _veri_ok with false,"pragma solidity ^0.8.0; contract PrivateBank { mapping (address => uint) public balances; uint public MinDeposit = 1 ether; Log TransferLog; constructor(address _log) { TransferLog = Log(_log); } function Deposit() public payable { if(msg.value >= MinDeposit) { require(((balances[msg.sender] + msg.value) >= balances[msg.sender])); balances[msg.sender]+=msg.value; TransferLog.AddMessage(msg.sender,msg.value,""Deposit""); } } function CashOut(uint _am) public { if(_am<=balances[msg.sender]) { balances[msg.sender] = (balances[msg.sender] - _am); (bool _veri_ok,) = msg.sender.call{value: _am}(""""); if(_veri_ok) { TransferLog.AddMessage(msg.sender,_am,""CashOut""); } else {revert (); } } } receive() external payable {} } contract Log { struct Message { address Sender; string  Data; uint Val; uint  Time; } Message[] public History; Message LastMsg; function AddMessage(address _adr,uint _val,string memory _data) public { LastMsg.Sender = _adr; LastMsg.Time = block.timestamp; LastMsg.Val = _val; LastMsg.Data = _data; History.push(LastMsg); } }","import { expect } from ""chai""; import { ethers } from ""hardhat""; describe(""PrivateBank reference (ethers v6; deploy may require constructor arguments)"", function () { it(""deploy PrivateBank by supplying its REQUIRED constructor arguments (read them from the contract constructor), then call methods and assert; use ethers.parseEther, await (await tx).wait(), and expect(...).to.be.reverted"", async function () { const [owner, addr1, addr2] = await ethers.getSigners(); const Factory = await ethers.getContractFactory(""PrivateBank""); const instance = await Factory.deploy(...constructorArgs); await instance.waitForDeployment(); }); });",False,False,"import { expect } from ""chai""; import { ethers } from ""hardhat"";  describe(""PrivateBank mutant detection - CashOut always reverts"", function () {   it(""should successfully withdraw after deposit on original, but revert on mutant that replaces _veri_ok with false"", async function () {     const [owner] = await ethers.getSigners();     const LogFactory = await ethers.getContractFactory(""Log"");     const log = await LogFactory.deploy();     await log.waitForDeployment();      const PrivateBankFactory = await ethers.getContractFactory(""PrivateBank"");     const bank = await PrivateBankFactory.deploy(await log.getAddress());     await bank.waitForDeployment();      const depositAmount = ethers.parseEther(""2"");     const withdrawAmount = ethers.parseEther(""1"");      // Deposit     const txDeposit = await bank.connect(owner).Deposit({ value: depositAmount });     await txDeposit.wait();      // Check balance after deposit     expect(await bank.balances(owner.address)).to.equal(depositAmount);      // Withdraw - should succeed on original, will revert on mutant     const txWithdraw = bank.connect(owner).CashOut(withdrawAmount);     await expect(txWithdraw).to.not.be.reverted;      // Verify balance decreased     expect(await bank.balances(owner.address)).to.equal(depositAmount - withdrawAmount);   }); });","""['Error: syntax error']"""
m82a914ae,PrivateBank,<generic-v6-scaffold>,CashOut,live,else {revert (); },,---|             } else {revert (); } +++|             },40,Mutant m82a914ae of function CashOut replaces else {revert (); } with ,"pragma solidity ^0.8.0; contract PrivateBank { mapping (address => uint) public balances; uint public MinDeposit = 1 ether; Log TransferLog; constructor(address _log) { TransferLog = Log(_log); } function Deposit() public payable { if(msg.value >= MinDeposit) { require(((balances[msg.sender] + msg.value) >= balances[msg.sender])); balances[msg.sender]+=msg.value; TransferLog.AddMessage(msg.sender,msg.value,""Deposit""); } } function CashOut(uint _am) public { if(_am<=balances[msg.sender]) { balances[msg.sender] = (balances[msg.sender] - _am); (bool _veri_ok,) = msg.sender.call{value: _am}(""""); if(_veri_ok) { TransferLog.AddMessage(msg.sender,_am,""CashOut""); } else {revert (); } } } receive() external payable {} } contract Log { struct Message { address Sender; string  Data; uint Val; uint  Time; } Message[] public History; Message LastMsg; function AddMessage(address _adr,uint _val,string memory _data) public { LastMsg.Sender = _adr; LastMsg.Time = block.timestamp; LastMsg.Val = _val; LastMsg.Data = _data; History.push(LastMsg); } }","import { expect } from ""chai""; import { ethers } from ""hardhat""; describe(""PrivateBank reference (ethers v6; deploy may require constructor arguments)"", function () { it(""deploy PrivateBank by supplying its REQUIRED constructor arguments (read them from the contract constructor), then call methods and assert; use ethers.parseEther, await (await tx).wait(), and expect(...).to.be.reverted"", async function () { const [owner, addr1, addr2] = await ethers.getSigners(); const Factory = await ethers.getContractFactory(""PrivateBank""); const instance = await Factory.deploy(...constructorArgs); await instance.waitForDeployment(); }); });",False,False,"import { expect } from ""chai""; import { ethers } from ""hardhat"";  describe(""PrivateBank mutant detection - CashOut revert removal"", function () {   it(""should revert when CashOut external call fails due to recipient contract rejecting ether"", async function () {     const [owner, addr1] = await ethers.getSigners();          // Deploy the Log contract first (required constructor argument for PrivateBank)     const LogFactory = await ethers.getContractFactory(""Log"");     const log = await LogFactory.deploy();     await log.waitForDeployment();          // Deploy PrivateBank with Log address     const PrivateBankFactory = await ethers.getContractFactory(""PrivateBank"");     const bank = await PrivateBankFactory.deploy(await log.getAddress());     await bank.waitForDeployment();          // Deploy a contract that rejects ether (no receive/fallback function)     const RejectorFactory = await ethers.getContractFactory(""contract Rejector { }"");     const rejector = await RejectorFactory.deploy();     await rejector.waitForDeployment();          // Fund the bank contract with ether for the test     await owner.sendTransaction({       to: await bank.getAddress(),       value: ethers.parseEther(""10"")     });          // Deposit ether to addr1's balance from the bank's funds     // First, send ether to addr1 so they can deposit     await owner.sendTransaction({       to: addr1.address,       value: ethers.parseEther(""2"")     });          // addr1 deposits 1 ether (meets MinDeposit of 1 ether)     await bank.connect(addr1).Deposit({ value: ethers.parseEther(""1"") });          // Now addr1 tries to cash out to the rejecting contract     // The call should fail because Rejector cannot receive ether     await expect(       bank.connect(addr1).CashOut(ethers.parseEther(""1""))     ).to.be.reverted;          // Additionally verify that the balance was NOT deducted (mutant would deduct)     const balanceAfter = await bank.balances(addr1.address);     expect(balanceAfter).to.equal(ethers.parseEther(""1""));   }); });","""['Error: syntax error']"""
ma4278853,PrivateBank,<generic-v6-scaffold>,Deposit,live,require(((balances[msg.sender] + msg.value) >= balances[msg.sender]));,/* require(((balances[msg.sender] + msg.value) >= balances[msg.sender])); */,---|             require(((balances[msg.sender] + msg.value) >= balances[msg.sender])); +++|,23,Mutant ma4278853 of function Deposit replaces require(((balances[msg.sender] + msg.value) >= balances[msg.sender])); with ,"pragma solidity ^0.8.0; contract PrivateBank { mapping (address => uint) public balances; uint public MinDeposit = 1 ether; Log TransferLog; constructor(address _log) { TransferLog = Log(_log); } function Deposit() public payable { if(msg.value >= MinDeposit) { require(((balances[msg.sender] + msg.value) >= balances[msg.sender])); balances[msg.sender]+=msg.value; TransferLog.AddMessage(msg.sender,msg.value,""Deposit""); } } function CashOut(uint _am) public { if(_am<=balances[msg.sender]) { balances[msg.sender] = (balances[msg.sender] - _am); (bool _veri_ok,) = msg.sender.call{value: _am}(""""); if(_veri_ok) { TransferLog.AddMessage(msg.sender,_am,""CashOut""); } else {revert (); } } } receive() external payable {} } contract Log { struct Message { address Sender; string  Data; uint Val; uint  Time; } Message[] public History; Message LastMsg; function AddMessage(address _adr,uint _val,string memory _data) public { LastMsg.Sender = _adr; LastMsg.Time = block.timestamp; LastMsg.Val = _val; LastMsg.Data = _data; History.push(LastMsg); } }","import { expect } from ""chai""; import { ethers } from ""hardhat""; describe(""PrivateBank reference (ethers v6; deploy may require constructor arguments)"", function () { it(""deploy PrivateBank by supplying its REQUIRED constructor arguments (read them from the contract constructor), then call methods and assert; use ethers.parseEther, await (await tx).wait(), and expect(...).to.be.reverted"", async function () { const [owner, addr1, addr2] = await ethers.getSigners(); const Factory = await ethers.getContractFactory(""PrivateBank""); const instance = await Factory.deploy(...constructorArgs); await instance.waitForDeployment(); }); });",False,False,"import { expect } from ""chai""; import { ethers } from ""hardhat"";  describe(""PrivateBank mutant ma4278853 - overflow protection removed"", function () {   it(""should revert when deposit causes overflow (original has require check, mutant does not)"", async function () {     const [owner] = await ethers.getSigners();          // Deploy the Log contract first (required constructor argument for PrivateBank)     const LogFactory = await ethers.getContractFactory(""Log"");     const log = await LogFactory.deploy();     await log.waitForDeployment();          // Deploy PrivateBank with the Log contract address     const PrivateBankFactory = await ethers.getContractFactory(""PrivateBank"");     const bank = await PrivateBankFactory.deploy(await log.getAddress());     await bank.waitForDeployment();          // Get the minimum deposit amount     const minDeposit = await bank.MinDeposit();          // First make a normal deposit to set a non-zero balance     await bank.connect(owner).Deposit({ value: minDeposit });          // Get current balance     const currentBalance = await bank.balances(owner.address);          // Calculate the amount needed to cause overflow:      // We need currentBalance + depositAmount to exceed type(uint256).max     const maxUint = ethers.MaxUint256;     const overflowAmount = maxUint - currentBalance + 1n;          // In the original contract, this deposit should revert due to overflow check     // In the mutant (without the require), it would succeed but with wrapped balance     await expect(       bank.connect(owner).Deposit({ value: overflowAmount })     ).to.be.reverted;          // If the test passes (reverts), the original contract behavior is verified     // If the mutant allows the deposit without reverting, this test will fail   }); });","""['Error: syntax error']"""
m8bd36bb3,PrivateBank,<generic-v6-scaffold>,CashOut,live,revert ();,/* revert (); */,---|             } else {revert (); } +++|             } else { },40,Mutant m8bd36bb3 of function CashOut replaces revert (); with ,"pragma solidity ^0.8.0; contract PrivateBank { mapping (address => uint) public balances; uint public MinDeposit = 1 ether; Log TransferLog; constructor(address _log) { TransferLog = Log(_log); } function Deposit() public payable { if(msg.value >= MinDeposit) { require(((balances[msg.sender] + msg.value) >= balances[msg.sender])); balances[msg.sender]+=msg.value; TransferLog.AddMessage(msg.sender,msg.value,""Deposit""); } } function CashOut(uint _am) public { if(_am<=balances[msg.sender]) { balances[msg.sender] = (balances[msg.sender] - _am); (bool _veri_ok,) = msg.sender.call{value: _am}(""""); if(_veri_ok) { TransferLog.AddMessage(msg.sender,_am,""CashOut""); } else {revert (); } } } receive() external payable {} } contract Log { struct Message { address Sender; string  Data; uint Val; uint  Time; } Message[] public History; Message LastMsg; function AddMessage(address _adr,uint _val,string memory _data) public { LastMsg.Sender = _adr; LastMsg.Time = block.timestamp; LastMsg.Val = _val; LastMsg.Data = _data; History.push(LastMsg); } }","import { expect } from ""chai""; import { ethers } from ""hardhat""; describe(""PrivateBank reference (ethers v6; deploy may require constructor arguments)"", function () { it(""deploy PrivateBank by supplying its REQUIRED constructor arguments (read them from the contract constructor), then call methods and assert; use ethers.parseEther, await (await tx).wait(), and expect(...).to.be.reverted"", async function () { const [owner, addr1, addr2] = await ethers.getSigners(); const Factory = await ethers.getContractFactory(""PrivateBank""); const instance = await Factory.deploy(...constructorArgs); await instance.waitForDeployment(); }); });",False,False,"import { expect } from ""chai""; import { ethers } from ""hardhat"";  describe(""PrivateBank mutant m8bd36bb3 - CashOut revert removed"", function () {   it(""should revert CashOut when external call fails (mutant silently continues)"", async function () {     const [owner, attacker] = await ethers.getSigners();          // Deploy the Log contract first (required constructor argument for PrivateBank)     const LogFactory = await ethers.getContractFactory(""Log"");     const logContract = await LogFactory.deploy();     await logContract.waitForDeployment();          // Deploy PrivateBank with the Log contract address     const PrivateBankFactory = await ethers.getContractFactory(""PrivateBank"");     const bank = await PrivateBankFactory.deploy(await logContract.getAddress());     await bank.waitForDeployment();          // Deploy a contract that cannot receive Ether (no receive/fallback)     const RejectorFactory = await ethers.getContractFactory(""contract Rejector { }"");     const rejector = await RejectorFactory.deploy();     await rejector.waitForDeployment();          // Fund the attacker account with enough Ether     const depositAmount = ethers.parseEther(""2"");     await owner.sendTransaction({       to: attacker.address,       value: depositAmount     });          // Attacker deposits 2 Ether into the bank     await bank.connect(attacker).Deposit({ value: depositAmount });          // Verify initial balance     expect(await bank.balances(attacker.address)).to.equal(depositAmount);          // Attempt to cash out to the rejector contract (which will fail silently)     const cashOutAmount = ethers.parseEther(""1"");          // In the mutant, this call will NOT revert even though the transfer fails     const tx = bank.connect(attacker).CashOut(cashOutAmount);          // The original contract would revert; the mutant silently continues     // So we check that the balance was NOT deducted (mutant bug)     await expect(tx).to.not.be.reverted;          // Verify the balance is still the same - mutant incorrectly subtracted     // but the transfer failed, so balance should remain unchanged     const balanceAfter = await bank.balances(attacker.address);     expect(balanceAfter).to.equal(depositAmount);          // Also verify the rejector didn't receive any Ether     const rejectorBalance = await ethers.provider.getBalance(await rejector.getAddress());     expect(rejectorBalance).to.equal(0);   }); });","""['Error: syntax error']"""
m7c0cb89d,PrivateBank,<generic-v6-scaffold>,Deposit,live,msg.value,msg.value+1,---|         if(msg.value >= MinDeposit) +++|         if(msg.value+1 >= MinDeposit),21,Mutant m7c0cb89d of function Deposit replaces msg.value with msg.value+1,"pragma solidity ^0.8.0; contract PrivateBank { mapping (address => uint) public balances; uint public MinDeposit = 1 ether; Log TransferLog; constructor(address _log) { TransferLog = Log(_log); } function Deposit() public payable { if(msg.value >= MinDeposit) { require(((balances[msg.sender] + msg.value) >= balances[msg.sender])); balances[msg.sender]+=msg.value; TransferLog.AddMessage(msg.sender,msg.value,""Deposit""); } } function CashOut(uint _am) public { if(_am<=balances[msg.sender]) { balances[msg.sender] = (balances[msg.sender] - _am); (bool _veri_ok,) = msg.sender.call{value: _am}(""""); if(_veri_ok) { TransferLog.AddMessage(msg.sender,_am,""CashOut""); } else {revert (); } } } receive() external payable {} } contract Log { struct Message { address Sender; string  Data; uint Val; uint  Time; } Message[] public History; Message LastMsg; function AddMessage(address _adr,uint _val,string memory _data) public { LastMsg.Sender = _adr; LastMsg.Time = block.timestamp; LastMsg.Val = _val; LastMsg.Data = _data; History.push(LastMsg); } }","import { expect } from ""chai""; import { ethers } from ""hardhat""; describe(""PrivateBank reference (ethers v6; deploy may require constructor arguments)"", function () { it(""deploy PrivateBank by supplying its REQUIRED constructor arguments (read them from the contract constructor), then call methods and assert; use ethers.parseEther, await (await tx).wait(), and expect(...).to.be.reverted"", async function () { const [owner, addr1, addr2] = await ethers.getSigners(); const Factory = await ethers.getContractFactory(""PrivateBank""); const instance = await Factory.deploy(...constructorArgs); await instance.waitForDeployment(); }); });",False,False,"import { expect } from ""chai""; import { ethers } from ""hardhat"";  describe(""PrivateBank mutant test - m7c0cb89d"", function () {   it(""should kill mutant by depositing exactly MinDeposit - 1 wei and expecting revert"", async function () {     const [owner, addr1] = await ethers.getSigners();          // Deploy Log contract first (required by PrivateBank constructor)     const LogFactory = await ethers.getContractFactory(""Log"");     const log = await LogFactory.deploy();     await log.waitForDeployment();          // Deploy PrivateBank with the Log address     const PrivateBankFactory = await ethers.getContractFactory(""PrivateBank"");     const privateBank = await PrivateBankFactory.deploy(await log.getAddress());     await privateBank.waitForDeployment();          // Get the MinDeposit value     const minDeposit = await privateBank.MinDeposit();          // Calculate amount that is 1 wei less than MinDeposit     const depositAmount = minDeposit - BigInt(1);          // Attempt to deposit with amount = MinDeposit - 1 wei     // Original contract should revert because msg.value < MinDeposit     // Mutant would allow it because msg.value + 1 >= MinDeposit     await expect(       privateBank.connect(addr1).Deposit({ value: depositAmount })     ).to.be.reverted;   }); });","""['Error: syntax error']"""
m50292d70,PrivateBank,<generic-v6-scaffold>,Deposit,live,msg.value,msg.value-1,---|         if(msg.value >= MinDeposit) +++|         if(msg.value-1 >= MinDeposit),21,Mutant m50292d70 of function Deposit replaces msg.value with msg.value-1,"pragma solidity ^0.8.0; contract PrivateBank { mapping (address => uint) public balances; uint public MinDeposit = 1 ether; Log TransferLog; constructor(address _log) { TransferLog = Log(_log); } function Deposit() public payable { if(msg.value >= MinDeposit) { require(((balances[msg.sender] + msg.value) >= balances[msg.sender])); balances[msg.sender]+=msg.value; TransferLog.AddMessage(msg.sender,msg.value,""Deposit""); } } function CashOut(uint _am) public { if(_am<=balances[msg.sender]) { balances[msg.sender] = (balances[msg.sender] - _am); (bool _veri_ok,) = msg.sender.call{value: _am}(""""); if(_veri_ok) { TransferLog.AddMessage(msg.sender,_am,""CashOut""); } else {revert (); } } } receive() external payable {} } contract Log { struct Message { address Sender; string  Data; uint Val; uint  Time; } Message[] public History; Message LastMsg; function AddMessage(address _adr,uint _val,string memory _data) public { LastMsg.Sender = _adr; LastMsg.Time = block.timestamp; LastMsg.Val = _val; LastMsg.Data = _data; History.push(LastMsg); } }","import { expect } from ""chai""; import { ethers } from ""hardhat""; describe(""PrivateBank reference (ethers v6; deploy may require constructor arguments)"", function () { it(""deploy PrivateBank by supplying its REQUIRED constructor arguments (read them from the contract constructor), then call methods and assert; use ethers.parseEther, await (await tx).wait(), and expect(...).to.be.reverted"", async function () { const [owner, addr1, addr2] = await ethers.getSigners(); const Factory = await ethers.getContractFactory(""PrivateBank""); const instance = await Factory.deploy(...constructorArgs); await instance.waitForDeployment(); }); });",False,False,"import { expect } from ""chai""; import { ethers } from ""hardhat"";  describe(""PrivateBank mutant detection - m50292d70"", function () {   it(""should detect mutant by sending exactly MinDeposit (1 ether) and checking balance"", async function () {     const [owner, depositor] = await ethers.getSigners();          // Deploy the Log contract first (required constructor argument for PrivateBank)     const LogFactory = await ethers.getContractFactory(""Log"");     const logContract = await LogFactory.deploy();     await logContract.waitForDeployment();          // Deploy PrivateBank with the Log contract address     const PrivateBankFactory = await ethers.getContractFactory(""PrivateBank"");     const privateBank = await PrivateBankFactory.deploy(await logContract.getAddress());     await privateBank.waitForDeployment();          // Get initial balance of depositor     const initialBalance = await privateBank.balances(depositor.address);     expect(initialBalance).to.equal(0);          // Send exactly 1 ether (MinDeposit) to the Deposit function     const depositAmount = ethers.parseEther(""1"");     const tx = await privateBank.connect(depositor).Deposit({ value: depositAmount });     await tx.wait();          // Check that the balance increased by exactly 1 ether     // In the original contract this should succeed, in the mutant it will fail     const finalBalance = await privateBank.balances(depositor.address);     expect(finalBalance).to.equal(depositAmount);   }); });","""['Error: syntax error']"""
m6d085049,PrivateBank,<generic-v6-scaffold>,Deposit,live,msg.value,msg.value+1,---|             require(((balances[msg.sender] + msg.value) >= balances[msg.sender])); +++|             require(((balances[msg.sender] + msg.value+1) >= balances[msg.sender]));,23,Mutant m6d085049 of function Deposit replaces msg.value with msg.value+1,"pragma solidity ^0.8.0; contract PrivateBank { mapping (address => uint) public balances; uint public MinDeposit = 1 ether; Log TransferLog; constructor(address _log) { TransferLog = Log(_log); } function Deposit() public payable { if(msg.value >= MinDeposit) { require(((balances[msg.sender] + msg.value) >= balances[msg.sender])); balances[msg.sender]+=msg.value; TransferLog.AddMessage(msg.sender,msg.value,""Deposit""); } } function CashOut(uint _am) public { if(_am<=balances[msg.sender]) { balances[msg.sender] = (balances[msg.sender] - _am); (bool _veri_ok,) = msg.sender.call{value: _am}(""""); if(_veri_ok) { TransferLog.AddMessage(msg.sender,_am,""CashOut""); } else {revert (); } } } receive() external payable {} } contract Log { struct Message { address Sender; string  Data; uint Val; uint  Time; } Message[] public History; Message LastMsg; function AddMessage(address _adr,uint _val,string memory _data) public { LastMsg.Sender = _adr; LastMsg.Time = block.timestamp; LastMsg.Val = _val; LastMsg.Data = _data; History.push(LastMsg); } }","import { expect } from ""chai""; import { ethers } from ""hardhat""; describe(""PrivateBank reference (ethers v6; deploy may require constructor arguments)"", function () { it(""deploy PrivateBank by supplying its REQUIRED constructor arguments (read them from the contract constructor), then call methods and assert; use ethers.parseEther, await (await tx).wait(), and expect(...).to.be.reverted"", async function () { const [owner, addr1, addr2] = await ethers.getSigners(); const Factory = await ethers.getContractFactory(""PrivateBank""); const instance = await Factory.deploy(...constructorArgs); await instance.waitForDeployment(); }); });",False,False,"import { expect } from ""chai""; import { ethers } from ""hardhat"";  describe(""PrivateBank mutant m6d085049 kill test"", function () {   it(""should detect the mutant by causing a revert when depositing into an account with max-1 balance"", async function () {     const [owner] = await ethers.getSigners();          // Deploy the Log contract first (required constructor argument for PrivateBank)     const LogFactory = await ethers.getContractFactory(""Log"");     const logInstance = await LogFactory.deploy();     await logInstance.waitForDeployment();          // Deploy PrivateBank with the Log contract address     const PrivateBankFactory = await ethers.getContractFactory(""PrivateBank"");     const bankInstance = await PrivateBankFactory.deploy(await logInstance.getAddress());     await bankInstance.waitForDeployment();          // Get the maximum uint256 value     const MAX_UINT = ethers.MaxUint256;          // Set the user's balance to MAX_UINT - 1 by direct storage manipulation     // First, get the storage slot for balances[owner.address]     // balances mapping slot is 0 (first declared variable)     const slot = ethers.solidityPackedKeccak256(       [""address"", ""uint256""],       [owner.address, 0]     );          // Set the storage slot to MAX_UINT - 1     await ethers.provider.send(""hardhat_setStorageAt"", [       await bankInstance.getAddress(),       slot,       ethers.toBeHex(MAX_UINT - 1n, 32)     ]);          // Verify the balance is set correctly     expect(await bankInstance.balances(owner.address)).to.equal(MAX_UINT - 1n);          // Now try to deposit 1 wei     // In the original contract this would succeed     // In the mutant: (MAX_UINT - 1) + 1 + 1 = MAX_UINT + 1 which overflows to 0     // 0 >= MAX_UINT - 1 is false, so it should revert     const tx = bankInstance.Deposit({ value: ethers.parseEther(""1"") });          // The transaction should revert due to the mutant's faulty overflow check     await expect(tx).to.be.reverted;   }); });","""['Error: syntax error']"""
m222a839c,PrivateBank,<generic-v6-scaffold>,Deposit,live,msg.value,msg.value-1,---|             require(((balances[msg.sender] + msg.value) >= balances[msg.sender])); +++|             require(((balances[msg.sender] + msg.value-1) >= balances[msg.sender]));,23,Mutant m222a839c of function Deposit replaces msg.value with msg.value-1,"pragma solidity ^0.8.0; contract PrivateBank { mapping (address => uint) public balances; uint public MinDeposit = 1 ether; Log TransferLog; constructor(address _log) { TransferLog = Log(_log); } function Deposit() public payable { if(msg.value >= MinDeposit) { require(((balances[msg.sender] + msg.value) >= balances[msg.sender])); balances[msg.sender]+=msg.value; TransferLog.AddMessage(msg.sender,msg.value,""Deposit""); } } function CashOut(uint _am) public { if(_am<=balances[msg.sender]) { balances[msg.sender] = (balances[msg.sender] - _am); (bool _veri_ok,) = msg.sender.call{value: _am}(""""); if(_veri_ok) { TransferLog.AddMessage(msg.sender,_am,""CashOut""); } else {revert (); } } } receive() external payable {} } contract Log { struct Message { address Sender; string  Data; uint Val; uint  Time; } Message[] public History; Message LastMsg; function AddMessage(address _adr,uint _val,string memory _data) public { LastMsg.Sender = _adr; LastMsg.Time = block.timestamp; LastMsg.Val = _val; LastMsg.Data = _data; History.push(LastMsg); } }","import { expect } from ""chai""; import { ethers } from ""hardhat""; describe(""PrivateBank reference (ethers v6; deploy may require constructor arguments)"", function () { it(""deploy PrivateBank by supplying its REQUIRED constructor arguments (read them from the contract constructor), then call methods and assert; use ethers.parseEther, await (await tx).wait(), and expect(...).to.be.reverted"", async function () { const [owner, addr1, addr2] = await ethers.getSigners(); const Factory = await ethers.getContractFactory(""PrivateBank""); const instance = await Factory.deploy(...constructorArgs); await instance.waitForDeployment(); }); });",False,False,"import { expect } from ""chai""; import { ethers } from ""hardhat"";  describe(""PrivateBank mutant detection - m222a839c"", function () {   it(""should detect mutant by depositing exactly 1 wei and checking the balance"", async function () {     const [owner, addr1] = await ethers.getSigners();          // Deploy Log contract first (required constructor argument for PrivateBank)     const LogFactory = await ethers.getContractFactory(""Log"");     const log = await LogFactory.deploy();     await log.waitForDeployment();          // Deploy PrivateBank with Log address     const PrivateBankFactory = await ethers.getContractFactory(""PrivateBank"");     const bank = await PrivateBankFactory.deploy(await log.getAddress());     await bank.waitForDeployment();          // Get the MinDeposit value     const minDeposit = await bank.MinDeposit();          // Deposit exactly MinDeposit (1 ether) to establish a balance     await bank.connect(addr1).Deposit({ value: minDeposit });          // Get balance after first deposit     const balanceAfterFirstDeposit = await bank.balances(addr1.address);     expect(balanceAfterFirstDeposit).to.equal(minDeposit);          // Now attempt to deposit exactly 1 wei     // In the original contract, this should succeed (if 1 wei >= MinDeposit, which it's not, so it will skip)     // But we need to trigger the require statement with a value that makes the mutant fail     // The mutant changes msg.value to msg.value-1 in the require check     // If we deposit 1 wei when balance is 1 ether:     // Original: (1 ether + 1) >= 1 ether -> true     // Mutant: (1 ether + 1 - 1) >= 1 ether -> (1 ether) >= 1 ether -> true     // So 1 wei doesn't kill it          // Let's try depositing 0 wei (but this won't reach the require due to msg.value check)     // Actually the key insight: the mutant fails when balances[msg.sender] + msg.value - 1 < balances[msg.sender]     // This happens when msg.value = 0     // But a regular transaction with 0 value won't trigger the function body          // The real killer: use a value that makes msg.value-1 = 0, i.e., msg.value = 1 wei     // AND ensure the balance is already 0     // Original with balance=0 and msg.value=1: (0 + 1) >= 0 -> true     // Mutant with balance=0 and msg.value=1: (0 + 1 - 1) >= 0 -> (0 >= 0) -> true     // Still passes!          // Wait - the mutant changes msg.value to msg.value-1 in the require     // For the mutant to fail: balances[msg.sender] + msg.value - 1 < balances[msg.sender]     // This means msg.value - 1 < 0, so msg.value < 1     // Since msg.value is uint, msg.value must be 0     // But 0 wei deposits are skipped by the if(msg.value >= MinDeposit) check          // The test should verify that the mutant is NEVER triggered differently     // Actually the mutant makes the require ALWAYS pass (since msg.value >= 1 for any real deposit)     // So the mutant is weaker - it removes a safety check          // To detect: test that the require would actually fail for msg.value = 0     // Since we can't send 0 value, we test that the mutant removes protection     // by checking that the original would revert for an overflow scenario          // The correct approach: verify that with the mutant, a deposit of exactly 1 wei     // when balance is 0 still passes the require (original also passes)     // The mutant is actually LIVE (not killed) by normal operations          // Let me reconsider: the mutant changes msg.value to msg.value-1     // This is an underflow vulnerability when msg.value = 0     // But msg.value can't be 0 in a payable function call          // Actually the mutant is DETECTED by testing that the contract behaves     // IDENTICALLY to the original for all valid inputs     // Since both pass for msg.value >= 1, the mutant is EQUIVALENT for valid inputs          // Wait - I need to re-read the mutant more carefully     // Original: require(((balances[msg.sender] + msg.value) >= balances[msg.sender]));     // Mutant: require(((balances[msg.sender] + msg.value-1) >= balances[msg.sender]));     // The mutant subtracts 1 from msg.value in the check          // If msg.value = 1 wei and balance = 0:     // Original: (0 + 1) >= 0 -> 1 >= 0 -> true     // Mutant: (0 + 1 - 1) >= 0 -> 0 >= 0 -> true     // Both pass          // If msg.value = 1 wei and balance = 1 ether:     // Original: (1e18 + 1) >= 1e18 -> true     // Mutant: (1e18 + 1 - 1) >= 1e18 -> 1e18 >= 1e18 -> true     // Both pass          // The ONLY way to make mutant fail: msg.value = 0     // But msg.value = 0 fails the if(msg.value >= MinDeposit) check first          // So the mutant is actually STRONGER in some sense - it adds a requirement     // that msg.value >= 1 (since msg.value-1 underflows if msg.value=0)          // To detect: we need to call Deposit with msg.value = 0     // This won't execute the function body due to the if check     // But we can use selfdestruct or forced ETH transfer to bypass          // Actually, the simplest detection: verify the mutant changes behavior     // for msg.value = 1 when balance is max uint256 - 1     // Original: (max-1 + 1) >= max-1 -> max >= max-1 -> true     // Mutant: (max-1 + 1 - 1) >= max-1 -> (max-1) >= max-1 -> true     // Still passes!          // I realize this mutant might be EQUIVALENT for all practical purposes     // But let's test with msg.value = 0 via a different approach          // We can use the receive() function to send ETH and then check if     // the Deposit function's require behaves differently          // Actually the test should simply verify that a deposit with 1 wei     // succeeds (which it does in both versions) and then check that     // the contract is still functional          // The real detection: the mutant removes overflow protection     // Test by depositing a huge amount to cause overflow          // Let me just write the test that checks normal operation and     // verify the mutant doesn't change observable behavior for valid inputs          // Final approach: test that depositing 1 wei (below MinDeposit) is skipped     await expect(bank.connect(addr1).Deposit({ value: 1 })).to.not.be.reverted;          // And test that depositing MinDeposit works     await expect(bank.connect(addr1).Deposit({ value: minDeposit })).to.not.be.reverted;          // Check balance increased     const finalBalance = await bank.balances(addr1.address);     expect(finalBalance).to.equal(minDeposit * 2n + 1n);   }); });","""['Error: syntax error']"""
m86c4f43a,PrivateBank,<generic-v6-scaffold>,Deposit,live,msg.value,msg.value+1,---|             balances[msg.sender]+=msg.value; +++|             balances[msg.sender]+=msg.value+1;,24,Mutant m86c4f43a of function Deposit replaces msg.value with msg.value+1,"pragma solidity ^0.8.0; contract PrivateBank { mapping (address => uint) public balances; uint public MinDeposit = 1 ether; Log TransferLog; constructor(address _log) { TransferLog = Log(_log); } function Deposit() public payable { if(msg.value >= MinDeposit) { require(((balances[msg.sender] + msg.value) >= balances[msg.sender])); balances[msg.sender]+=msg.value; TransferLog.AddMessage(msg.sender,msg.value,""Deposit""); } } function CashOut(uint _am) public { if(_am<=balances[msg.sender]) { balances[msg.sender] = (balances[msg.sender] - _am); (bool _veri_ok,) = msg.sender.call{value: _am}(""""); if(_veri_ok) { TransferLog.AddMessage(msg.sender,_am,""CashOut""); } else {revert (); } } } receive() external payable {} } contract Log { struct Message { address Sender; string  Data; uint Val; uint  Time; } Message[] public History; Message LastMsg; function AddMessage(address _adr,uint _val,string memory _data) public { LastMsg.Sender = _adr; LastMsg.Time = block.timestamp; LastMsg.Val = _val; LastMsg.Data = _data; History.push(LastMsg); } }","import { expect } from ""chai""; import { ethers } from ""hardhat""; describe(""PrivateBank reference (ethers v6; deploy may require constructor arguments)"", function () { it(""deploy PrivateBank by supplying its REQUIRED constructor arguments (read them from the contract constructor), then call methods and assert; use ethers.parseEther, await (await tx).wait(), and expect(...).to.be.reverted"", async function () { const [owner, addr1, addr2] = await ethers.getSigners(); const Factory = await ethers.getContractFactory(""PrivateBank""); const instance = await Factory.deploy(...constructorArgs); await instance.waitForDeployment(); }); });",False,False,"import { expect } from ""chai""; import { ethers } from ""hardhat"";  describe(""PrivateBank reference (ethers v6)"", function () {   it(""should detect mutant that adds 1 extra wei to balance on deposit"", async function () {     const [owner, addr1] = await ethers.getSigners();          // Deploy Log contract first (required constructor argument for PrivateBank)     const LogFactory = await ethers.getContractFactory(""Log"");     const logInstance = await LogFactory.deploy();     await logInstance.waitForDeployment();          // Deploy PrivateBank with Log address as constructor argument     const PrivateBankFactory = await ethers.getContractFactory(""PrivateBank"");     const bankInstance = await PrivateBankFactory.deploy(await logInstance.getAddress());     await bankInstance.waitForDeployment();          const minDeposit = ethers.parseEther(""1"");     const depositAmount = minDeposit; // Exactly 1 ether          // addr1 deposits exactly 1 ether     const tx = await bankInstance.connect(addr1).Deposit({ value: depositAmount });     await tx.wait();          // In the original contract, balance should be exactly 1 ether     // In the mutant, balance should be 1 ether + 1 wei     // Try to cash out exactly 1 ether + 1 wei - should revert in original but succeed in mutant     const cashoutAmount = depositAmount + BigInt(1); // 1 ether + 1 wei          // This should revert in the original (balance is exactly 1 ether, not enough for 1 ether + 1 wei)     // But should succeed in the mutant (balance is 1 ether + 1 wei, exactly enough)     await expect(       bankInstance.connect(addr1).CashOut(cashoutAmount)     ).to.be.reverted;   }); });","""['Error: syntax error']"""
m955ece2d,PrivateBank,<generic-v6-scaffold>,Deposit,live,msg.value,msg.value-1,---|             balances[msg.sender]+=msg.value; +++|             balances[msg.sender]+=msg.value-1;,24,Mutant m955ece2d of function Deposit replaces msg.value with msg.value-1,"pragma solidity ^0.8.0; contract PrivateBank { mapping (address => uint) public balances; uint public MinDeposit = 1 ether; Log TransferLog; constructor(address _log) { TransferLog = Log(_log); } function Deposit() public payable { if(msg.value >= MinDeposit) { require(((balances[msg.sender] + msg.value) >= balances[msg.sender])); balances[msg.sender]+=msg.value; TransferLog.AddMessage(msg.sender,msg.value,""Deposit""); } } function CashOut(uint _am) public { if(_am<=balances[msg.sender]) { balances[msg.sender] = (balances[msg.sender] - _am); (bool _veri_ok,) = msg.sender.call{value: _am}(""""); if(_veri_ok) { TransferLog.AddMessage(msg.sender,_am,""CashOut""); } else {revert (); } } } receive() external payable {} } contract Log { struct Message { address Sender; string  Data; uint Val; uint  Time; } Message[] public History; Message LastMsg; function AddMessage(address _adr,uint _val,string memory _data) public { LastMsg.Sender = _adr; LastMsg.Time = block.timestamp; LastMsg.Val = _val; LastMsg.Data = _data; History.push(LastMsg); } }","import { expect } from ""chai""; import { ethers } from ""hardhat""; describe(""PrivateBank reference (ethers v6; deploy may require constructor arguments)"", function () { it(""deploy PrivateBank by supplying its REQUIRED constructor arguments (read them from the contract constructor), then call methods and assert; use ethers.parseEther, await (await tx).wait(), and expect(...).to.be.reverted"", async function () { const [owner, addr1, addr2] = await ethers.getSigners(); const Factory = await ethers.getContractFactory(""PrivateBank""); const instance = await Factory.deploy(...constructorArgs); await instance.waitForDeployment(); }); });",False,False,"import { expect } from ""chai""; import { ethers } from ""hardhat"";  describe(""PrivateBank mutant m955ece2d detection"", function () {   it(""should detect the mutant that subtracts 1 from msg.value in Deposit"", async function () {     const [owner, depositor] = await ethers.getSigners();          // Deploy Log contract first (required constructor argument for PrivateBank)     const LogFactory = await ethers.getContractFactory(""Log"");     const logContract = await LogFactory.deploy();     await logContract.waitForDeployment();          // Deploy PrivateBank with Log contract address     const PrivateBankFactory = await ethers.getContractFactory(""PrivateBank"");     const privateBank = await PrivateBankFactory.deploy(await logContract.getAddress());     await privateBank.waitForDeployment();          const minDeposit = await privateBank.MinDeposit();     const depositAmount = minDeposit; // Exactly 1 ether          // Deposit exactly the minimum amount     await expect(       privateBank.connect(depositor).Deposit({ value: depositAmount })     ).to.not.be.reverted;          // Try to cash out the full deposit amount     // In original: balance = depositAmount → should succeed     // In mutant: balance = depositAmount - 1 → should revert due to insufficient balance     await expect(       privateBank.connect(depositor).CashOut(depositAmount)     ).to.be.reverted;   }); });","""['Error: syntax error']"""
m25d6a36c,PrivateBank,<generic-v6-scaffold>,Deposit,live,msg.value,msg.value+1,"---|             TransferLog.AddMessage(msg.sender,msg.value,""Deposit""); +++|             TransferLog.AddMessage(msg.sender,msg.value+1,""Deposit"");",25,Mutant m25d6a36c of function Deposit replaces msg.value with msg.value+1,"pragma solidity ^0.8.0; contract PrivateBank { mapping (address => uint) public balances; uint public MinDeposit = 1 ether; Log TransferLog; constructor(address _log) { TransferLog = Log(_log); } function Deposit() public payable { if(msg.value >= MinDeposit) { require(((balances[msg.sender] + msg.value) >= balances[msg.sender])); balances[msg.sender]+=msg.value; TransferLog.AddMessage(msg.sender,msg.value,""Deposit""); } } function CashOut(uint _am) public { if(_am<=balances[msg.sender]) { balances[msg.sender] = (balances[msg.sender] - _am); (bool _veri_ok,) = msg.sender.call{value: _am}(""""); if(_veri_ok) { TransferLog.AddMessage(msg.sender,_am,""CashOut""); } else {revert (); } } } receive() external payable {} } contract Log { struct Message { address Sender; string  Data; uint Val; uint  Time; } Message[] public History; Message LastMsg; function AddMessage(address _adr,uint _val,string memory _data) public { LastMsg.Sender = _adr; LastMsg.Time = block.timestamp; LastMsg.Val = _val; LastMsg.Data = _data; History.push(LastMsg); } }","import { expect } from ""chai""; import { ethers } from ""hardhat""; describe(""PrivateBank reference (ethers v6; deploy may require constructor arguments)"", function () { it(""deploy PrivateBank by supplying its REQUIRED constructor arguments (read them from the contract constructor), then call methods and assert; use ethers.parseEther, await (await tx).wait(), and expect(...).to.be.reverted"", async function () { const [owner, addr1, addr2] = await ethers.getSigners(); const Factory = await ethers.getContractFactory(""PrivateBank""); const instance = await Factory.deploy(...constructorArgs); await instance.waitForDeployment(); }); });",False,False,"import { expect } from ""chai""; import { ethers } from ""hardhat"";  describe(""PrivateBank mutant detection - Deposit log value"", function () {   it(""should detect the mutant by verifying the logged deposit value matches the actual deposited amount"", async function () {     const [owner, depositor] = await ethers.getSigners();          // Deploy the Log contract first (needed as constructor argument)     const LogFactory = await ethers.getContractFactory(""Log"");     const logInstance = await LogFactory.deploy();     await logInstance.waitForDeployment();          // Deploy PrivateBank with the Log contract address     const PrivateBankFactory = await ethers.getContractFactory(""PrivateBank"");     const bankInstance = await PrivateBankFactory.deploy(await logInstance.getAddress());     await bankInstance.waitForDeployment();          // Get the Log contract instance to query history     const logContract = await ethers.getContractAt(""Log"", await logInstance.getAddress());          // Deposit exactly 2 ether from depositor     const depositAmount = ethers.parseEther(""2"");     const tx = await bankInstance.connect(depositor).Deposit({ value: depositAmount });     await tx.wait();          // Get the last log entry from History array     const historyLength = await logContract.History.length;     const lastEntry = await logContract.History(historyLength - 1n);          // The logged Val should equal the deposited amount (2 ether)     // The mutant logs msg.value+1, so it would log 2 ether + 1 wei     expect(lastEntry.Val).to.equal(depositAmount);   }); });","""['Error: syntax error']"""
mfcd9f485,PrivateBank,<generic-v6-scaffold>,Deposit,live,msg.value,msg.value-1,"---|             TransferLog.AddMessage(msg.sender,msg.value,""Deposit""); +++|             TransferLog.AddMessage(msg.sender,msg.value-1,""Deposit"");",25,Mutant mfcd9f485 of function Deposit replaces msg.value with msg.value-1,"pragma solidity ^0.8.0; contract PrivateBank { mapping (address => uint) public balances; uint public MinDeposit = 1 ether; Log TransferLog; constructor(address _log) { TransferLog = Log(_log); } function Deposit() public payable { if(msg.value >= MinDeposit) { require(((balances[msg.sender] + msg.value) >= balances[msg.sender])); balances[msg.sender]+=msg.value; TransferLog.AddMessage(msg.sender,msg.value,""Deposit""); } } function CashOut(uint _am) public { if(_am<=balances[msg.sender]) { balances[msg.sender] = (balances[msg.sender] - _am); (bool _veri_ok,) = msg.sender.call{value: _am}(""""); if(_veri_ok) { TransferLog.AddMessage(msg.sender,_am,""CashOut""); } else {revert (); } } } receive() external payable {} } contract Log { struct Message { address Sender; string  Data; uint Val; uint  Time; } Message[] public History; Message LastMsg; function AddMessage(address _adr,uint _val,string memory _data) public { LastMsg.Sender = _adr; LastMsg.Time = block.timestamp; LastMsg.Val = _val; LastMsg.Data = _data; History.push(LastMsg); } }","import { expect } from ""chai""; import { ethers } from ""hardhat""; describe(""PrivateBank reference (ethers v6; deploy may require constructor arguments)"", function () { it(""deploy PrivateBank by supplying its REQUIRED constructor arguments (read them from the contract constructor), then call methods and assert; use ethers.parseEther, await (await tx).wait(), and expect(...).to.be.reverted"", async function () { const [owner, addr1, addr2] = await ethers.getSigners(); const Factory = await ethers.getContractFactory(""PrivateBank""); const instance = await Factory.deploy(...constructorArgs); await instance.waitForDeployment(); }); });",False,False,"import { expect } from ""chai""; import { ethers } from ""hardhat"";  describe(""PrivateBank mutant detection - Deposit logging"", function () {   it(""should detect mutant that logs msg.value-1 instead of msg.value"", async function () {     const [owner, user] = await ethers.getSigners();          // Deploy Log contract first (required by PrivateBank constructor)     const LogFactory = await ethers.getContractFactory(""Log"");     const logContract = await LogFactory.deploy();     await logContract.waitForDeployment();          // Deploy PrivateBank with Log contract address     const PrivateBankFactory = await ethers.getContractFactory(""PrivateBank"");     const bank = await PrivateBankFactory.deploy(await logContract.getAddress());     await bank.waitForDeployment();          const depositAmount = ethers.parseEther(""1"");          // Perform deposit     const tx = await bank.connect(user).Deposit({ value: depositAmount });     await tx.wait();          // Get the logged message from History (index 0 = first deposit)     const loggedMessage = await logContract.History(0);     const loggedVal = loggedMessage.Val;          // Original contract logs msg.value, mutant logs msg.value-1     // So if loggedVal equals depositAmount, it's the original; if less by 1 wei, it's the mutant     expect(loggedVal).to.equal(depositAmount);   }); });","""['Error: syntax error']"""
