Mutant_id,Contract_id,Test_id,Function_name,Status,Original,Replacement,Diff,StartLine,Details,Contract_Context,Test_Context,Test_Generated,KilledByLLM,Generated_test,Test_errors
m76902ac8,PredictTheBlockHashChallenge,<generic-v6-scaffold>,constructor,killed, == , <= ,---|         require(msg.value == 1 ether); +++|         require(msg.value <= 1 ether);,14,Mutant m76902ac8 of function constructor replaces == with <=,pragma solidity ^0.8.0; contract PredictTheBlockHashChallenge { struct guess { uint block; bytes32 guess; } mapping(address => guess) guesses; constructor() public payable { require(msg.value == 1 ether); } function lockInGuess(bytes32 hash) public payable { require(guesses[msg.sender].block == 0); require(msg.value == 1 ether); guesses[msg.sender].guess = hash; guesses[msg.sender].block = block.number + 1; } function settle() public { require(guesses[msg.sender].block != 0); require(block.number > guesses[msg.sender].block); bytes32 answer = blockhash(guesses[msg.sender].block); guesses[msg.sender].block = 0; if (answer != 0 && guesses[msg.sender].guess == answer) { payable(msg.sender).transfer(2 ether); } } },"import { expect } from ""chai""; import { ethers } from ""hardhat""; describe(""PredictTheBlockHashChallenge reference (ethers v6; deploy may require constructor arguments)"", function () { it(""deploy PredictTheBlockHashChallenge by supplying its REQUIRED constructor arguments (read them from the contract constructor), then call methods and assert; use ethers.parseEther, await (await tx).wait(), and expect(...).to.be.reverted"", async function () { const [owner, addr1, addr2] = await ethers.getSigners(); const Factory = await ethers.getContractFactory(""PredictTheBlockHashChallenge""); const instance = await Factory.deploy(...constructorArgs); await instance.waitForDeployment(); }); });",False,True,"import { expect } from ""chai""; import { ethers } from ""hardhat"";  describe(""PredictTheBlockHashChallenge mutant test - constructor value check"", function () {   it(""should revert when deploying with less than 1 ether, killing the mutant that uses <="", async function () {     const [owner] = await ethers.getSigners();     const Factory = await ethers.getContractFactory(""PredictTheBlockHashChallenge"");          // Deploy with only 0.5 ether - this should revert on original (requires == 1 ether)     // but would succeed on mutant (requires <= 1 ether)     await expect(       Factory.deploy({ value: ethers.parseEther(""0.5"") })     ).to.be.reverted;   }); });",compiled correctly
m547448e7,PredictTheBlockHashChallenge,<generic-v6-scaffold>,constructor,live, == , >= ,---|         require(msg.value == 1 ether); +++|         require(msg.value >= 1 ether);,14,Mutant m547448e7 of function constructor replaces == with >=,pragma solidity ^0.8.0; contract PredictTheBlockHashChallenge { struct guess { uint block; bytes32 guess; } mapping(address => guess) guesses; constructor() public payable { require(msg.value == 1 ether); } function lockInGuess(bytes32 hash) public payable { require(guesses[msg.sender].block == 0); require(msg.value == 1 ether); guesses[msg.sender].guess = hash; guesses[msg.sender].block = block.number + 1; } function settle() public { require(guesses[msg.sender].block != 0); require(block.number > guesses[msg.sender].block); bytes32 answer = blockhash(guesses[msg.sender].block); guesses[msg.sender].block = 0; if (answer != 0 && guesses[msg.sender].guess == answer) { payable(msg.sender).transfer(2 ether); } } },"import { expect } from ""chai""; import { ethers } from ""hardhat""; describe(""PredictTheBlockHashChallenge reference (ethers v6; deploy may require constructor arguments)"", function () { it(""deploy PredictTheBlockHashChallenge by supplying its REQUIRED constructor arguments (read them from the contract constructor), then call methods and assert; use ethers.parseEther, await (await tx).wait(), and expect(...).to.be.reverted"", async function () { const [owner, addr1, addr2] = await ethers.getSigners(); const Factory = await ethers.getContractFactory(""PredictTheBlockHashChallenge""); const instance = await Factory.deploy(...constructorArgs); await instance.waitForDeployment(); }); });",False,False,"import { expect } from ""chai""; import { ethers } from ""hardhat"";  describe(""PredictTheBlockHashChallenge mutant m547448e7"", function () {   it(""should revert when deploying with exactly 1 ether (original behavior) - mutant allows >= so deploy with 2 ether should succeed when it should revert"", async function () {     const [owner] = await ethers.getSigners();     const Factory = await ethers.getContractFactory(""PredictTheBlockHashChallenge"");          // Deploy with 2 ether - should revert on original but succeed on mutant     const tx = Factory.deploy({ value: ethers.parseEther(""2"") });     await expect(tx).to.be.revertedWith(""""); // Original reverts, mutant passes => test kills mutant   }); });","""['Error: syntax error']"""
md5e14906,PredictTheBlockHashChallenge,<generic-v6-scaffold>,constructor,live, == , != ,---|         require(msg.value == 1 ether); +++|         require(msg.value != 1 ether);,14,Mutant md5e14906 of function constructor replaces == with !=,pragma solidity ^0.8.0; contract PredictTheBlockHashChallenge { struct guess { uint block; bytes32 guess; } mapping(address => guess) guesses; constructor() public payable { require(msg.value == 1 ether); } function lockInGuess(bytes32 hash) public payable { require(guesses[msg.sender].block == 0); require(msg.value == 1 ether); guesses[msg.sender].guess = hash; guesses[msg.sender].block = block.number + 1; } function settle() public { require(guesses[msg.sender].block != 0); require(block.number > guesses[msg.sender].block); bytes32 answer = blockhash(guesses[msg.sender].block); guesses[msg.sender].block = 0; if (answer != 0 && guesses[msg.sender].guess == answer) { payable(msg.sender).transfer(2 ether); } } },"import { expect } from ""chai""; import { ethers } from ""hardhat""; describe(""PredictTheBlockHashChallenge reference (ethers v6; deploy may require constructor arguments)"", function () { it(""deploy PredictTheBlockHashChallenge by supplying its REQUIRED constructor arguments (read them from the contract constructor), then call methods and assert; use ethers.parseEther, await (await tx).wait(), and expect(...).to.be.reverted"", async function () { const [owner, addr1, addr2] = await ethers.getSigners(); const Factory = await ethers.getContractFactory(""PredictTheBlockHashChallenge""); const instance = await Factory.deploy(...constructorArgs); await instance.waitForDeployment(); }); });",False,False,"import { expect } from ""chai""; import { ethers } from ""hardhat"";  describe(""PredictTheBlockHashChallenge mutant detection"", function () {   it(""should detect constructor mutant that changes == to !="", async function () {     const [owner] = await ethers.getSigners();     const Factory = await ethers.getContractFactory(""PredictTheBlockHashChallenge"");          // Original contract requires msg.value == 1 ether, mutant requires msg.value != 1 ether     // Deploy with exactly 1 ether - should succeed on original but fail on mutant     await expect(       Factory.deploy({ value: ethers.parseEther(""1"") })     ).to.be.reverted;   }); });","""['Error: syntax error']"""
m9752078e,PredictTheBlockHashChallenge,<generic-v6-scaffold>,lockInGuess,live, == , != ,---|         require(guesses[msg.sender].block == 0); +++|         require(guesses[msg.sender].block != 0);,18,Mutant m9752078e of function lockInGuess replaces == with !=,pragma solidity ^0.8.0; contract PredictTheBlockHashChallenge { struct guess { uint block; bytes32 guess; } mapping(address => guess) guesses; constructor() public payable { require(msg.value == 1 ether); } function lockInGuess(bytes32 hash) public payable { require(guesses[msg.sender].block == 0); require(msg.value == 1 ether); guesses[msg.sender].guess = hash; guesses[msg.sender].block = block.number + 1; } function settle() public { require(guesses[msg.sender].block != 0); require(block.number > guesses[msg.sender].block); bytes32 answer = blockhash(guesses[msg.sender].block); guesses[msg.sender].block = 0; if (answer != 0 && guesses[msg.sender].guess == answer) { payable(msg.sender).transfer(2 ether); } } },"import { expect } from ""chai""; import { ethers } from ""hardhat""; describe(""PredictTheBlockHashChallenge reference (ethers v6; deploy may require constructor arguments)"", function () { it(""deploy PredictTheBlockHashChallenge by supplying its REQUIRED constructor arguments (read them from the contract constructor), then call methods and assert; use ethers.parseEther, await (await tx).wait(), and expect(...).to.be.reverted"", async function () { const [owner, addr1, addr2] = await ethers.getSigners(); const Factory = await ethers.getContractFactory(""PredictTheBlockHashChallenge""); const instance = await Factory.deploy(...constructorArgs); await instance.waitForDeployment(); }); });",False,False,"import { expect } from ""chai""; import { ethers } from ""hardhat"";  describe(""PredictTheBlockHashChallenge mutant test"", function () {   it(""should allow first-time caller to lockInGuess in original, but mutant should revert"", async function () {     const [owner, addr1] = await ethers.getSigners();     const Factory = await ethers.getContractFactory(""PredictTheBlockHashChallenge"");     const instance = await Factory.deploy({ value: ethers.parseEther(""1"") });     await instance.waitForDeployment();      const hashToGuess = ethers.keccak256(ethers.toUtf8Bytes(""test""));      // First-time caller addr1 attempts to lockInGuess     // Original: should succeed because guesses[addr1].block == 0     // Mutant: should revert because require(guesses[addr1].block != 0) fails (it IS 0)     await expect(       instance.connect(addr1).lockInGuess(hashToGuess, { value: ethers.parseEther(""1"") })     ).to.be.reverted;   }); });","""['Error: syntax error']"""
mba599e32,PredictTheBlockHashChallenge,<generic-v6-scaffold>,lockInGuess,live, == , <= ,---|         require(msg.value == 1 ether); +++|         require(msg.value <= 1 ether);,19,Mutant mba599e32 of function lockInGuess replaces == with <=,pragma solidity ^0.8.0; contract PredictTheBlockHashChallenge { struct guess { uint block; bytes32 guess; } mapping(address => guess) guesses; constructor() public payable { require(msg.value == 1 ether); } function lockInGuess(bytes32 hash) public payable { require(guesses[msg.sender].block == 0); require(msg.value == 1 ether); guesses[msg.sender].guess = hash; guesses[msg.sender].block = block.number + 1; } function settle() public { require(guesses[msg.sender].block != 0); require(block.number > guesses[msg.sender].block); bytes32 answer = blockhash(guesses[msg.sender].block); guesses[msg.sender].block = 0; if (answer != 0 && guesses[msg.sender].guess == answer) { payable(msg.sender).transfer(2 ether); } } },"import { expect } from ""chai""; import { ethers } from ""hardhat""; describe(""PredictTheBlockHashChallenge reference (ethers v6; deploy may require constructor arguments)"", function () { it(""deploy PredictTheBlockHashChallenge by supplying its REQUIRED constructor arguments (read them from the contract constructor), then call methods and assert; use ethers.parseEther, await (await tx).wait(), and expect(...).to.be.reverted"", async function () { const [owner, addr1, addr2] = await ethers.getSigners(); const Factory = await ethers.getContractFactory(""PredictTheBlockHashChallenge""); const instance = await Factory.deploy(...constructorArgs); await instance.waitForDeployment(); }); });",False,False,"import { expect } from ""chai""; import { ethers } from ""hardhat"";  describe(""PredictTheBlockHashChallenge mutant mba599e32 test"", function () {   it(""should revert when lockInGuess is called with msg.value less than 1 ether"", async function () {     const [owner, addr1] = await ethers.getSigners();     const Factory = await ethers.getContractFactory(""PredictTheBlockHashChallenge"");     const instance = await Factory.deploy({ value: ethers.parseEther(""1"") });     await instance.waitForDeployment();      const hashToGuess = ethers.keccak256(ethers.toUtf8Bytes(""test""));          // Attempt to lock in a guess with only 0.5 ether - should revert in original     await expect(       instance.connect(addr1).lockInGuess(hashToGuess, { value: ethers.parseEther(""0.5"") })     ).to.be.reverted;   }); });","""['Error: syntax error']"""
m17725045,PredictTheBlockHashChallenge,<generic-v6-scaffold>,lockInGuess,live, == , >= ,---|         require(msg.value == 1 ether); +++|         require(msg.value >= 1 ether);,19,Mutant m17725045 of function lockInGuess replaces == with >=,pragma solidity ^0.8.0; contract PredictTheBlockHashChallenge { struct guess { uint block; bytes32 guess; } mapping(address => guess) guesses; constructor() public payable { require(msg.value == 1 ether); } function lockInGuess(bytes32 hash) public payable { require(guesses[msg.sender].block == 0); require(msg.value == 1 ether); guesses[msg.sender].guess = hash; guesses[msg.sender].block = block.number + 1; } function settle() public { require(guesses[msg.sender].block != 0); require(block.number > guesses[msg.sender].block); bytes32 answer = blockhash(guesses[msg.sender].block); guesses[msg.sender].block = 0; if (answer != 0 && guesses[msg.sender].guess == answer) { payable(msg.sender).transfer(2 ether); } } },"import { expect } from ""chai""; import { ethers } from ""hardhat""; describe(""PredictTheBlockHashChallenge reference (ethers v6; deploy may require constructor arguments)"", function () { it(""deploy PredictTheBlockHashChallenge by supplying its REQUIRED constructor arguments (read them from the contract constructor), then call methods and assert; use ethers.parseEther, await (await tx).wait(), and expect(...).to.be.reverted"", async function () { const [owner, addr1, addr2] = await ethers.getSigners(); const Factory = await ethers.getContractFactory(""PredictTheBlockHashChallenge""); const instance = await Factory.deploy(...constructorArgs); await instance.waitForDeployment(); }); });",False,False,"import { expect } from ""chai""; import { ethers } } from ""hardhat"";  describe(""PredictTheBlockHashChallenge mutant detection"", function () {   it(""should revert when sending more than 1 ether to lockInGuess"", async function () {     const [owner] = await ethers.getSigners();     const Factory = await ethers.getContractFactory(""PredictTheBlockHashChallenge"");     const instance = await Factory.deploy({ value: ethers.parseEther(""1"") });     await instance.waitForDeployment();      // Attempt to lock in a guess with 2 ether instead of exactly 1 ether     const dummyHash = ethers.keccak256(ethers.toUtf8Bytes(""test""));     await expect(       instance.connect(owner).lockInGuess(dummyHash, { value: ethers.parseEther(""2"") })     ).to.be.reverted;   }); });","""['Error: syntax error']"""
me2432ecd,PredictTheBlockHashChallenge,<generic-v6-scaffold>,lockInGuess,live, == , != ,---|         require(msg.value == 1 ether); +++|         require(msg.value != 1 ether);,19,Mutant me2432ecd of function lockInGuess replaces == with !=,pragma solidity ^0.8.0; contract PredictTheBlockHashChallenge { struct guess { uint block; bytes32 guess; } mapping(address => guess) guesses; constructor() public payable { require(msg.value == 1 ether); } function lockInGuess(bytes32 hash) public payable { require(guesses[msg.sender].block == 0); require(msg.value == 1 ether); guesses[msg.sender].guess = hash; guesses[msg.sender].block = block.number + 1; } function settle() public { require(guesses[msg.sender].block != 0); require(block.number > guesses[msg.sender].block); bytes32 answer = blockhash(guesses[msg.sender].block); guesses[msg.sender].block = 0; if (answer != 0 && guesses[msg.sender].guess == answer) { payable(msg.sender).transfer(2 ether); } } },"import { expect } from ""chai""; import { ethers } from ""hardhat""; describe(""PredictTheBlockHashChallenge reference (ethers v6; deploy may require constructor arguments)"", function () { it(""deploy PredictTheBlockHashChallenge by supplying its REQUIRED constructor arguments (read them from the contract constructor), then call methods and assert; use ethers.parseEther, await (await tx).wait(), and expect(...).to.be.reverted"", async function () { const [owner, addr1, addr2] = await ethers.getSigners(); const Factory = await ethers.getContractFactory(""PredictTheBlockHashChallenge""); const instance = await Factory.deploy(...constructorArgs); await instance.waitForDeployment(); }); });",False,False,"import { expect } from ""chai""; import { ethers } from ""hardhat"";  describe(""PredictTheBlockHashChallenge mutant detection"", function () {   it(""should kill mutant me2432ecd by calling lockInGuess with exactly 1 ether and expecting success"", async function () {     const [owner] = await ethers.getSigners();     const Factory = await ethers.getContractFactory(""PredictTheBlockHashChallenge"");     const instance = await Factory.deploy({ value: ethers.parseEther(""1"") });     await instance.waitForDeployment();      const hash = ethers.keccak256(ethers.toUtf8Bytes(""test""));          // This should succeed on the original but fail on the mutant (mutant requires msg.value != 1 ether)     await expect(       instance.connect(owner).lockInGuess(hash, { value: ethers.parseEther(""1"") })     ).to.not.be.reverted;   }); });","""['Error: syntax error']"""
m49c0eb3e,PredictTheBlockHashChallenge,<generic-v6-scaffold>,lockInGuess,live, + , - ,---|         guesses[msg.sender].block = block.number + 1; +++|         guesses[msg.sender].block = block.number - 1;,22,Mutant m49c0eb3e of function lockInGuess replaces + with -,pragma solidity ^0.8.0; contract PredictTheBlockHashChallenge { struct guess { uint block; bytes32 guess; } mapping(address => guess) guesses; constructor() public payable { require(msg.value == 1 ether); } function lockInGuess(bytes32 hash) public payable { require(guesses[msg.sender].block == 0); require(msg.value == 1 ether); guesses[msg.sender].guess = hash; guesses[msg.sender].block = block.number + 1; } function settle() public { require(guesses[msg.sender].block != 0); require(block.number > guesses[msg.sender].block); bytes32 answer = blockhash(guesses[msg.sender].block); guesses[msg.sender].block = 0; if (answer != 0 && guesses[msg.sender].guess == answer) { payable(msg.sender).transfer(2 ether); } } },"import { expect } from ""chai""; import { ethers } from ""hardhat""; describe(""PredictTheBlockHashChallenge reference (ethers v6; deploy may require constructor arguments)"", function () { it(""deploy PredictTheBlockHashChallenge by supplying its REQUIRED constructor arguments (read them from the contract constructor), then call methods and assert; use ethers.parseEther, await (await tx).wait(), and expect(...).to.be.reverted"", async function () { const [owner, addr1, addr2] = await ethers.getSigners(); const Factory = await ethers.getContractFactory(""PredictTheBlockHashChallenge""); const instance = await Factory.deploy(...constructorArgs); await instance.waitForDeployment(); }); });",False,False,"import { expect } from ""chai""; import { ethers } from ""hardhat"";  describe(""PredictTheBlockHashChallenge mutant m49c0eb3e test"", function () {   it(""should detect the mutant by verifying lockInGuess stores block.number - 1 instead of block.number + 1"", async function () {     const [owner, addr1] = await ethers.getSigners();     const Factory = await ethers.getContractFactory(""PredictTheBlockHashChallenge"");     const instance = await Factory.deploy({ value: ethers.parseEther(""1"") });     await instance.waitForDeployment();      // Lock in a guess     const guessHash = ethers.keccak256(ethers.toUtf8Bytes(""test""));     const lockTx = await instance.connect(addr1).lockInGuess(guessHash, { value: ethers.parseEther(""1"") });     const lockReceipt = await lockTx.wait();     const lockBlockNumber = lockReceipt.blockNumber;      // Get the stored block from the contract     const storedGuess = await instance.guesses(addr1.address);     const storedBlock = storedGuess.block;      // In the original, storedBlock should be lockBlockNumber + 1     // In the mutant, storedBlock should be lockBlockNumber - 1     // We assert it is lockBlockNumber + 1; the mutant will fail this assertion     expect(storedBlock).to.equal(lockBlockNumber + 1);   }); });","""['Error: syntax error']"""
mfeda8edf,PredictTheBlockHashChallenge,<generic-v6-scaffold>,lockInGuess,live, + , * ,---|         guesses[msg.sender].block = block.number + 1; +++|         guesses[msg.sender].block = block.number * 1;,22,Mutant mfeda8edf of function lockInGuess replaces + with *,pragma solidity ^0.8.0; contract PredictTheBlockHashChallenge { struct guess { uint block; bytes32 guess; } mapping(address => guess) guesses; constructor() public payable { require(msg.value == 1 ether); } function lockInGuess(bytes32 hash) public payable { require(guesses[msg.sender].block == 0); require(msg.value == 1 ether); guesses[msg.sender].guess = hash; guesses[msg.sender].block = block.number + 1; } function settle() public { require(guesses[msg.sender].block != 0); require(block.number > guesses[msg.sender].block); bytes32 answer = blockhash(guesses[msg.sender].block); guesses[msg.sender].block = 0; if (answer != 0 && guesses[msg.sender].guess == answer) { payable(msg.sender).transfer(2 ether); } } },"import { expect } from ""chai""; import { ethers } from ""hardhat""; describe(""PredictTheBlockHashChallenge reference (ethers v6; deploy may require constructor arguments)"", function () { it(""deploy PredictTheBlockHashChallenge by supplying its REQUIRED constructor arguments (read them from the contract constructor), then call methods and assert; use ethers.parseEther, await (await tx).wait(), and expect(...).to.be.reverted"", async function () { const [owner, addr1, addr2] = await ethers.getSigners(); const Factory = await ethers.getContractFactory(""PredictTheBlockHashChallenge""); const instance = await Factory.deploy(...constructorArgs); await instance.waitForDeployment(); }); });",False,False,"import { expect } from ""chai""; import { ethers } from ""hardhat"";  describe(""PredictTheBlockHashChallenge mutant mfeda8edf test"", function () {   it(""should detect mutant by verifying lockInGuess stores block.number+1 not block.number*1"", async function () {     const [owner] = await ethers.getSigners();     const Factory = await ethers.getContractFactory(""PredictTheBlockHashChallenge"");     const instance = await Factory.deploy({ value: ethers.parseEther(""1"") });     await instance.waitForDeployment();      // Call lockInGuess in current block N     const currentBlock = await ethers.provider.getBlock(""latest"");     const blockNumber = currentBlock!.number;          const dummyHash = ethers.keccak256(ethers.toUtf8Bytes(""test""));     const tx = await instance.connect(owner).lockInGuess(dummyHash, { value: ethers.parseEther(""1"") });     const receipt = await tx.wait();          // Mine one more block so block.number > stored block     await ethers.provider.send(""evm_mine"", []);          // Now try to settle - in original, stored block = block.number+1 = N+1     // After mining one more block, block.number = N+2 > N+1, so settle should proceed     // In mutant, stored block = block.number*1 = N, and block.number = N+2 > N is true too     // But the answer will be blockhash(N) not blockhash(N+1)     // We can detect by checking that the guess is compared against wrong block hash          // Get the actual blockhash that would be used in original (N+1)     const expectedBlockHash = await ethers.provider.send(""eth_getBlockByNumber"", [       ""0x"" + (blockNumber + 1).toString(16),       false     ]).then((block: any) => block.hash);          // Get the blockhash that would be used in mutant (N)     const mutantBlockHash = await ethers.provider.send(""eth_getBlockByNumber"", [       ""0x"" + blockNumber.toString(16),       false     ]).then((block: any) => block.hash);          // Submit correct guess for original contract (block N+1 hash)     const tx2 = await instance.connect(owner).lockInGuess(expectedBlockHash, { value: ethers.parseEther(""1"") });     await tx2.wait();          // Mine to make block.number > stored block (which is now N+1+1 = N+2)     await ethers.provider.send(""evm_mine"", []);          // This should succeed on original but fail on mutant because mutant stored N*1=N     // and blockhash(N) != expectedBlockHash (hash of N+1)     await expect(instance.connect(owner).settle()).to.be.reverted;   }); });","""['Error: syntax error']"""
m761dc6e2,PredictTheBlockHashChallenge,<generic-v6-scaffold>,settle,live, != , == ,---|         require(guesses[msg.sender].block != 0); +++|         require(guesses[msg.sender].block == 0);,26,Mutant m761dc6e2 of function settle replaces != with ==,pragma solidity ^0.8.0; contract PredictTheBlockHashChallenge { struct guess { uint block; bytes32 guess; } mapping(address => guess) guesses; constructor() public payable { require(msg.value == 1 ether); } function lockInGuess(bytes32 hash) public payable { require(guesses[msg.sender].block == 0); require(msg.value == 1 ether); guesses[msg.sender].guess = hash; guesses[msg.sender].block = block.number + 1; } function settle() public { require(guesses[msg.sender].block != 0); require(block.number > guesses[msg.sender].block); bytes32 answer = blockhash(guesses[msg.sender].block); guesses[msg.sender].block = 0; if (answer != 0 && guesses[msg.sender].guess == answer) { payable(msg.sender).transfer(2 ether); } } },"import { expect } from ""chai""; import { ethers } from ""hardhat""; describe(""PredictTheBlockHashChallenge reference (ethers v6; deploy may require constructor arguments)"", function () { it(""deploy PredictTheBlockHashChallenge by supplying its REQUIRED constructor arguments (read them from the contract constructor), then call methods and assert; use ethers.parseEther, await (await tx).wait(), and expect(...).to.be.reverted"", async function () { const [owner, addr1, addr2] = await ethers.getSigners(); const Factory = await ethers.getContractFactory(""PredictTheBlockHashChallenge""); const instance = await Factory.deploy(...constructorArgs); await instance.waitForDeployment(); }); });",False,False,"import { expect } from ""chai""; import { ethers } from ""hardhat"";  describe(""PredictTheBlockHashChallenge mutant kill test"", function () {   it(""should kill mutant m761dc6e2 by calling lockInGuess then settle and expecting success on original but revert on mutant"", async function () {     const [owner, addr1] = await ethers.getSigners();     const Factory = await ethers.getContractFactory(""PredictTheBlockHashChallenge"");     const instance = await Factory.deploy({ value: ethers.parseEther(""1"") });     await instance.waitForDeployment();      // Lock in a guess for a future block     const guessHash = ethers.keccak256(ethers.toUtf8Bytes(""test""));     await instance.connect(addr1).lockInGuess(guessHash, { value: ethers.parseEther(""1"") });      // Mine enough blocks to satisfy the require(block.number > guesses[msg.sender].block)     // We need to advance at least 2 blocks from the current block     for (let i = 0; i < 3; i++) {       await ethers.provider.send(""evm_mine"", []);     }      // Attempt to settle - on the mutant this should revert because guesses[addr1].block != 0     // but the mutant requires it to be == 0     await expect(       instance.connect(addr1).settle()     ).to.be.reverted;   }); });","""['Error: syntax error']"""
mc8eaf088,PredictTheBlockHashChallenge,<generic-v6-scaffold>,settle,live, > , < ,---|         require(block.number > guesses[msg.sender].block); +++|         require(block.number < guesses[msg.sender].block);,27,Mutant mc8eaf088 of function settle replaces > with <,pragma solidity ^0.8.0; contract PredictTheBlockHashChallenge { struct guess { uint block; bytes32 guess; } mapping(address => guess) guesses; constructor() public payable { require(msg.value == 1 ether); } function lockInGuess(bytes32 hash) public payable { require(guesses[msg.sender].block == 0); require(msg.value == 1 ether); guesses[msg.sender].guess = hash; guesses[msg.sender].block = block.number + 1; } function settle() public { require(guesses[msg.sender].block != 0); require(block.number > guesses[msg.sender].block); bytes32 answer = blockhash(guesses[msg.sender].block); guesses[msg.sender].block = 0; if (answer != 0 && guesses[msg.sender].guess == answer) { payable(msg.sender).transfer(2 ether); } } },"import { expect } from ""chai""; import { ethers } from ""hardhat""; describe(""PredictTheBlockHashChallenge reference (ethers v6; deploy may require constructor arguments)"", function () { it(""deploy PredictTheBlockHashChallenge by supplying its REQUIRED constructor arguments (read them from the contract constructor), then call methods and assert; use ethers.parseEther, await (await tx).wait(), and expect(...).to.be.reverted"", async function () { const [owner, addr1, addr2] = await ethers.getSigners(); const Factory = await ethers.getContractFactory(""PredictTheBlockHashChallenge""); const instance = await Factory.deploy(...constructorArgs); await instance.waitForDeployment(); }); });",False,False,"import { expect } from ""chai""; import { ethers } from ""hardhat"";  describe(""PredictTheBlockHashChallenge mutant mc8eaf088 - detect reversed require condition"", function () {   it(""should revert when settling after target block has passed (mutant expects block.number < target)"", async function () {     const [owner] = await ethers.getSigners();     const Factory = await ethers.getContractFactory(""PredictTheBlockHashChallenge"");     const instance = await Factory.deploy({ value: ethers.parseEther(""1"") });     await instance.waitForDeployment();      const guessHash = ethers.keccak256(ethers.toUtf8Bytes(""test""));     const lockTx = await instance.lockInGuess(guessHash, { value: ethers.parseEther(""1"") });     await lockTx.wait();      // Wait for the target block (block.number + 1) to be in the past     const currentBlock = await ethers.provider.getBlockNumber();     const targetBlock = currentBlock + 1;     while ((await ethers.provider.getBlockNumber()) <= targetBlock) {       await ethers.provider.send(""evm_mine"", []);     }      // Original would succeed here, mutant should revert because block.number > targetBlock     await expect(instance.settle()).to.be.reverted;   }); });","""['Error: syntax error']"""
m8d485f63,PredictTheBlockHashChallenge,<generic-v6-scaffold>,settle,live, > , >=  ,---|         require(block.number > guesses[msg.sender].block); +++|         require(block.number >=  guesses[msg.sender].block);,27,Mutant m8d485f63 of function settle replaces > with >=,pragma solidity ^0.8.0; contract PredictTheBlockHashChallenge { struct guess { uint block; bytes32 guess; } mapping(address => guess) guesses; constructor() public payable { require(msg.value == 1 ether); } function lockInGuess(bytes32 hash) public payable { require(guesses[msg.sender].block == 0); require(msg.value == 1 ether); guesses[msg.sender].guess = hash; guesses[msg.sender].block = block.number + 1; } function settle() public { require(guesses[msg.sender].block != 0); require(block.number > guesses[msg.sender].block); bytes32 answer = blockhash(guesses[msg.sender].block); guesses[msg.sender].block = 0; if (answer != 0 && guesses[msg.sender].guess == answer) { payable(msg.sender).transfer(2 ether); } } },"import { expect } from ""chai""; import { ethers } from ""hardhat""; describe(""PredictTheBlockHashChallenge reference (ethers v6; deploy may require constructor arguments)"", function () { it(""deploy PredictTheBlockHashChallenge by supplying its REQUIRED constructor arguments (read them from the contract constructor), then call methods and assert; use ethers.parseEther, await (await tx).wait(), and expect(...).to.be.reverted"", async function () { const [owner, addr1, addr2] = await ethers.getSigners(); const Factory = await ethers.getContractFactory(""PredictTheBlockHashChallenge""); const instance = await Factory.deploy(...constructorArgs); await instance.waitForDeployment(); }); });",False,False,"import { expect } from ""chai""; import { ethers } } from ""hardhat"";  describe(""PredictTheBlockHashChallenge mutant detection"", function () {   it(""should revert when settling in the same block as the target block (kills mutant with >=)"", async function () {     const [owner] = await ethers.getSigners();     const Factory = await ethers.getContractFactory(""PredictTheBlockHashChallenge"");     const instance = await Factory.deploy({ value: ethers.parseEther(""1"") });     await instance.waitForDeployment();      // Lock in a guess for the next block     const dummyHash = ethers.keccak256(ethers.toUtf8Bytes(""test""));     const lockTx = await instance.lockInGuess(dummyHash, { value: ethers.parseEther(""1"") });     await lockTx.wait();      // Get the target block number     const targetBlock = (await ethers.provider.getBlock(""latest"")).number + 1;      // Mine a block so we are at the target block     await ethers.provider.send(""evm_mine"", []);      // Verify we are now at the target block     const currentBlock = await ethers.provider.getBlock(""latest"");     expect(currentBlock.number).to.equal(targetBlock);      // Attempt to settle - should revert because block.number >= targetBlock is too early     await expect(instance.settle()).to.be.reverted;   }); });","""['Error: syntax error']"""
mb1c2cac1,PredictTheBlockHashChallenge,<generic-v6-scaffold>,settle,live, && , || ,---|         if (answer != 0 && guesses[msg.sender].guess == answer) { +++|         if (answer != 0 || guesses[msg.sender].guess == answer) {,32,Mutant mb1c2cac1 of function settle replaces && with ||,pragma solidity ^0.8.0; contract PredictTheBlockHashChallenge { struct guess { uint block; bytes32 guess; } mapping(address => guess) guesses; constructor() public payable { require(msg.value == 1 ether); } function lockInGuess(bytes32 hash) public payable { require(guesses[msg.sender].block == 0); require(msg.value == 1 ether); guesses[msg.sender].guess = hash; guesses[msg.sender].block = block.number + 1; } function settle() public { require(guesses[msg.sender].block != 0); require(block.number > guesses[msg.sender].block); bytes32 answer = blockhash(guesses[msg.sender].block); guesses[msg.sender].block = 0; if (answer != 0 && guesses[msg.sender].guess == answer) { payable(msg.sender).transfer(2 ether); } } },"import { expect } from ""chai""; import { ethers } from ""hardhat""; describe(""PredictTheBlockHashChallenge reference (ethers v6; deploy may require constructor arguments)"", function () { it(""deploy PredictTheBlockHashChallenge by supplying its REQUIRED constructor arguments (read them from the contract constructor), then call methods and assert; use ethers.parseEther, await (await tx).wait(), and expect(...).to.be.reverted"", async function () { const [owner, addr1, addr2] = await ethers.getSigners(); const Factory = await ethers.getContractFactory(""PredictTheBlockHashChallenge""); const instance = await Factory.deploy(...constructorArgs); await instance.waitForDeployment(); }); });",False,False,"import { expect } from ""chai""; import { ethers } from ""hardhat"";  describe(""PredictTheBlockHashChallenge mutant detection"", function () {   it(""should kill mutant mb1c2cac1 by locking in an incorrect guess and settling when blockhash is non-zero"", async function () {     const [owner, attacker] = await ethers.getSigners();          // Deploy contract with 1 ether     const Factory = await ethers.getContractFactory(""PredictTheBlockHashChallenge"");     const instance = await Factory.deploy({ value: ethers.parseEther(""1"") });     await instance.waitForDeployment();          // Lock in a deliberately wrong guess (all zeros)     const wrongGuess = ethers.ZeroHash;     await instance.connect(attacker).lockInGuess(wrongGuess, { value: ethers.parseEther(""1"") });          // Mine enough blocks so that block.number > guesses[msg.sender].block     // The locked block is block.number + 1 at time of lockInGuess     // We need to mine at least 2 more blocks to satisfy block.number > targetBlock     await ethers.provider.send(""hardhat_mine"", [""0x2""]);          // Now settle - the blockhash should be non-zero (since we're within 256 blocks)     // In the original: condition is answer != 0 && guess == answer -> both must be true     // In the mutant: condition is answer != 0 || guess == answer -> only one needs to be true     // Since guess is wrong but answer is non-zero, mutant will pay out while original would not     const tx = instance.connect(attacker).settle();          // The original would revert or not transfer, but mutant transfers 2 ether     // We expect the transaction to succeed (mutant pays out incorrectly)     await expect(tx).to.changeEtherBalance(       attacker,       ethers.parseEther(""2""),       ""Mutant should incorrectly pay out 2 ether when guess is wrong but blockhash is non-zero""     );   }); });","""['Error: syntax error']"""
m3d23b206,PredictTheBlockHashChallenge,<generic-v6-scaffold>,settle,live, != , == ,---|         if (answer != 0 && guesses[msg.sender].guess == answer) { +++|         if (answer == 0 && guesses[msg.sender].guess == answer) {,32,Mutant m3d23b206 of function settle replaces != with ==,pragma solidity ^0.8.0; contract PredictTheBlockHashChallenge { struct guess { uint block; bytes32 guess; } mapping(address => guess) guesses; constructor() public payable { require(msg.value == 1 ether); } function lockInGuess(bytes32 hash) public payable { require(guesses[msg.sender].block == 0); require(msg.value == 1 ether); guesses[msg.sender].guess = hash; guesses[msg.sender].block = block.number + 1; } function settle() public { require(guesses[msg.sender].block != 0); require(block.number > guesses[msg.sender].block); bytes32 answer = blockhash(guesses[msg.sender].block); guesses[msg.sender].block = 0; if (answer != 0 && guesses[msg.sender].guess == answer) { payable(msg.sender).transfer(2 ether); } } },"import { expect } from ""chai""; import { ethers } from ""hardhat""; describe(""PredictTheBlockHashChallenge reference (ethers v6; deploy may require constructor arguments)"", function () { it(""deploy PredictTheBlockHashChallenge by supplying its REQUIRED constructor arguments (read them from the contract constructor), then call methods and assert; use ethers.parseEther, await (await tx).wait(), and expect(...).to.be.reverted"", async function () { const [owner, addr1, addr2] = await ethers.getSigners(); const Factory = await ethers.getContractFactory(""PredictTheBlockHashChallenge""); const instance = await Factory.deploy(...constructorArgs); await instance.waitForDeployment(); }); });",False,False,"import { expect } from ""chai""; import { ethers } from ""hardhat"";  describe(""PredictTheBlockHashChallenge mutant kill test"", function () {   it(""should kill mutant m3d23b206 by exploiting the == 0 condition change"", async function () {     const [owner, player] = await ethers.getSigners();          // Deploy the contract with 1 ether     const Factory = await ethers.getContractFactory(""PredictTheBlockHashChallenge"");     const instance = await Factory.deploy({ value: ethers.parseEther(""1"") });     await instance.waitForDeployment();      // Player locks in a guess of 0x0 for a block far in the future (>256 blocks ahead)     const lockTx = await instance.connect(player).lockInGuess(       ethers.ZeroHash,       { value: ethers.parseEther(""1"") }     );     await lockTx.wait();      // Get the target block number (block.number + 1 at time of lock)     const targetBlock = await ethers.provider.getBlockNumber();      // Mine enough blocks so the target block becomes unreachable (more than 256 blocks old)     const blocksToMine = 300;     for (let i = 0; i < blocksToMine; i++) {       await ethers.provider.send(""evm_mine"", []);     }      // Now settle - in the mutant, answer == 0 and guess == 0x0, so the condition becomes true     // and the contract would incorrectly try to transfer 2 ether, which should revert     // because the contract only has 1 ether (from deployment)     await expect(       instance.connect(player).settle()     ).to.be.reverted;   }); });","""['Error: syntax error']"""
m6fecb09c,PredictTheBlockHashChallenge,<generic-v6-scaffold>,settle,live, == , <= ,---|         if (answer != 0 && guesses[msg.sender].guess == answer) { +++|         if (answer != 0 && guesses[msg.sender].guess <= answer) {,32,Mutant m6fecb09c of function settle replaces == with <=,pragma solidity ^0.8.0; contract PredictTheBlockHashChallenge { struct guess { uint block; bytes32 guess; } mapping(address => guess) guesses; constructor() public payable { require(msg.value == 1 ether); } function lockInGuess(bytes32 hash) public payable { require(guesses[msg.sender].block == 0); require(msg.value == 1 ether); guesses[msg.sender].guess = hash; guesses[msg.sender].block = block.number + 1; } function settle() public { require(guesses[msg.sender].block != 0); require(block.number > guesses[msg.sender].block); bytes32 answer = blockhash(guesses[msg.sender].block); guesses[msg.sender].block = 0; if (answer != 0 && guesses[msg.sender].guess == answer) { payable(msg.sender).transfer(2 ether); } } },"import { expect } from ""chai""; import { ethers } from ""hardhat""; describe(""PredictTheBlockHashChallenge reference (ethers v6; deploy may require constructor arguments)"", function () { it(""deploy PredictTheBlockHashChallenge by supplying its REQUIRED constructor arguments (read them from the contract constructor), then call methods and assert; use ethers.parseEther, await (await tx).wait(), and expect(...).to.be.reverted"", async function () { const [owner, addr1, addr2] = await ethers.getSigners(); const Factory = await ethers.getContractFactory(""PredictTheBlockHashChallenge""); const instance = await Factory.deploy(...constructorArgs); await instance.waitForDeployment(); }); });",False,False,"import { expect } from ""chai""; import { ethers } from ""hardhat"";  describe(""PredictTheBlockHashChallenge mutant kill test"", function () {   it(""should kill mutant m6fecb09c by locking in a guess smaller than actual blockhash and expecting revert on settle"", async function () {     const [owner, player] = await ethers.getSigners();     const Factory = await ethers.getContractFactory(""PredictTheBlockHashChallenge"");     const instance = await Factory.deploy({ value: ethers.parseEther(""1"") });     await instance.waitForDeployment();      // Player locks in a guess of zero (which will be <= any non-zero blockhash)     await instance.connect(player).lockInGuess(       ethers.ZeroHash,       { value: ethers.parseEther(""1"") }     );      // Mine a block to advance past the target block     await ethers.provider.send(""evm_mine"", []);      // In the original contract, this should revert because 0 != actual blockhash     // In the mutant, the condition 0 <= blockhash is true, so it would pay out - killing the mutant     await expect(       instance.connect(player).settle()     ).to.be.reverted;   }); });","""['Error: syntax error']"""
m12b6ddb7,PredictTheBlockHashChallenge,<generic-v6-scaffold>,settle,live, == , >= ,---|         if (answer != 0 && guesses[msg.sender].guess == answer) { +++|         if (answer != 0 && guesses[msg.sender].guess >= answer) {,32,Mutant m12b6ddb7 of function settle replaces == with >=,pragma solidity ^0.8.0; contract PredictTheBlockHashChallenge { struct guess { uint block; bytes32 guess; } mapping(address => guess) guesses; constructor() public payable { require(msg.value == 1 ether); } function lockInGuess(bytes32 hash) public payable { require(guesses[msg.sender].block == 0); require(msg.value == 1 ether); guesses[msg.sender].guess = hash; guesses[msg.sender].block = block.number + 1; } function settle() public { require(guesses[msg.sender].block != 0); require(block.number > guesses[msg.sender].block); bytes32 answer = blockhash(guesses[msg.sender].block); guesses[msg.sender].block = 0; if (answer != 0 && guesses[msg.sender].guess == answer) { payable(msg.sender).transfer(2 ether); } } },"import { expect } from ""chai""; import { ethers } from ""hardhat""; describe(""PredictTheBlockHashChallenge reference (ethers v6; deploy may require constructor arguments)"", function () { it(""deploy PredictTheBlockHashChallenge by supplying its REQUIRED constructor arguments (read them from the contract constructor), then call methods and assert; use ethers.parseEther, await (await tx).wait(), and expect(...).to.be.reverted"", async function () { const [owner, addr1, addr2] = await ethers.getSigners(); const Factory = await ethers.getContractFactory(""PredictTheBlockHashChallenge""); const instance = await Factory.deploy(...constructorArgs); await instance.waitForDeployment(); }); });",False,False,"import { expect } from ""chai""; import { ethers } from ""hardhat"";  describe(""PredictTheBlockHashChallenge mutant test - m12b6ddb7"", function () {   it(""should detect mutant where == is replaced with >= in settle()"", async function () {     const [owner, player] = await ethers.getSigners();          // Deploy the contract with 1 ether     const Factory = await ethers.getContractFactory(""PredictTheBlockHashChallenge"");     const instance = await Factory.deploy({ value: ethers.parseEther(""1"") });     await instance.waitForDeployment();          // Player locks in a guess with the maximum possible hash value     const maxHash = ""0xffffffffffffffffffffffffffffffffffffffffffffffffffffffffffffffff"";     const lockTx = await instance.connect(player).lockInGuess(maxHash, {       value: ethers.parseEther(""1"")     });     await lockTx.wait();          // Get the block number when the guess was locked     const lockBlock = await ethers.provider.getBlock(lockTx.blockNumber);     const targetBlock = lockBlock.number + 1;          // Mine to the target block + 1 (so block.number > target block)     await ethers.provider.send(""hardhat_mine"", [""0x2""]);          // The actual blockhash of the target block will be something other than maxHash     // In the original: guess == answer would fail (no transfer)     // In the mutant: guess >= answer would pass (transfer occurs)          // Check balance before settle     const balanceBefore = await ethers.provider.getBalance(player.address);          // Call settle     const settleTx = await instance.connect(player).settle();     const receipt = await settleTx.wait();          // Check balance after settle     const balanceAfter = await ethers.provider.getBalance(player.address);          // On the original contract, no transfer should happen because maxHash != actual blockhash     // On the mutant, transfer would happen because maxHash >= actual blockhash     // If no transfer happened (original behavior), balance difference is just gas costs     // If transfer happened (mutant behavior), balance would be at least 2 ether higher          // We expect no transfer (original behavior), so balance should not increase by 2 ether     const balanceIncrease = balanceAfter - balanceBefore;     expect(balanceIncrease).to.be.lessThan(ethers.parseEther(""2""));   }); });","""['Error: syntax error']"""
me5343345,PredictTheBlockHashChallenge,<generic-v6-scaffold>,settle,live, == , != ,---|         if (answer != 0 && guesses[msg.sender].guess == answer) { +++|         if (answer != 0 && guesses[msg.sender].guess != answer) {,32,Mutant me5343345 of function settle replaces == with !=,pragma solidity ^0.8.0; contract PredictTheBlockHashChallenge { struct guess { uint block; bytes32 guess; } mapping(address => guess) guesses; constructor() public payable { require(msg.value == 1 ether); } function lockInGuess(bytes32 hash) public payable { require(guesses[msg.sender].block == 0); require(msg.value == 1 ether); guesses[msg.sender].guess = hash; guesses[msg.sender].block = block.number + 1; } function settle() public { require(guesses[msg.sender].block != 0); require(block.number > guesses[msg.sender].block); bytes32 answer = blockhash(guesses[msg.sender].block); guesses[msg.sender].block = 0; if (answer != 0 && guesses[msg.sender].guess == answer) { payable(msg.sender).transfer(2 ether); } } },"import { expect } from ""chai""; import { ethers } from ""hardhat""; describe(""PredictTheBlockHashChallenge reference (ethers v6; deploy may require constructor arguments)"", function () { it(""deploy PredictTheBlockHashChallenge by supplying its REQUIRED constructor arguments (read them from the contract constructor), then call methods and assert; use ethers.parseEther, await (await tx).wait(), and expect(...).to.be.reverted"", async function () { const [owner, addr1, addr2] = await ethers.getSigners(); const Factory = await ethers.getContractFactory(""PredictTheBlockHashChallenge""); const instance = await Factory.deploy(...constructorArgs); await instance.waitForDeployment(); }); });",False,False,"import { expect } from ""chai""; import { ethers } from ""hardhat"";  describe(""PredictTheBlockHashChallenge mutant detection"", function () {   it(""should kill mutant me5343345 (wrong guess should not receive ether)"", async function () {     const [owner, player] = await ethers.getSigners();     const Factory = await ethers.getContractFactory(""PredictTheBlockHashChallenge"");     const instance = await Factory.deploy({ value: ethers.parseEther(""1"") });     await instance.waitForDeployment();      // Player locks in a guess that is intentionally different from any possible block hash     const wrongGuess = ethers.keccak256(ethers.toUtf8Bytes(""wrong guess""));     await instance.connect(player).lockInGuess(wrongGuess, { value: ethers.parseEther(""1"") });      // Mine enough blocks so that settle() can be called     const targetBlock = (await ethers.provider.getBlock(""latest"")).number;     while ((await ethers.provider.getBlock(""latest"")).number <= targetBlock + 1) {       await ethers.provider.send(""evm_mine"", []);     }      // Record player's balance before settle     const balanceBefore = await ethers.provider.getBalance(player.address);      // Call settle - in the original contract this should NOT transfer ether     await instance.connect(player).settle();      // Player balance should NOT have increased because the guess was wrong     // On the mutant, the balance would incorrectly increase, causing the test to fail     const balanceAfter = await ethers.provider.getBalance(player.address);     expect(balanceAfter).to.equal(balanceBefore);   }); });","""['Error: syntax error']"""
mc2b28e54,PredictTheBlockHashChallenge,<generic-v6-scaffold>,settle,live,answer != 0 && guesses[msg.sender].guess == answer,true,---|         if (answer != 0 && guesses[msg.sender].guess == answer) { +++|         if (true) {,32,Mutant mc2b28e54 of function settle replaces answer != 0 && guesses[msg.sender].guess == answer with true,pragma solidity ^0.8.0; contract PredictTheBlockHashChallenge { struct guess { uint block; bytes32 guess; } mapping(address => guess) guesses; constructor() public payable { require(msg.value == 1 ether); } function lockInGuess(bytes32 hash) public payable { require(guesses[msg.sender].block == 0); require(msg.value == 1 ether); guesses[msg.sender].guess = hash; guesses[msg.sender].block = block.number + 1; } function settle() public { require(guesses[msg.sender].block != 0); require(block.number > guesses[msg.sender].block); bytes32 answer = blockhash(guesses[msg.sender].block); guesses[msg.sender].block = 0; if (answer != 0 && guesses[msg.sender].guess == answer) { payable(msg.sender).transfer(2 ether); } } },"import { expect } from ""chai""; import { ethers } from ""hardhat""; describe(""PredictTheBlockHashChallenge reference (ethers v6; deploy may require constructor arguments)"", function () { it(""deploy PredictTheBlockHashChallenge by supplying its REQUIRED constructor arguments (read them from the contract constructor), then call methods and assert; use ethers.parseEther, await (await tx).wait(), and expect(...).to.be.reverted"", async function () { const [owner, addr1, addr2] = await ethers.getSigners(); const Factory = await ethers.getContractFactory(""PredictTheBlockHashChallenge""); const instance = await Factory.deploy(...constructorArgs); await instance.waitForDeployment(); }); });",False,False,"import { expect } from ""chai""; import { ethers } from ""hardhat"";  describe(""PredictTheBlockHashChallenge mutant mc2b28e54"", function () {   it(""should kill the mutant by locking in a wrong guess and expecting revert on settle (mutant pays out unconditionally)"", async function () {     const [owner, attacker] = await ethers.getSigners();          // Deploy the contract with 1 ether     const Factory = await ethers.getContractFactory(""PredictTheBlockHashChallenge"");     const instance = await Factory.deploy({ value: ethers.parseEther(""1"") });     await instance.waitForDeployment();          // Lock in a deliberately wrong guess (e.g., all zeros)     const wrongGuess = ethers.ZeroHash;     await instance.connect(attacker).lockInGuess(wrongGuess, { value: ethers.parseEther(""1"") });          // Mine blocks to advance past the target block     const targetBlock = (await ethers.provider.getBlock(""latest"")).number + 1;     while ((await ethers.provider.getBlock(""latest"")).number <= targetBlock) {       await ethers.provider.send(""evm_mine"", []);     }          // On the original contract, this would revert because guess != blockhash     // On the mutant with if(true), it will succeed and transfer 2 ether     // We expect it to succeed (mutant behavior) - if it reverts, the mutant is killed     await expect(       instance.connect(attacker).settle()     ).to.not.be.reverted;          // Verify the attacker received 2 ether (mutant pays unconditionally)     const balanceAfter = await ethers.provider.getBalance(attacker.address);     expect(balanceAfter).to.be.gt(ethers.parseEther(""10000"")); // attacker started with 10000 ether (default)   }); });","""['Error: syntax error']"""
m8202df6f,PredictTheBlockHashChallenge,<generic-v6-scaffold>,settle,live,answer != 0 && guesses[msg.sender].guess == answer,false,---|         if (answer != 0 && guesses[msg.sender].guess == answer) { +++|         if (false) {,32,Mutant m8202df6f of function settle replaces answer != 0 && guesses[msg.sender].guess == answer with false,pragma solidity ^0.8.0; contract PredictTheBlockHashChallenge { struct guess { uint block; bytes32 guess; } mapping(address => guess) guesses; constructor() public payable { require(msg.value == 1 ether); } function lockInGuess(bytes32 hash) public payable { require(guesses[msg.sender].block == 0); require(msg.value == 1 ether); guesses[msg.sender].guess = hash; guesses[msg.sender].block = block.number + 1; } function settle() public { require(guesses[msg.sender].block != 0); require(block.number > guesses[msg.sender].block); bytes32 answer = blockhash(guesses[msg.sender].block); guesses[msg.sender].block = 0; if (answer != 0 && guesses[msg.sender].guess == answer) { payable(msg.sender).transfer(2 ether); } } },"import { expect } from ""chai""; import { ethers } from ""hardhat""; describe(""PredictTheBlockHashChallenge reference (ethers v6; deploy may require constructor arguments)"", function () { it(""deploy PredictTheBlockHashChallenge by supplying its REQUIRED constructor arguments (read them from the contract constructor), then call methods and assert; use ethers.parseEther, await (await tx).wait(), and expect(...).to.be.reverted"", async function () { const [owner, addr1, addr2] = await ethers.getSigners(); const Factory = await ethers.getContractFactory(""PredictTheBlockHashChallenge""); const instance = await Factory.deploy(...constructorArgs); await instance.waitForDeployment(); }); });",False,False,"import { expect } from ""chai""; import { ethers } from ""hardhat"";  describe(""PredictTheBlockHashChallenge mutant m8202df6f test"", function () {   it(""should kill the mutant by locking in a correct guess and expecting reward"", async function () {     const [owner] = await ethers.getSigners();          // Deploy contract with 1 ether     const Factory = await ethers.getContractFactory(""PredictTheBlockHashChallenge"");     const instance = await Factory.deploy({ value: ethers.parseEther(""1"") });     await instance.waitForDeployment();          // Get current block number and compute the target block (block.number + 1)     const currentBlock = await ethers.provider.getBlockNumber();     const targetBlock = currentBlock + 1;          // Mine a block to get the blockhash for the target block     await ethers.provider.send(""evm_mine"", []);     const blockHash = (await ethers.provider.getBlock(targetBlock)).hash;          // Lock in the correct guess with 1 ether     const lockTx = await instance.connect(owner).lockInGuess(blockHash, { value: ethers.parseEther(""1"") });     await lockTx.wait();          // Wait until we pass the target block (need block.number > targetBlock)     await ethers.provider.send(""evm_mine"", []);     await ethers.provider.send(""evm_mine"", []);          // Record balance before settle     const balanceBefore = await ethers.provider.getBalance(owner.address);          // Call settle - on original contract this would succeed, on mutant it reverts or does nothing     const settleTx = await instance.connect(owner).settle();     await settleTx.wait();          // Check balance after - should have increased by 2 ether if condition was true     const balanceAfter = await ethers.provider.getBalance(owner.address);     expect(balanceAfter).to.be.gt(balanceBefore);   }); });","""['Error: syntax error']"""
m16e102ae,PredictTheBlockHashChallenge,<generic-v6-scaffold>,constructor,live,require(msg.value == 1 ether);,/* require(msg.value == 1 ether); */,---|         require(msg.value == 1 ether); +++|,14,Mutant m16e102ae of function constructor replaces require(msg.value == 1 ether); with ,pragma solidity ^0.8.0; contract PredictTheBlockHashChallenge { struct guess { uint block; bytes32 guess; } mapping(address => guess) guesses; constructor() public payable { require(msg.value == 1 ether); } function lockInGuess(bytes32 hash) public payable { require(guesses[msg.sender].block == 0); require(msg.value == 1 ether); guesses[msg.sender].guess = hash; guesses[msg.sender].block = block.number + 1; } function settle() public { require(guesses[msg.sender].block != 0); require(block.number > guesses[msg.sender].block); bytes32 answer = blockhash(guesses[msg.sender].block); guesses[msg.sender].block = 0; if (answer != 0 && guesses[msg.sender].guess == answer) { payable(msg.sender).transfer(2 ether); } } },"import { expect } from ""chai""; import { ethers } from ""hardhat""; describe(""PredictTheBlockHashChallenge reference (ethers v6; deploy may require constructor arguments)"", function () { it(""deploy PredictTheBlockHashChallenge by supplying its REQUIRED constructor arguments (read them from the contract constructor), then call methods and assert; use ethers.parseEther, await (await tx).wait(), and expect(...).to.be.reverted"", async function () { const [owner, addr1, addr2] = await ethers.getSigners(); const Factory = await ethers.getContractFactory(""PredictTheBlockHashChallenge""); const instance = await Factory.deploy(...constructorArgs); await instance.waitForDeployment(); }); });",False,False,"import { expect } from ""chai""; import { ethers } from ""hardhat"";  describe(""PredictTheBlockHashChallenge mutant detection - m16e102ae"", function () {   it(""should kill mutant by deploying without ether and expecting settle to fail due to insufficient balance"", async function () {     const [owner] = await ethers.getSigners();     const Factory = await ethers.getContractFactory(""PredictTheBlockHashChallenge"");          // Deploy WITHOUT sending ether (mutant removed the require(msg.value == 1 ether))     const instance = await Factory.deploy();     await instance.waitForDeployment();          // Lock in a guess with exactly 1 ether     const guessHash = ethers.keccak256(ethers.toUtf8Bytes(""test""));     const lockTx = await instance.connect(owner).lockInGuess(guessHash, { value: ethers.parseEther(""1"") });     await lockTx.wait();          // Mine to the next block to satisfy the block.number > guesses[msg.sender].block condition     await ethers.provider.send(""evm_mine"", []);          // Attempt to settle - should revert because contract has no balance (0 ether) to pay 2 ether     await expect(instance.connect(owner).settle()).to.be.reverted;   }); });","""['Error: syntax error']"""
m7b8abcbe,PredictTheBlockHashChallenge,<generic-v6-scaffold>,lockInGuess,live,require(guesses[msg.sender].block == 0);,/* require(guesses[msg.sender].block == 0); */,---|         require(guesses[msg.sender].block == 0); +++|,18,Mutant m7b8abcbe of function lockInGuess replaces require(guesses[msg.sender].block == 0); with ,pragma solidity ^0.8.0; contract PredictTheBlockHashChallenge { struct guess { uint block; bytes32 guess; } mapping(address => guess) guesses; constructor() public payable { require(msg.value == 1 ether); } function lockInGuess(bytes32 hash) public payable { require(guesses[msg.sender].block == 0); require(msg.value == 1 ether); guesses[msg.sender].guess = hash; guesses[msg.sender].block = block.number + 1; } function settle() public { require(guesses[msg.sender].block != 0); require(block.number > guesses[msg.sender].block); bytes32 answer = blockhash(guesses[msg.sender].block); guesses[msg.sender].block = 0; if (answer != 0 && guesses[msg.sender].guess == answer) { payable(msg.sender).transfer(2 ether); } } },"import { expect } from ""chai""; import { ethers } from ""hardhat""; describe(""PredictTheBlockHashChallenge reference (ethers v6; deploy may require constructor arguments)"", function () { it(""deploy PredictTheBlockHashChallenge by supplying its REQUIRED constructor arguments (read them from the contract constructor), then call methods and assert; use ethers.parseEther, await (await tx).wait(), and expect(...).to.be.reverted"", async function () { const [owner, addr1, addr2] = await ethers.getSigners(); const Factory = await ethers.getContractFactory(""PredictTheBlockHashChallenge""); const instance = await Factory.deploy(...constructorArgs); await instance.waitForDeployment(); }); });",False,False,"import { expect } from ""chai""; import { ethers } from ""hardhat"";  describe(""PredictTheBlockHashChallenge mutant m7b8abcbe test"", function () {   it(""should revert when trying to lock in a second guess while first is still pending"", async function () {     const [owner] = await ethers.getSigners();     const Factory = await ethers.getContractFactory(""PredictTheBlockHashChallenge"");     const instance = await Factory.deploy({ value: ethers.parseEther(""1"") });     await instance.waitForDeployment();      // First lockInGuess should succeed     const firstHash = ethers.keccak256(ethers.toUtf8Bytes(""firstGuess""));     await instance.connect(owner).lockInGuess(firstHash, { value: ethers.parseEther(""1"") });      // Second lockInGuess while first is still pending should revert     const secondHash = ethers.keccak256(ethers.toUtf8Bytes(""secondGuess""));     await expect(       instance.connect(owner).lockInGuess(secondHash, { value: ethers.parseEther(""1"") })     ).to.be.reverted;   }); });","""['Error: syntax error']"""
mf0c5b6ad,PredictTheBlockHashChallenge,<generic-v6-scaffold>,lockInGuess,live,require(msg.value == 1 ether);,/* require(msg.value == 1 ether); */,---|         require(msg.value == 1 ether); +++|,19,Mutant mf0c5b6ad of function lockInGuess replaces require(msg.value == 1 ether); with ,pragma solidity ^0.8.0; contract PredictTheBlockHashChallenge { struct guess { uint block; bytes32 guess; } mapping(address => guess) guesses; constructor() public payable { require(msg.value == 1 ether); } function lockInGuess(bytes32 hash) public payable { require(guesses[msg.sender].block == 0); require(msg.value == 1 ether); guesses[msg.sender].guess = hash; guesses[msg.sender].block = block.number + 1; } function settle() public { require(guesses[msg.sender].block != 0); require(block.number > guesses[msg.sender].block); bytes32 answer = blockhash(guesses[msg.sender].block); guesses[msg.sender].block = 0; if (answer != 0 && guesses[msg.sender].guess == answer) { payable(msg.sender).transfer(2 ether); } } },"import { expect } from ""chai""; import { ethers } from ""hardhat""; describe(""PredictTheBlockHashChallenge reference (ethers v6; deploy may require constructor arguments)"", function () { it(""deploy PredictTheBlockHashChallenge by supplying its REQUIRED constructor arguments (read them from the contract constructor), then call methods and assert; use ethers.parseEther, await (await tx).wait(), and expect(...).to.be.reverted"", async function () { const [owner, addr1, addr2] = await ethers.getSigners(); const Factory = await ethers.getContractFactory(""PredictTheBlockHashChallenge""); const instance = await Factory.deploy(...constructorArgs); await instance.waitForDeployment(); }); });",False,False,"import { expect } from ""chai""; import { ethers } from ""hardhat"";  describe(""PredictTheBlockHashChallenge - kill mutant mf0c5b6ad"", function () {   it(""should revert when lockInGuess is called without sending exactly 1 ether"", async function () {     const [owner, addr1] = await ethers.getSigners();     const Factory = await ethers.getContractFactory(""PredictTheBlockHashChallenge"");     const instance = await Factory.deploy({ value: ethers.parseEther(""1"") });     await instance.waitForDeployment();      // Attempt to lock in a guess with 0 ether - should revert in original but succeed in mutant     const dummyHash = ethers.keccak256(ethers.toUtf8Bytes(""test""));     await expect(       instance.connect(addr1).lockInGuess(dummyHash, { value: 0 })     ).to.be.reverted;   }); });","""['Error: syntax error']"""
m81fa91c3,PredictTheBlockHashChallenge,<generic-v6-scaffold>,settle,live,require(guesses[msg.sender].block != 0);,/* require(guesses[msg.sender].block != 0); */,---|         require(guesses[msg.sender].block != 0); +++|,26,Mutant m81fa91c3 of function settle replaces require(guesses[msg.sender].block != 0); with ,pragma solidity ^0.8.0; contract PredictTheBlockHashChallenge { struct guess { uint block; bytes32 guess; } mapping(address => guess) guesses; constructor() public payable { require(msg.value == 1 ether); } function lockInGuess(bytes32 hash) public payable { require(guesses[msg.sender].block == 0); require(msg.value == 1 ether); guesses[msg.sender].guess = hash; guesses[msg.sender].block = block.number + 1; } function settle() public { require(guesses[msg.sender].block != 0); require(block.number > guesses[msg.sender].block); bytes32 answer = blockhash(guesses[msg.sender].block); guesses[msg.sender].block = 0; if (answer != 0 && guesses[msg.sender].guess == answer) { payable(msg.sender).transfer(2 ether); } } },"import { expect } from ""chai""; import { ethers } from ""hardhat""; describe(""PredictTheBlockHashChallenge reference (ethers v6; deploy may require constructor arguments)"", function () { it(""deploy PredictTheBlockHashChallenge by supplying its REQUIRED constructor arguments (read them from the contract constructor), then call methods and assert; use ethers.parseEther, await (await tx).wait(), and expect(...).to.be.reverted"", async function () { const [owner, addr1, addr2] = await ethers.getSigners(); const Factory = await ethers.getContractFactory(""PredictTheBlockHashChallenge""); const instance = await Factory.deploy(...constructorArgs); await instance.waitForDeployment(); }); });",False,False,"import { expect } from ""chai""; import { ethers } from ""hardhat"";  describe(""PredictTheBlockHashChallenge mutant m81fa91c3"", function () {   it(""should revert when settle is called without a prior lockInGuess (kills mutant that removed require check)"", async function () {     const [owner] = await ethers.getSigners();     const Factory = await ethers.getContractFactory(""PredictTheBlockHashChallenge"");     const instance = await Factory.deploy({ value: ethers.parseEther(""1"") });     await instance.waitForDeployment();      // Attempt to settle without ever calling lockInGuess     // The original contract reverts at the removed require(guesses[msg.sender].block != 0)     // The mutant allows execution to continue, potentially causing unexpected behavior     await expect(       instance.connect(owner).settle()     ).to.be.reverted;   }); });","""['Error: syntax error']"""
m32f286a9,PredictTheBlockHashChallenge,<generic-v6-scaffold>,settle,live,require(block.number > guesses[msg.sender].block);,/* require(block.number > guesses[msg.sender].block); */,---|         require(block.number > guesses[msg.sender].block); +++|,27,Mutant m32f286a9 of function settle replaces require(block.number > guesses[msg.sender].block); with ,pragma solidity ^0.8.0; contract PredictTheBlockHashChallenge { struct guess { uint block; bytes32 guess; } mapping(address => guess) guesses; constructor() public payable { require(msg.value == 1 ether); } function lockInGuess(bytes32 hash) public payable { require(guesses[msg.sender].block == 0); require(msg.value == 1 ether); guesses[msg.sender].guess = hash; guesses[msg.sender].block = block.number + 1; } function settle() public { require(guesses[msg.sender].block != 0); require(block.number > guesses[msg.sender].block); bytes32 answer = blockhash(guesses[msg.sender].block); guesses[msg.sender].block = 0; if (answer != 0 && guesses[msg.sender].guess == answer) { payable(msg.sender).transfer(2 ether); } } },"import { expect } from ""chai""; import { ethers } from ""hardhat""; describe(""PredictTheBlockHashChallenge reference (ethers v6; deploy may require constructor arguments)"", function () { it(""deploy PredictTheBlockHashChallenge by supplying its REQUIRED constructor arguments (read them from the contract constructor), then call methods and assert; use ethers.parseEther, await (await tx).wait(), and expect(...).to.be.reverted"", async function () { const [owner, addr1, addr2] = await ethers.getSigners(); const Factory = await ethers.getContractFactory(""PredictTheBlockHashChallenge""); const instance = await Factory.deploy(...constructorArgs); await instance.waitForDeployment(); }); });",False,False,"import { expect } from ""chai""; import { ethers } from ""hardhat"";  describe(""PredictTheBlockHashChallenge mutant test"", function () {   it(""should revert when settle is called in the same block as lockInGuess (mutant removal of block.number check)"", async function () {     const [owner, attacker] = await ethers.getSigners();     const Factory = await ethers.getContractFactory(""PredictTheBlockHashChallenge"");     const instance = await Factory.deploy({ value: ethers.parseEther(""1"") });     await instance.waitForDeployment();      // Lock in a guess with 1 ether     const guessHash = ethers.keccak256(ethers.toUtf8Bytes(""test""));     await instance.connect(attacker).lockInGuess(guessHash, { value: ethers.parseEther(""1"") });      // Attempt to settle in the same block - original contract reverts, mutant does not     // Since we're in the same block, block.number is not > guesses[msg.sender].block     await expect(       instance.connect(attacker).settle()     ).to.be.reverted;   }); });","""['Error: syntax error']"""
mc9696791,PredictTheBlockHashChallenge,<generic-v6-scaffold>,constructor,live,msg.value,msg.value+1,---|         require(msg.value == 1 ether); +++|         require(msg.value+1 == 1 ether);,14,Mutant mc9696791 of function constructor replaces msg.value with msg.value+1,pragma solidity ^0.8.0; contract PredictTheBlockHashChallenge { struct guess { uint block; bytes32 guess; } mapping(address => guess) guesses; constructor() public payable { require(msg.value == 1 ether); } function lockInGuess(bytes32 hash) public payable { require(guesses[msg.sender].block == 0); require(msg.value == 1 ether); guesses[msg.sender].guess = hash; guesses[msg.sender].block = block.number + 1; } function settle() public { require(guesses[msg.sender].block != 0); require(block.number > guesses[msg.sender].block); bytes32 answer = blockhash(guesses[msg.sender].block); guesses[msg.sender].block = 0; if (answer != 0 && guesses[msg.sender].guess == answer) { payable(msg.sender).transfer(2 ether); } } },"import { expect } from ""chai""; import { ethers } from ""hardhat""; describe(""PredictTheBlockHashChallenge reference (ethers v6; deploy may require constructor arguments)"", function () { it(""deploy PredictTheBlockHashChallenge by supplying its REQUIRED constructor arguments (read them from the contract constructor), then call methods and assert; use ethers.parseEther, await (await tx).wait(), and expect(...).to.be.reverted"", async function () { const [owner, addr1, addr2] = await ethers.getSigners(); const Factory = await ethers.getContractFactory(""PredictTheBlockHashChallenge""); const instance = await Factory.deploy(...constructorArgs); await instance.waitForDeployment(); }); });",False,False,"import { expect } from ""chai""; import { ethers } from ""hardhat"";  describe(""PredictTheBlockHashChallenge mutant test"", function () {   it(""should kill mutant mc9696791 by deploying with exactly 1 ether and expecting success"", async function () {     const [owner] = await ethers.getSigners();     const Factory = await ethers.getContractFactory(""PredictTheBlockHashChallenge"");          // The original constructor requires msg.value == 1 ether     // The mutant requires msg.value + 1 == 1 ether, i.e., msg.value == 1 ether - 1 wei     // Sending exactly 1 ether should pass on original but revert on mutant     await expect(       Factory.deploy({ value: ethers.parseEther(""1.0"") })     ).to.be.reverted;   }); });","""['Error: syntax error']"""
m58ea0036,PredictTheBlockHashChallenge,<generic-v6-scaffold>,constructor,live,msg.value,msg.value-1,---|         require(msg.value == 1 ether); +++|         require(msg.value-1 == 1 ether);,14,Mutant m58ea0036 of function constructor replaces msg.value with msg.value-1,pragma solidity ^0.8.0; contract PredictTheBlockHashChallenge { struct guess { uint block; bytes32 guess; } mapping(address => guess) guesses; constructor() public payable { require(msg.value == 1 ether); } function lockInGuess(bytes32 hash) public payable { require(guesses[msg.sender].block == 0); require(msg.value == 1 ether); guesses[msg.sender].guess = hash; guesses[msg.sender].block = block.number + 1; } function settle() public { require(guesses[msg.sender].block != 0); require(block.number > guesses[msg.sender].block); bytes32 answer = blockhash(guesses[msg.sender].block); guesses[msg.sender].block = 0; if (answer != 0 && guesses[msg.sender].guess == answer) { payable(msg.sender).transfer(2 ether); } } },"import { expect } from ""chai""; import { ethers } from ""hardhat""; describe(""PredictTheBlockHashChallenge reference (ethers v6; deploy may require constructor arguments)"", function () { it(""deploy PredictTheBlockHashChallenge by supplying its REQUIRED constructor arguments (read them from the contract constructor), then call methods and assert; use ethers.parseEther, await (await tx).wait(), and expect(...).to.be.reverted"", async function () { const [owner, addr1, addr2] = await ethers.getSigners(); const Factory = await ethers.getContractFactory(""PredictTheBlockHashChallenge""); const instance = await Factory.deploy(...constructorArgs); await instance.waitForDeployment(); }); });",False,False,"import { expect } from ""chai""; import { ethers } } from ""hardhat"";  describe(""PredictTheBlockHashChallenge mutant detection"", function () {   it(""should fail to deploy with 1 ether when mutant requires 2 ether"", async function () {     const [owner] = await ethers.getSigners();     const Factory = await ethers.getContractFactory(""PredictTheBlockHashChallenge"");          // The original contract requires msg.value == 1 ether for deployment.     // The mutant changes the condition to msg.value - 1 == 1 ether, which means it requires 2 ether.     // Therefore, deploying with exactly 1 ether should revert in the mutant but succeed in the original.     await expect(       Factory.deploy({ value: ethers.parseEther(""1"") })     ).to.be.reverted;   }); });","""['Error: syntax error']"""
mc70f3ddf,PredictTheBlockHashChallenge,<generic-v6-scaffold>,lockInGuess,live,msg.value,msg.value+1,---|         require(msg.value == 1 ether); +++|         require(msg.value+1 == 1 ether);,19,Mutant mc70f3ddf of function lockInGuess replaces msg.value with msg.value+1,pragma solidity ^0.8.0; contract PredictTheBlockHashChallenge { struct guess { uint block; bytes32 guess; } mapping(address => guess) guesses; constructor() public payable { require(msg.value == 1 ether); } function lockInGuess(bytes32 hash) public payable { require(guesses[msg.sender].block == 0); require(msg.value == 1 ether); guesses[msg.sender].guess = hash; guesses[msg.sender].block = block.number + 1; } function settle() public { require(guesses[msg.sender].block != 0); require(block.number > guesses[msg.sender].block); bytes32 answer = blockhash(guesses[msg.sender].block); guesses[msg.sender].block = 0; if (answer != 0 && guesses[msg.sender].guess == answer) { payable(msg.sender).transfer(2 ether); } } },"import { expect } from ""chai""; import { ethers } from ""hardhat""; describe(""PredictTheBlockHashChallenge reference (ethers v6; deploy may require constructor arguments)"", function () { it(""deploy PredictTheBlockHashChallenge by supplying its REQUIRED constructor arguments (read them from the contract constructor), then call methods and assert; use ethers.parseEther, await (await tx).wait(), and expect(...).to.be.reverted"", async function () { const [owner, addr1, addr2] = await ethers.getSigners(); const Factory = await ethers.getContractFactory(""PredictTheBlockHashChallenge""); const instance = await Factory.deploy(...constructorArgs); await instance.waitForDeployment(); }); });",False,False,"import { expect } from ""chai""; import { ethers } from ""hardhat"";  describe(""PredictTheBlockHashChallenge mutant test - mc70f3ddf"", function () {   it(""should revert when sending 0 ether to lockInGuess (original behavior) but mutant allows it"", async function () {     const [owner, attacker] = await ethers.getSigners();          // Deploy the contract with 1 ether as required by constructor     const Factory = await ethers.getContractFactory(""PredictTheBlockHashChallenge"");     const instance = await Factory.deploy({ value: ethers.parseEther(""1"") });     await instance.waitForDeployment();          // Attempt to call lockInGuess with 0 ether     // In the original contract, this should revert because msg.value == 1 ether is required     // In the mutant, msg.value+1 == 1 ether evaluates to true when msg.value is 0 (0+1==1)     await expect(       instance.connect(attacker).lockInGuess(ethers.ZeroHash, { value: 0 })     ).to.be.reverted;   }); });","""['Error: syntax error']"""
m8d76b967,PredictTheBlockHashChallenge,<generic-v6-scaffold>,lockInGuess,live,msg.value,msg.value-1,---|         require(msg.value == 1 ether); +++|         require(msg.value-1 == 1 ether);,19,Mutant m8d76b967 of function lockInGuess replaces msg.value with msg.value-1,pragma solidity ^0.8.0; contract PredictTheBlockHashChallenge { struct guess { uint block; bytes32 guess; } mapping(address => guess) guesses; constructor() public payable { require(msg.value == 1 ether); } function lockInGuess(bytes32 hash) public payable { require(guesses[msg.sender].block == 0); require(msg.value == 1 ether); guesses[msg.sender].guess = hash; guesses[msg.sender].block = block.number + 1; } function settle() public { require(guesses[msg.sender].block != 0); require(block.number > guesses[msg.sender].block); bytes32 answer = blockhash(guesses[msg.sender].block); guesses[msg.sender].block = 0; if (answer != 0 && guesses[msg.sender].guess == answer) { payable(msg.sender).transfer(2 ether); } } },"import { expect } from ""chai""; import { ethers } from ""hardhat""; describe(""PredictTheBlockHashChallenge reference (ethers v6; deploy may require constructor arguments)"", function () { it(""deploy PredictTheBlockHashChallenge by supplying its REQUIRED constructor arguments (read them from the contract constructor), then call methods and assert; use ethers.parseEther, await (await tx).wait(), and expect(...).to.be.reverted"", async function () { const [owner, addr1, addr2] = await ethers.getSigners(); const Factory = await ethers.getContractFactory(""PredictTheBlockHashChallenge""); const instance = await Factory.deploy(...constructorArgs); await instance.waitForDeployment(); }); });",False,False,"import { expect } from ""chai""; import { ethers } from ""hardhat"";  describe(""PredictTheBlockHashChallenge mutant kill test"", function () {   it(""should revert when sending exactly 1 ether to lockInGuess (mutant expects 1 ether + 1 wei)"", async function () {     const [owner] = await ethers.getSigners();     const Factory = await ethers.getContractFactory(""PredictTheBlockHashChallenge"");     const instance = await Factory.deploy({ value: ethers.parseEther(""1"") });     await instance.waitForDeployment();      // The mutant requires msg.value - 1 == 1 ether, i.e., msg.value must be 1 ether + 1 wei.     // Sending exactly 1 ether should fail on the mutant, but succeed on the original.     // We expect revert on the mutant.     const tx = instance.lockInGuess(ethers.ZeroHash, { value: ethers.parseEther(""1"") });     await expect(tx).to.be.reverted;   }); });","""['Error: syntax error']"""
m59dd3a49,PredictTheBlockHashChallenge,<generic-v6-scaffold>,lockInGuess,live,block.number,block.number+1,---|         guesses[msg.sender].block = block.number + 1; +++|         guesses[msg.sender].block = block.number+1 + 1;,22,Mutant m59dd3a49 of function lockInGuess replaces block.number with block.number+1,pragma solidity ^0.8.0; contract PredictTheBlockHashChallenge { struct guess { uint block; bytes32 guess; } mapping(address => guess) guesses; constructor() public payable { require(msg.value == 1 ether); } function lockInGuess(bytes32 hash) public payable { require(guesses[msg.sender].block == 0); require(msg.value == 1 ether); guesses[msg.sender].guess = hash; guesses[msg.sender].block = block.number + 1; } function settle() public { require(guesses[msg.sender].block != 0); require(block.number > guesses[msg.sender].block); bytes32 answer = blockhash(guesses[msg.sender].block); guesses[msg.sender].block = 0; if (answer != 0 && guesses[msg.sender].guess == answer) { payable(msg.sender).transfer(2 ether); } } },"import { expect } from ""chai""; import { ethers } from ""hardhat""; describe(""PredictTheBlockHashChallenge reference (ethers v6; deploy may require constructor arguments)"", function () { it(""deploy PredictTheBlockHashChallenge by supplying its REQUIRED constructor arguments (read them from the contract constructor), then call methods and assert; use ethers.parseEther, await (await tx).wait(), and expect(...).to.be.reverted"", async function () { const [owner, addr1, addr2] = await ethers.getSigners(); const Factory = await ethers.getContractFactory(""PredictTheBlockHashChallenge""); const instance = await Factory.deploy(...constructorArgs); await instance.waitForDeployment(); }); });",False,False,"import { expect } from ""chai""; import { ethers } from ""hardhat"";  describe(""PredictTheBlockHashChallenge mutant detection"", function () {   it(""should detect mutant m59dd3a49 by locking in guess for next block and settling after one block"", async function () {     const [owner, player] = await ethers.getSigners();          // Deploy contract with 1 ether     const Factory = await ethers.getContractFactory(""PredictTheBlockHashChallenge"");     const instance = await Factory.deploy({ value: ethers.parseEther(""1"") });     await instance.waitForDeployment();          // Player locks in guess with 1 ether, predicting hash of block.number + 1     const currentBlock = await ethers.provider.getBlock(""latest"");     const targetBlockNumber = currentBlock.number + 1;          // We need to mine a block to make blockhash(targetBlockNumber) available     // First, get the blockhash of the target block by mining it     await ethers.provider.send(""evm_mine"", []);          // Now get the hash of the block we just mined (which is block.number - 1 from current)     const targetBlock = await ethers.provider.getBlock(targetBlockNumber);     const targetHash = targetBlock.hash;          // Lock in guess - this will set stored block to block.number + 1 in original, block.number + 2 in mutant     await instance.connect(player).lockInGuess(targetHash, { value: ethers.parseEther(""1"") });          // Mine one more block so block.number > stored block number     // For original: stored = block.number + 1 (from when lockInGuess was called)     // After mining one more block, block.number = stored block + 1, so settle() works     await ethers.provider.send(""evm_mine"", []);          // Get player balance before settle     const balanceBefore = await ethers.provider.getBalance(player.address);          // Settle - should transfer 2 ether to player in original, but fail in mutant     // because mutant stored block.number + 2, so we'd need 2 blocks after lockInGuess     const tx = await instance.connect(player).settle();     await tx.wait();          // In original contract, player wins and gets 2 ether     // In mutant, player doesn't win (hash mismatch), no transfer     const balanceAfter = await ethers.provider.getBalance(player.address);          // The test should pass on original (balance increases by ~2 ether minus gas)     // but fail on mutant (balance decreases by gas only)     expect(balanceAfter).to.be.gt(balanceBefore);   }); });","""['Error: syntax error']"""
m9e615f4a,PredictTheBlockHashChallenge,<generic-v6-scaffold>,lockInGuess,live,block.number,block.number-1,---|         guesses[msg.sender].block = block.number + 1; +++|         guesses[msg.sender].block = block.number-1 + 1;,22,Mutant m9e615f4a of function lockInGuess replaces block.number with block.number-1,pragma solidity ^0.8.0; contract PredictTheBlockHashChallenge { struct guess { uint block; bytes32 guess; } mapping(address => guess) guesses; constructor() public payable { require(msg.value == 1 ether); } function lockInGuess(bytes32 hash) public payable { require(guesses[msg.sender].block == 0); require(msg.value == 1 ether); guesses[msg.sender].guess = hash; guesses[msg.sender].block = block.number + 1; } function settle() public { require(guesses[msg.sender].block != 0); require(block.number > guesses[msg.sender].block); bytes32 answer = blockhash(guesses[msg.sender].block); guesses[msg.sender].block = 0; if (answer != 0 && guesses[msg.sender].guess == answer) { payable(msg.sender).transfer(2 ether); } } },"import { expect } from ""chai""; import { ethers } from ""hardhat""; describe(""PredictTheBlockHashChallenge reference (ethers v6; deploy may require constructor arguments)"", function () { it(""deploy PredictTheBlockHashChallenge by supplying its REQUIRED constructor arguments (read them from the contract constructor), then call methods and assert; use ethers.parseEther, await (await tx).wait(), and expect(...).to.be.reverted"", async function () { const [owner, addr1, addr2] = await ethers.getSigners(); const Factory = await ethers.getContractFactory(""PredictTheBlockHashChallenge""); const instance = await Factory.deploy(...constructorArgs); await instance.waitForDeployment(); }); });",False,False,"import { expect } from ""chai""; import { ethers } from ""hardhat"";  describe(""PredictTheBlockHashChallenge mutant m9e615f4a test"", function () {   it(""should kill the mutant by proving the stored block is current block instead of next block"", async function () {     const [owner, player] = await ethers.getSigners();          // Deploy with 1 ether     const Factory = await ethers.getContractFactory(""PredictTheBlockHashChallenge"");     const instance = await Factory.deploy({ value: ethers.parseEther(""1"") });     await instance.waitForDeployment();      // Player locks in a guess with 1 ether     // The guess doesn't matter - we're testing that the stored block is wrong     const dummyHash = ethers.keccak256(ethers.toUtf8Bytes(""test""));     await instance.connect(player).lockInGuess(dummyHash, { value: ethers.parseEther(""1"") });      // Mine one block to advance past the stored block (in original contract)     await ethers.provider.send(""evm_mine"", []);      // Now call settle() - in original, this would use blockhash(block.number + 1)     // In mutant, this uses blockhash(block.number) which is always 0     // The transfer should revert because answer will be 0 in mutant     await expect(       instance.connect(player).settle()     ).to.be.reverted;      // Additional check: player should still have their ether (not transferred)     const contractBalance = await ethers.provider.getBalance(instance.target);     expect(contractBalance).to.equal(ethers.parseEther(""2"")); // 1 from deploy + 1 from lockInGuess   }); });","""['Error: syntax error']"""
m5405bc22,PredictTheBlockHashChallenge,<generic-v6-scaffold>,settle,live,block.number,block.number+1,---|         require(block.number > guesses[msg.sender].block); +++|         require(block.number+1 > guesses[msg.sender].block);,27,Mutant m5405bc22 of function settle replaces block.number with block.number+1,pragma solidity ^0.8.0; contract PredictTheBlockHashChallenge { struct guess { uint block; bytes32 guess; } mapping(address => guess) guesses; constructor() public payable { require(msg.value == 1 ether); } function lockInGuess(bytes32 hash) public payable { require(guesses[msg.sender].block == 0); require(msg.value == 1 ether); guesses[msg.sender].guess = hash; guesses[msg.sender].block = block.number + 1; } function settle() public { require(guesses[msg.sender].block != 0); require(block.number > guesses[msg.sender].block); bytes32 answer = blockhash(guesses[msg.sender].block); guesses[msg.sender].block = 0; if (answer != 0 && guesses[msg.sender].guess == answer) { payable(msg.sender).transfer(2 ether); } } },"import { expect } from ""chai""; import { ethers } from ""hardhat""; describe(""PredictTheBlockHashChallenge reference (ethers v6; deploy may require constructor arguments)"", function () { it(""deploy PredictTheBlockHashChallenge by supplying its REQUIRED constructor arguments (read them from the contract constructor), then call methods and assert; use ethers.parseEther, await (await tx).wait(), and expect(...).to.be.reverted"", async function () { const [owner, addr1, addr2] = await ethers.getSigners(); const Factory = await ethers.getContractFactory(""PredictTheBlockHashChallenge""); const instance = await Factory.deploy(...constructorArgs); await instance.waitForDeployment(); }); });",False,False,"import { expect } from ""chai""; import { ethers } from ""hardhat"";  describe(""PredictTheBlockHashChallenge mutant detection"", function () {   it(""should detect mutant m5405bc22 by settling one block earlier than allowed"", async function () {     const [owner, player] = await ethers.getSigners();          // Deploy contract with 1 ether     const Factory = await ethers.getContractFactory(""PredictTheBlockHashChallenge"");     const instance = await Factory.deploy({ value: ethers.parseEther(""1"") });     await instance.waitForDeployment();          // Player locks in a guess with 1 ether     const guessHash = ethers.keccak256(ethers.toUtf8Bytes(""test""));     const lockTx = await instance.connect(player).lockInGuess(guessHash, { value: ethers.parseEther(""1"") });     await lockTx.wait();          // Get the block where the guess was locked     const lockBlock = await ethers.provider.getBlock(lockTx.blockNumber);     const lockBlockNumber = lockBlock.number;          // Mine one more block to reach block.number = lockBlockNumber + 1     await ethers.provider.send(""evm_mine"", []);          // Now block.number = lockBlockNumber + 1     // Original contract: require(block.number > guesses[msg.sender].block)     //   where guesses[msg.sender].block = lockBlockNumber + 1     //   block.number (lockBlockNumber + 1) is NOT greater than (lockBlockNumber + 1) => REVERTS     // Mutant: require(block.number + 1 > guesses[msg.sender].block)     //   block.number + 1 = lockBlockNumber + 2 > lockBlockNumber + 1 => PASSES          // The settle should revert in original but pass in mutant (killing the mutant)     await expect(instance.connect(player).settle()).to.be.reverted;   }); });","""['Error: syntax error']"""
m9aef3487,PredictTheBlockHashChallenge,<generic-v6-scaffold>,settle,live,block.number,block.number-1,---|         require(block.number > guesses[msg.sender].block); +++|         require(block.number-1 > guesses[msg.sender].block);,27,Mutant m9aef3487 of function settle replaces block.number with block.number-1,pragma solidity ^0.8.0; contract PredictTheBlockHashChallenge { struct guess { uint block; bytes32 guess; } mapping(address => guess) guesses; constructor() public payable { require(msg.value == 1 ether); } function lockInGuess(bytes32 hash) public payable { require(guesses[msg.sender].block == 0); require(msg.value == 1 ether); guesses[msg.sender].guess = hash; guesses[msg.sender].block = block.number + 1; } function settle() public { require(guesses[msg.sender].block != 0); require(block.number > guesses[msg.sender].block); bytes32 answer = blockhash(guesses[msg.sender].block); guesses[msg.sender].block = 0; if (answer != 0 && guesses[msg.sender].guess == answer) { payable(msg.sender).transfer(2 ether); } } },"import { expect } from ""chai""; import { ethers } from ""hardhat""; describe(""PredictTheBlockHashChallenge reference (ethers v6; deploy may require constructor arguments)"", function () { it(""deploy PredictTheBlockHashChallenge by supplying its REQUIRED constructor arguments (read them from the contract constructor), then call methods and assert; use ethers.parseEther, await (await tx).wait(), and expect(...).to.be.reverted"", async function () { const [owner, addr1, addr2] = await ethers.getSigners(); const Factory = await ethers.getContractFactory(""PredictTheBlockHashChallenge""); const instance = await Factory.deploy(...constructorArgs); await instance.waitForDeployment(); }); });",False,False,"import { expect } from ""chai""; import { ethers } from ""hardhat"";  describe(""PredictTheBlockHashChallenge mutant detection"", function () {   it(""should kill mutant m9aef3487 by settling exactly one block after lockInGuess"", async function () {     const [owner] = await ethers.getSigners();     const Factory = await ethers.getContractFactory(""PredictTheBlockHashChallenge"");     const instance = await Factory.deploy({ value: ethers.parseEther(""1"") });     await instance.waitForDeployment();      // Lock in a guess with 1 ether     const guessHash = ethers.keccak256(ethers.toUtf8Bytes(""test""));     await instance.connect(owner).lockInGuess(guessHash, { value: ethers.parseEther(""1"") });      // Get the block number after lockInGuess     const lockBlock = await ethers.provider.getBlock(""latest"");     const targetBlock = lockBlock!.number + 1;      // Mine one block so we are exactly at targetBlock     await ethers.provider.send(""evm_mine"");      // Verify we are at the correct block     const currentBlock = await ethers.provider.getBlock(""latest"");     expect(currentBlock!.number).to.equal(targetBlock);      // On original contract this should revert because block.number is not > guesses[msg.sender].block     // On mutant, the condition block.number-1 > guesses[msg.sender].block will be false (0 > 0 is false)     // So the require will pass and settlement will proceed, which is incorrect behavior     await expect(instance.connect(owner).settle()).to.be.reverted;   }); });","""['Error: syntax error']"""
m22a6ab35,PredictTheBlockHashChallenge,<generic-v6-scaffold>,settle,live,blockhash(guesses[msg.sender].block),0,---|         bytes32 answer = blockhash(guesses[msg.sender].block); +++|         bytes32 answer = 0;,29,Mutant m22a6ab35 of function settle replaces blockhash(guesses[msg.sender].block) with 0,pragma solidity ^0.8.0; contract PredictTheBlockHashChallenge { struct guess { uint block; bytes32 guess; } mapping(address => guess) guesses; constructor() public payable { require(msg.value == 1 ether); } function lockInGuess(bytes32 hash) public payable { require(guesses[msg.sender].block == 0); require(msg.value == 1 ether); guesses[msg.sender].guess = hash; guesses[msg.sender].block = block.number + 1; } function settle() public { require(guesses[msg.sender].block != 0); require(block.number > guesses[msg.sender].block); bytes32 answer = blockhash(guesses[msg.sender].block); guesses[msg.sender].block = 0; if (answer != 0 && guesses[msg.sender].guess == answer) { payable(msg.sender).transfer(2 ether); } } },"import { expect } from ""chai""; import { ethers } from ""hardhat""; describe(""PredictTheBlockHashChallenge reference (ethers v6; deploy may require constructor arguments)"", function () { it(""deploy PredictTheBlockHashChallenge by supplying its REQUIRED constructor arguments (read them from the contract constructor), then call methods and assert; use ethers.parseEther, await (await tx).wait(), and expect(...).to.be.reverted"", async function () { const [owner, addr1, addr2] = await ethers.getSigners(); const Factory = await ethers.getContractFactory(""PredictTheBlockHashChallenge""); const instance = await Factory.deploy(...constructorArgs); await instance.waitForDeployment(); }); });",False,False,"import { expect } from ""chai""; import { ethers } from ""hardhat"";  describe(""PredictTheBlockHashChallenge mutant m22a6ab35 test"", function () {   it(""should detect mutant that replaces blockhash with constant 0"", async function () {     const [owner, attacker] = await ethers.getSigners();          // Deploy contract with 1 ether     const Factory = await ethers.getContractFactory(""PredictTheBlockHashChallenge"");     const instance = await Factory.deploy({ value: ethers.parseEther(""1"") });     await instance.waitForDeployment();          // Lock in a guess - we'll use a placeholder hash that we'll check against blockhash later     const placeholderHash = ethers.keccak256(ethers.toUtf8Bytes(""test""));     await instance.connect(attacker).lockInGuess(placeholderHash, {       value: ethers.parseEther(""1"")     });          // Wait for the next block so we can settle     const currentBlock = await ethers.provider.getBlockNumber();     await ethers.provider.send(""evm_mine"", []);          // Get the actual blockhash of the target block (currentBlock + 1)     const targetBlock = currentBlock + 1;     const actualBlockHash = (await ethers.provider.getBlock(targetBlock)).hash;          // Now lock in a NEW guess with the actual blockhash     // But first we need to wait for the previous lock to be settled     // Actually, let's redo: deploy fresh, lock in the correct hash     const instance2 = await Factory.deploy({ value: ethers.parseEther(""1"") });     await instance2.waitForDeployment();          // Lock in the actual blockhash of the NEXT block     const currentBlock2 = await ethers.provider.getBlockNumber();     await instance2.connect(attacker).lockInGuess(actualBlockHash, {       value: ethers.parseEther(""1"")     });          // Mine to the target block     await ethers.provider.send(""evm_mine"", []);          // Get initial balance     const initialBalance = await ethers.provider.getBalance(attacker.address);          // Settle the guess     const tx = await instance2.connect(attacker).settle();     const receipt = await tx.wait();          // Get final balance     const finalBalance = await ethers.provider.getBalance(attacker.address);     const balanceDiff = finalBalance - initialBalance;          // In original contract, attacker should get 2 ether (minus gas)     // In mutant, answer is always 0, so guess != answer, no transfer happens     // Therefore balanceDiff should be negative (gas cost only) in mutant     expect(balanceDiff).to.be.lessThan(ethers.parseEther(""0""));          // Also verify the guess was cleared     // We can't easily check internal mapping, but we can verify the function doesn't revert   }); });","""['Error: syntax error']"""
m035a59d9,PredictTheBlockHashChallenge,<generic-v6-scaffold>,settle,live,blockhash(guesses[msg.sender].block),blockhash(block.prevrandao),---|         bytes32 answer = blockhash(guesses[msg.sender].block); +++|         bytes32 answer = blockhash(block.prevrandao);,29,Mutant m035a59d9 of function settle replaces blockhash(guesses[msg.sender].block) with blockhash(block.prevrandao),pragma solidity ^0.8.0; contract PredictTheBlockHashChallenge { struct guess { uint block; bytes32 guess; } mapping(address => guess) guesses; constructor() public payable { require(msg.value == 1 ether); } function lockInGuess(bytes32 hash) public payable { require(guesses[msg.sender].block == 0); require(msg.value == 1 ether); guesses[msg.sender].guess = hash; guesses[msg.sender].block = block.number + 1; } function settle() public { require(guesses[msg.sender].block != 0); require(block.number > guesses[msg.sender].block); bytes32 answer = blockhash(guesses[msg.sender].block); guesses[msg.sender].block = 0; if (answer != 0 && guesses[msg.sender].guess == answer) { payable(msg.sender).transfer(2 ether); } } },"import { expect } from ""chai""; import { ethers } from ""hardhat""; describe(""PredictTheBlockHashChallenge reference (ethers v6; deploy may require constructor arguments)"", function () { it(""deploy PredictTheBlockHashChallenge by supplying its REQUIRED constructor arguments (read them from the contract constructor), then call methods and assert; use ethers.parseEther, await (await tx).wait(), and expect(...).to.be.reverted"", async function () { const [owner, addr1, addr2] = await ethers.getSigners(); const Factory = await ethers.getContractFactory(""PredictTheBlockHashChallenge""); const instance = await Factory.deploy(...constructorArgs); await instance.waitForDeployment(); }); });",False,False,"import { expect } from ""chai""; import { ethers } from ""hardhat"";  describe(""PredictTheBlockHashChallenge mutant m035a59d9"", function () {   it(""should kill mutant by proving settle() cannot transfer ether when using block.prevrandao instead of stored block number"", async function () {     const [owner, player] = await ethers.getSigners();          // Deploy with 1 ether as required by constructor     const Factory = await ethers.getContractFactory(""PredictTheBlockHashChallenge"");     const instance = await Factory.deploy({ value: ethers.parseEther(""1"") });     await instance.waitForDeployment();          // Player locks in a guess with 1 ether     const lockInTx = await instance.connect(player).lockInGuess(       ethers.ZeroHash, // any hash works for the test; we just need to trigger settle()       { value: ethers.parseEther(""1"") }     );     await lockInTx.wait();          // Wait until the target block is in the past (block.number > guesses[player].block)     const playerBlock = await instance.connect(player).guesses(player.address);     const targetBlock = playerBlock.block;          // Mine blocks until we're past the target block     while ((await ethers.provider.getBlockNumber()) <= Number(targetBlock)) {       await ethers.provider.send(""evm_mine"", []);     }          // Now settle - in the original, this would transfer 2 ether if guess matches     // In the mutant, blockhash(block.prevrandao) will always return 0x0     // so the transfer condition answer != 0 && guess == answer will always be false     const playerBalanceBefore = await ethers.provider.getBalance(player.address);          const settleTx = await instance.connect(player).settle();     await settleTx.wait();          const playerBalanceAfter = await ethers.provider.getBalance(player.address);          // The mutant should NOT transfer ether (player balance should stay the same minus gas)     // Original would transfer 2 ether if guess matched (which it won't here due to ZeroHash)     // But the key point: mutant can NEVER transfer because block.prevrandao is not a valid block number     expect(playerBalanceAfter).to.be.lessThan(playerBalanceBefore); // only gas costs, no transfer   }); });","""['Error: syntax error']"""
