Mutant_id,Contract_id,Test_id,Function_name,Status,Original,Replacement,Diff,StartLine,Details,Contract_Context,Test_Context,Test_Generated,KilledByLLM,Generated_test,Test_errors
mbd961505,MY_BANK,<generic-v6-scaffold>,Put,live,>,<,---|         acc.unlockTime = _unlockTime>block.timestamp?_unlockTime:block.timestamp; +++|         acc.unlockTime = _unlockTime<block.timestamp?_unlockTime:block.timestamp;,31,Mutant mbd961505 of function Put replaces > with <,"pragma solidity ^0.8.0; contract sGuard{ function sub_uint256(uint256 a, uint256 b) internal pure returns (uint256) { assert(b <= a); return a - b; } bool internal locked_; constructor() { locked_ = false; } modifier nonReentrant_() { require(!locked_); locked_ = true; _; locked_ = false; } function add_uint256(uint256 a, uint256 b) internal pure returns (uint256) { uint256 c = a + b; assert(c >= a); return c; } } contract MY_BANK is sGuard { function Put(uint _unlockTime)  public nonReentrant_ payable { Holder storage acc = Acc[msg.sender]; acc.balance = add_uint256(acc.balance, msg.value); acc.unlockTime = _unlockTime>block.timestamp?_unlockTime:block.timestamp; LogFile.AddMessage(msg.sender,msg.value,""Put""); } function Collect(uint _am)  public nonReentrant_ payable { Holder storage acc = Acc[msg.sender]; if( acc.balance>=MinSum && acc.balance>=_am && block.timestamp>acc.unlockTime) { { (bool _s, bytes memory _d) = msg.sender.call{value: _am}(""""); _d; if (_s) { acc.balance = sub_uint256(acc.balance, _am); LogFile.AddMessage(msg.sender,_am,""Collect""); } } } } fallback() external payable { Put(0); } struct Holder { uint unlockTime; uint balance; } mapping (address => Holder) public Acc; Log LogFile; uint public MinSum = 1 ether; constructor(address log) public{ LogFile = Log(log); } } contract Log is sGuard { struct Message { address Sender; string  Data; uint Val; uint  Time; } Message[] public History; Message LastMsg; function AddMessage(address _adr,uint _val, string memory _data) public { LastMsg.Sender = _adr; LastMsg.Time = block.timestamp; LastMsg.Val = _val; LastMsg.Data = _data; History.push(LastMsg); } }","import { expect } from ""chai""; import { ethers } from ""hardhat""; describe(""MY_BANK reference (ethers v6; deploy may require constructor arguments)"", function () { it(""deploy MY_BANK by supplying its REQUIRED constructor arguments (read them from the contract constructor), then call methods and assert; use ethers.parseEther, await (await tx).wait(), and expect(...).to.be.reverted"", async function () { const [owner, addr1, addr2] = await ethers.getSigners(); const Factory = await ethers.getContractFactory(""MY_BANK""); const instance = await Factory.deploy(...constructorArgs); await instance.waitForDeployment(); }); });",False,False,"import { expect } from ""chai""; import { ethers } from ""hardhat"";  describe(""MY_BANK mutant mbd961505 test"", function () {     it(""should prevent collecting funds before unlock time"", async function () {         const [owner, addr1] = await ethers.getSigners();                  // Deploy Log contract first (required by MY_BANK constructor)         const LogFactory = await ethers.getContractFactory(""Log"");         const logInstance = await LogFactory.deploy();         await logInstance.waitForDeployment();                  // Deploy MY_BANK with Log address         const BankFactory = await ethers.getContractFactory(""MY_BANK"");         const bankInstance = await BankFactory.deploy(await logInstance.getAddress());         await bankInstance.waitForDeployment();                  // Get current block timestamp         const blockNumBefore = await ethers.provider.getBlockNumber();         const blockBefore = await ethers.provider.getBlock(blockNumBefore);         const currentTime = blockBefore.timestamp;                  // Set unlock time 1 hour in the future         const futureUnlock = currentTime + 3600;                  // Deposit 2 ether with future unlock time         const depositAmount = ethers.parseEther(""2"");         await bankInstance.connect(addr1).Put(futureUnlock, { value: depositAmount });                  // Try to collect 1 ether immediately (should revert because unlock time not reached)         const collectAmount = ethers.parseEther(""1"");         await expect(             bankInstance.connect(addr1).Collect(collectAmount)         ).to.be.reverted;     }); });","""['Error: syntax error']"""
mcad6dc7c,MY_BANK,<generic-v6-scaffold>,Put,live,>,>= ,---|         acc.unlockTime = _unlockTime>block.timestamp?_unlockTime:block.timestamp; +++|         acc.unlockTime = _unlockTime>= block.timestamp?_unlockTime:block.timestamp;,31,Mutant mcad6dc7c of function Put replaces > with >=,"pragma solidity ^0.8.0; contract sGuard{ function sub_uint256(uint256 a, uint256 b) internal pure returns (uint256) { assert(b <= a); return a - b; } bool internal locked_; constructor() { locked_ = false; } modifier nonReentrant_() { require(!locked_); locked_ = true; _; locked_ = false; } function add_uint256(uint256 a, uint256 b) internal pure returns (uint256) { uint256 c = a + b; assert(c >= a); return c; } } contract MY_BANK is sGuard { function Put(uint _unlockTime)  public nonReentrant_ payable { Holder storage acc = Acc[msg.sender]; acc.balance = add_uint256(acc.balance, msg.value); acc.unlockTime = _unlockTime>block.timestamp?_unlockTime:block.timestamp; LogFile.AddMessage(msg.sender,msg.value,""Put""); } function Collect(uint _am)  public nonReentrant_ payable { Holder storage acc = Acc[msg.sender]; if( acc.balance>=MinSum && acc.balance>=_am && block.timestamp>acc.unlockTime) { { (bool _s, bytes memory _d) = msg.sender.call{value: _am}(""""); _d; if (_s) { acc.balance = sub_uint256(acc.balance, _am); LogFile.AddMessage(msg.sender,_am,""Collect""); } } } } fallback() external payable { Put(0); } struct Holder { uint unlockTime; uint balance; } mapping (address => Holder) public Acc; Log LogFile; uint public MinSum = 1 ether; constructor(address log) public{ LogFile = Log(log); } } contract Log is sGuard { struct Message { address Sender; string  Data; uint Val; uint  Time; } Message[] public History; Message LastMsg; function AddMessage(address _adr,uint _val, string memory _data) public { LastMsg.Sender = _adr; LastMsg.Time = block.timestamp; LastMsg.Val = _val; LastMsg.Data = _data; History.push(LastMsg); } }","import { expect } from ""chai""; import { ethers } from ""hardhat""; describe(""MY_BANK reference (ethers v6; deploy may require constructor arguments)"", function () { it(""deploy MY_BANK by supplying its REQUIRED constructor arguments (read them from the contract constructor), then call methods and assert; use ethers.parseEther, await (await tx).wait(), and expect(...).to.be.reverted"", async function () { const [owner, addr1, addr2] = await ethers.getSigners(); const Factory = await ethers.getContractFactory(""MY_BANK""); const instance = await Factory.deploy(...constructorArgs); await instance.waitForDeployment(); }); });",False,False,,"""['Error: syntax error']"""
m427c3738,MY_BANK,<generic-v6-scaffold>,Collect,live, && , || ,---|         if( acc.balance>=MinSum && acc.balance>=_am && block.timestamp>acc.unlockTime) +++|         if( acc.balance>=MinSum && acc.balance>=_am || block.timestamp>acc.unlockTime),37,Mutant m427c3738 of function Collect replaces && with ||,"pragma solidity ^0.8.0; contract sGuard{ function sub_uint256(uint256 a, uint256 b) internal pure returns (uint256) { assert(b <= a); return a - b; } bool internal locked_; constructor() { locked_ = false; } modifier nonReentrant_() { require(!locked_); locked_ = true; _; locked_ = false; } function add_uint256(uint256 a, uint256 b) internal pure returns (uint256) { uint256 c = a + b; assert(c >= a); return c; } } contract MY_BANK is sGuard { function Put(uint _unlockTime)  public nonReentrant_ payable { Holder storage acc = Acc[msg.sender]; acc.balance = add_uint256(acc.balance, msg.value); acc.unlockTime = _unlockTime>block.timestamp?_unlockTime:block.timestamp; LogFile.AddMessage(msg.sender,msg.value,""Put""); } function Collect(uint _am)  public nonReentrant_ payable { Holder storage acc = Acc[msg.sender]; if( acc.balance>=MinSum && acc.balance>=_am && block.timestamp>acc.unlockTime) { { (bool _s, bytes memory _d) = msg.sender.call{value: _am}(""""); _d; if (_s) { acc.balance = sub_uint256(acc.balance, _am); LogFile.AddMessage(msg.sender,_am,""Collect""); } } } } fallback() external payable { Put(0); } struct Holder { uint unlockTime; uint balance; } mapping (address => Holder) public Acc; Log LogFile; uint public MinSum = 1 ether; constructor(address log) public{ LogFile = Log(log); } } contract Log is sGuard { struct Message { address Sender; string  Data; uint Val; uint  Time; } Message[] public History; Message LastMsg; function AddMessage(address _adr,uint _val, string memory _data) public { LastMsg.Sender = _adr; LastMsg.Time = block.timestamp; LastMsg.Val = _val; LastMsg.Data = _data; History.push(LastMsg); } }","import { expect } from ""chai""; import { ethers } from ""hardhat""; describe(""MY_BANK reference (ethers v6; deploy may require constructor arguments)"", function () { it(""deploy MY_BANK by supplying its REQUIRED constructor arguments (read them from the contract constructor), then call methods and assert; use ethers.parseEther, await (await tx).wait(), and expect(...).to.be.reverted"", async function () { const [owner, addr1, addr2] = await ethers.getSigners(); const Factory = await ethers.getContractFactory(""MY_BANK""); const instance = await Factory.deploy(...constructorArgs); await instance.waitForDeployment(); }); });",False,False,"import { expect } from ""chai""; import { ethers } from ""hardhat"";  describe(""MY_BANK mutant kill test - m427c3738"", function () {   it(""should revert when balance conditions are met but unlock time has not passed (original requires all conditions)"", async function () {     const [owner, user] = await ethers.getSigners();          // Deploy Log contract first (required constructor argument for MY_BANK)     const LogFactory = await ethers.getContractFactory(""Log"");     const log = await LogFactory.deploy();     await log.waitForDeployment();          // Deploy MY_BANK with Log address     const BankFactory = await ethers.getContractFactory(""MY_BANK"");     const bank = await BankFactory.deploy(await log.getAddress());     await bank.waitForDeployment();          const bankAddress = await bank.getAddress();     const minSum = await bank.MinSum();          // Fund the user with exactly MinSum (balance condition met)     const depositAmount = minSum;     const unlockTime = (await ethers.provider.getBlock(""latest"")).timestamp + 1000; // Future unlock time          // User deposits funds with a future unlock time     await bank.connect(user).Put(unlockTime, { value: depositAmount });          // Verify balance is set correctly     const holder = await bank.Acc(user.address);     expect(holder.balance).to.equal(depositAmount);          // Now try to collect - balance condition is met (>= MinSum and >= _am) but unlock time is still in the future     // Original: requires all three conditions with && → should revert     // Mutant: uses || → would incorrectly allow withdrawal     await expect(       bank.connect(user).Collect(depositAmount)     ).to.be.reverted;   }); });","""['Error: syntax error']"""
m13e3e7eb,MY_BANK,<generic-v6-scaffold>,Collect,live, && , || ,---|         if( acc.balance>=MinSum && acc.balance>=_am && block.timestamp>acc.unlockTime) +++|         if( acc.balance>=MinSum || acc.balance>=_am && block.timestamp>acc.unlockTime),37,Mutant m13e3e7eb of function Collect replaces && with ||,"pragma solidity ^0.8.0; contract sGuard{ function sub_uint256(uint256 a, uint256 b) internal pure returns (uint256) { assert(b <= a); return a - b; } bool internal locked_; constructor() { locked_ = false; } modifier nonReentrant_() { require(!locked_); locked_ = true; _; locked_ = false; } function add_uint256(uint256 a, uint256 b) internal pure returns (uint256) { uint256 c = a + b; assert(c >= a); return c; } } contract MY_BANK is sGuard { function Put(uint _unlockTime)  public nonReentrant_ payable { Holder storage acc = Acc[msg.sender]; acc.balance = add_uint256(acc.balance, msg.value); acc.unlockTime = _unlockTime>block.timestamp?_unlockTime:block.timestamp; LogFile.AddMessage(msg.sender,msg.value,""Put""); } function Collect(uint _am)  public nonReentrant_ payable { Holder storage acc = Acc[msg.sender]; if( acc.balance>=MinSum && acc.balance>=_am && block.timestamp>acc.unlockTime) { { (bool _s, bytes memory _d) = msg.sender.call{value: _am}(""""); _d; if (_s) { acc.balance = sub_uint256(acc.balance, _am); LogFile.AddMessage(msg.sender,_am,""Collect""); } } } } fallback() external payable { Put(0); } struct Holder { uint unlockTime; uint balance; } mapping (address => Holder) public Acc; Log LogFile; uint public MinSum = 1 ether; constructor(address log) public{ LogFile = Log(log); } } contract Log is sGuard { struct Message { address Sender; string  Data; uint Val; uint  Time; } Message[] public History; Message LastMsg; function AddMessage(address _adr,uint _val, string memory _data) public { LastMsg.Sender = _adr; LastMsg.Time = block.timestamp; LastMsg.Val = _val; LastMsg.Data = _data; History.push(LastMsg); } }","import { expect } from ""chai""; import { ethers } from ""hardhat""; describe(""MY_BANK reference (ethers v6; deploy may require constructor arguments)"", function () { it(""deploy MY_BANK by supplying its REQUIRED constructor arguments (read them from the contract constructor), then call methods and assert; use ethers.parseEther, await (await tx).wait(), and expect(...).to.be.reverted"", async function () { const [owner, addr1, addr2] = await ethers.getSigners(); const Factory = await ethers.getContractFactory(""MY_BANK""); const instance = await Factory.deploy(...constructorArgs); await instance.waitForDeployment(); }); });",False,False,"import { expect } from ""chai""; import { ethers } from ""hardhat"";  describe(""MY_BANK mutant m13e3e7eb - OR instead of AND in Collect"", function () {   it(""should kill the mutant by exploiting the OR logic to bypass unlock time check"", async function () {     const [owner, addr1] = await ethers.getSigners();          // Deploy the Log contract first (required constructor argument for MY_BANK)     const LogFactory = await ethers.getContractFactory(""Log"");     const logInstance = await LogFactory.deploy();     await logInstance.waitForDeployment();          // Deploy MY_BANK with the Log contract address     const BankFactory = await ethers.getContractFactory(""MY_BANK"");     const bankInstance = await BankFactory.deploy(await logInstance.getAddress());     await bankInstance.waitForDeployment();          const bankAddress = await bankInstance.getAddress();          // Fund addr1 with enough ETH to put into the bank     await owner.sendTransaction({       to: addr1.address,       value: ethers.parseEther(""2.0"")     });          // Set the minimum sum to 1 ether (default)     const minSum = ethers.parseEther(""1.0"");          // addr1 puts 1.5 ether into the bank with a far future unlock time (block.timestamp + 100000)     const futureTime = (await ethers.provider.getBlock(""latest""))!.timestamp + 100000;     await bankInstance.connect(addr1).Put(futureTime, { value: ethers.parseEther(""1.5"") });          // Check that the balance is set correctly     const holderInfo = await bankInstance.Acc(addr1.address);     expect(holderInfo.balance).to.equal(ethers.parseEther(""1.5""));     expect(holderInfo.unlockTime).to.equal(futureTime);          // Now attempt to Collect with a small amount (0.1 ether) - should revert in original     // because unlock time has not passed, but in mutant it should succeed because     // acc.balance >= MinSum (1.5 >= 1.0) makes the first condition of the OR true          const collectAmount = ethers.parseEther(""0.1"");          // In the original contract this would revert because all three conditions must be true     // In the mutant, the OR allows it to pass if balance >= MinSum (which it is)     await bankInstance.connect(addr1).Collect(collectAmount);          // Verify that the balance decreased (mutant allowed the withdrawal)     const holderInfoAfter = await bankInstance.Acc(addr1.address);     expect(holderInfoAfter.balance).to.equal(ethers.parseEther(""1.4"")); // 1.5 - 0.1          // If we reached here, the mutant allowed a withdrawal that should not have been allowed     // This confirms the mutant is killed (it behaves differently than original)   }); });","""['Error: syntax error']"""
me003e634,MY_BANK,<generic-v6-scaffold>,Collect,live,>=, >,---|         if( acc.balance>=MinSum && acc.balance>=_am && block.timestamp>acc.unlockTime) +++|         if( acc.balance >MinSum && acc.balance>=_am && block.timestamp>acc.unlockTime),37,Mutant me003e634 of function Collect replaces >= with >,"pragma solidity ^0.8.0; contract sGuard{ function sub_uint256(uint256 a, uint256 b) internal pure returns (uint256) { assert(b <= a); return a - b; } bool internal locked_; constructor() { locked_ = false; } modifier nonReentrant_() { require(!locked_); locked_ = true; _; locked_ = false; } function add_uint256(uint256 a, uint256 b) internal pure returns (uint256) { uint256 c = a + b; assert(c >= a); return c; } } contract MY_BANK is sGuard { function Put(uint _unlockTime)  public nonReentrant_ payable { Holder storage acc = Acc[msg.sender]; acc.balance = add_uint256(acc.balance, msg.value); acc.unlockTime = _unlockTime>block.timestamp?_unlockTime:block.timestamp; LogFile.AddMessage(msg.sender,msg.value,""Put""); } function Collect(uint _am)  public nonReentrant_ payable { Holder storage acc = Acc[msg.sender]; if( acc.balance>=MinSum && acc.balance>=_am && block.timestamp>acc.unlockTime) { { (bool _s, bytes memory _d) = msg.sender.call{value: _am}(""""); _d; if (_s) { acc.balance = sub_uint256(acc.balance, _am); LogFile.AddMessage(msg.sender,_am,""Collect""); } } } } fallback() external payable { Put(0); } struct Holder { uint unlockTime; uint balance; } mapping (address => Holder) public Acc; Log LogFile; uint public MinSum = 1 ether; constructor(address log) public{ LogFile = Log(log); } } contract Log is sGuard { struct Message { address Sender; string  Data; uint Val; uint  Time; } Message[] public History; Message LastMsg; function AddMessage(address _adr,uint _val, string memory _data) public { LastMsg.Sender = _adr; LastMsg.Time = block.timestamp; LastMsg.Val = _val; LastMsg.Data = _data; History.push(LastMsg); } }","import { expect } from ""chai""; import { ethers } from ""hardhat""; describe(""MY_BANK reference (ethers v6; deploy may require constructor arguments)"", function () { it(""deploy MY_BANK by supplying its REQUIRED constructor arguments (read them from the contract constructor), then call methods and assert; use ethers.parseEther, await (await tx).wait(), and expect(...).to.be.reverted"", async function () { const [owner, addr1, addr2] = await ethers.getSigners(); const Factory = await ethers.getContractFactory(""MY_BANK""); const instance = await Factory.deploy(...constructorArgs); await instance.waitForDeployment(); }); });",False,False,"import { expect } from ""chai""; import { ethers } } from ""hardhat"";  describe(""MY_BANK mutant kill test - me003e634"", function () {   it(""should revert when balance equals MinSum (1 ether) due to > instead of >="", async function () {     const [owner, user] = await ethers.getSigners();          // Deploy Log contract first (required constructor arg for MY_BANK)     const LogFactory = await ethers.getContractFactory(""Log"");     const log = await LogFactory.deploy();     await log.waitForDeployment();          // Deploy MY_BANK with Log address     const BankFactory = await ethers.getContractFactory(""MY_BANK"");     const bank = await BankFactory.deploy(await log.getAddress());     await bank.waitForDeployment();          const MinSum = ethers.parseEther(""1"");          // User deposits exactly MinSum (1 ether)     await bank.connect(user).Put(0, { value: MinSum });          // Verify balance is exactly MinSum     const holder = await bank.Acc(user.address);     expect(holder.balance).to.equal(MinSum);          // Attempt to collect 1 wei - should succeed in original but fail in mutant     // because mutant requires acc.balance > MinSum (strictly greater)     await expect(       bank.connect(user).Collect(1)     ).to.be.reverted;   }); });","""['Error: syntax error']"""
m1979f4bf,MY_BANK,<generic-v6-scaffold>,Collect,live,>=,<=,---|         if( acc.balance>=MinSum && acc.balance>=_am && block.timestamp>acc.unlockTime) +++|         if( acc.balance<=MinSum && acc.balance>=_am && block.timestamp>acc.unlockTime),37,Mutant m1979f4bf of function Collect replaces >= with <=,"pragma solidity ^0.8.0; contract sGuard{ function sub_uint256(uint256 a, uint256 b) internal pure returns (uint256) { assert(b <= a); return a - b; } bool internal locked_; constructor() { locked_ = false; } modifier nonReentrant_() { require(!locked_); locked_ = true; _; locked_ = false; } function add_uint256(uint256 a, uint256 b) internal pure returns (uint256) { uint256 c = a + b; assert(c >= a); return c; } } contract MY_BANK is sGuard { function Put(uint _unlockTime)  public nonReentrant_ payable { Holder storage acc = Acc[msg.sender]; acc.balance = add_uint256(acc.balance, msg.value); acc.unlockTime = _unlockTime>block.timestamp?_unlockTime:block.timestamp; LogFile.AddMessage(msg.sender,msg.value,""Put""); } function Collect(uint _am)  public nonReentrant_ payable { Holder storage acc = Acc[msg.sender]; if( acc.balance>=MinSum && acc.balance>=_am && block.timestamp>acc.unlockTime) { { (bool _s, bytes memory _d) = msg.sender.call{value: _am}(""""); _d; if (_s) { acc.balance = sub_uint256(acc.balance, _am); LogFile.AddMessage(msg.sender,_am,""Collect""); } } } } fallback() external payable { Put(0); } struct Holder { uint unlockTime; uint balance; } mapping (address => Holder) public Acc; Log LogFile; uint public MinSum = 1 ether; constructor(address log) public{ LogFile = Log(log); } } contract Log is sGuard { struct Message { address Sender; string  Data; uint Val; uint  Time; } Message[] public History; Message LastMsg; function AddMessage(address _adr,uint _val, string memory _data) public { LastMsg.Sender = _adr; LastMsg.Time = block.timestamp; LastMsg.Val = _val; LastMsg.Data = _data; History.push(LastMsg); } }","import { expect } from ""chai""; import { ethers } from ""hardhat""; describe(""MY_BANK reference (ethers v6; deploy may require constructor arguments)"", function () { it(""deploy MY_BANK by supplying its REQUIRED constructor arguments (read them from the contract constructor), then call methods and assert; use ethers.parseEther, await (await tx).wait(), and expect(...).to.be.reverted"", async function () { const [owner, addr1, addr2] = await ethers.getSigners(); const Factory = await ethers.getContractFactory(""MY_BANK""); const instance = await Factory.deploy(...constructorArgs); await instance.waitForDeployment(); }); });",False,False,"import { expect } from ""chai""; import { ethers } from ""hardhat"";  describe(""MY_BANK mutant detection - m1979f4bf"", function () {   it(""should revert when collecting amount less than MinSum in original, but mutant incorrectly allows it"", async function () {     const [owner, user] = await ethers.getSigners();          // Deploy Log contract first (required constructor argument for MY_BANK)     const LogFactory = await ethers.getContractFactory(""Log"");     const log = await LogFactory.deploy();     await log.waitForDeployment();          // Deploy MY_BANK with Log address     const BankFactory = await ethers.getContractFactory(""MY_BANK"");     const bank = await BankFactory.deploy(await log.getAddress());     await bank.waitForDeployment();          const bankAddress = await bank.getAddress();     const minSum = await bank.MinSum();          // User deposits less than MinSum (e.g., 0.5 ether when MinSum is 1 ether)     const depositAmount = minSum / 2n; // 0.5 ether     await bank.connect(user).Put(0, { value: depositAmount });          // Verify balance is less than MinSum     const holder = await bank.Acc(user.address);     expect(holder.balance).to.equal(depositAmount);     expect(holder.balance).to.be.lessThan(minSum);          // Advance time to pass unlockTime (unlockTime is 0 + current block timestamp)     await ethers.provider.send(""evm_increaseTime"", [3600]); // 1 hour     await ethers.provider.send(""evm_mine"", []);          // Attempt to collect the deposited amount     // Original contract would revert because balance < MinSum     // Mutant with <= would incorrectly allow this     const tx = bank.connect(user).Collect(depositAmount);          // The test expects a revert - this will pass on original but fail on mutant     await expect(tx).to.be.reverted;   }); });","""['Error: syntax error']"""
mc21d4de4,MY_BANK,<generic-v6-scaffold>,Collect,live,>=,==,---|         if( acc.balance>=MinSum && acc.balance>=_am && block.timestamp>acc.unlockTime) +++|         if( acc.balance==MinSum && acc.balance>=_am && block.timestamp>acc.unlockTime),37,Mutant mc21d4de4 of function Collect replaces >= with ==,"pragma solidity ^0.8.0; contract sGuard{ function sub_uint256(uint256 a, uint256 b) internal pure returns (uint256) { assert(b <= a); return a - b; } bool internal locked_; constructor() { locked_ = false; } modifier nonReentrant_() { require(!locked_); locked_ = true; _; locked_ = false; } function add_uint256(uint256 a, uint256 b) internal pure returns (uint256) { uint256 c = a + b; assert(c >= a); return c; } } contract MY_BANK is sGuard { function Put(uint _unlockTime)  public nonReentrant_ payable { Holder storage acc = Acc[msg.sender]; acc.balance = add_uint256(acc.balance, msg.value); acc.unlockTime = _unlockTime>block.timestamp?_unlockTime:block.timestamp; LogFile.AddMessage(msg.sender,msg.value,""Put""); } function Collect(uint _am)  public nonReentrant_ payable { Holder storage acc = Acc[msg.sender]; if( acc.balance>=MinSum && acc.balance>=_am && block.timestamp>acc.unlockTime) { { (bool _s, bytes memory _d) = msg.sender.call{value: _am}(""""); _d; if (_s) { acc.balance = sub_uint256(acc.balance, _am); LogFile.AddMessage(msg.sender,_am,""Collect""); } } } } fallback() external payable { Put(0); } struct Holder { uint unlockTime; uint balance; } mapping (address => Holder) public Acc; Log LogFile; uint public MinSum = 1 ether; constructor(address log) public{ LogFile = Log(log); } } contract Log is sGuard { struct Message { address Sender; string  Data; uint Val; uint  Time; } Message[] public History; Message LastMsg; function AddMessage(address _adr,uint _val, string memory _data) public { LastMsg.Sender = _adr; LastMsg.Time = block.timestamp; LastMsg.Val = _val; LastMsg.Data = _data; History.push(LastMsg); } }","import { expect } from ""chai""; import { ethers } from ""hardhat""; describe(""MY_BANK reference (ethers v6; deploy may require constructor arguments)"", function () { it(""deploy MY_BANK by supplying its REQUIRED constructor arguments (read them from the contract constructor), then call methods and assert; use ethers.parseEther, await (await tx).wait(), and expect(...).to.be.reverted"", async function () { const [owner, addr1, addr2] = await ethers.getSigners(); const Factory = await ethers.getContractFactory(""MY_BANK""); const instance = await Factory.deploy(...constructorArgs); await instance.waitForDeployment(); }); });",False,False,"import { expect } from ""chai""; import { ethers } from ""hardhat"";  describe(""MY_BANK mutant test - mc21d4de4"", function () {   it(""should kill mutant by depositing more than MinSum and trying to collect"", async function () {     const [owner, addr1] = await ethers.getSigners();     const LogFactory = await ethers.getContractFactory(""Log"");     const log = await LogFactory.deploy();     await log.waitForDeployment();      const BankFactory = await ethers.getContractFactory(""MY_BANK"");     const bank = await BankFactory.deploy(await log.getAddress());     await bank.waitForDeployment();      // Deposit 2 ether (more than MinSum which is 1 ether)     const depositAmount = ethers.parseEther(""2"");     const unlockTime = Math.floor(Date.now() / 1000) + 3600; // 1 hour in future     await (await bank.connect(addr1).Put(unlockTime, { value: depositAmount })).wait();      // Advance time past unlock time     await ethers.provider.send(""evm_increaseTime"", [3601]);     await ethers.provider.send(""evm_mine"", []);      // Try to collect 1 ether - should succeed on original but fail on mutant     const collectAmount = ethers.parseEther(""1"");     await expect(       bank.connect(addr1).Collect(collectAmount)     ).to.be.reverted;   }); });","""['Error: syntax error']"""
mc535433c,MY_BANK,<generic-v6-scaffold>,Collect,live,>=, >,---|         if( acc.balance>=MinSum && acc.balance>=_am && block.timestamp>acc.unlockTime) +++|         if( acc.balance>=MinSum && acc.balance >_am && block.timestamp>acc.unlockTime),37,Mutant mc535433c of function Collect replaces >= with >,"pragma solidity ^0.8.0; contract sGuard{ function sub_uint256(uint256 a, uint256 b) internal pure returns (uint256) { assert(b <= a); return a - b; } bool internal locked_; constructor() { locked_ = false; } modifier nonReentrant_() { require(!locked_); locked_ = true; _; locked_ = false; } function add_uint256(uint256 a, uint256 b) internal pure returns (uint256) { uint256 c = a + b; assert(c >= a); return c; } } contract MY_BANK is sGuard { function Put(uint _unlockTime)  public nonReentrant_ payable { Holder storage acc = Acc[msg.sender]; acc.balance = add_uint256(acc.balance, msg.value); acc.unlockTime = _unlockTime>block.timestamp?_unlockTime:block.timestamp; LogFile.AddMessage(msg.sender,msg.value,""Put""); } function Collect(uint _am)  public nonReentrant_ payable { Holder storage acc = Acc[msg.sender]; if( acc.balance>=MinSum && acc.balance>=_am && block.timestamp>acc.unlockTime) { { (bool _s, bytes memory _d) = msg.sender.call{value: _am}(""""); _d; if (_s) { acc.balance = sub_uint256(acc.balance, _am); LogFile.AddMessage(msg.sender,_am,""Collect""); } } } } fallback() external payable { Put(0); } struct Holder { uint unlockTime; uint balance; } mapping (address => Holder) public Acc; Log LogFile; uint public MinSum = 1 ether; constructor(address log) public{ LogFile = Log(log); } } contract Log is sGuard { struct Message { address Sender; string  Data; uint Val; uint  Time; } Message[] public History; Message LastMsg; function AddMessage(address _adr,uint _val, string memory _data) public { LastMsg.Sender = _adr; LastMsg.Time = block.timestamp; LastMsg.Val = _val; LastMsg.Data = _data; History.push(LastMsg); } }","import { expect } from ""chai""; import { ethers } from ""hardhat""; describe(""MY_BANK reference (ethers v6; deploy may require constructor arguments)"", function () { it(""deploy MY_BANK by supplying its REQUIRED constructor arguments (read them from the contract constructor), then call methods and assert; use ethers.parseEther, await (await tx).wait(), and expect(...).to.be.reverted"", async function () { const [owner, addr1, addr2] = await ethers.getSigners(); const Factory = await ethers.getContractFactory(""MY_BANK""); const instance = await Factory.deploy(...constructorArgs); await instance.waitForDeployment(); }); });",False,False,"import { expect } from ""chai""; import { ethers } from ""hardhat"";  describe(""MY_BANK - kill mutant mc535433c (Collect: >= changed to >)"", function () {   it(""should allow Collect when balance equals _am (detect strict > mutant)"", async function () {     const [owner, addr1] = await ethers.getSigners();          // Deploy Log contract first (required constructor argument for MY_BANK)     const LogFactory = await ethers.getContractFactory(""Log"");     const log = await LogFactory.deploy();     await log.waitForDeployment();          // Deploy MY_BANK with Log address     const BankFactory = await ethers.getContractFactory(""MY_BANK"");     const bank = await BankFactory.deploy(await log.getAddress());     await bank.waitForDeployment();          const bankAddress = await bank.getAddress();     const minSum = await bank.MinSum(); // 1 ether          // addr1 deposits exactly MinSum (1 ether) with unlock time in the past     const pastUnlockTime = 0; // will be set to block.timestamp by contract     await bank.connect(addr1).Put(pastUnlockTime, { value: minSum });          // Verify balance equals MinSum     const holder = await bank.Acc(addr1.address);     expect(holder.balance).to.equal(minSum);          // Now try to Collect exactly the balance amount     // On original: acc.balance >= _am allows this (1 >= 1)     // On mutant: acc.balance > _am rejects this (1 > 1 is false)     const tx = bank.connect(addr1).Collect(minSum);          // Should succeed on original, but revert on mutant     await expect(tx).to.not.be.reverted;          // Verify balance decreased to zero     const holderAfter = await bank.Acc(addr1.address);     expect(holderAfter.balance).to.equal(0);   }); });","""['Error: syntax error']"""
m260de8c9,MY_BANK,<generic-v6-scaffold>,Collect,live,>=,<=,---|         if( acc.balance>=MinSum && acc.balance>=_am && block.timestamp>acc.unlockTime) +++|         if( acc.balance>=MinSum && acc.balance<=_am && block.timestamp>acc.unlockTime),37,Mutant m260de8c9 of function Collect replaces >= with <=,"pragma solidity ^0.8.0; contract sGuard{ function sub_uint256(uint256 a, uint256 b) internal pure returns (uint256) { assert(b <= a); return a - b; } bool internal locked_; constructor() { locked_ = false; } modifier nonReentrant_() { require(!locked_); locked_ = true; _; locked_ = false; } function add_uint256(uint256 a, uint256 b) internal pure returns (uint256) { uint256 c = a + b; assert(c >= a); return c; } } contract MY_BANK is sGuard { function Put(uint _unlockTime)  public nonReentrant_ payable { Holder storage acc = Acc[msg.sender]; acc.balance = add_uint256(acc.balance, msg.value); acc.unlockTime = _unlockTime>block.timestamp?_unlockTime:block.timestamp; LogFile.AddMessage(msg.sender,msg.value,""Put""); } function Collect(uint _am)  public nonReentrant_ payable { Holder storage acc = Acc[msg.sender]; if( acc.balance>=MinSum && acc.balance>=_am && block.timestamp>acc.unlockTime) { { (bool _s, bytes memory _d) = msg.sender.call{value: _am}(""""); _d; if (_s) { acc.balance = sub_uint256(acc.balance, _am); LogFile.AddMessage(msg.sender,_am,""Collect""); } } } } fallback() external payable { Put(0); } struct Holder { uint unlockTime; uint balance; } mapping (address => Holder) public Acc; Log LogFile; uint public MinSum = 1 ether; constructor(address log) public{ LogFile = Log(log); } } contract Log is sGuard { struct Message { address Sender; string  Data; uint Val; uint  Time; } Message[] public History; Message LastMsg; function AddMessage(address _adr,uint _val, string memory _data) public { LastMsg.Sender = _adr; LastMsg.Time = block.timestamp; LastMsg.Val = _val; LastMsg.Data = _data; History.push(LastMsg); } }","import { expect } from ""chai""; import { ethers } from ""hardhat""; describe(""MY_BANK reference (ethers v6; deploy may require constructor arguments)"", function () { it(""deploy MY_BANK by supplying its REQUIRED constructor arguments (read them from the contract constructor), then call methods and assert; use ethers.parseEther, await (await tx).wait(), and expect(...).to.be.reverted"", async function () { const [owner, addr1, addr2] = await ethers.getSigners(); const Factory = await ethers.getContractFactory(""MY_BANK""); const instance = await Factory.deploy(...constructorArgs); await instance.waitForDeployment(); }); });",False,False,"import { expect } from ""chai""; import { ethers } from ""hardhat"";  describe(""MY_BANK mutant kill test - m260de8c9"", function () {     it(""should revert when attempting to collect more than balance (mutant incorrectly allows it)"", async function () {         const [owner, user] = await ethers.getSigners();                  // Deploy Log contract first (required constructor argument for MY_BANK)         const LogFactory = await ethers.getContractFactory(""Log"");         const logInstance = await LogFactory.deploy();         await logInstance.waitForDeployment();                  // Deploy MY_BANK with Log contract address         const BankFactory = await ethers.getContractFactory(""MY_BANK"");         const bankInstance = await BankFactory.deploy(await logInstance.getAddress());         await bankInstance.waitForDeployment();                  // User deposits 5 ether (calls Put with unlockTime in the future)         const depositAmount = ethers.parseEther(""5"");         const unlockTime = Math.floor(Date.now() / 1000) + 3600; // 1 hour from now         await bankInstance.connect(user).Put(unlockTime, { value: depositAmount });                  // Attempt to collect 10 ether (more than balance)         const collectAmount = ethers.parseEther(""10"");                  // The original contract would revert because 5 < 10, but the mutant allows it (5 <= 10)         // We expect the transaction to revert in the original, which kills the mutant         await expect(             bankInstance.connect(user).Collect(collectAmount)         ).to.be.reverted;     }); });","""['Error: syntax error']"""
mcb4fd229,MY_BANK,<generic-v6-scaffold>,Collect,live,>=,==,---|         if( acc.balance>=MinSum && acc.balance>=_am && block.timestamp>acc.unlockTime) +++|         if( acc.balance>=MinSum && acc.balance==_am && block.timestamp>acc.unlockTime),37,Mutant mcb4fd229 of function Collect replaces >= with ==,"pragma solidity ^0.8.0; contract sGuard{ function sub_uint256(uint256 a, uint256 b) internal pure returns (uint256) { assert(b <= a); return a - b; } bool internal locked_; constructor() { locked_ = false; } modifier nonReentrant_() { require(!locked_); locked_ = true; _; locked_ = false; } function add_uint256(uint256 a, uint256 b) internal pure returns (uint256) { uint256 c = a + b; assert(c >= a); return c; } } contract MY_BANK is sGuard { function Put(uint _unlockTime)  public nonReentrant_ payable { Holder storage acc = Acc[msg.sender]; acc.balance = add_uint256(acc.balance, msg.value); acc.unlockTime = _unlockTime>block.timestamp?_unlockTime:block.timestamp; LogFile.AddMessage(msg.sender,msg.value,""Put""); } function Collect(uint _am)  public nonReentrant_ payable { Holder storage acc = Acc[msg.sender]; if( acc.balance>=MinSum && acc.balance>=_am && block.timestamp>acc.unlockTime) { { (bool _s, bytes memory _d) = msg.sender.call{value: _am}(""""); _d; if (_s) { acc.balance = sub_uint256(acc.balance, _am); LogFile.AddMessage(msg.sender,_am,""Collect""); } } } } fallback() external payable { Put(0); } struct Holder { uint unlockTime; uint balance; } mapping (address => Holder) public Acc; Log LogFile; uint public MinSum = 1 ether; constructor(address log) public{ LogFile = Log(log); } } contract Log is sGuard { struct Message { address Sender; string  Data; uint Val; uint  Time; } Message[] public History; Message LastMsg; function AddMessage(address _adr,uint _val, string memory _data) public { LastMsg.Sender = _adr; LastMsg.Time = block.timestamp; LastMsg.Val = _val; LastMsg.Data = _data; History.push(LastMsg); } }","import { expect } from ""chai""; import { ethers } from ""hardhat""; describe(""MY_BANK reference (ethers v6; deploy may require constructor arguments)"", function () { it(""deploy MY_BANK by supplying its REQUIRED constructor arguments (read them from the contract constructor), then call methods and assert; use ethers.parseEther, await (await tx).wait(), and expect(...).to.be.reverted"", async function () { const [owner, addr1, addr2] = await ethers.getSigners(); const Factory = await ethers.getContractFactory(""MY_BANK""); const instance = await Factory.deploy(...constructorArgs); await instance.waitForDeployment(); }); });",False,False,"import { expect } from ""chai""; import { ethers } from ""hardhat"";  describe(""MY_BANK mutant mcb4fd229 test"", function () {   it(""should kill mutant by withdrawing less than full balance"", async function () {     const [owner, addr1] = await ethers.getSigners();          // Deploy Log contract first (required by MY_BANK constructor)     const LogFactory = await ethers.getContractFactory(""Log"");     const log = await LogFactory.deploy();     await log.waitForDeployment();          // Deploy MY_BANK with Log address     const BankFactory = await ethers.getContractFactory(""MY_BANK"");     const bank = await BankFactory.deploy(await log.getAddress());     await bank.waitForDeployment();          const bankAddress = await bank.getAddress();          // Fund addr1 with ETH for deposits     const depositAmount = ethers.parseEther(""2"");     const withdrawAmount = ethers.parseEther(""1"");          // Set unlock time to current block timestamp (immediate unlock)     const currentBlock = await ethers.provider.getBlock(""latest"");     const unlockTime = currentBlock!.timestamp;          // addr1 deposits 2 ETH with immediate unlock     await bank.connect(addr1).Put(unlockTime, { value: depositAmount });          // Verify deposit was recorded     let holder = await bank.connect(addr1).Acc(addr1.address);     expect(holder.balance).to.equal(depositAmount);          // Wait for next block to ensure timestamp > unlockTime     await ethers.provider.send(""evm_mine"", []);          // addr1 tries to withdraw 1 ETH (partial withdrawal)     // On original contract this succeeds, on mutant it should revert     await expect(       bank.connect(addr1).Collect(withdrawAmount)     ).to.be.reverted;          // Verify balance remains unchanged (mutant prevented withdrawal)     holder = await bank.connect(addr1).Acc(addr1.address);     expect(holder.balance).to.equal(depositAmount);   }); });","""['Error: syntax error']"""
m23e7a17d,MY_BANK,<generic-v6-scaffold>,Collect,live,>,<,---|         if( acc.balance>=MinSum && acc.balance>=_am && block.timestamp>acc.unlockTime) +++|         if( acc.balance>=MinSum && acc.balance>=_am && block.timestamp<acc.unlockTime),37,Mutant m23e7a17d of function Collect replaces > with <,"pragma solidity ^0.8.0; contract sGuard{ function sub_uint256(uint256 a, uint256 b) internal pure returns (uint256) { assert(b <= a); return a - b; } bool internal locked_; constructor() { locked_ = false; } modifier nonReentrant_() { require(!locked_); locked_ = true; _; locked_ = false; } function add_uint256(uint256 a, uint256 b) internal pure returns (uint256) { uint256 c = a + b; assert(c >= a); return c; } } contract MY_BANK is sGuard { function Put(uint _unlockTime)  public nonReentrant_ payable { Holder storage acc = Acc[msg.sender]; acc.balance = add_uint256(acc.balance, msg.value); acc.unlockTime = _unlockTime>block.timestamp?_unlockTime:block.timestamp; LogFile.AddMessage(msg.sender,msg.value,""Put""); } function Collect(uint _am)  public nonReentrant_ payable { Holder storage acc = Acc[msg.sender]; if( acc.balance>=MinSum && acc.balance>=_am && block.timestamp>acc.unlockTime) { { (bool _s, bytes memory _d) = msg.sender.call{value: _am}(""""); _d; if (_s) { acc.balance = sub_uint256(acc.balance, _am); LogFile.AddMessage(msg.sender,_am,""Collect""); } } } } fallback() external payable { Put(0); } struct Holder { uint unlockTime; uint balance; } mapping (address => Holder) public Acc; Log LogFile; uint public MinSum = 1 ether; constructor(address log) public{ LogFile = Log(log); } } contract Log is sGuard { struct Message { address Sender; string  Data; uint Val; uint  Time; } Message[] public History; Message LastMsg; function AddMessage(address _adr,uint _val, string memory _data) public { LastMsg.Sender = _adr; LastMsg.Time = block.timestamp; LastMsg.Val = _val; LastMsg.Data = _data; History.push(LastMsg); } }","import { expect } from ""chai""; import { ethers } from ""hardhat""; describe(""MY_BANK reference (ethers v6; deploy may require constructor arguments)"", function () { it(""deploy MY_BANK by supplying its REQUIRED constructor arguments (read them from the contract constructor), then call methods and assert; use ethers.parseEther, await (await tx).wait(), and expect(...).to.be.reverted"", async function () { const [owner, addr1, addr2] = await ethers.getSigners(); const Factory = await ethers.getContractFactory(""MY_BANK""); const instance = await Factory.deploy(...constructorArgs); await instance.waitForDeployment(); }); });",False,False,"import { expect } from ""chai""; import { ethers } from ""hardhat"";  describe(""MY_BANK mutant test - m23e7a17d"", function () {   it(""should allow Collect after unlock time in original but fail in mutant (timestamp < unlockTime)"", async function () {     const [owner, user] = await ethers.getSigners();          // Deploy Log contract first (required constructor argument for MY_BANK)     const LogFactory = await ethers.getContractFactory(""Log"");     const log = await LogFactory.deploy();     await log.waitForDeployment();          // Deploy MY_BANK with Log address     const BankFactory = await ethers.getContractFactory(""MY_BANK"");     const bank = await BankFactory.deploy(await log.getAddress());     await bank.waitForDeployment();          const bankAddress = await bank.getAddress();          // Set MinSum to 0 for easier testing (optional - MinSum is 1 ether by default)     // We'll use 1 ether as MinSum is 1 ether, so deposit exactly 1 ether     const depositAmount = ethers.parseEther(""1"");     const unlockTime = Math.floor(Date.now() / 1000) + 100; // 100 seconds in future          // User deposits 1 ether with unlock time in the future     await bank.connect(user).Put(unlockTime, { value: depositAmount });          // Verify balance     const holder = await bank.Acc(user.address);     expect(holder.balance).to.equal(depositAmount);          // Wait for unlock time to pass     await ethers.provider.send(""evm_increaseTime"", [150]); // Increase by 150 seconds     await ethers.provider.send(""evm_mine"", []);          // Now try to collect - should succeed in original (timestamp > unlockTime)     // In mutant (timestamp < unlockTime) this should revert     const collectAmount = ethers.parseEther(""0.5"");          // In the original contract this would succeed     // In the mutant this should revert because block.timestamp is NOT < unlockTime     await expect(       bank.connect(user).Collect(collectAmount)     ).to.be.reverted;   }); });","""['Error: syntax error']"""
m4e7a8403,MY_BANK,<generic-v6-scaffold>,Collect,live,>,>= ,---|         if( acc.balance>=MinSum && acc.balance>=_am && block.timestamp>acc.unlockTime) +++|         if( acc.balance>=MinSum && acc.balance>=_am && block.timestamp>= acc.unlockTime),37,Mutant m4e7a8403 of function Collect replaces > with >=,"pragma solidity ^0.8.0; contract sGuard{ function sub_uint256(uint256 a, uint256 b) internal pure returns (uint256) { assert(b <= a); return a - b; } bool internal locked_; constructor() { locked_ = false; } modifier nonReentrant_() { require(!locked_); locked_ = true; _; locked_ = false; } function add_uint256(uint256 a, uint256 b) internal pure returns (uint256) { uint256 c = a + b; assert(c >= a); return c; } } contract MY_BANK is sGuard { function Put(uint _unlockTime)  public nonReentrant_ payable { Holder storage acc = Acc[msg.sender]; acc.balance = add_uint256(acc.balance, msg.value); acc.unlockTime = _unlockTime>block.timestamp?_unlockTime:block.timestamp; LogFile.AddMessage(msg.sender,msg.value,""Put""); } function Collect(uint _am)  public nonReentrant_ payable { Holder storage acc = Acc[msg.sender]; if( acc.balance>=MinSum && acc.balance>=_am && block.timestamp>acc.unlockTime) { { (bool _s, bytes memory _d) = msg.sender.call{value: _am}(""""); _d; if (_s) { acc.balance = sub_uint256(acc.balance, _am); LogFile.AddMessage(msg.sender,_am,""Collect""); } } } } fallback() external payable { Put(0); } struct Holder { uint unlockTime; uint balance; } mapping (address => Holder) public Acc; Log LogFile; uint public MinSum = 1 ether; constructor(address log) public{ LogFile = Log(log); } } contract Log is sGuard { struct Message { address Sender; string  Data; uint Val; uint  Time; } Message[] public History; Message LastMsg; function AddMessage(address _adr,uint _val, string memory _data) public { LastMsg.Sender = _adr; LastMsg.Time = block.timestamp; LastMsg.Val = _val; LastMsg.Data = _data; History.push(LastMsg); } }","import { expect } from ""chai""; import { ethers } from ""hardhat""; describe(""MY_BANK reference (ethers v6; deploy may require constructor arguments)"", function () { it(""deploy MY_BANK by supplying its REQUIRED constructor arguments (read them from the contract constructor), then call methods and assert; use ethers.parseEther, await (await tx).wait(), and expect(...).to.be.reverted"", async function () { const [owner, addr1, addr2] = await ethers.getSigners(); const Factory = await ethers.getContractFactory(""MY_BANK""); const instance = await Factory.deploy(...constructorArgs); await instance.waitForDeployment(); }); });",False,False,"import { expect } from ""chai""; import { ethers } from ""hardhat"";  describe(""MY_BANK - Kill mutant m4e7a8403 (Collect timestamp >= instead of >)"", function () {   it(""should revert when Collect is called exactly at unlockTime (mutant would allow it)"", async function () {     const [owner, user] = await ethers.getSigners();          // Deploy Log contract first (required constructor argument for MY_BANK)     const LogFactory = await ethers.getContractFactory(""Log"");     const log = await LogFactory.deploy();     await log.waitForDeployment();          // Deploy MY_BANK with Log address     const BankFactory = await ethers.getContractFactory(""MY_BANK"");     const bank = await BankFactory.deploy(await log.getAddress());     await bank.waitForDeployment();          const bankAddress = await bank.getAddress();          // Send initial deposit with unlockTime set to a future block timestamp     const currentBlock = await ethers.provider.getBlock(""latest"");     const futureTime = currentBlock!.timestamp + 100; // 100 seconds in the future     const depositAmount = ethers.parseEther(""2"");          // User deposits 2 ether with unlockTime = currentTime + 100     await bank.connect(user).Put(futureTime, { value: depositAmount });          // Verify deposit was recorded     const holderInfo = await bank.connect(user).Acc(user.address);     expect(holderInfo.balance).to.equal(depositAmount);     expect(holderInfo.unlockTime).to.equal(futureTime);          // Mine a block to advance time to exactly the unlockTime     await ethers.provider.send(""evm_setNextBlockTimestamp"", [futureTime]);     await ethers.provider.send(""evm_mine"", []);          // Verify we are exactly at unlockTime     const blockAfterMine = await ethers.provider.getBlock(""latest"");     expect(blockAfterMine!.timestamp).to.equal(futureTime);          // Try to collect exactly at unlockTime - should revert in original (>), but mutant (>=) would allow it     const collectAmount = ethers.parseEther(""1"");     await expect(       bank.connect(user).Collect(collectAmount)     ).to.be.reverted; // Original contract requires strictly greater than unlockTime          // Verify balance remains unchanged (original behavior)     const holderAfterFailedCollect = await bank.connect(user).Acc(user.address);     expect(holderAfterFailedCollect.balance).to.equal(depositAmount);   }); });","""['Error: syntax error']"""
m40a1c0eb,MY_BANK,<generic-v6-scaffold>,Collect,live,acc.balance>=MinSum && acc.balance>=_am && block.timestamp>acc.unlockTime,true,---|         if( acc.balance>=MinSum && acc.balance>=_am && block.timestamp>acc.unlockTime) +++|         if( true),37,Mutant m40a1c0eb of function Collect replaces acc.balance>=MinSum && acc.balance>=_am && block.timestamp>acc.unlockTime with true,"pragma solidity ^0.8.0; contract sGuard{ function sub_uint256(uint256 a, uint256 b) internal pure returns (uint256) { assert(b <= a); return a - b; } bool internal locked_; constructor() { locked_ = false; } modifier nonReentrant_() { require(!locked_); locked_ = true; _; locked_ = false; } function add_uint256(uint256 a, uint256 b) internal pure returns (uint256) { uint256 c = a + b; assert(c >= a); return c; } } contract MY_BANK is sGuard { function Put(uint _unlockTime)  public nonReentrant_ payable { Holder storage acc = Acc[msg.sender]; acc.balance = add_uint256(acc.balance, msg.value); acc.unlockTime = _unlockTime>block.timestamp?_unlockTime:block.timestamp; LogFile.AddMessage(msg.sender,msg.value,""Put""); } function Collect(uint _am)  public nonReentrant_ payable { Holder storage acc = Acc[msg.sender]; if( acc.balance>=MinSum && acc.balance>=_am && block.timestamp>acc.unlockTime) { { (bool _s, bytes memory _d) = msg.sender.call{value: _am}(""""); _d; if (_s) { acc.balance = sub_uint256(acc.balance, _am); LogFile.AddMessage(msg.sender,_am,""Collect""); } } } } fallback() external payable { Put(0); } struct Holder { uint unlockTime; uint balance; } mapping (address => Holder) public Acc; Log LogFile; uint public MinSum = 1 ether; constructor(address log) public{ LogFile = Log(log); } } contract Log is sGuard { struct Message { address Sender; string  Data; uint Val; uint  Time; } Message[] public History; Message LastMsg; function AddMessage(address _adr,uint _val, string memory _data) public { LastMsg.Sender = _adr; LastMsg.Time = block.timestamp; LastMsg.Val = _val; LastMsg.Data = _data; History.push(LastMsg); } }","import { expect } from ""chai""; import { ethers } from ""hardhat""; describe(""MY_BANK reference (ethers v6; deploy may require constructor arguments)"", function () { it(""deploy MY_BANK by supplying its REQUIRED constructor arguments (read them from the contract constructor), then call methods and assert; use ethers.parseEther, await (await tx).wait(), and expect(...).to.be.reverted"", async function () { const [owner, addr1, addr2] = await ethers.getSigners(); const Factory = await ethers.getContractFactory(""MY_BANK""); const instance = await Factory.deploy(...constructorArgs); await instance.waitForDeployment(); }); });",False,False,"import { expect } from ""chai""; import { ethers } from ""hardhat"";  describe(""MY_BANK mutant m40a1c0eb test"", function () {   it(""should revert when trying to Collect with insufficient balance or before unlock time"", async function () {     const [owner, addr1] = await ethers.getSigners();          // Deploy Log contract first (required constructor argument for MY_BANK)     const LogFactory = await ethers.getContractFactory(""Log"");     const log = await LogFactory.deploy();     await log.waitForDeployment();          // Deploy MY_BANK with Log address     const Factory = await ethers.getContractFactory(""MY_BANK"");     const bank = await Factory.deploy(await log.getAddress());     await bank.waitForDeployment();          // Test case: attempt to Collect with zero balance (should revert in original)     // In mutant with if(true), this would succeed incorrectly     await expect(       bank.connect(addr1).Collect(ethers.parseEther(""1""))     ).to.be.reverted;          // Another scenario: deposit some ETH but try to collect before unlock time     const depositAmount = ethers.parseEther(""2"");     await bank.connect(addr1).Put(0, { value: depositAmount });          // Try to collect more than deposited (should revert)     await expect(       bank.connect(addr1).Collect(ethers.parseEther(""5""))     ).to.be.reverted;          // Try to collect before unlock time (set unlock time far in future)     const futureTime = Math.floor(Date.now() / 1000) + 100000;     await bank.connect(addr1).Put(futureTime, { value: depositAmount });          // This should revert because unlock time hasn't passed     await expect(       bank.connect(addr1).Collect(ethers.parseEther(""1""))     ).to.be.reverted;   }); });","""['Error: syntax error']"""
mb956662c,MY_BANK,<generic-v6-scaffold>,Collect,live,acc.balance>=MinSum && acc.balance>=_am && block.timestamp>acc.unlockTime,false,---|         if( acc.balance>=MinSum && acc.balance>=_am && block.timestamp>acc.unlockTime) +++|         if( false),37,Mutant mb956662c of function Collect replaces acc.balance>=MinSum && acc.balance>=_am && block.timestamp>acc.unlockTime with false,"pragma solidity ^0.8.0; contract sGuard{ function sub_uint256(uint256 a, uint256 b) internal pure returns (uint256) { assert(b <= a); return a - b; } bool internal locked_; constructor() { locked_ = false; } modifier nonReentrant_() { require(!locked_); locked_ = true; _; locked_ = false; } function add_uint256(uint256 a, uint256 b) internal pure returns (uint256) { uint256 c = a + b; assert(c >= a); return c; } } contract MY_BANK is sGuard { function Put(uint _unlockTime)  public nonReentrant_ payable { Holder storage acc = Acc[msg.sender]; acc.balance = add_uint256(acc.balance, msg.value); acc.unlockTime = _unlockTime>block.timestamp?_unlockTime:block.timestamp; LogFile.AddMessage(msg.sender,msg.value,""Put""); } function Collect(uint _am)  public nonReentrant_ payable { Holder storage acc = Acc[msg.sender]; if( acc.balance>=MinSum && acc.balance>=_am && block.timestamp>acc.unlockTime) { { (bool _s, bytes memory _d) = msg.sender.call{value: _am}(""""); _d; if (_s) { acc.balance = sub_uint256(acc.balance, _am); LogFile.AddMessage(msg.sender,_am,""Collect""); } } } } fallback() external payable { Put(0); } struct Holder { uint unlockTime; uint balance; } mapping (address => Holder) public Acc; Log LogFile; uint public MinSum = 1 ether; constructor(address log) public{ LogFile = Log(log); } } contract Log is sGuard { struct Message { address Sender; string  Data; uint Val; uint  Time; } Message[] public History; Message LastMsg; function AddMessage(address _adr,uint _val, string memory _data) public { LastMsg.Sender = _adr; LastMsg.Time = block.timestamp; LastMsg.Val = _val; LastMsg.Data = _data; History.push(LastMsg); } }","import { expect } from ""chai""; import { ethers } from ""hardhat""; describe(""MY_BANK reference (ethers v6; deploy may require constructor arguments)"", function () { it(""deploy MY_BANK by supplying its REQUIRED constructor arguments (read them from the contract constructor), then call methods and assert; use ethers.parseEther, await (await tx).wait(), and expect(...).to.be.reverted"", async function () { const [owner, addr1, addr2] = await ethers.getSigners(); const Factory = await ethers.getContractFactory(""MY_BANK""); const instance = await Factory.deploy(...constructorArgs); await instance.waitForDeployment(); }); });",False,False,"import { expect } from ""chai""; import { ethers } from ""hardhat"";  describe(""MY_BANK mutant mb956662c test"", function () {   it(""should kill mutant by proving Collect does not execute when condition is replaced with false"", async function () {     const [owner, user] = await ethers.getSigners();          // Deploy Log contract first (required constructor argument for MY_BANK)     const LogFactory = await ethers.getContractFactory(""Log"");     const logInstance = await LogFactory.deploy();     await logInstance.waitForDeployment();          // Deploy MY_BANK with Log address     const BankFactory = await ethers.getContractFactory(""MY_BANK"");     const bankInstance = await BankFactory.deploy(await logInstance.getAddress());     await bankInstance.waitForDeployment();          // Get current block timestamp     const blockNumBefore = await ethers.provider.getBlockNumber();     const blockBefore = await ethers.provider.getBlock(blockNumBefore);     const currentTime = blockBefore.timestamp;          // Deposit 2 ether from user with unlock time set to current time (will be set to block.timestamp since not > current)     const depositAmount = ethers.parseEther(""2"");     await bankInstance.connect(user).Put(currentTime, { value: depositAmount });          // Verify balance is updated     let userAccount = await bankInstance.Acc(user.address);     expect(userAccount.balance).to.equal(depositAmount);          // Wait for next block so timestamp > unlockTime     await ethers.provider.send(""evm_increaseTime"", [1]);     await ethers.provider.send(""evm_mine"", []);          // Get updated user balance before Collect     userAccount = await bankInstance.Acc(user.address);     const balanceBefore = userAccount.balance;          // Try to Collect 1 ether (satisfies all original conditions: balance >= 1 ether, amount <= balance, time > unlockTime)     const collectAmount = ethers.parseEther(""1"");     const tx = await bankInstance.connect(user).Collect(collectAmount);     const receipt = await tx.wait();          // Check balance after Collect - in original it should decrease, in mutant it should stay the same     userAccount = await bankInstance.Acc(user.address);          // The mutant's condition is always false, so balance should remain unchanged     // This assertion will pass on mutant (detecting it) and fail on original (which would reduce balance)     expect(userAccount.balance).to.equal(balanceBefore);          // Additional check: verify no ether was transferred (user balance unchanged)     const userBalanceAfter = await ethers.provider.getBalance(user.address);     // Since no transfer happened, gas costs were paid but no value was received     // This confirms the Collect function did nothing   }); });","""['Error: syntax error']"""
m9049812d,MY_BANK,<generic-v6-scaffold>,Collect,live,_s,true,"---|             { (bool _s, bytes memory _d) = msg.sender.call{value: _am}(""""); _d; if (_s) { +++|             { (bool _s, bytes memory _d) = msg.sender.call{value: _am}(""""); _d; if (true) {",40,Mutant m9049812d of function Collect replaces _s with true,"pragma solidity ^0.8.0; contract sGuard{ function sub_uint256(uint256 a, uint256 b) internal pure returns (uint256) { assert(b <= a); return a - b; } bool internal locked_; constructor() { locked_ = false; } modifier nonReentrant_() { require(!locked_); locked_ = true; _; locked_ = false; } function add_uint256(uint256 a, uint256 b) internal pure returns (uint256) { uint256 c = a + b; assert(c >= a); return c; } } contract MY_BANK is sGuard { function Put(uint _unlockTime)  public nonReentrant_ payable { Holder storage acc = Acc[msg.sender]; acc.balance = add_uint256(acc.balance, msg.value); acc.unlockTime = _unlockTime>block.timestamp?_unlockTime:block.timestamp; LogFile.AddMessage(msg.sender,msg.value,""Put""); } function Collect(uint _am)  public nonReentrant_ payable { Holder storage acc = Acc[msg.sender]; if( acc.balance>=MinSum && acc.balance>=_am && block.timestamp>acc.unlockTime) { { (bool _s, bytes memory _d) = msg.sender.call{value: _am}(""""); _d; if (_s) { acc.balance = sub_uint256(acc.balance, _am); LogFile.AddMessage(msg.sender,_am,""Collect""); } } } } fallback() external payable { Put(0); } struct Holder { uint unlockTime; uint balance; } mapping (address => Holder) public Acc; Log LogFile; uint public MinSum = 1 ether; constructor(address log) public{ LogFile = Log(log); } } contract Log is sGuard { struct Message { address Sender; string  Data; uint Val; uint  Time; } Message[] public History; Message LastMsg; function AddMessage(address _adr,uint _val, string memory _data) public { LastMsg.Sender = _adr; LastMsg.Time = block.timestamp; LastMsg.Val = _val; LastMsg.Data = _data; History.push(LastMsg); } }","import { expect } from ""chai""; import { ethers } from ""hardhat""; describe(""MY_BANK reference (ethers v6; deploy may require constructor arguments)"", function () { it(""deploy MY_BANK by supplying its REQUIRED constructor arguments (read them from the contract constructor), then call methods and assert; use ethers.parseEther, await (await tx).wait(), and expect(...).to.be.reverted"", async function () { const [owner, addr1, addr2] = await ethers.getSigners(); const Factory = await ethers.getContractFactory(""MY_BANK""); const instance = await Factory.deploy(...constructorArgs); await instance.waitForDeployment(); }); });",False,False,"import { expect } from ""chai""; import { ethers } } from ""hardhat"";  describe(""MY_BANK mutant detection - Collect function"", function () {   it(""should revert when Collect is called and the recipient contract reverts the ether transfer"", async function () {     const [owner, attacker] = await ethers.getSigners();      // Deploy a Log contract (required constructor argument for MY_BANK)     const LogFactory = await ethers.getContractFactory(""Log"");     const log = await LogFactory.deploy();     await log.waitForDeployment();      // Deploy MY_BANK with the Log contract address     const BankFactory = await ethers.getContractFactory(""MY_BANK"");     const bank = await BankFactory.deploy(log.target);     await bank.waitForDeployment();      // Deploy a malicious contract that reverts on receive     const ReverterFactory = await ethers.getContractFactory(""contract Reverter { receive() external payable { revert(); } }"");     const reverter = await ReverterFactory.deploy();     await reverter.waitForDeployment();      // Fund the reverter contract so it can call Put     await owner.sendTransaction({       to: reverter.target,       value: ethers.parseEther(""10"")     });      // Call Put from the reverter to deposit funds (with unlock time in the past)     const currentBlock = await ethers.provider.getBlock(""latest"");     const pastTime = currentBlock.timestamp - 1000;     await bank.connect(reverter).Put(pastTime, { value: ethers.parseEther(""5"") });      // Ensure MinSum condition is met (MinSum = 1 ether, we deposited 5)     // Attempt to Collect 1 ether - this should revert on the original contract     // because the call to the reverter will fail     await expect(       bank.connect(reverter).Collect(ethers.parseEther(""1""))     ).to.be.reverted;      // If the test passes (reverts), it means the call failed and balance wasn't deducted     // The mutant would incorrectly succeed (no revert) because it ignores the call result   }); });","""['Error: syntax error']"""
ma8f379a1,MY_BANK,<generic-v6-scaffold>,Collect,live,_s,false,"---|             { (bool _s, bytes memory _d) = msg.sender.call{value: _am}(""""); _d; if (_s) { +++|             { (bool _s, bytes memory _d) = msg.sender.call{value: _am}(""""); _d; if (false) {",40,Mutant ma8f379a1 of function Collect replaces _s with false,"pragma solidity ^0.8.0; contract sGuard{ function sub_uint256(uint256 a, uint256 b) internal pure returns (uint256) { assert(b <= a); return a - b; } bool internal locked_; constructor() { locked_ = false; } modifier nonReentrant_() { require(!locked_); locked_ = true; _; locked_ = false; } function add_uint256(uint256 a, uint256 b) internal pure returns (uint256) { uint256 c = a + b; assert(c >= a); return c; } } contract MY_BANK is sGuard { function Put(uint _unlockTime)  public nonReentrant_ payable { Holder storage acc = Acc[msg.sender]; acc.balance = add_uint256(acc.balance, msg.value); acc.unlockTime = _unlockTime>block.timestamp?_unlockTime:block.timestamp; LogFile.AddMessage(msg.sender,msg.value,""Put""); } function Collect(uint _am)  public nonReentrant_ payable { Holder storage acc = Acc[msg.sender]; if( acc.balance>=MinSum && acc.balance>=_am && block.timestamp>acc.unlockTime) { { (bool _s, bytes memory _d) = msg.sender.call{value: _am}(""""); _d; if (_s) { acc.balance = sub_uint256(acc.balance, _am); LogFile.AddMessage(msg.sender,_am,""Collect""); } } } } fallback() external payable { Put(0); } struct Holder { uint unlockTime; uint balance; } mapping (address => Holder) public Acc; Log LogFile; uint public MinSum = 1 ether; constructor(address log) public{ LogFile = Log(log); } } contract Log is sGuard { struct Message { address Sender; string  Data; uint Val; uint  Time; } Message[] public History; Message LastMsg; function AddMessage(address _adr,uint _val, string memory _data) public { LastMsg.Sender = _adr; LastMsg.Time = block.timestamp; LastMsg.Val = _val; LastMsg.Data = _data; History.push(LastMsg); } }","import { expect } from ""chai""; import { ethers } from ""hardhat""; describe(""MY_BANK reference (ethers v6; deploy may require constructor arguments)"", function () { it(""deploy MY_BANK by supplying its REQUIRED constructor arguments (read them from the contract constructor), then call methods and assert; use ethers.parseEther, await (await tx).wait(), and expect(...).to.be.reverted"", async function () { const [owner, addr1, addr2] = await ethers.getSigners(); const Factory = await ethers.getContractFactory(""MY_BANK""); const instance = await Factory.deploy(...constructorArgs); await instance.waitForDeployment(); }); });",False,False,"import { expect } from ""chai""; import { ethers } from ""hardhat"";  describe(""MY_BANK mutant ma8f379a1 test"", function () {   it(""should detect mutant by verifying balance update after successful Collect call"", async function () {     const [owner, addr1] = await ethers.getSigners();          // Deploy Log contract first (required constructor argument for MY_BANK)     const LogFactory = await ethers.getContractFactory(""Log"");     const log = await LogFactory.deploy();     await log.waitForDeployment();          // Deploy MY_BANK with Log address     const BankFactory = await ethers.getContractFactory(""MY_BANK"");     const bank = await BankFactory.deploy(await log.getAddress());     await bank.waitForDeployment();          // Fund addr1 with some ETH     const depositAmount = ethers.parseEther(""2"");     const collectAmount = ethers.parseEther(""1"");          // addr1 deposits ETH with unlock time = current timestamp (immediately available)     const currentBlock = await ethers.provider.getBlock(""latest"");     const currentTimestamp = currentBlock!.timestamp;          await bank.connect(addr1).Put(currentTimestamp, { value: depositAmount });          // Verify balance before collect     const balanceBefore = (await bank.Acc(addr1.address)).balance;     expect(balanceBefore).to.equal(depositAmount);          // addr1 calls Collect with valid amount     const tx = await bank.connect(addr1).Collect(collectAmount);     await tx.wait();          // Verify balance decreased by collectAmount in original, but NOT in mutant     const balanceAfter = (await bank.Acc(addr1.address)).balance;          // In the original, balance should be depositAmount - collectAmount = 1 ETH     // In the mutant (false always), balance remains depositAmount = 2 ETH     expect(balanceAfter).to.equal(depositAmount - collectAmount);   }); });","""['Error: syntax error']"""
m15a653c7,MY_BANK,<generic-v6-scaffold>,Put,live,msg.value,msg.value+1,"---|         acc.balance = add_uint256(acc.balance, msg.value); +++|         acc.balance = add_uint256(acc.balance, msg.value+1);",30,Mutant m15a653c7 of function Put replaces msg.value with msg.value+1,"pragma solidity ^0.8.0; contract sGuard{ function sub_uint256(uint256 a, uint256 b) internal pure returns (uint256) { assert(b <= a); return a - b; } bool internal locked_; constructor() { locked_ = false; } modifier nonReentrant_() { require(!locked_); locked_ = true; _; locked_ = false; } function add_uint256(uint256 a, uint256 b) internal pure returns (uint256) { uint256 c = a + b; assert(c >= a); return c; } } contract MY_BANK is sGuard { function Put(uint _unlockTime)  public nonReentrant_ payable { Holder storage acc = Acc[msg.sender]; acc.balance = add_uint256(acc.balance, msg.value); acc.unlockTime = _unlockTime>block.timestamp?_unlockTime:block.timestamp; LogFile.AddMessage(msg.sender,msg.value,""Put""); } function Collect(uint _am)  public nonReentrant_ payable { Holder storage acc = Acc[msg.sender]; if( acc.balance>=MinSum && acc.balance>=_am && block.timestamp>acc.unlockTime) { { (bool _s, bytes memory _d) = msg.sender.call{value: _am}(""""); _d; if (_s) { acc.balance = sub_uint256(acc.balance, _am); LogFile.AddMessage(msg.sender,_am,""Collect""); } } } } fallback() external payable { Put(0); } struct Holder { uint unlockTime; uint balance; } mapping (address => Holder) public Acc; Log LogFile; uint public MinSum = 1 ether; constructor(address log) public{ LogFile = Log(log); } } contract Log is sGuard { struct Message { address Sender; string  Data; uint Val; uint  Time; } Message[] public History; Message LastMsg; function AddMessage(address _adr,uint _val, string memory _data) public { LastMsg.Sender = _adr; LastMsg.Time = block.timestamp; LastMsg.Val = _val; LastMsg.Data = _data; History.push(LastMsg); } }","import { expect } from ""chai""; import { ethers } from ""hardhat""; describe(""MY_BANK reference (ethers v6; deploy may require constructor arguments)"", function () { it(""deploy MY_BANK by supplying its REQUIRED constructor arguments (read them from the contract constructor), then call methods and assert; use ethers.parseEther, await (await tx).wait(), and expect(...).to.be.reverted"", async function () { const [owner, addr1, addr2] = await ethers.getSigners(); const Factory = await ethers.getContractFactory(""MY_BANK""); const instance = await Factory.deploy(...constructorArgs); await instance.waitForDeployment(); }); });",False,False,"import { expect } from ""chai""; import { ethers } from ""hardhat"";  describe(""MY_BANK mutant kill test - m15a653c7"", function () {   it(""should detect mutant that adds 1 wei to msg.value in Put"", async function () {     const [owner, user] = await ethers.getSigners();          // Deploy Log contract first (required by MY_BANK constructor)     const LogFactory = await ethers.getContractFactory(""Log"");     const log = await LogFactory.deploy();     await log.waitForDeployment();          // Deploy MY_BANK with Log address     const BankFactory = await ethers.getContractFactory(""MY_BANK"");     const bank = await BankFactory.deploy(await log.getAddress());     await bank.waitForDeployment();          const depositAmount = ethers.parseEther(""1.0"");     const unlockTime = Math.floor(Date.now() / 1000) + 3600; // 1 hour in future          // User deposits exactly 1 ether     const tx = await bank.connect(user).Put(unlockTime, { value: depositAmount });     await tx.wait();          // Check balance stored in contract     const holder = await bank.Acc(user.address);     const expectedBalance = depositAmount; // Should be exactly 1 ether in original     const mutantBalance = depositAmount + 1n; // Mutant adds 1 wei          // Verify the balance is as expected (should be depositAmount, not depositAmount + 1)     expect(holder.balance).to.equal(expectedBalance);          // Now try to collect the exact amount deposited     // This should succeed in original but fail in mutant due to balance mismatch     await ethers.provider.send(""evm_increaseTime"", [3601]); // Advance past unlock time     await ethers.provider.send(""evm_mine"", []);          // Attempt to collect the full deposit amount     const collectTx = bank.connect(user).Collect(depositAmount);          // In original: should succeed (balance = 1 ether, withdraw 1 ether)     // In mutant: will fail because actual contract balance is 1 ether but user balance is 1 ether + 1 wei     // The call will revert due to insufficient contract balance when trying to send the extra wei     await expect(collectTx).to.be.reverted;   }); });","""['Error: syntax error']"""
m5deadd9c,MY_BANK,<generic-v6-scaffold>,Put,live,msg.value,msg.value-1,"---|         acc.balance = add_uint256(acc.balance, msg.value); +++|         acc.balance = add_uint256(acc.balance, msg.value-1);",30,Mutant m5deadd9c of function Put replaces msg.value with msg.value-1,"pragma solidity ^0.8.0; contract sGuard{ function sub_uint256(uint256 a, uint256 b) internal pure returns (uint256) { assert(b <= a); return a - b; } bool internal locked_; constructor() { locked_ = false; } modifier nonReentrant_() { require(!locked_); locked_ = true; _; locked_ = false; } function add_uint256(uint256 a, uint256 b) internal pure returns (uint256) { uint256 c = a + b; assert(c >= a); return c; } } contract MY_BANK is sGuard { function Put(uint _unlockTime)  public nonReentrant_ payable { Holder storage acc = Acc[msg.sender]; acc.balance = add_uint256(acc.balance, msg.value); acc.unlockTime = _unlockTime>block.timestamp?_unlockTime:block.timestamp; LogFile.AddMessage(msg.sender,msg.value,""Put""); } function Collect(uint _am)  public nonReentrant_ payable { Holder storage acc = Acc[msg.sender]; if( acc.balance>=MinSum && acc.balance>=_am && block.timestamp>acc.unlockTime) { { (bool _s, bytes memory _d) = msg.sender.call{value: _am}(""""); _d; if (_s) { acc.balance = sub_uint256(acc.balance, _am); LogFile.AddMessage(msg.sender,_am,""Collect""); } } } } fallback() external payable { Put(0); } struct Holder { uint unlockTime; uint balance; } mapping (address => Holder) public Acc; Log LogFile; uint public MinSum = 1 ether; constructor(address log) public{ LogFile = Log(log); } } contract Log is sGuard { struct Message { address Sender; string  Data; uint Val; uint  Time; } Message[] public History; Message LastMsg; function AddMessage(address _adr,uint _val, string memory _data) public { LastMsg.Sender = _adr; LastMsg.Time = block.timestamp; LastMsg.Val = _val; LastMsg.Data = _data; History.push(LastMsg); } }","import { expect } from ""chai""; import { ethers } from ""hardhat""; describe(""MY_BANK reference (ethers v6; deploy may require constructor arguments)"", function () { it(""deploy MY_BANK by supplying its REQUIRED constructor arguments (read them from the contract constructor), then call methods and assert; use ethers.parseEther, await (await tx).wait(), and expect(...).to.be.reverted"", async function () { const [owner, addr1, addr2] = await ethers.getSigners(); const Factory = await ethers.getContractFactory(""MY_BANK""); const instance = await Factory.deploy(...constructorArgs); await instance.waitForDeployment(); }); });",False,False,"import { expect } from ""chai""; import { ethers } from ""hardhat"";  describe(""MY_BANK mutant m5deadd9c test"", function () {   it(""should detect the mutant by sending 1 wei and checking balance"", async function () {     const [owner, user] = await ethers.getSigners();          // Deploy Log contract first (required constructor argument for MY_BANK)     const LogFactory = await ethers.getContractFactory(""Log"");     const log = await LogFactory.deploy();     await log.waitForDeployment();          // Deploy MY_BANK with Log address     const BankFactory = await ethers.getContractFactory(""MY_BANK"");     const bank = await BankFactory.deploy(await log.getAddress());     await bank.waitForDeployment();          // Send exactly 1 wei via Put function     const tx = await bank.connect(user).Put(0, { value: 1 });     await tx.wait();          // Check the user's balance - should be 1 wei in original, 0 wei in mutant     const holder = await bank.Acc(await user.getAddress());     expect(holder.balance).to.equal(1);   }); });","""['Error: syntax error']"""
m08c95fbc,MY_BANK,<generic-v6-scaffold>,Put,live,block.timestamp,block.prevrandao,---|         acc.unlockTime = _unlockTime>block.timestamp?_unlockTime:block.timestamp; +++|         acc.unlockTime = _unlockTime>block.prevrandao?_unlockTime:block.timestamp;,31,Mutant m08c95fbc of function Put replaces block.timestamp with block.prevrandao,"pragma solidity ^0.8.0; contract sGuard{ function sub_uint256(uint256 a, uint256 b) internal pure returns (uint256) { assert(b <= a); return a - b; } bool internal locked_; constructor() { locked_ = false; } modifier nonReentrant_() { require(!locked_); locked_ = true; _; locked_ = false; } function add_uint256(uint256 a, uint256 b) internal pure returns (uint256) { uint256 c = a + b; assert(c >= a); return c; } } contract MY_BANK is sGuard { function Put(uint _unlockTime)  public nonReentrant_ payable { Holder storage acc = Acc[msg.sender]; acc.balance = add_uint256(acc.balance, msg.value); acc.unlockTime = _unlockTime>block.timestamp?_unlockTime:block.timestamp; LogFile.AddMessage(msg.sender,msg.value,""Put""); } function Collect(uint _am)  public nonReentrant_ payable { Holder storage acc = Acc[msg.sender]; if( acc.balance>=MinSum && acc.balance>=_am && block.timestamp>acc.unlockTime) { { (bool _s, bytes memory _d) = msg.sender.call{value: _am}(""""); _d; if (_s) { acc.balance = sub_uint256(acc.balance, _am); LogFile.AddMessage(msg.sender,_am,""Collect""); } } } } fallback() external payable { Put(0); } struct Holder { uint unlockTime; uint balance; } mapping (address => Holder) public Acc; Log LogFile; uint public MinSum = 1 ether; constructor(address log) public{ LogFile = Log(log); } } contract Log is sGuard { struct Message { address Sender; string  Data; uint Val; uint  Time; } Message[] public History; Message LastMsg; function AddMessage(address _adr,uint _val, string memory _data) public { LastMsg.Sender = _adr; LastMsg.Time = block.timestamp; LastMsg.Val = _val; LastMsg.Data = _data; History.push(LastMsg); } }","import { expect } from ""chai""; import { ethers } from ""hardhat""; describe(""MY_BANK reference (ethers v6; deploy may require constructor arguments)"", function () { it(""deploy MY_BANK by supplying its REQUIRED constructor arguments (read them from the contract constructor), then call methods and assert; use ethers.parseEther, await (await tx).wait(), and expect(...).to.be.reverted"", async function () { const [owner, addr1, addr2] = await ethers.getSigners(); const Factory = await ethers.getContractFactory(""MY_BANK""); const instance = await Factory.deploy(...constructorArgs); await instance.waitForDeployment(); }); });",False,False,"import { expect } from ""chai""; import { ethers } from ""hardhat"";  describe(""MY_BANK mutant m08c95fbc test"", function () {   it(""should detect the mutant by verifying Collect reverts when unlock time is in the future"", async function () {     const [owner, addr1] = await ethers.getSigners();          // Deploy Log contract first (required constructor argument for MY_BANK)     const LogFactory = await ethers.getContractFactory(""Log"");     const logInstance = await LogFactory.deploy();     await logInstance.waitForDeployment();          // Deploy MY_BANK with Log address     const BankFactory = await ethers.getContractFactory(""MY_BANK"");     const bankInstance = await BankFactory.deploy(await logInstance.getAddress());     await bankInstance.waitForDeployment();          const bankAddress = await bankInstance.getAddress();          // Set a future unlock time (current timestamp + 1 hour in seconds)     const latestBlock = await ethers.provider.getBlock(""latest"");     const futureUnlockTime = latestBlock!.timestamp + 3600;          // Send 2 ether to Put with future unlock time     const depositAmount = ethers.parseEther(""2"");     const minSum = ethers.parseEther(""1"");          await expect(       bankInstance.connect(addr1).Put(futureUnlockTime, { value: depositAmount })     ).to.not.be.reverted;          // Verify balance was credited     const holderInfo = await bankInstance.Acc(addr1.address);     expect(holderInfo.balance).to.equal(depositAmount);          // Try to Collect immediately - should revert because unlock time is in the future     const collectAmount = ethers.parseEther(""1"");          // On original: Collect reverts because block.timestamp < unlockTime     // On mutant: Collect might succeed because unlockTime was set to block.timestamp instead of future time     await expect(       bankInstance.connect(addr1).Collect(collectAmount)     ).to.be.reverted;   }); });","""['Error: syntax error']"""
m42fec968,MY_BANK,<generic-v6-scaffold>,Put,live,block.timestamp,block.prevrandao,---|         acc.unlockTime = _unlockTime>block.timestamp?_unlockTime:block.timestamp; +++|         acc.unlockTime = _unlockTime>block.timestamp?_unlockTime:block.prevrandao;,31,Mutant m42fec968 of function Put replaces block.timestamp with block.prevrandao,"pragma solidity ^0.8.0; contract sGuard{ function sub_uint256(uint256 a, uint256 b) internal pure returns (uint256) { assert(b <= a); return a - b; } bool internal locked_; constructor() { locked_ = false; } modifier nonReentrant_() { require(!locked_); locked_ = true; _; locked_ = false; } function add_uint256(uint256 a, uint256 b) internal pure returns (uint256) { uint256 c = a + b; assert(c >= a); return c; } } contract MY_BANK is sGuard { function Put(uint _unlockTime)  public nonReentrant_ payable { Holder storage acc = Acc[msg.sender]; acc.balance = add_uint256(acc.balance, msg.value); acc.unlockTime = _unlockTime>block.timestamp?_unlockTime:block.timestamp; LogFile.AddMessage(msg.sender,msg.value,""Put""); } function Collect(uint _am)  public nonReentrant_ payable { Holder storage acc = Acc[msg.sender]; if( acc.balance>=MinSum && acc.balance>=_am && block.timestamp>acc.unlockTime) { { (bool _s, bytes memory _d) = msg.sender.call{value: _am}(""""); _d; if (_s) { acc.balance = sub_uint256(acc.balance, _am); LogFile.AddMessage(msg.sender,_am,""Collect""); } } } } fallback() external payable { Put(0); } struct Holder { uint unlockTime; uint balance; } mapping (address => Holder) public Acc; Log LogFile; uint public MinSum = 1 ether; constructor(address log) public{ LogFile = Log(log); } } contract Log is sGuard { struct Message { address Sender; string  Data; uint Val; uint  Time; } Message[] public History; Message LastMsg; function AddMessage(address _adr,uint _val, string memory _data) public { LastMsg.Sender = _adr; LastMsg.Time = block.timestamp; LastMsg.Val = _val; LastMsg.Data = _data; History.push(LastMsg); } }","import { expect } from ""chai""; import { ethers } from ""hardhat""; describe(""MY_BANK reference (ethers v6; deploy may require constructor arguments)"", function () { it(""deploy MY_BANK by supplying its REQUIRED constructor arguments (read them from the contract constructor), then call methods and assert; use ethers.parseEther, await (await tx).wait(), and expect(...).to.be.reverted"", async function () { const [owner, addr1, addr2] = await ethers.getSigners(); const Factory = await ethers.getContractFactory(""MY_BANK""); const instance = await Factory.deploy(...constructorArgs); await instance.waitForDeployment(); }); });",False,False,"import { expect } from ""chai""; import { ethers } from ""hardhat"";  describe(""MY_BANK - kill mutant m42fec968"", function () {   it(""should detect mutant that replaces block.timestamp with block.prevrandao in Put"", async function () {     const [owner, user] = await ethers.getSigners();          // Deploy Log contract first (required constructor argument for MY_BANK)     const LogFactory = await ethers.getContractFactory(""Log"");     const log = await LogFactory.deploy();     await log.waitForDeployment();          // Deploy MY_BANK with Log address     const BankFactory = await ethers.getContractFactory(""MY_BANK"");     const bank = await BankFactory.deploy(await log.getAddress());     await bank.waitForDeployment();          const depositAmount = ethers.parseEther(""2"");     const unlockTime = Math.floor(Date.now() / 1000) - 100; // 100 seconds in the past          // User deposits with unlockTime in the past     const txPut = await bank.connect(user).Put(unlockTime, { value: depositAmount });     await txPut.wait();          // Get the current timestamp from the blockchain     const blockNumBefore = await ethers.provider.getBlockNumber();     const blockBefore = await ethers.provider.getBlock(blockNumBefore);     const currentTimestamp = blockBefore!.timestamp;          // On original: unlockTime should be set to currentTimestamp (since _unlockTime <= block.timestamp)     // On mutant: unlockTime may be set to block.prevrandao (random value, likely != currentTimestamp)          // Now attempt to collect after the block timestamp has advanced     await ethers.provider.send(""evm_increaseTime"", [10]); // advance time by 10 seconds     await ethers.provider.send(""evm_mine"", []);          // Try to collect the deposit     const txCollect = bank.connect(user).Collect(depositAmount);          // On original: should succeed because unlockTime <= block.timestamp (both are timestamps)     // On mutant: should fail because block.prevrandao is likely much larger than block.timestamp     await expect(txCollect).to.be.reverted;   }); });","""['Error: syntax error']"""
m7641f03c,MY_BANK,<generic-v6-scaffold>,Put,live,msg.value,msg.value+1,"---|         LogFile.AddMessage(msg.sender,msg.value,""Put""); +++|         LogFile.AddMessage(msg.sender,msg.value+1,""Put"");",32,Mutant m7641f03c of function Put replaces msg.value with msg.value+1,"pragma solidity ^0.8.0; contract sGuard{ function sub_uint256(uint256 a, uint256 b) internal pure returns (uint256) { assert(b <= a); return a - b; } bool internal locked_; constructor() { locked_ = false; } modifier nonReentrant_() { require(!locked_); locked_ = true; _; locked_ = false; } function add_uint256(uint256 a, uint256 b) internal pure returns (uint256) { uint256 c = a + b; assert(c >= a); return c; } } contract MY_BANK is sGuard { function Put(uint _unlockTime)  public nonReentrant_ payable { Holder storage acc = Acc[msg.sender]; acc.balance = add_uint256(acc.balance, msg.value); acc.unlockTime = _unlockTime>block.timestamp?_unlockTime:block.timestamp; LogFile.AddMessage(msg.sender,msg.value,""Put""); } function Collect(uint _am)  public nonReentrant_ payable { Holder storage acc = Acc[msg.sender]; if( acc.balance>=MinSum && acc.balance>=_am && block.timestamp>acc.unlockTime) { { (bool _s, bytes memory _d) = msg.sender.call{value: _am}(""""); _d; if (_s) { acc.balance = sub_uint256(acc.balance, _am); LogFile.AddMessage(msg.sender,_am,""Collect""); } } } } fallback() external payable { Put(0); } struct Holder { uint unlockTime; uint balance; } mapping (address => Holder) public Acc; Log LogFile; uint public MinSum = 1 ether; constructor(address log) public{ LogFile = Log(log); } } contract Log is sGuard { struct Message { address Sender; string  Data; uint Val; uint  Time; } Message[] public History; Message LastMsg; function AddMessage(address _adr,uint _val, string memory _data) public { LastMsg.Sender = _adr; LastMsg.Time = block.timestamp; LastMsg.Val = _val; LastMsg.Data = _data; History.push(LastMsg); } }","import { expect } from ""chai""; import { ethers } from ""hardhat""; describe(""MY_BANK reference (ethers v6; deploy may require constructor arguments)"", function () { it(""deploy MY_BANK by supplying its REQUIRED constructor arguments (read them from the contract constructor), then call methods and assert; use ethers.parseEther, await (await tx).wait(), and expect(...).to.be.reverted"", async function () { const [owner, addr1, addr2] = await ethers.getSigners(); const Factory = await ethers.getContractFactory(""MY_BANK""); const instance = await Factory.deploy(...constructorArgs); await instance.waitForDeployment(); }); });",False,False,"import { expect } from ""chai""; import { ethers } from ""hardhat"";  describe(""MY_BANK mutant test - m7641f03c"", function () {   it(""should detect that LogFile.AddMessage logs msg.value+1 instead of msg.value"", async function () {     const [owner, user] = await ethers.getSigners();          // Deploy Log contract first (needed as constructor argument for MY_BANK)     const LogFactory = await ethers.getContractFactory(""Log"");     const log = await LogFactory.deploy();     await log.waitForDeployment();          // Deploy MY_BANK with Log address     const BankFactory = await ethers.getContractFactory(""MY_BANK"");     const bank = await BankFactory.deploy(await log.getAddress());     await bank.waitForDeployment();          const bankAddress = await bank.getAddress();     const logAddress = await log.getAddress();          // Send exactly 2 ether to Put function     const sendAmount = ethers.parseEther(""2"");     const tx = await bank.connect(user).Put(0, { value: sendAmount });     await tx.wait();          // Access the History array from Log contract to verify logged value     // The first message should have Val = sendAmount (original) or sendAmount+1 (mutant)     const historyEntry = await log.History(0);     const loggedValue = historyEntry.Val;          // If mutant is active, logged value will be sendAmount + 1 wei (since msg.value+1)     // If original, logged value will be exactly sendAmount     // Test expects the original behavior (logged value == sendAmount)     expect(loggedValue).to.equal(sendAmount);   }); });","""['Error: syntax error']"""
mf01610e8,MY_BANK,<generic-v6-scaffold>,Put,live,msg.value,msg.value-1,"---|         LogFile.AddMessage(msg.sender,msg.value,""Put""); +++|         LogFile.AddMessage(msg.sender,msg.value-1,""Put"");",32,Mutant mf01610e8 of function Put replaces msg.value with msg.value-1,"pragma solidity ^0.8.0; contract sGuard{ function sub_uint256(uint256 a, uint256 b) internal pure returns (uint256) { assert(b <= a); return a - b; } bool internal locked_; constructor() { locked_ = false; } modifier nonReentrant_() { require(!locked_); locked_ = true; _; locked_ = false; } function add_uint256(uint256 a, uint256 b) internal pure returns (uint256) { uint256 c = a + b; assert(c >= a); return c; } } contract MY_BANK is sGuard { function Put(uint _unlockTime)  public nonReentrant_ payable { Holder storage acc = Acc[msg.sender]; acc.balance = add_uint256(acc.balance, msg.value); acc.unlockTime = _unlockTime>block.timestamp?_unlockTime:block.timestamp; LogFile.AddMessage(msg.sender,msg.value,""Put""); } function Collect(uint _am)  public nonReentrant_ payable { Holder storage acc = Acc[msg.sender]; if( acc.balance>=MinSum && acc.balance>=_am && block.timestamp>acc.unlockTime) { { (bool _s, bytes memory _d) = msg.sender.call{value: _am}(""""); _d; if (_s) { acc.balance = sub_uint256(acc.balance, _am); LogFile.AddMessage(msg.sender,_am,""Collect""); } } } } fallback() external payable { Put(0); } struct Holder { uint unlockTime; uint balance; } mapping (address => Holder) public Acc; Log LogFile; uint public MinSum = 1 ether; constructor(address log) public{ LogFile = Log(log); } } contract Log is sGuard { struct Message { address Sender; string  Data; uint Val; uint  Time; } Message[] public History; Message LastMsg; function AddMessage(address _adr,uint _val, string memory _data) public { LastMsg.Sender = _adr; LastMsg.Time = block.timestamp; LastMsg.Val = _val; LastMsg.Data = _data; History.push(LastMsg); } }","import { expect } from ""chai""; import { ethers } from ""hardhat""; describe(""MY_BANK reference (ethers v6; deploy may require constructor arguments)"", function () { it(""deploy MY_BANK by supplying its REQUIRED constructor arguments (read them from the contract constructor), then call methods and assert; use ethers.parseEther, await (await tx).wait(), and expect(...).to.be.reverted"", async function () { const [owner, addr1, addr2] = await ethers.getSigners(); const Factory = await ethers.getContractFactory(""MY_BANK""); const instance = await Factory.deploy(...constructorArgs); await instance.waitForDeployment(); }); });",False,False,"import { expect } from ""chai""; import { ethers } from ""hardhat"";  describe(""MY_BANK mutant detection - mf01610e8"", function () {   it(""should detect mutant by comparing logged value with actual msg.value for 1 wei deposit"", async function () {     const [owner, depositor] = await ethers.getSigners();          // Deploy Log contract first     const LogFactory = await ethers.getContractFactory(""Log"");     const log = await LogFactory.deploy();     await log.waitForDeployment();          // Deploy MY_BANK with Log address     const BankFactory = await ethers.getContractFactory(""MY_BANK"");     const bank = await BankFactory.deploy(await log.getAddress());     await bank.waitForDeployment();          // Send exactly 1 wei to Put function     const tx = await bank.connect(depositor).Put(0, { value: 1 });     await tx.wait();          // Check the logged value in History array     const historyEntry = await log.History(0);     const loggedValue = historyEntry.Val;          // Original should log 1, mutant logs 0 (msg.value - 1)     expect(loggedValue).to.equal(1);   }); });","""['Error: syntax error']"""
m2a1a5945,MY_BANK,<generic-v6-scaffold>,Collect,live,block.timestamp,block.prevrandao,---|         if( acc.balance>=MinSum && acc.balance>=_am && block.timestamp>acc.unlockTime) +++|         if( acc.balance>=MinSum && acc.balance>=_am && block.prevrandao>acc.unlockTime),37,Mutant m2a1a5945 of function Collect replaces block.timestamp with block.prevrandao,"pragma solidity ^0.8.0; contract sGuard{ function sub_uint256(uint256 a, uint256 b) internal pure returns (uint256) { assert(b <= a); return a - b; } bool internal locked_; constructor() { locked_ = false; } modifier nonReentrant_() { require(!locked_); locked_ = true; _; locked_ = false; } function add_uint256(uint256 a, uint256 b) internal pure returns (uint256) { uint256 c = a + b; assert(c >= a); return c; } } contract MY_BANK is sGuard { function Put(uint _unlockTime)  public nonReentrant_ payable { Holder storage acc = Acc[msg.sender]; acc.balance = add_uint256(acc.balance, msg.value); acc.unlockTime = _unlockTime>block.timestamp?_unlockTime:block.timestamp; LogFile.AddMessage(msg.sender,msg.value,""Put""); } function Collect(uint _am)  public nonReentrant_ payable { Holder storage acc = Acc[msg.sender]; if( acc.balance>=MinSum && acc.balance>=_am && block.timestamp>acc.unlockTime) { { (bool _s, bytes memory _d) = msg.sender.call{value: _am}(""""); _d; if (_s) { acc.balance = sub_uint256(acc.balance, _am); LogFile.AddMessage(msg.sender,_am,""Collect""); } } } } fallback() external payable { Put(0); } struct Holder { uint unlockTime; uint balance; } mapping (address => Holder) public Acc; Log LogFile; uint public MinSum = 1 ether; constructor(address log) public{ LogFile = Log(log); } } contract Log is sGuard { struct Message { address Sender; string  Data; uint Val; uint  Time; } Message[] public History; Message LastMsg; function AddMessage(address _adr,uint _val, string memory _data) public { LastMsg.Sender = _adr; LastMsg.Time = block.timestamp; LastMsg.Val = _val; LastMsg.Data = _data; History.push(LastMsg); } }","import { expect } from ""chai""; import { ethers } from ""hardhat""; describe(""MY_BANK reference (ethers v6; deploy may require constructor arguments)"", function () { it(""deploy MY_BANK by supplying its REQUIRED constructor arguments (read them from the contract constructor), then call methods and assert; use ethers.parseEther, await (await tx).wait(), and expect(...).to.be.reverted"", async function () { const [owner, addr1, addr2] = await ethers.getSigners(); const Factory = await ethers.getContractFactory(""MY_BANK""); const instance = await Factory.deploy(...constructorArgs); await instance.waitForDeployment(); }); });",False,False,"import { expect } from ""chai""; import { ethers } from ""hardhat"";  describe(""MY_BANK mutant m2a1a5945 test"", function () {   it(""should kill mutant by checking that Collect uses block.timestamp, not block.prevrandao"", async function () {     const [owner, user] = await ethers.getSigners();          // Deploy Log contract first (required constructor argument for MY_BANK)     const LogFactory = await ethers.getContractFactory(""Log"");     const logInstance = await LogFactory.deploy();     await logInstance.waitForDeployment();          // Deploy MY_BANK with Log address     const BankFactory = await ethers.getContractFactory(""MY_BANK"");     const bank = await BankFactory.deploy(await logInstance.getAddress());     await bank.waitForDeployment();          const depositAmount = ethers.parseEther(""2"");     const unlockTime = Math.floor(Date.now() / 1000) + 100; // 100 seconds in the future          // Step 1: User deposits ether with a future unlock time     await bank.connect(user).Put(unlockTime, { value: depositAmount });          // Step 2: Mine blocks until unlock time has passed     await ethers.provider.send(""evm_setNextBlockTimestamp"", [unlockTime + 1]);     await ethers.provider.send(""evm_mine"");          // Step 3: Now block.timestamp > unlockTime, but block.prevrandao may still be less     // (prevrandao is set per block, not time-based - on Hardhat it's usually 0 or a constant)     // This should succeed on original (timestamp check passes) but fail on mutant (prevrandao check fails)     const collectAmount = ethers.parseEther(""1"");          await expect(       bank.connect(user).Collect(collectAmount)     ).to.not.be.reverted;          // Verify the balance was reduced (proves Collect succeeded)     const userAcc = await bank.Acc(user.address);     expect(userAcc.balance).to.equal(depositAmount - collectAmount);   }); });","""['Error: syntax error']"""
m3b2c21d6,MY_BANK,<generic-v6-scaffold>,Put,live,function Put(uint _unlockTime)  public nonReentrant_ payable ,function Put(uint _unlockTime)  public  payable ,---|      function Put(uint _unlockTime)  public nonReentrant_ payable { +++|      function Put(uint _unlockTime)  public  payable {,28,Mutant m3b2c21d6 of function Put replaces function Put(uint _unlockTime)  public nonReentrant_ payable with function Put(uint _unlockTime)  public  payable,"pragma solidity ^0.8.0; contract sGuard{ function sub_uint256(uint256 a, uint256 b) internal pure returns (uint256) { assert(b <= a); return a - b; } bool internal locked_; constructor() { locked_ = false; } modifier nonReentrant_() { require(!locked_); locked_ = true; _; locked_ = false; } function add_uint256(uint256 a, uint256 b) internal pure returns (uint256) { uint256 c = a + b; assert(c >= a); return c; } } contract MY_BANK is sGuard { function Put(uint _unlockTime)  public nonReentrant_ payable { Holder storage acc = Acc[msg.sender]; acc.balance = add_uint256(acc.balance, msg.value); acc.unlockTime = _unlockTime>block.timestamp?_unlockTime:block.timestamp; LogFile.AddMessage(msg.sender,msg.value,""Put""); } function Collect(uint _am)  public nonReentrant_ payable { Holder storage acc = Acc[msg.sender]; if( acc.balance>=MinSum && acc.balance>=_am && block.timestamp>acc.unlockTime) { { (bool _s, bytes memory _d) = msg.sender.call{value: _am}(""""); _d; if (_s) { acc.balance = sub_uint256(acc.balance, _am); LogFile.AddMessage(msg.sender,_am,""Collect""); } } } } fallback() external payable { Put(0); } struct Holder { uint unlockTime; uint balance; } mapping (address => Holder) public Acc; Log LogFile; uint public MinSum = 1 ether; constructor(address log) public{ LogFile = Log(log); } } contract Log is sGuard { struct Message { address Sender; string  Data; uint Val; uint  Time; } Message[] public History; Message LastMsg; function AddMessage(address _adr,uint _val, string memory _data) public { LastMsg.Sender = _adr; LastMsg.Time = block.timestamp; LastMsg.Val = _val; LastMsg.Data = _data; History.push(LastMsg); } }","import { expect } from ""chai""; import { ethers } from ""hardhat""; describe(""MY_BANK reference (ethers v6; deploy may require constructor arguments)"", function () { it(""deploy MY_BANK by supplying its REQUIRED constructor arguments (read them from the contract constructor), then call methods and assert; use ethers.parseEther, await (await tx).wait(), and expect(...).to.be.reverted"", async function () { const [owner, addr1, addr2] = await ethers.getSigners(); const Factory = await ethers.getContractFactory(""MY_BANK""); const instance = await Factory.deploy(...constructorArgs); await instance.waitForDeployment(); }); });",False,False,"import { expect } from ""chai""; import { ethers } from ""hardhat"";  describe(""Kill mutant m3b2c21d6 - reentrancy guard removed from Put"", function () {   it(""should prevent reentrancy in original but allow it in mutant (test fails on mutant)"", async function () {     const [owner, attacker] = await ethers.getSigners();          // Deploy Log contract first (required constructor argument for MY_BANK)     const LogFactory = await ethers.getContractFactory(""Log"");     const log = await LogFactory.deploy();     await log.waitForDeployment();          // Deploy MY_BANK with Log address     const BankFactory = await ethers.getContractFactory(""MY_BANK"");     const bank = await BankFactory.deploy(await log.getAddress());     await bank.waitForDeployment();          // Deploy attacker contract that will attempt reentrancy     const AttackerFactory = await ethers.getContractFactory(""ReentrancyAttacker"");     const attackerContract = await AttackerFactory.deploy(await bank.getAddress());     await attackerContract.waitForDeployment();          // Fund attacker contract with 2 ether     await owner.sendTransaction({       to: await attackerContract.getAddress(),       value: ethers.parseEther(""2"")     });          // Set unlock time to allow withdrawal     const currentBlock = await ethers.provider.getBlock(""latest"");     const futureTime = currentBlock!.timestamp + 1000;          // Attacker calls Put through the bank to set balance and unlock time     await attackerContract.connect(attacker).attackPut(futureTime, { value: ethers.parseEther(""1"") });          // Now attempt to exploit - call Collect which triggers fallback -> reentrant Put     // In original (with guard) this should revert; in mutant (without guard) it succeeds     const tx = attackerContract.connect(attacker).attackCollect(ethers.parseEther(""1""));          // The test expects the transaction to revert (original behavior)     // If the mutant removes the guard, the transaction will succeed and the test will fail     await expect(tx).to.be.reverted;   }); });  // Helper attacker contract (deployed as separate contract for testing) // This must be compiled alongside the test contract ReentrancyAttacker {     address payable public bank;          constructor(address payable _bank) {         bank = _bank;     }          function attackPut(uint _unlockTime) external payable {         (bool success, ) = bank.call{value: msg.value}(abi.encodeWithSignature(""Put(uint256)"", _unlockTime));         require(success, ""Put failed"");     }          function attackCollect(uint _amount) external {         (bool success, ) = bank.call(abi.encodeWithSignature(""Collect(uint256)"", _amount));         require(success, ""Collect failed"");     }          receive() external payable {         // Reentrancy: call Put again when receiving ETH from Collect         if (address(this).balance > 0) {             (bool success, ) = bank.call{value: 0}(abi.encodeWithSignature(""Put(uint256)"", 0));             require(success, ""Reentrant Put failed"");         }     } }","""['Error: syntax error']"""
m42885ffd,MY_BANK,<generic-v6-scaffold>,Collect,live,function Collect(uint _am)  public nonReentrant_ payable ,function Collect(uint _am)  public  payable ,---|      function Collect(uint _am)  public nonReentrant_ payable { +++|      function Collect(uint _am)  public  payable {,35,Mutant m42885ffd of function Collect replaces function Collect(uint _am)  public nonReentrant_ payable with function Collect(uint _am)  public  payable,"pragma solidity ^0.8.0; contract sGuard{ function sub_uint256(uint256 a, uint256 b) internal pure returns (uint256) { assert(b <= a); return a - b; } bool internal locked_; constructor() { locked_ = false; } modifier nonReentrant_() { require(!locked_); locked_ = true; _; locked_ = false; } function add_uint256(uint256 a, uint256 b) internal pure returns (uint256) { uint256 c = a + b; assert(c >= a); return c; } } contract MY_BANK is sGuard { function Put(uint _unlockTime)  public nonReentrant_ payable { Holder storage acc = Acc[msg.sender]; acc.balance = add_uint256(acc.balance, msg.value); acc.unlockTime = _unlockTime>block.timestamp?_unlockTime:block.timestamp; LogFile.AddMessage(msg.sender,msg.value,""Put""); } function Collect(uint _am)  public nonReentrant_ payable { Holder storage acc = Acc[msg.sender]; if( acc.balance>=MinSum && acc.balance>=_am && block.timestamp>acc.unlockTime) { { (bool _s, bytes memory _d) = msg.sender.call{value: _am}(""""); _d; if (_s) { acc.balance = sub_uint256(acc.balance, _am); LogFile.AddMessage(msg.sender,_am,""Collect""); } } } } fallback() external payable { Put(0); } struct Holder { uint unlockTime; uint balance; } mapping (address => Holder) public Acc; Log LogFile; uint public MinSum = 1 ether; constructor(address log) public{ LogFile = Log(log); } } contract Log is sGuard { struct Message { address Sender; string  Data; uint Val; uint  Time; } Message[] public History; Message LastMsg; function AddMessage(address _adr,uint _val, string memory _data) public { LastMsg.Sender = _adr; LastMsg.Time = block.timestamp; LastMsg.Val = _val; LastMsg.Data = _data; History.push(LastMsg); } }","import { expect } from ""chai""; import { ethers } from ""hardhat""; describe(""MY_BANK reference (ethers v6; deploy may require constructor arguments)"", function () { it(""deploy MY_BANK by supplying its REQUIRED constructor arguments (read them from the contract constructor), then call methods and assert; use ethers.parseEther, await (await tx).wait(), and expect(...).to.be.reverted"", async function () { const [owner, addr1, addr2] = await ethers.getSigners(); const Factory = await ethers.getContractFactory(""MY_BANK""); const instance = await Factory.deploy(...constructorArgs); await instance.waitForDeployment(); }); });",False,False,"import { expect } from ""chai""; import { ethers } from ""hardhat"";  describe(""MY_BANK - Reentrancy test for Collect function (mutant m42885ffd)"", function () {   it(""should detect missing nonReentrant modifier by performing a reentrancy attack"", async function () {     const [owner, attacker] = await ethers.getSigners();      // Deploy Log contract first (required constructor argument for MY_BANK)     const LogFactory = await ethers.getContractFactory(""Log"");     const log = await LogFactory.deploy();     await log.waitForDeployment();      // Deploy MY_BANK with Log address     const BankFactory = await ethers.getContractFactory(""MY_BANK"");     const bank = await BankFactory.deploy(await log.getAddress());     await bank.waitForDeployment();      // Deploy a malicious contract that will perform the reentrancy attack     const AttackerFactory = await ethers.getContractFactory(""ReentrancyAttacker"");     const attackerContract = await AttackerFactory.deploy(await bank.getAddress());     await attackerContract.waitForDeployment();      // Fund the attacker contract with some ether     await owner.sendTransaction({       to: await attackerContract.getAddress(),       value: ethers.parseEther(""10"")     });      // Attacker deposits 1 ether to set up their balance     await attackerContract.connect(attacker).deposit({ value: ethers.parseEther(""1"") });      // Verify attacker's balance is set     const initialBalance = await bank.Acc(await attackerContract.getAddress());     expect(initialBalance.balance).to.equal(ethers.parseEther(""1""));      // Set the unlock time to allow withdrawal     await ethers.provider.send(""evm_increaseTime"", [3600]); // Increase time by 1 hour     await ethers.provider.send(""evm_mine"");      // Now trigger the reentrancy attack     // The attacker contract will call Collect, and its fallback will re-enter Collect     const tx = await attackerContract.connect(attacker).attack({ value: ethers.parseEther(""0"") });      // Check if the attack succeeded (mutant) or failed (original)     // In the original with nonReentrant, the attack should revert     // In the mutant without nonReentrant, the attack should succeed     const finalBalance = await bank.Acc(await attackerContract.getAddress());          // The attack should have drained more than the initial 1 ether balance     // This would only be possible if reentrancy was allowed (mutant)     expect(finalBalance.balance).to.be.lt(ethers.parseEther(""1""));          // Verify the attacker contract received more than 1 ether     const attackerContractBalance = await ethers.provider.getBalance(await attackerContract.getAddress());     expect(attackerContractBalance).to.be.gt(ethers.parseEther(""1""));   }); });  // Malicious contract for reentrancy attack contract ReentrancyAttacker {     MY_BANK public target;          constructor(address _target) {         target = MY_BANK(_target);     }          function deposit() external payable {         target.Put(block.timestamp + 1);     }          function attack() external payable {         target.Collect(ethers.parseEther(""1""));     }          receive() external payable {         if (address(target).balance >= ethers.parseEther(""1"")) {             target.Collect(ethers.parseEther(""1""));         }     } }","""['Error: syntax error']"""
