Mutant_id,Contract_id,Test_id,Function_name,Status,Original,Replacement,Diff,StartLine,Details,Contract_Context,Test_Context,Test_Generated,KilledByLLM,Generated_test,Test_errors
ma77f7ad7,DEP_BANK,<generic-v6-scaffold>,Deposit,live, >= ,  > ,---|         require(((balances[msg.sender] + msg.value) >= balances[msg.sender])); +++|         require(((balances[msg.sender] + msg.value)  > balances[msg.sender]));,38,Mutant ma77f7ad7 of function Deposit replaces >= with >,"pragma solidity ^0.8.0; contract DEP_BANK { mapping (address=>uint256) public balances; uint public MinSum; LogFile Log; bool intitalized; function SetMinSum(uint _val) public { if(intitalized)revert(); MinSum = _val; } function SetLogFile(address _log) public { if(intitalized)revert(); Log = LogFile(_log); } function Initialized() public { intitalized = true; } function Deposit() public payable { require(((balances[msg.sender] + msg.value) >= balances[msg.sender])); balances[msg.sender]+= msg.value; Log.AddMessage(msg.sender,msg.value,""Put""); } function Collect(uint _am) public payable { if(balances[msg.sender]>=MinSum && balances[msg.sender]>=_am) { balances[msg.sender] = (balances[msg.sender] - _am); (bool _veri_ok,) = msg.sender.call{value: _am}(""""); if(_veri_ok) { Log.AddMessage(msg.sender,_am,""Collect""); } else {revert (); } } } receive() external payable { Deposit(); } } contract LogFile { struct Message { address Sender; string  Data; uint Val; uint  Time; } Message[] public History; Message LastMsg; function AddMessage(address _adr,uint _val,string memory _data) public { LastMsg.Sender = _adr; LastMsg.Time = block.timestamp; LastMsg.Val = _val; LastMsg.Data = _data; History.push(LastMsg); } }","import { expect } from ""chai""; import { ethers } from ""hardhat""; describe(""DEP_BANK reference (ethers v6; deploy may require constructor arguments)"", function () { it(""deploy DEP_BANK by supplying its REQUIRED constructor arguments (read them from the contract constructor), then call methods and assert; use ethers.parseEther, await (await tx).wait(), and expect(...).to.be.reverted"", async function () { const [owner, addr1, addr2] = await ethers.getSigners(); const Factory = await ethers.getContractFactory(""DEP_BANK""); const instance = await Factory.deploy(...constructorArgs); await instance.waitForDeployment(); }); });",False,False,"import { expect } from ""chai""; import { ethers } from ""hardhat"";  describe(""DEP_BANK mutant kill test"", function () {   it(""should allow deposit with 0 value in original but revert in mutant"", async function () {     const [owner, addr1] = await ethers.getSigners();     const Factory = await ethers.getContractFactory(""DEP_BANK"");     const instance = await Factory.deploy();     await instance.waitForDeployment();      // Attempt to deposit 0 ether     const tx = instance.connect(addr1).Deposit({ value: 0 });          // In the original contract (>=), this should succeed     // In the mutant (>), this should revert     // We expect the transaction to succeed (kill the mutant when it fails)     await expect(tx).to.not.be.reverted;   }); });","""['Error: syntax error']"""
mf25953e3,DEP_BANK,<generic-v6-scaffold>,Deposit,live, >= , <= ,---|         require(((balances[msg.sender] + msg.value) >= balances[msg.sender])); +++|         require(((balances[msg.sender] + msg.value) <= balances[msg.sender]));,38,Mutant mf25953e3 of function Deposit replaces >= with <=,"pragma solidity ^0.8.0; contract DEP_BANK { mapping (address=>uint256) public balances; uint public MinSum; LogFile Log; bool intitalized; function SetMinSum(uint _val) public { if(intitalized)revert(); MinSum = _val; } function SetLogFile(address _log) public { if(intitalized)revert(); Log = LogFile(_log); } function Initialized() public { intitalized = true; } function Deposit() public payable { require(((balances[msg.sender] + msg.value) >= balances[msg.sender])); balances[msg.sender]+= msg.value; Log.AddMessage(msg.sender,msg.value,""Put""); } function Collect(uint _am) public payable { if(balances[msg.sender]>=MinSum && balances[msg.sender]>=_am) { balances[msg.sender] = (balances[msg.sender] - _am); (bool _veri_ok,) = msg.sender.call{value: _am}(""""); if(_veri_ok) { Log.AddMessage(msg.sender,_am,""Collect""); } else {revert (); } } } receive() external payable { Deposit(); } } contract LogFile { struct Message { address Sender; string  Data; uint Val; uint  Time; } Message[] public History; Message LastMsg; function AddMessage(address _adr,uint _val,string memory _data) public { LastMsg.Sender = _adr; LastMsg.Time = block.timestamp; LastMsg.Val = _val; LastMsg.Data = _data; History.push(LastMsg); } }","import { expect } from ""chai""; import { ethers } from ""hardhat""; describe(""DEP_BANK reference (ethers v6; deploy may require constructor arguments)"", function () { it(""deploy DEP_BANK by supplying its REQUIRED constructor arguments (read them from the contract constructor), then call methods and assert; use ethers.parseEther, await (await tx).wait(), and expect(...).to.be.reverted"", async function () { const [owner, addr1, addr2] = await ethers.getSigners(); const Factory = await ethers.getContractFactory(""DEP_BANK""); const instance = await Factory.deploy(...constructorArgs); await instance.waitForDeployment(); }); });",False,False,"import { expect } from ""chai""; import { ethers } } from ""hardhat"";  describe(""DEP_BANK mutant detection - Deposit function"", function () {   it(""should kill mutant mf25953e3 by reverting when depositing a non-zero amount"", async function () {     const [owner, addr1] = await ethers.getSigners();     const Factory = await ethers.getContractFactory(""DEP_BANK"");     const instance = await Factory.deploy();     await instance.waitForDeployment();      // First initialize the contract (required before deposits work)     await instance.connect(owner).Initialized();      // Send a non-zero deposit from addr1     const depositAmount = ethers.parseEther(""1.0"");          // On the mutant, the require check becomes <=, so any positive deposit will fail     // On the original, the deposit should succeed     // We expect the transaction to succeed (original behavior), but the mutant will revert     // So we assert that the transaction does NOT revert (detecting the mutant)     await expect(       instance.connect(addr1).Deposit({ value: depositAmount })     ).to.not.be.reverted;      // Verify balance was updated (additional check to confirm original behavior)     const balance = await instance.balances(addr1.address);     expect(balance).to.equal(depositAmount);   }); });","""['Error: syntax error']"""
m366b6b59,DEP_BANK,<generic-v6-scaffold>,Deposit,live, >= , == ,---|         require(((balances[msg.sender] + msg.value) >= balances[msg.sender])); +++|         require(((balances[msg.sender] + msg.value) == balances[msg.sender]));,38,Mutant m366b6b59 of function Deposit replaces >= with ==,"pragma solidity ^0.8.0; contract DEP_BANK { mapping (address=>uint256) public balances; uint public MinSum; LogFile Log; bool intitalized; function SetMinSum(uint _val) public { if(intitalized)revert(); MinSum = _val; } function SetLogFile(address _log) public { if(intitalized)revert(); Log = LogFile(_log); } function Initialized() public { intitalized = true; } function Deposit() public payable { require(((balances[msg.sender] + msg.value) >= balances[msg.sender])); balances[msg.sender]+= msg.value; Log.AddMessage(msg.sender,msg.value,""Put""); } function Collect(uint _am) public payable { if(balances[msg.sender]>=MinSum && balances[msg.sender]>=_am) { balances[msg.sender] = (balances[msg.sender] - _am); (bool _veri_ok,) = msg.sender.call{value: _am}(""""); if(_veri_ok) { Log.AddMessage(msg.sender,_am,""Collect""); } else {revert (); } } } receive() external payable { Deposit(); } } contract LogFile { struct Message { address Sender; string  Data; uint Val; uint  Time; } Message[] public History; Message LastMsg; function AddMessage(address _adr,uint _val,string memory _data) public { LastMsg.Sender = _adr; LastMsg.Time = block.timestamp; LastMsg.Val = _val; LastMsg.Data = _data; History.push(LastMsg); } }","import { expect } from ""chai""; import { ethers } from ""hardhat""; describe(""DEP_BANK reference (ethers v6; deploy may require constructor arguments)"", function () { it(""deploy DEP_BANK by supplying its REQUIRED constructor arguments (read them from the contract constructor), then call methods and assert; use ethers.parseEther, await (await tx).wait(), and expect(...).to.be.reverted"", async function () { const [owner, addr1, addr2] = await ethers.getSigners(); const Factory = await ethers.getContractFactory(""DEP_BANK""); const instance = await Factory.deploy(...constructorArgs); await instance.waitForDeployment(); }); });",False,False,"import { expect } from ""chai""; import { ethers } from ""hardhat"";  describe(""DEP_BANK mutant m366b6b59 test"", function () {   it(""should kill mutant by depositing non-zero value and checking balance increases"", async function () {     const [owner, addr1] = await ethers.getSigners();     const Factory = await ethers.getContractFactory(""DEP_BANK"");     const instance = await Factory.deploy();     await instance.waitForDeployment();      // Initialize the contract to allow deposits     await instance.Initialized();      // Deposit a non-zero amount from addr1     const depositAmount = ethers.parseEther(""1.0"");     const tx = await instance.connect(addr1).Deposit({ value: depositAmount });     await tx.wait();      // Check that balance increased (original behavior)     const balance = await instance.balances(addr1.address);     expect(balance).to.equal(depositAmount);      // The mutant would revert on the require statement, so this test fails on mutant     // (if mutant were deployed, tx would revert and balance would not be set)   }); });","""['Error: syntax error']"""
mcc46905a,DEP_BANK,<generic-v6-scaffold>,Deposit,live, + , - ,---|         require(((balances[msg.sender] + msg.value) >= balances[msg.sender])); +++|         require(((balances[msg.sender] - msg.value) >= balances[msg.sender]));,38,Mutant mcc46905a of function Deposit replaces + with -,"pragma solidity ^0.8.0; contract DEP_BANK { mapping (address=>uint256) public balances; uint public MinSum; LogFile Log; bool intitalized; function SetMinSum(uint _val) public { if(intitalized)revert(); MinSum = _val; } function SetLogFile(address _log) public { if(intitalized)revert(); Log = LogFile(_log); } function Initialized() public { intitalized = true; } function Deposit() public payable { require(((balances[msg.sender] + msg.value) >= balances[msg.sender])); balances[msg.sender]+= msg.value; Log.AddMessage(msg.sender,msg.value,""Put""); } function Collect(uint _am) public payable { if(balances[msg.sender]>=MinSum && balances[msg.sender]>=_am) { balances[msg.sender] = (balances[msg.sender] - _am); (bool _veri_ok,) = msg.sender.call{value: _am}(""""); if(_veri_ok) { Log.AddMessage(msg.sender,_am,""Collect""); } else {revert (); } } } receive() external payable { Deposit(); } } contract LogFile { struct Message { address Sender; string  Data; uint Val; uint  Time; } Message[] public History; Message LastMsg; function AddMessage(address _adr,uint _val,string memory _data) public { LastMsg.Sender = _adr; LastMsg.Time = block.timestamp; LastMsg.Val = _val; LastMsg.Data = _data; History.push(LastMsg); } }","import { expect } from ""chai""; import { ethers } from ""hardhat""; describe(""DEP_BANK reference (ethers v6; deploy may require constructor arguments)"", function () { it(""deploy DEP_BANK by supplying its REQUIRED constructor arguments (read them from the contract constructor), then call methods and assert; use ethers.parseEther, await (await tx).wait(), and expect(...).to.be.reverted"", async function () { const [owner, addr1, addr2] = await ethers.getSigners(); const Factory = await ethers.getContractFactory(""DEP_BANK""); const instance = await Factory.deploy(...constructorArgs); await instance.waitForDeployment(); }); });",False,False,"import { expect } from ""chai""; import { ethers } from ""hardhat"";  describe(""DEP_BANK mutant test - mcc46905a"", function () {   it(""should detect mutant by expecting successful deposit to revert"", async function () {     const [owner] = await ethers.getSigners();     const Factory = await ethers.getContractFactory(""DEP_BANK"");     const instance = await Factory.deploy();     await instance.waitForDeployment();      // Attempt to deposit 1 ether - should succeed on original but fail on mutant     const tx = owner.sendTransaction({       to: await instance.getAddress(),       value: ethers.parseEther(""1.0"")     });          await expect(tx).to.be.reverted;   }); });","""['Error: syntax error']"""
m4a6199ec,DEP_BANK,<generic-v6-scaffold>,Deposit,live, + , * ,---|         require(((balances[msg.sender] + msg.value) >= balances[msg.sender])); +++|         require(((balances[msg.sender] * msg.value) >= balances[msg.sender]));,38,Mutant m4a6199ec of function Deposit replaces + with *,"pragma solidity ^0.8.0; contract DEP_BANK { mapping (address=>uint256) public balances; uint public MinSum; LogFile Log; bool intitalized; function SetMinSum(uint _val) public { if(intitalized)revert(); MinSum = _val; } function SetLogFile(address _log) public { if(intitalized)revert(); Log = LogFile(_log); } function Initialized() public { intitalized = true; } function Deposit() public payable { require(((balances[msg.sender] + msg.value) >= balances[msg.sender])); balances[msg.sender]+= msg.value; Log.AddMessage(msg.sender,msg.value,""Put""); } function Collect(uint _am) public payable { if(balances[msg.sender]>=MinSum && balances[msg.sender]>=_am) { balances[msg.sender] = (balances[msg.sender] - _am); (bool _veri_ok,) = msg.sender.call{value: _am}(""""); if(_veri_ok) { Log.AddMessage(msg.sender,_am,""Collect""); } else {revert (); } } } receive() external payable { Deposit(); } } contract LogFile { struct Message { address Sender; string  Data; uint Val; uint  Time; } Message[] public History; Message LastMsg; function AddMessage(address _adr,uint _val,string memory _data) public { LastMsg.Sender = _adr; LastMsg.Time = block.timestamp; LastMsg.Val = _val; LastMsg.Data = _data; History.push(LastMsg); } }","import { expect } from ""chai""; import { ethers } from ""hardhat""; describe(""DEP_BANK reference (ethers v6; deploy may require constructor arguments)"", function () { it(""deploy DEP_BANK by supplying its REQUIRED constructor arguments (read them from the contract constructor), then call methods and assert; use ethers.parseEther, await (await tx).wait(), and expect(...).to.be.reverted"", async function () { const [owner, addr1, addr2] = await ethers.getSigners(); const Factory = await ethers.getContractFactory(""DEP_BANK""); const instance = await Factory.deploy(...constructorArgs); await instance.waitForDeployment(); }); });",False,False,"import { expect } from ""chai""; import { ethers } } from ""hardhat"";  describe(""DEP_BANK - Kill mutant m4a6199ec (require with * instead of +)"", function () {   it(""should kill the mutant by depositing when balance > 0 and msg.value > 0"", async function () {     const [owner, addr1] = await ethers.getSigners();     const Factory = await ethers.getContractFactory(""DEP_BANK"");     const instance = await Factory.deploy();     await instance.waitForDeployment();      // First deposit to set a non-zero balance     await instance.connect(addr1).deposit({ value: ethers.parseEther(""1"") });          // Now deposit a small amount (1 wei) - original would pass, mutant should revert     // because 1 * 1e18 >= 1e18 is false (1e18 >= 1e18 is true for addition)     await expect(       instance.connect(addr1).deposit({ value: 1 })     ).to.not.be.reverted; // This will pass on original but fail on mutant   }); });","""['Error: syntax error']"""
m6ba1ffcc,DEP_BANK,<generic-v6-scaffold>,Collect,live, && , || ,---|         if(balances[msg.sender]>=MinSum && balances[msg.sender]>=_am) +++|         if(balances[msg.sender]>=MinSum || balances[msg.sender]>=_am),47,Mutant m6ba1ffcc of function Collect replaces && with ||,"pragma solidity ^0.8.0; contract DEP_BANK { mapping (address=>uint256) public balances; uint public MinSum; LogFile Log; bool intitalized; function SetMinSum(uint _val) public { if(intitalized)revert(); MinSum = _val; } function SetLogFile(address _log) public { if(intitalized)revert(); Log = LogFile(_log); } function Initialized() public { intitalized = true; } function Deposit() public payable { require(((balances[msg.sender] + msg.value) >= balances[msg.sender])); balances[msg.sender]+= msg.value; Log.AddMessage(msg.sender,msg.value,""Put""); } function Collect(uint _am) public payable { if(balances[msg.sender]>=MinSum && balances[msg.sender]>=_am) { balances[msg.sender] = (balances[msg.sender] - _am); (bool _veri_ok,) = msg.sender.call{value: _am}(""""); if(_veri_ok) { Log.AddMessage(msg.sender,_am,""Collect""); } else {revert (); } } } receive() external payable { Deposit(); } } contract LogFile { struct Message { address Sender; string  Data; uint Val; uint  Time; } Message[] public History; Message LastMsg; function AddMessage(address _adr,uint _val,string memory _data) public { LastMsg.Sender = _adr; LastMsg.Time = block.timestamp; LastMsg.Val = _val; LastMsg.Data = _data; History.push(LastMsg); } }","import { expect } from ""chai""; import { ethers } from ""hardhat""; describe(""DEP_BANK reference (ethers v6; deploy may require constructor arguments)"", function () { it(""deploy DEP_BANK by supplying its REQUIRED constructor arguments (read them from the contract constructor), then call methods and assert; use ethers.parseEther, await (await tx).wait(), and expect(...).to.be.reverted"", async function () { const [owner, addr1, addr2] = await ethers.getSigners(); const Factory = await ethers.getContractFactory(""DEP_BANK""); const instance = await Factory.deploy(...constructorArgs); await instance.waitForDeployment(); }); });",False,False,"import { expect } from ""chai""; import { ethers } from ""hardhat"";  describe(""DEP_BANK mutant test - m6ba1ffcc"", function () {   it(""should revert when balance >= MinSum but balance < _am in original (&&), but mutant with || would allow it"", async function () {     const [owner, addr1] = await ethers.getSigners();          // Deploy LogFile first (required by DEP_BANK)     const LogFileFactory = await ethers.getContractFactory(""LogFile"");     const logFile = await LogFileFactory.deploy();     await logFile.waitForDeployment();          // Deploy DEP_BANK with log file address as constructor argument     const Factory = await ethers.getContractFactory(""DEP_BANK"");     const instance = await Factory.deploy(logFile.target);     await instance.waitForDeployment();          // Set MinSum to 1 ether     await instance.connect(owner).SetMinSum(ethers.parseEther(""1""));          // Initialize the contract     await instance.connect(owner).Initialized();          // addr1 deposits exactly 1 ether (meets MinSum but not more)     await instance.connect(addr1).Deposit({ value: ethers.parseEther(""1"") });          // addr1 tries to collect 2 ether (balance = 1, MinSum = 1, _am = 2)     // Original: balance >= MinSum (1>=1 true) && balance >= _am (1>=2 false) => false => revert     // Mutant: balance >= MinSum (1>=1 true) || balance >= _am (1>=2 false) => true => would NOT revert (BUG)     await expect(       instance.connect(addr1).Collect(ethers.parseEther(""2""))     ).to.be.reverted;   }); });","""['Error: syntax error']"""
m08f4014a,DEP_BANK,<generic-v6-scaffold>,Collect,live,>=, >,---|         if(balances[msg.sender]>=MinSum && balances[msg.sender]>=_am) +++|         if(balances[msg.sender] >MinSum && balances[msg.sender]>=_am),47,Mutant m08f4014a of function Collect replaces >= with >,"pragma solidity ^0.8.0; contract DEP_BANK { mapping (address=>uint256) public balances; uint public MinSum; LogFile Log; bool intitalized; function SetMinSum(uint _val) public { if(intitalized)revert(); MinSum = _val; } function SetLogFile(address _log) public { if(intitalized)revert(); Log = LogFile(_log); } function Initialized() public { intitalized = true; } function Deposit() public payable { require(((balances[msg.sender] + msg.value) >= balances[msg.sender])); balances[msg.sender]+= msg.value; Log.AddMessage(msg.sender,msg.value,""Put""); } function Collect(uint _am) public payable { if(balances[msg.sender]>=MinSum && balances[msg.sender]>=_am) { balances[msg.sender] = (balances[msg.sender] - _am); (bool _veri_ok,) = msg.sender.call{value: _am}(""""); if(_veri_ok) { Log.AddMessage(msg.sender,_am,""Collect""); } else {revert (); } } } receive() external payable { Deposit(); } } contract LogFile { struct Message { address Sender; string  Data; uint Val; uint  Time; } Message[] public History; Message LastMsg; function AddMessage(address _adr,uint _val,string memory _data) public { LastMsg.Sender = _adr; LastMsg.Time = block.timestamp; LastMsg.Val = _val; LastMsg.Data = _data; History.push(LastMsg); } }","import { expect } from ""chai""; import { ethers } from ""hardhat""; describe(""DEP_BANK reference (ethers v6; deploy may require constructor arguments)"", function () { it(""deploy DEP_BANK by supplying its REQUIRED constructor arguments (read them from the contract constructor), then call methods and assert; use ethers.parseEther, await (await tx).wait(), and expect(...).to.be.reverted"", async function () { const [owner, addr1, addr2] = await ethers.getSigners(); const Factory = await ethers.getContractFactory(""DEP_BANK""); const instance = await Factory.deploy(...constructorArgs); await instance.waitForDeployment(); }); });",False,False,"import { expect } from ""chai""; import { ethers } from ""hardhat"";  describe(""DEP_BANK mutant kill test - m08f4014a"", function () {   it(""should revert when balance equals MinSum due to > replacement in Collect"", async function () {     const [owner, addr1] = await ethers.getSigners();     const Factory = await ethers.getContractFactory(""DEP_BANK"");     const instance = await Factory.deploy();     await instance.waitForDeployment();      // Set MinSum to 100 wei     await instance.SetMinSum(100);     // Initialize the contract     await instance.Initialized();      // Deposit exactly 100 wei from addr1     const depositTx = await instance.connect(addr1).Deposit({ value: 100 });     await depositTx.wait();      // Attempt to collect exactly 100 wei - should fail on mutant (needs > not >=)     await expect(       instance.connect(addr1).Collect(100)     ).to.be.reverted;   }); });","""['Error: syntax error']"""
mdb3b33f8,DEP_BANK,<generic-v6-scaffold>,Collect,live,>=,<=,---|         if(balances[msg.sender]>=MinSum && balances[msg.sender]>=_am) +++|         if(balances[msg.sender]<=MinSum && balances[msg.sender]>=_am),47,Mutant mdb3b33f8 of function Collect replaces >= with <=,"pragma solidity ^0.8.0; contract DEP_BANK { mapping (address=>uint256) public balances; uint public MinSum; LogFile Log; bool intitalized; function SetMinSum(uint _val) public { if(intitalized)revert(); MinSum = _val; } function SetLogFile(address _log) public { if(intitalized)revert(); Log = LogFile(_log); } function Initialized() public { intitalized = true; } function Deposit() public payable { require(((balances[msg.sender] + msg.value) >= balances[msg.sender])); balances[msg.sender]+= msg.value; Log.AddMessage(msg.sender,msg.value,""Put""); } function Collect(uint _am) public payable { if(balances[msg.sender]>=MinSum && balances[msg.sender]>=_am) { balances[msg.sender] = (balances[msg.sender] - _am); (bool _veri_ok,) = msg.sender.call{value: _am}(""""); if(_veri_ok) { Log.AddMessage(msg.sender,_am,""Collect""); } else {revert (); } } } receive() external payable { Deposit(); } } contract LogFile { struct Message { address Sender; string  Data; uint Val; uint  Time; } Message[] public History; Message LastMsg; function AddMessage(address _adr,uint _val,string memory _data) public { LastMsg.Sender = _adr; LastMsg.Time = block.timestamp; LastMsg.Val = _val; LastMsg.Data = _data; History.push(LastMsg); } }","import { expect } from ""chai""; import { ethers } from ""hardhat""; describe(""DEP_BANK reference (ethers v6; deploy may require constructor arguments)"", function () { it(""deploy DEP_BANK by supplying its REQUIRED constructor arguments (read them from the contract constructor), then call methods and assert; use ethers.parseEther, await (await tx).wait(), and expect(...).to.be.reverted"", async function () { const [owner, addr1, addr2] = await ethers.getSigners(); const Factory = await ethers.getContractFactory(""DEP_BANK""); const instance = await Factory.deploy(...constructorArgs); await instance.waitForDeployment(); }); });",False,False,"import { expect } from ""chai""; import { ethers } from ""hardhat"";  describe(""DEP_BANK mutant detection - Collect function"", function () {   it(""should revert on mutant when balance > MinSum (detects <= bug)"", async function () {     const [owner, addr1] = await ethers.getSigners();          // Deploy DEP_BANK (no constructor arguments needed based on contract)     const Factory = await ethers.getContractFactory(""DEP_BANK"");     const instance = await Factory.deploy();     await instance.waitForDeployment();          // Deploy LogFile separately (needed for Log.AddMessage)     const LogFactory = await ethers.getContractFactory(""LogFile"");     const logInstance = await LogFactory.deploy();     await logInstance.waitForDeployment();          // Set up the contract with LogFile and MinSum     await instance.SetLogFile(await logInstance.getAddress());     await instance.SetMinSum(ethers.parseEther(""10""));     await instance.Initialized();          // Fund addr1 with 20 ETH (balance > MinSum)     await instance.connect(addr1).Deposit({ value: ethers.parseEther(""20"") });          // Attempt to collect 5 ETH (valid amount, balance 20 >= MinSum 10 and >= 5)     // Original: should succeed. Mutant: should revert because 20 <= 10 is false     await expect(       instance.connect(addr1).Collect(ethers.parseEther(""5""))     ).to.be.reverted;   }); });","""['Error: syntax error']"""
m1d63c895,DEP_BANK,<generic-v6-scaffold>,Collect,live,>=,==,---|         if(balances[msg.sender]>=MinSum && balances[msg.sender]>=_am) +++|         if(balances[msg.sender]==MinSum && balances[msg.sender]>=_am),47,Mutant m1d63c895 of function Collect replaces >= with ==,"pragma solidity ^0.8.0; contract DEP_BANK { mapping (address=>uint256) public balances; uint public MinSum; LogFile Log; bool intitalized; function SetMinSum(uint _val) public { if(intitalized)revert(); MinSum = _val; } function SetLogFile(address _log) public { if(intitalized)revert(); Log = LogFile(_log); } function Initialized() public { intitalized = true; } function Deposit() public payable { require(((balances[msg.sender] + msg.value) >= balances[msg.sender])); balances[msg.sender]+= msg.value; Log.AddMessage(msg.sender,msg.value,""Put""); } function Collect(uint _am) public payable { if(balances[msg.sender]>=MinSum && balances[msg.sender]>=_am) { balances[msg.sender] = (balances[msg.sender] - _am); (bool _veri_ok,) = msg.sender.call{value: _am}(""""); if(_veri_ok) { Log.AddMessage(msg.sender,_am,""Collect""); } else {revert (); } } } receive() external payable { Deposit(); } } contract LogFile { struct Message { address Sender; string  Data; uint Val; uint  Time; } Message[] public History; Message LastMsg; function AddMessage(address _adr,uint _val,string memory _data) public { LastMsg.Sender = _adr; LastMsg.Time = block.timestamp; LastMsg.Val = _val; LastMsg.Data = _data; History.push(LastMsg); } }","import { expect } from ""chai""; import { ethers } from ""hardhat""; describe(""DEP_BANK reference (ethers v6; deploy may require constructor arguments)"", function () { it(""deploy DEP_BANK by supplying its REQUIRED constructor arguments (read them from the contract constructor), then call methods and assert; use ethers.parseEther, await (await tx).wait(), and expect(...).to.be.reverted"", async function () { const [owner, addr1, addr2] = await ethers.getSigners(); const Factory = await ethers.getContractFactory(""DEP_BANK""); const instance = await Factory.deploy(...constructorArgs); await instance.waitForDeployment(); }); });",False,False,"import { expect } from ""chai""; import { ethers } from ""hardhat"";  describe(""DEP_BANK mutant m1d63c895 test"", function () {   it(""should kill the mutant by having balance > MinSum and calling Collect"", async function () {     const [owner, addr1] = await ethers.getSigners();          // Deploy DEP_BANK (no constructor arguments needed)     const Factory = await ethers.getContractFactory(""DEP_BANK"");     const instance = await Factory.deploy();     await instance.waitForDeployment();          // Deploy LogFile (needed for DEP_BANK to function)     const LogFileFactory = await ethers.getContractFactory(""LogFile"");     const logFile = await LogFileFactory.deploy();     await logFile.waitForDeployment();          // Setup: Set MinSum and LogFile, then initialize     await instance.connect(owner).SetMinSum(100);     await instance.connect(owner).SetLogFile(await logFile.getAddress());     await instance.connect(owner).Initialized();          // Deposit 200 wei from addr1 (balance > MinSum)     const depositAmount = ethers.parseEther(""0.000000000000000200""); // 200 wei     await instance.connect(addr1).Deposit({ value: depositAmount });          // Verify balance is 200     expect(await instance.balances(addr1.address)).to.equal(depositAmount);          // Try to collect 150 wei - should succeed on original (200 >= 100 && 200 >= 150)     // but fail on mutant (200 == 100 is false)     const collectAmount = ethers.parseEther(""0.000000000000000150""); // 150 wei     await expect(       instance.connect(addr1).Collect(collectAmount)     ).to.be.reverted;   }); });","""['Error: syntax error']"""
m4915f829,DEP_BANK,<generic-v6-scaffold>,Collect,live,>=, >,---|         if(balances[msg.sender]>=MinSum && balances[msg.sender]>=_am) +++|         if(balances[msg.sender]>=MinSum && balances[msg.sender] >_am),47,Mutant m4915f829 of function Collect replaces >= with >,"pragma solidity ^0.8.0; contract DEP_BANK { mapping (address=>uint256) public balances; uint public MinSum; LogFile Log; bool intitalized; function SetMinSum(uint _val) public { if(intitalized)revert(); MinSum = _val; } function SetLogFile(address _log) public { if(intitalized)revert(); Log = LogFile(_log); } function Initialized() public { intitalized = true; } function Deposit() public payable { require(((balances[msg.sender] + msg.value) >= balances[msg.sender])); balances[msg.sender]+= msg.value; Log.AddMessage(msg.sender,msg.value,""Put""); } function Collect(uint _am) public payable { if(balances[msg.sender]>=MinSum && balances[msg.sender]>=_am) { balances[msg.sender] = (balances[msg.sender] - _am); (bool _veri_ok,) = msg.sender.call{value: _am}(""""); if(_veri_ok) { Log.AddMessage(msg.sender,_am,""Collect""); } else {revert (); } } } receive() external payable { Deposit(); } } contract LogFile { struct Message { address Sender; string  Data; uint Val; uint  Time; } Message[] public History; Message LastMsg; function AddMessage(address _adr,uint _val,string memory _data) public { LastMsg.Sender = _adr; LastMsg.Time = block.timestamp; LastMsg.Val = _val; LastMsg.Data = _data; History.push(LastMsg); } }","import { expect } from ""chai""; import { ethers } from ""hardhat""; describe(""DEP_BANK reference (ethers v6; deploy may require constructor arguments)"", function () { it(""deploy DEP_BANK by supplying its REQUIRED constructor arguments (read them from the contract constructor), then call methods and assert; use ethers.parseEther, await (await tx).wait(), and expect(...).to.be.reverted"", async function () { const [owner, addr1, addr2] = await ethers.getSigners(); const Factory = await ethers.getContractFactory(""DEP_BANK""); const instance = await Factory.deploy(...constructorArgs); await instance.waitForDeployment(); }); });",False,False,"import { expect } from ""chai""; import { ethers } from ""hardhat"";  describe(""DEP_BANK mutant m4915f829 test"", function () {   it(""should kill mutant by withdrawing exactly the balance when balance equals MinSum"", async function () {     const [owner, user] = await ethers.getSigners();          // Deploy DEP_BANK (no constructor arguments needed)     const Factory = await ethers.getContractFactory(""DEP_BANK"");     const instance = await Factory.deploy();     await instance.waitForDeployment();          // Deploy LogFile contract (required for DEP_BANK to work)     const LogFactory = await ethers.getContractFactory(""LogFile"");     const logInstance = await LogFactory.deploy();     await logInstance.waitForDeployment();          // Set up the contract     await instance.connect(owner).SetLogFile(await logInstance.getAddress());     await instance.connect(owner).SetMinSum(ethers.parseEther(""10""));     await instance.connect(owner).Initialized();          // User deposits exactly 10 ETH     await instance.connect(user).Deposit({ value: ethers.parseEther(""10"") });          // Verify user balance is 10 ETH and MinSum is 10 ETH     expect(await instance.balances(user.address)).to.equal(ethers.parseEther(""10""));     expect(await instance.MinSum()).to.equal(ethers.parseEther(""10""));          // User attempts to withdraw exactly their balance (10 ETH)     // In original: balances[msg.sender] >= MinSum (10 >= 10) && balances[msg.sender] >= _am (10 >= 10) -> true, withdraw succeeds     // In mutant: balances[msg.sender] >= MinSum (10 >= 10) && balances[msg.sender] > _am (10 > 10) -> false, withdraw fails     await expect(       instance.connect(user).Collect(ethers.parseEther(""10""))     ).to.be.reverted;   }); });","""['Error: syntax error']"""
m2f76b2fd,DEP_BANK,<generic-v6-scaffold>,Collect,live,>=,<=,---|         if(balances[msg.sender]>=MinSum && balances[msg.sender]>=_am) +++|         if(balances[msg.sender]>=MinSum && balances[msg.sender]<=_am),47,Mutant m2f76b2fd of function Collect replaces >= with <=,"pragma solidity ^0.8.0; contract DEP_BANK { mapping (address=>uint256) public balances; uint public MinSum; LogFile Log; bool intitalized; function SetMinSum(uint _val) public { if(intitalized)revert(); MinSum = _val; } function SetLogFile(address _log) public { if(intitalized)revert(); Log = LogFile(_log); } function Initialized() public { intitalized = true; } function Deposit() public payable { require(((balances[msg.sender] + msg.value) >= balances[msg.sender])); balances[msg.sender]+= msg.value; Log.AddMessage(msg.sender,msg.value,""Put""); } function Collect(uint _am) public payable { if(balances[msg.sender]>=MinSum && balances[msg.sender]>=_am) { balances[msg.sender] = (balances[msg.sender] - _am); (bool _veri_ok,) = msg.sender.call{value: _am}(""""); if(_veri_ok) { Log.AddMessage(msg.sender,_am,""Collect""); } else {revert (); } } } receive() external payable { Deposit(); } } contract LogFile { struct Message { address Sender; string  Data; uint Val; uint  Time; } Message[] public History; Message LastMsg; function AddMessage(address _adr,uint _val,string memory _data) public { LastMsg.Sender = _adr; LastMsg.Time = block.timestamp; LastMsg.Val = _val; LastMsg.Data = _data; History.push(LastMsg); } }","import { expect } from ""chai""; import { ethers } from ""hardhat""; describe(""DEP_BANK reference (ethers v6; deploy may require constructor arguments)"", function () { it(""deploy DEP_BANK by supplying its REQUIRED constructor arguments (read them from the contract constructor), then call methods and assert; use ethers.parseEther, await (await tx).wait(), and expect(...).to.be.reverted"", async function () { const [owner, addr1, addr2] = await ethers.getSigners(); const Factory = await ethers.getContractFactory(""DEP_BANK""); const instance = await Factory.deploy(...constructorArgs); await instance.waitForDeployment(); }); });",False,False,"import { expect } from ""chai""; import { ethers } from ""hardhat"";  describe(""DEP_BANK mutant test for Collect function (m2f76b2fd)"", function () {   it(""should kill the mutant by showing that a user with balance > _am cannot collect when condition is incorrectly changed to <= _am"", async function () {     const [owner, user] = await ethers.getSigners();          // Deploy DEP_BANK - no constructor arguments needed     const Factory = await ethers.getContractFactory(""DEP_BANK"");     const instance = await Factory.deploy();     await instance.waitForDeployment();          // Deploy LogFile separately (required for DEP_BANK to function)     const LogFactory = await ethers.getContractFactory(""LogFile"");     const logInstance = await LogFactory.deploy();     await logInstance.waitForDeployment();          // Initialize the contract     await instance.connect(owner).SetLogFile(await logInstance.getAddress());     await instance.connect(owner).SetMinSum(ethers.parseEther(""1""));     await instance.connect(owner).Initialized();          // User deposits 2 ETH     const depositAmount = ethers.parseEther(""2"");     await instance.connect(user).Deposit({ value: depositAmount });          // User tries to collect 1.5 ETH (balance is 2 ETH, which is > 1.5 ETH)     // Original: should succeed (balance >= MinSum and balance >= _am)     // Mutant: should fail (balance >= MinSum but balance <= _am is false since 2 > 1.5)     const collectAmount = ethers.parseEther(""1.5"");          // On the original this would succeed, but on the mutant it should revert     // We expect the transaction to succeed (original behavior),      // but the mutant will cause it to revert, thus killing the mutant     await expect(       instance.connect(user).Collect(collectAmount)     ).to.not.be.reverted;          // Verify the balance decreased correctly     const finalBalance = await instance.balances(user.address);     expect(finalBalance).to.equal(ethers.parseEther(""0.5""));   }); });","""['Error: syntax error']"""
mfb5bda29,DEP_BANK,<generic-v6-scaffold>,Collect,live,>=,==,---|         if(balances[msg.sender]>=MinSum && balances[msg.sender]>=_am) +++|         if(balances[msg.sender]>=MinSum && balances[msg.sender]==_am),47,Mutant mfb5bda29 of function Collect replaces >= with ==,"pragma solidity ^0.8.0; contract DEP_BANK { mapping (address=>uint256) public balances; uint public MinSum; LogFile Log; bool intitalized; function SetMinSum(uint _val) public { if(intitalized)revert(); MinSum = _val; } function SetLogFile(address _log) public { if(intitalized)revert(); Log = LogFile(_log); } function Initialized() public { intitalized = true; } function Deposit() public payable { require(((balances[msg.sender] + msg.value) >= balances[msg.sender])); balances[msg.sender]+= msg.value; Log.AddMessage(msg.sender,msg.value,""Put""); } function Collect(uint _am) public payable { if(balances[msg.sender]>=MinSum && balances[msg.sender]>=_am) { balances[msg.sender] = (balances[msg.sender] - _am); (bool _veri_ok,) = msg.sender.call{value: _am}(""""); if(_veri_ok) { Log.AddMessage(msg.sender,_am,""Collect""); } else {revert (); } } } receive() external payable { Deposit(); } } contract LogFile { struct Message { address Sender; string  Data; uint Val; uint  Time; } Message[] public History; Message LastMsg; function AddMessage(address _adr,uint _val,string memory _data) public { LastMsg.Sender = _adr; LastMsg.Time = block.timestamp; LastMsg.Val = _val; LastMsg.Data = _data; History.push(LastMsg); } }","import { expect } from ""chai""; import { ethers } from ""hardhat""; describe(""DEP_BANK reference (ethers v6; deploy may require constructor arguments)"", function () { it(""deploy DEP_BANK by supplying its REQUIRED constructor arguments (read them from the contract constructor), then call methods and assert; use ethers.parseEther, await (await tx).wait(), and expect(...).to.be.reverted"", async function () { const [owner, addr1, addr2] = await ethers.getSigners(); const Factory = await ethers.getContractFactory(""DEP_BANK""); const instance = await Factory.deploy(...constructorArgs); await instance.waitForDeployment(); }); });",False,False,"import { expect } from ""chai""; import { ethers } from ""hardhat"";  describe(""DEP_BANK mutant mfb5bda29 test"", function () {   it(""should detect the mutant by failing when withdrawing less than full balance"", async function () {     const [owner, addr1] = await ethers.getSigners();          // Deploy LogFile first (no constructor arguments)     const LogFileFactory = await ethers.getContractFactory(""LogFile"");     const logFile = await LogFileFactory.deploy();     await logFile.waitForDeployment();          // Deploy DEP_BANK (no constructor arguments)     const BankFactory = await ethers.getContractFactory(""DEP_BANK"");     const bank = await BankFactory.deploy();     await bank.waitForDeployment();          // Set up the bank contract     await bank.SetLogFile(await logFile.getAddress());     await bank.SetMinSum(0);     await bank.Initialized();          // Deposit 100 wei from addr1     const depositAmount = ethers.parseEther(""100"");     await bank.connect(addr1).Deposit({ value: depositAmount });          // Verify balance is 100 wei     expect(await bank.balances(addr1.address)).to.equal(depositAmount);          // Attempt to collect only 50 wei (less than full balance)     const withdrawAmount = ethers.parseEther(""50"");          // This should succeed on original but fail on mutant (which requires exact balance match)     await expect(       bank.connect(addr1).Collect(withdrawAmount)     ).to.be.reverted;   }); });","""['Error: syntax error']"""
m8487fdb8,DEP_BANK,<generic-v6-scaffold>,Collect,live, - , + ,---|             balances[msg.sender] = (balances[msg.sender] - _am); +++|             balances[msg.sender] = (balances[msg.sender] + _am);,50,Mutant m8487fdb8 of function Collect replaces - with +,"pragma solidity ^0.8.0; contract DEP_BANK { mapping (address=>uint256) public balances; uint public MinSum; LogFile Log; bool intitalized; function SetMinSum(uint _val) public { if(intitalized)revert(); MinSum = _val; } function SetLogFile(address _log) public { if(intitalized)revert(); Log = LogFile(_log); } function Initialized() public { intitalized = true; } function Deposit() public payable { require(((balances[msg.sender] + msg.value) >= balances[msg.sender])); balances[msg.sender]+= msg.value; Log.AddMessage(msg.sender,msg.value,""Put""); } function Collect(uint _am) public payable { if(balances[msg.sender]>=MinSum && balances[msg.sender]>=_am) { balances[msg.sender] = (balances[msg.sender] - _am); (bool _veri_ok,) = msg.sender.call{value: _am}(""""); if(_veri_ok) { Log.AddMessage(msg.sender,_am,""Collect""); } else {revert (); } } } receive() external payable { Deposit(); } } contract LogFile { struct Message { address Sender; string  Data; uint Val; uint  Time; } Message[] public History; Message LastMsg; function AddMessage(address _adr,uint _val,string memory _data) public { LastMsg.Sender = _adr; LastMsg.Time = block.timestamp; LastMsg.Val = _val; LastMsg.Data = _data; History.push(LastMsg); } }","import { expect } from ""chai""; import { ethers } from ""hardhat""; describe(""DEP_BANK reference (ethers v6; deploy may require constructor arguments)"", function () { it(""deploy DEP_BANK by supplying its REQUIRED constructor arguments (read them from the contract constructor), then call methods and assert; use ethers.parseEther, await (await tx).wait(), and expect(...).to.be.reverted"", async function () { const [owner, addr1, addr2] = await ethers.getSigners(); const Factory = await ethers.getContractFactory(""DEP_BANK""); const instance = await Factory.deploy(...constructorArgs); await instance.waitForDeployment(); }); });",False,False,"import { expect } from ""chai""; import { ethers } from ""hardhat"";  describe(""DEP_BANK mutant detection - Collect function"", function () {   it(""should detect mutant that adds instead of subtracts in Collect"", async function () {     const [owner, user] = await ethers.getSigners();          // Deploy LogFile first (required by DEP_BANK constructor)     const LogFileFactory = await ethers.getContractFactory(""LogFile"");     const logFile = await LogFileFactory.deploy();     await logFile.waitForDeployment();          // Deploy DEP_BANK with LogFile address as constructor argument     const Factory = await ethers.getContractFactory(""DEP_BANK"");     const bank = await Factory.deploy(await logFile.getAddress());     await bank.waitForDeployment();          // Initialize the contract     await bank.Initialized();          // Set minimum sum to 0 for easy testing     await bank.SetMinSum(0);          // User deposits 1 ether     const depositAmount = ethers.parseEther(""1.0"");     await bank.connect(user).Deposit({ value: depositAmount });          // Check initial balance     expect(await bank.balances(user.address)).to.equal(depositAmount);          // User collects 0.5 ether     const collectAmount = ethers.parseEther(""0.5"");     await bank.connect(user).Collect(collectAmount);          // In the original contract, balance should be 0.5 ether (1.0 - 0.5)     // In the mutant, balance would be 1.5 ether (1.0 + 0.5)     const expectedBalance = depositAmount - collectAmount;     const actualBalance = await bank.balances(user.address);          // This assertion will pass on original but fail on mutant     expect(actualBalance).to.equal(expectedBalance);   }); });","""['Error: syntax error']"""
m9af201eb,DEP_BANK,<generic-v6-scaffold>,Collect,live, - , / ,---|             balances[msg.sender] = (balances[msg.sender] - _am); +++|             balances[msg.sender] = (balances[msg.sender] / _am);,50,Mutant m9af201eb of function Collect replaces - with /,"pragma solidity ^0.8.0; contract DEP_BANK { mapping (address=>uint256) public balances; uint public MinSum; LogFile Log; bool intitalized; function SetMinSum(uint _val) public { if(intitalized)revert(); MinSum = _val; } function SetLogFile(address _log) public { if(intitalized)revert(); Log = LogFile(_log); } function Initialized() public { intitalized = true; } function Deposit() public payable { require(((balances[msg.sender] + msg.value) >= balances[msg.sender])); balances[msg.sender]+= msg.value; Log.AddMessage(msg.sender,msg.value,""Put""); } function Collect(uint _am) public payable { if(balances[msg.sender]>=MinSum && balances[msg.sender]>=_am) { balances[msg.sender] = (balances[msg.sender] - _am); (bool _veri_ok,) = msg.sender.call{value: _am}(""""); if(_veri_ok) { Log.AddMessage(msg.sender,_am,""Collect""); } else {revert (); } } } receive() external payable { Deposit(); } } contract LogFile { struct Message { address Sender; string  Data; uint Val; uint  Time; } Message[] public History; Message LastMsg; function AddMessage(address _adr,uint _val,string memory _data) public { LastMsg.Sender = _adr; LastMsg.Time = block.timestamp; LastMsg.Val = _val; LastMsg.Data = _data; History.push(LastMsg); } }","import { expect } from ""chai""; import { ethers } from ""hardhat""; describe(""DEP_BANK reference (ethers v6; deploy may require constructor arguments)"", function () { it(""deploy DEP_BANK by supplying its REQUIRED constructor arguments (read them from the contract constructor), then call methods and assert; use ethers.parseEther, await (await tx).wait(), and expect(...).to.be.reverted"", async function () { const [owner, addr1, addr2] = await ethers.getSigners(); const Factory = await ethers.getContractFactory(""DEP_BANK""); const instance = await Factory.deploy(...constructorArgs); await instance.waitForDeployment(); }); });",False,False,"import { expect } from ""chai""; import { ethers } from ""hardhat"";  describe(""DEP_BANK mutant kill test for m9af201eb"", function () {   it(""should detect division mutant by verifying balance after Collect with non-divisor amount"", async function () {     const [owner, addr1] = await ethers.getSigners();          // Deploy DEP_BANK (no constructor arguments needed)     const Factory = await ethers.getContractFactory(""DEP_BANK"");     const instance = await Factory.deploy();     await instance.waitForDeployment();          // Deploy LogFile (no constructor arguments needed)     const LogFactory = await ethers.getContractFactory(""LogFile"");     const logInstance = await LogFactory.deploy();     await logInstance.waitForDeployment();          // Set up the contract     await instance.SetLogFile(await logInstance.getAddress());     await instance.SetMinSum(0); // Set MinSum to 0 to allow any withdrawal     await instance.Initialized();          // Deposit 100 wei from addr1     const depositAmount = ethers.parseEther(""100"");     await instance.connect(addr1).Deposit({ value: depositAmount });          // Check initial balance     expect(await instance.balances(addr1.address)).to.equal(depositAmount);          // Collect 30 wei (not a divisor of 100)     const collectAmount = ethers.parseEther(""30"");     await instance.connect(addr1).Collect(collectAmount);          // In original: balance = 100 - 30 = 70     // In mutant: balance = 100 / 30 = 3 (integer division)     const expectedOriginalBalance = depositAmount - collectAmount; // 70     const actualBalance = await instance.balances(addr1.address);          // The mutant will have balance = 3, which is not equal to 70     expect(actualBalance).to.equal(expectedOriginalBalance);   }); });","""['Error: syntax error']"""
mfe5e81cb,DEP_BANK,<generic-v6-scaffold>,SetMinSum,live,intitalized,true,---|         if(intitalized)revert(); +++|         if(true)revert();,17,Mutant mfe5e81cb of function SetMinSum replaces intitalized with true,"pragma solidity ^0.8.0; contract DEP_BANK { mapping (address=>uint256) public balances; uint public MinSum; LogFile Log; bool intitalized; function SetMinSum(uint _val) public { if(intitalized)revert(); MinSum = _val; } function SetLogFile(address _log) public { if(intitalized)revert(); Log = LogFile(_log); } function Initialized() public { intitalized = true; } function Deposit() public payable { require(((balances[msg.sender] + msg.value) >= balances[msg.sender])); balances[msg.sender]+= msg.value; Log.AddMessage(msg.sender,msg.value,""Put""); } function Collect(uint _am) public payable { if(balances[msg.sender]>=MinSum && balances[msg.sender]>=_am) { balances[msg.sender] = (balances[msg.sender] - _am); (bool _veri_ok,) = msg.sender.call{value: _am}(""""); if(_veri_ok) { Log.AddMessage(msg.sender,_am,""Collect""); } else {revert (); } } } receive() external payable { Deposit(); } } contract LogFile { struct Message { address Sender; string  Data; uint Val; uint  Time; } Message[] public History; Message LastMsg; function AddMessage(address _adr,uint _val,string memory _data) public { LastMsg.Sender = _adr; LastMsg.Time = block.timestamp; LastMsg.Val = _val; LastMsg.Data = _data; History.push(LastMsg); } }","import { expect } from ""chai""; import { ethers } from ""hardhat""; describe(""DEP_BANK reference (ethers v6; deploy may require constructor arguments)"", function () { it(""deploy DEP_BANK by supplying its REQUIRED constructor arguments (read them from the contract constructor), then call methods and assert; use ethers.parseEther, await (await tx).wait(), and expect(...).to.be.reverted"", async function () { const [owner, addr1, addr2] = await ethers.getSigners(); const Factory = await ethers.getContractFactory(""DEP_BANK""); const instance = await Factory.deploy(...constructorArgs); await instance.waitForDeployment(); }); });",False,False,"import { expect } from ""chai""; import { ethers } from ""hardhat"";  describe(""DEP_BANK mutant kill test - mfe5e81cb"", function () {   it(""should call SetMinSum before Initialized and succeed, but mutant always reverts"", async function () {     const [owner] = await ethers.getSigners();     const Factory = await ethers.getContractFactory(""DEP_BANK"");     const instance = await Factory.deploy();     await instance.waitForDeployment();      // Try to call SetMinSum before Initialized is ever called     // In original: should succeed (intitalized is false)     // In mutant: will always revert (if(true)revert())     await expect(instance.SetMinSum(100)).to.not.be.reverted;   }); });","""['Error: syntax error']"""
m36250f02,DEP_BANK,<generic-v6-scaffold>,SetMinSum,live,intitalized,false,---|         if(intitalized)revert(); +++|         if(false)revert();,17,Mutant m36250f02 of function SetMinSum replaces intitalized with false,"pragma solidity ^0.8.0; contract DEP_BANK { mapping (address=>uint256) public balances; uint public MinSum; LogFile Log; bool intitalized; function SetMinSum(uint _val) public { if(intitalized)revert(); MinSum = _val; } function SetLogFile(address _log) public { if(intitalized)revert(); Log = LogFile(_log); } function Initialized() public { intitalized = true; } function Deposit() public payable { require(((balances[msg.sender] + msg.value) >= balances[msg.sender])); balances[msg.sender]+= msg.value; Log.AddMessage(msg.sender,msg.value,""Put""); } function Collect(uint _am) public payable { if(balances[msg.sender]>=MinSum && balances[msg.sender]>=_am) { balances[msg.sender] = (balances[msg.sender] - _am); (bool _veri_ok,) = msg.sender.call{value: _am}(""""); if(_veri_ok) { Log.AddMessage(msg.sender,_am,""Collect""); } else {revert (); } } } receive() external payable { Deposit(); } } contract LogFile { struct Message { address Sender; string  Data; uint Val; uint  Time; } Message[] public History; Message LastMsg; function AddMessage(address _adr,uint _val,string memory _data) public { LastMsg.Sender = _adr; LastMsg.Time = block.timestamp; LastMsg.Val = _val; LastMsg.Data = _data; History.push(LastMsg); } }","import { expect } from ""chai""; import { ethers } from ""hardhat""; describe(""DEP_BANK reference (ethers v6; deploy may require constructor arguments)"", function () { it(""deploy DEP_BANK by supplying its REQUIRED constructor arguments (read them from the contract constructor), then call methods and assert; use ethers.parseEther, await (await tx).wait(), and expect(...).to.be.reverted"", async function () { const [owner, addr1, addr2] = await ethers.getSigners(); const Factory = await ethers.getContractFactory(""DEP_BANK""); const instance = await Factory.deploy(...constructorArgs); await instance.waitForDeployment(); }); });",False,False,"import { expect } from ""chai""; import { ethers } from ""hardhat"";  describe(""DEP_BANK mutant m36250f02 test"", function () {   it(""should revert SetMinSum after Initialized is called"", async function () {     const [owner] = await ethers.getSigners();     const Factory = await ethers.getContractFactory(""DEP_BANK"");     const instance = await Factory.deploy();     await instance.waitForDeployment();      // First, call Initialized to lock the contract     await instance.Initialized();      // Now try to call SetMinSum - should revert because intitalized is true     // The mutant replaces if(intitalized)revert() with if(false)revert(), so it won't revert     await expect(       instance.SetMinSum(ethers.parseEther(""1""))     ).to.be.reverted;   }); });","""['Error: syntax error']"""
mc46f5cb6,DEP_BANK,<generic-v6-scaffold>,SetLogFile,live,intitalized,true,---|         if(intitalized)revert(); +++|         if(true)revert();,24,Mutant mc46f5cb6 of function SetLogFile replaces intitalized with true,"pragma solidity ^0.8.0; contract DEP_BANK { mapping (address=>uint256) public balances; uint public MinSum; LogFile Log; bool intitalized; function SetMinSum(uint _val) public { if(intitalized)revert(); MinSum = _val; } function SetLogFile(address _log) public { if(intitalized)revert(); Log = LogFile(_log); } function Initialized() public { intitalized = true; } function Deposit() public payable { require(((balances[msg.sender] + msg.value) >= balances[msg.sender])); balances[msg.sender]+= msg.value; Log.AddMessage(msg.sender,msg.value,""Put""); } function Collect(uint _am) public payable { if(balances[msg.sender]>=MinSum && balances[msg.sender]>=_am) { balances[msg.sender] = (balances[msg.sender] - _am); (bool _veri_ok,) = msg.sender.call{value: _am}(""""); if(_veri_ok) { Log.AddMessage(msg.sender,_am,""Collect""); } else {revert (); } } } receive() external payable { Deposit(); } } contract LogFile { struct Message { address Sender; string  Data; uint Val; uint  Time; } Message[] public History; Message LastMsg; function AddMessage(address _adr,uint _val,string memory _data) public { LastMsg.Sender = _adr; LastMsg.Time = block.timestamp; LastMsg.Val = _val; LastMsg.Data = _data; History.push(LastMsg); } }","import { expect } from ""chai""; import { ethers } from ""hardhat""; describe(""DEP_BANK reference (ethers v6; deploy may require constructor arguments)"", function () { it(""deploy DEP_BANK by supplying its REQUIRED constructor arguments (read them from the contract constructor), then call methods and assert; use ethers.parseEther, await (await tx).wait(), and expect(...).to.be.reverted"", async function () { const [owner, addr1, addr2] = await ethers.getSigners(); const Factory = await ethers.getContractFactory(""DEP_BANK""); const instance = await Factory.deploy(...constructorArgs); await instance.waitForDeployment(); }); });",False,False,"import { expect } from ""chai""; import { ethers } from ""hardhat"";  describe(""DEP_BANK mutant mc46f5cb6 detection"", function () {   it(""should allow SetLogFile before Initialized() in original, but mutant reverts always"", async function () {     const [owner] = await ethers.getSigners();     const Factory = await ethers.getContractFactory(""DEP_BANK"");     const instance = await Factory.deploy();     await instance.waitForDeployment();      // Deploy a LogFile contract for the address parameter     const LogFileFactory = await ethers.getContractFactory(""LogFile"");     const logFile = await LogFileFactory.deploy();     await logFile.waitForDeployment();      // Before Initialized() is called, SetLogFile should succeed in the original     // but the mutant always reverts due to if(true)revert();     await expect(       instance.SetLogFile(await logFile.getAddress())     ).to.not.be.reverted;   }); });","""['Error: syntax error']"""
m9c6ec9e1,DEP_BANK,<generic-v6-scaffold>,SetLogFile,live,intitalized,false,---|         if(intitalized)revert(); +++|         if(false)revert();,24,Mutant m9c6ec9e1 of function SetLogFile replaces intitalized with false,"pragma solidity ^0.8.0; contract DEP_BANK { mapping (address=>uint256) public balances; uint public MinSum; LogFile Log; bool intitalized; function SetMinSum(uint _val) public { if(intitalized)revert(); MinSum = _val; } function SetLogFile(address _log) public { if(intitalized)revert(); Log = LogFile(_log); } function Initialized() public { intitalized = true; } function Deposit() public payable { require(((balances[msg.sender] + msg.value) >= balances[msg.sender])); balances[msg.sender]+= msg.value; Log.AddMessage(msg.sender,msg.value,""Put""); } function Collect(uint _am) public payable { if(balances[msg.sender]>=MinSum && balances[msg.sender]>=_am) { balances[msg.sender] = (balances[msg.sender] - _am); (bool _veri_ok,) = msg.sender.call{value: _am}(""""); if(_veri_ok) { Log.AddMessage(msg.sender,_am,""Collect""); } else {revert (); } } } receive() external payable { Deposit(); } } contract LogFile { struct Message { address Sender; string  Data; uint Val; uint  Time; } Message[] public History; Message LastMsg; function AddMessage(address _adr,uint _val,string memory _data) public { LastMsg.Sender = _adr; LastMsg.Time = block.timestamp; LastMsg.Val = _val; LastMsg.Data = _data; History.push(LastMsg); } }","import { expect } from ""chai""; import { ethers } from ""hardhat""; describe(""DEP_BANK reference (ethers v6; deploy may require constructor arguments)"", function () { it(""deploy DEP_BANK by supplying its REQUIRED constructor arguments (read them from the contract constructor), then call methods and assert; use ethers.parseEther, await (await tx).wait(), and expect(...).to.be.reverted"", async function () { const [owner, addr1, addr2] = await ethers.getSigners(); const Factory = await ethers.getContractFactory(""DEP_BANK""); const instance = await Factory.deploy(...constructorArgs); await instance.waitForDeployment(); }); });",False,False,"import { expect } from ""chai""; import { ethers } from ""hardhat"";  describe(""DEP_BANK mutant m9c6ec9e1 - SetLogFile initialization guard"", function () {   it(""should revert SetLogFile after Initialized() is called, but mutant allows it"", async function () {     const [owner, addr1] = await ethers.getSigners();          // Deploy DEP_BANK (no constructor arguments needed)     const Factory = await ethers.getContractFactory(""DEP_BANK"");     const instance = await Factory.deploy();     await instance.waitForDeployment();          // Deploy a LogFile contract for testing     const LogFileFactory = await ethers.getContractFactory(""LogFile"");     const logFileInstance = await LogFileFactory.deploy();     await logFileInstance.waitForDeployment();          // First, set MinSum to avoid any issues with other functions     await instance.SetMinSum(100);          // Initialize the contract (lock configuration)     await instance.Initialized();          // Attempt to call SetLogFile after initialization - should revert in original     // but mutant will allow it since the guard is broken     await expect(       instance.SetLogFile(await logFileInstance.getAddress())     ).to.be.reverted;   }); });","""['Error: syntax error']"""
m599cb685,DEP_BANK,<generic-v6-scaffold>,Collect,live,balances[msg.sender]>=MinSum && balances[msg.sender]>=_am,true,---|         if(balances[msg.sender]>=MinSum && balances[msg.sender]>=_am) +++|         if(true),47,Mutant m599cb685 of function Collect replaces balances[msg.sender]>=MinSum && balances[msg.sender]>=_am with true,"pragma solidity ^0.8.0; contract DEP_BANK { mapping (address=>uint256) public balances; uint public MinSum; LogFile Log; bool intitalized; function SetMinSum(uint _val) public { if(intitalized)revert(); MinSum = _val; } function SetLogFile(address _log) public { if(intitalized)revert(); Log = LogFile(_log); } function Initialized() public { intitalized = true; } function Deposit() public payable { require(((balances[msg.sender] + msg.value) >= balances[msg.sender])); balances[msg.sender]+= msg.value; Log.AddMessage(msg.sender,msg.value,""Put""); } function Collect(uint _am) public payable { if(balances[msg.sender]>=MinSum && balances[msg.sender]>=_am) { balances[msg.sender] = (balances[msg.sender] - _am); (bool _veri_ok,) = msg.sender.call{value: _am}(""""); if(_veri_ok) { Log.AddMessage(msg.sender,_am,""Collect""); } else {revert (); } } } receive() external payable { Deposit(); } } contract LogFile { struct Message { address Sender; string  Data; uint Val; uint  Time; } Message[] public History; Message LastMsg; function AddMessage(address _adr,uint _val,string memory _data) public { LastMsg.Sender = _adr; LastMsg.Time = block.timestamp; LastMsg.Val = _val; LastMsg.Data = _data; History.push(LastMsg); } }","import { expect } from ""chai""; import { ethers } from ""hardhat""; describe(""DEP_BANK reference (ethers v6; deploy may require constructor arguments)"", function () { it(""deploy DEP_BANK by supplying its REQUIRED constructor arguments (read them from the contract constructor), then call methods and assert; use ethers.parseEther, await (await tx).wait(), and expect(...).to.be.reverted"", async function () { const [owner, addr1, addr2] = await ethers.getSigners(); const Factory = await ethers.getContractFactory(""DEP_BANK""); const instance = await Factory.deploy(...constructorArgs); await instance.waitForDeployment(); }); });",False,False,"import { expect } from ""chai""; import { ethers } from ""hardhat"";  describe(""DEP_BANK mutant test - m599cb685"", function () {   it(""should revert when user with insufficient balance tries to collect, but mutant allows it"", async function () {     const [owner, addr1] = await ethers.getSigners();          // Deploy DEP_BANK (no constructor arguments needed)     const DEP_BANK_Factory = await ethers.getContractFactory(""DEP_BANK"");     const bank = await DEP_BANK_Factory.deploy();     await bank.waitForDeployment();          // Deploy LogFile (no constructor arguments needed)     const LogFile_Factory = await ethers.getContractFactory(""LogFile"");     const log = await LogFile_Factory.deploy();     await log.waitForDeployment();          // Initialize the bank     await bank.connect(owner).SetLogFile(await log.getAddress());     await bank.connect(owner).SetMinSum(ethers.parseEther(""10""));     await bank.connect(owner).Initialized();          // Deposit exactly 5 ETH for addr1 (less than MinSum of 10)     await bank.connect(addr1).deposit({ value: ethers.parseEther(""5"") });          // Verify balance is 5 ETH     expect(await bank.balances(addr1.address)).to.equal(ethers.parseEther(""5""));          // Attempt to collect 5 ETH - should revert in original (balance < MinSum)     // but mutant will allow it (condition replaced with true)     const tx = bank.connect(addr1).collect(ethers.parseEther(""5""));          // In the original contract, this would revert.     // The mutant allows it, so we expect the transaction to succeed (killing the mutant)     await expect(tx).to.not.be.reverted;          // Verify the balance was incorrectly reduced     expect(await bank.balances(addr1.address)).to.equal(0);   }); });","""['Error: syntax error']"""
m5a86b35a,DEP_BANK,<generic-v6-scaffold>,Collect,live,balances[msg.sender]>=MinSum && balances[msg.sender]>=_am,false,---|         if(balances[msg.sender]>=MinSum && balances[msg.sender]>=_am) +++|         if(false),47,Mutant m5a86b35a of function Collect replaces balances[msg.sender]>=MinSum && balances[msg.sender]>=_am with false,"pragma solidity ^0.8.0; contract DEP_BANK { mapping (address=>uint256) public balances; uint public MinSum; LogFile Log; bool intitalized; function SetMinSum(uint _val) public { if(intitalized)revert(); MinSum = _val; } function SetLogFile(address _log) public { if(intitalized)revert(); Log = LogFile(_log); } function Initialized() public { intitalized = true; } function Deposit() public payable { require(((balances[msg.sender] + msg.value) >= balances[msg.sender])); balances[msg.sender]+= msg.value; Log.AddMessage(msg.sender,msg.value,""Put""); } function Collect(uint _am) public payable { if(balances[msg.sender]>=MinSum && balances[msg.sender]>=_am) { balances[msg.sender] = (balances[msg.sender] - _am); (bool _veri_ok,) = msg.sender.call{value: _am}(""""); if(_veri_ok) { Log.AddMessage(msg.sender,_am,""Collect""); } else {revert (); } } } receive() external payable { Deposit(); } } contract LogFile { struct Message { address Sender; string  Data; uint Val; uint  Time; } Message[] public History; Message LastMsg; function AddMessage(address _adr,uint _val,string memory _data) public { LastMsg.Sender = _adr; LastMsg.Time = block.timestamp; LastMsg.Val = _val; LastMsg.Data = _data; History.push(LastMsg); } }","import { expect } from ""chai""; import { ethers } from ""hardhat""; describe(""DEP_BANK reference (ethers v6; deploy may require constructor arguments)"", function () { it(""deploy DEP_BANK by supplying its REQUIRED constructor arguments (read them from the contract constructor), then call methods and assert; use ethers.parseEther, await (await tx).wait(), and expect(...).to.be.reverted"", async function () { const [owner, addr1, addr2] = await ethers.getSigners(); const Factory = await ethers.getContractFactory(""DEP_BANK""); const instance = await Factory.deploy(...constructorArgs); await instance.waitForDeployment(); }); });",False,False,"import { expect } from ""chai""; import { ethers } from ""hardhat"";  describe(""DEP_BANK mutant m5a86b35a test"", function () {   it(""should detect mutant that replaces Collect condition with false"", async function () {     const [owner, addr1] = await ethers.getSigners();          // Deploy DEP_BANK (no constructor arguments)     const Factory = await ethers.getContractFactory(""DEP_BANK"");     const instance = await Factory.deploy();     await instance.waitForDeployment();          // Deploy LogFile contract (needed for Log address)     const LogFactory = await ethers.getContractFactory(""LogFile"");     const logInstance = await LogFactory.deploy();     await logInstance.waitForDeployment();          // Set the LogFile address     await instance.SetLogFile(await logInstance.getAddress());          // Set MinSum to 0 so condition can be satisfied     await instance.SetMinSum(0);          // Initialize the contract     await instance.Initialized();          // Deposit 1 ether from addr1     const depositAmount = ethers.parseEther(""1"");     await instance.connect(addr1).Deposit({ value: depositAmount });          // Verify balance is set     expect(await instance.balances(addr1.address)).to.equal(depositAmount);          // Try to collect 0.5 ether - should succeed on original, fail on mutant     const collectAmount = ethers.parseEther(""0.5"");          // On the original contract, this call would succeed and transfer funds.     // On the mutant, the condition is always false, so no transfer happens.     const tx = instance.connect(addr1).Collect(collectAmount);          // The mutant will NOT revert (it just skips the if block), but the balance won't change     await expect(tx).to.not.be.reverted;          // Check that balance remained unchanged (mutant fails to deduct)     // Original would have balance = 0.5 ether, mutant keeps 1 ether     const balanceAfter = await instance.balances(addr1.address);     expect(balanceAfter).to.equal(depositAmount);          // Verify no funds were transferred to addr1 (mutant skips the call)     const addr1BalanceBefore = await ethers.provider.getBalance(addr1.address);     await tx;     const addr1BalanceAfter = await ethers.provider.getBalance(addr1.address);          // On original, addr1 would receive 0.5 ether. On mutant, no transfer happens.     // So if addr1 balance is unchanged (minus gas costs), the mutant is detected     expect(addr1BalanceAfter - addr1BalanceBefore).to.be.lessThan(ethers.parseEther(""0.001""));   }); });","""['Error: syntax error']"""
m79fb1908,DEP_BANK,<generic-v6-scaffold>,Collect,live,_veri_ok,true,---|             if(_veri_ok) +++|             if(true),52,Mutant m79fb1908 of function Collect replaces _veri_ok with true,"pragma solidity ^0.8.0; contract DEP_BANK { mapping (address=>uint256) public balances; uint public MinSum; LogFile Log; bool intitalized; function SetMinSum(uint _val) public { if(intitalized)revert(); MinSum = _val; } function SetLogFile(address _log) public { if(intitalized)revert(); Log = LogFile(_log); } function Initialized() public { intitalized = true; } function Deposit() public payable { require(((balances[msg.sender] + msg.value) >= balances[msg.sender])); balances[msg.sender]+= msg.value; Log.AddMessage(msg.sender,msg.value,""Put""); } function Collect(uint _am) public payable { if(balances[msg.sender]>=MinSum && balances[msg.sender]>=_am) { balances[msg.sender] = (balances[msg.sender] - _am); (bool _veri_ok,) = msg.sender.call{value: _am}(""""); if(_veri_ok) { Log.AddMessage(msg.sender,_am,""Collect""); } else {revert (); } } } receive() external payable { Deposit(); } } contract LogFile { struct Message { address Sender; string  Data; uint Val; uint  Time; } Message[] public History; Message LastMsg; function AddMessage(address _adr,uint _val,string memory _data) public { LastMsg.Sender = _adr; LastMsg.Time = block.timestamp; LastMsg.Val = _val; LastMsg.Data = _data; History.push(LastMsg); } }","import { expect } from ""chai""; import { ethers } from ""hardhat""; describe(""DEP_BANK reference (ethers v6; deploy may require constructor arguments)"", function () { it(""deploy DEP_BANK by supplying its REQUIRED constructor arguments (read them from the contract constructor), then call methods and assert; use ethers.parseEther, await (await tx).wait(), and expect(...).to.be.reverted"", async function () { const [owner, addr1, addr2] = await ethers.getSigners(); const Factory = await ethers.getContractFactory(""DEP_BANK""); const instance = await Factory.deploy(...constructorArgs); await instance.waitForDeployment(); }); });",False,False,"import { expect } from ""chai""; import { ethers } from ""hardhat"";  describe(""DEP_BANK mutant kill test - m79fb1908"", function () {   it(""should revert when Collect is called but the external call fails, preventing balance deduction and log entry"", async function () {     const [owner, user] = await ethers.getSigners();          // Deploy the LogFile contract first (required by DEP_BANK)     const LogFileFactory = await ethers.getContractFactory(""LogFile"");     const logFile = await LogFileFactory.deploy();     await logFile.waitForDeployment();          // Deploy DEP_BANK with the log file address     const Factory = await ethers.getContractFactory(""DEP_BANK"");     const instance = await Factory.deploy();     await instance.waitForDeployment();          // Initialize the contract     await instance.SetLogFile(await logFile.getAddress());     await instance.SetMinSum(0);     await instance.Initialized();          // Fund the user with some ether     await owner.sendTransaction({       to: await instance.getAddress(),       value: ethers.parseEther(""10"")     });          // Deploy a malicious contract that will revert on receive     const MaliciousFactory = await ethers.getContractFactory(""MaliciousReceiver"");     const malicious = await MaliciousFactory.deploy();     await malicious.waitForDeployment();          // Transfer some balance to the malicious contract's DEP_BANK account     // by having it deposit through the malicious contract     await owner.sendTransaction({       to: await instance.getAddress(),       value: ethers.parseEther(""5"")     });          // The malicious contract deposits into DEP_BANK using its address     await malicious.deposit(await instance.getAddress(), {       value: ethers.parseEther(""5"")     });          // Now try to collect from the malicious contract - this should revert     // because the malicious contract rejects incoming ether     await expect(       malicious.collect(await instance.getAddress(), ethers.parseEther(""1""))     ).to.be.reverted;          // Verify that the balance was NOT deducted (mutant would have deducted it)     const balanceAfter = await instance.balances(await malicious.getAddress());     expect(balanceAfter).to.equal(ethers.parseEther(""5""));          // Verify no log entry was added for the failed collection     const historyLength = await logFile.History(0);     // If the mutant had executed, there would be a log entry with ""Collect"" data     // But since it reverted, no such entry exists   }); });  // Helper contract to simulate a failing receiver contract MaliciousReceiver {   // This contract rejects all incoming ether   receive() external payable {     revert(""I reject ether"");   }      function deposit(address bankAddress) external payable {     (bool success, ) = bankAddress.call{value: msg.value}("""");     require(success, ""Deposit failed"");   }      function collect(address bankAddress, uint256 amount) external {     (bool success, ) = bankAddress.call(       abi.encodeWithSignature(""Collect(uint256)"", amount)     );     require(success, ""Collect failed"");   } }","""['Error: syntax error']"""
m86da142c,DEP_BANK,<generic-v6-scaffold>,Collect,live,_veri_ok,false,---|             if(_veri_ok) +++|             if(false),52,Mutant m86da142c of function Collect replaces _veri_ok with false,"pragma solidity ^0.8.0; contract DEP_BANK { mapping (address=>uint256) public balances; uint public MinSum; LogFile Log; bool intitalized; function SetMinSum(uint _val) public { if(intitalized)revert(); MinSum = _val; } function SetLogFile(address _log) public { if(intitalized)revert(); Log = LogFile(_log); } function Initialized() public { intitalized = true; } function Deposit() public payable { require(((balances[msg.sender] + msg.value) >= balances[msg.sender])); balances[msg.sender]+= msg.value; Log.AddMessage(msg.sender,msg.value,""Put""); } function Collect(uint _am) public payable { if(balances[msg.sender]>=MinSum && balances[msg.sender]>=_am) { balances[msg.sender] = (balances[msg.sender] - _am); (bool _veri_ok,) = msg.sender.call{value: _am}(""""); if(_veri_ok) { Log.AddMessage(msg.sender,_am,""Collect""); } else {revert (); } } } receive() external payable { Deposit(); } } contract LogFile { struct Message { address Sender; string  Data; uint Val; uint  Time; } Message[] public History; Message LastMsg; function AddMessage(address _adr,uint _val,string memory _data) public { LastMsg.Sender = _adr; LastMsg.Time = block.timestamp; LastMsg.Val = _val; LastMsg.Data = _data; History.push(LastMsg); } }","import { expect } from ""chai""; import { ethers } from ""hardhat""; describe(""DEP_BANK reference (ethers v6; deploy may require constructor arguments)"", function () { it(""deploy DEP_BANK by supplying its REQUIRED constructor arguments (read them from the contract constructor), then call methods and assert; use ethers.parseEther, await (await tx).wait(), and expect(...).to.be.reverted"", async function () { const [owner, addr1, addr2] = await ethers.getSigners(); const Factory = await ethers.getContractFactory(""DEP_BANK""); const instance = await Factory.deploy(...constructorArgs); await instance.waitForDeployment(); }); });",False,False,"import { expect } from ""chai""; import { ethers } from ""hardhat"";  describe(""DEP_BANK mutant m86da142c test"", function () {   it(""should detect mutant where _veri_ok is replaced with false by expecting a successful Collect call to complete"", async function () {     const [owner, addr1] = await ethers.getSigners();          // Deploy LogFile first (no constructor arguments)     const LogFileFactory = await ethers.getContractFactory(""LogFile"");     const logFile = await LogFileFactory.deploy();     await logFile.waitForDeployment();          // Deploy DEP_BANK (no constructor arguments)     const Factory = await ethers.getContractFactory(""DEP_BANK"");     const instance = await Factory.deploy();     await instance.waitForDeployment();          // Set MinSum to 0 so that any balance qualifies     await instance.SetMinSum(0);          // Set LogFile address     await instance.SetLogFile(await logFile.getAddress());          // Initialize the contract     await instance.Initialized();          // Deposit 1 ether from addr1     const depositAmount = ethers.parseEther(""1"");     await instance.connect(addr1).Deposit({ value: depositAmount });          // Verify balance     expect(await instance.balances(addr1.address)).to.equal(depositAmount);          // Now call Collect with 0.5 ether - this should succeed on original but revert on mutant     const collectAmount = ethers.parseEther(""0.5"");          // On original contract, this call should succeed     // On mutant, the hardcoded false will cause revert     await expect(       instance.connect(addr1).Collect(collectAmount)     ).to.not.be.reverted;          // Verify the balance decreased     expect(await instance.balances(addr1.address)).to.equal(depositAmount - collectAmount);   }); });","""['Error: syntax error']"""
mb90ab046,DEP_BANK,<generic-v6-scaffold>,Collect,live,else {revert (); },,---|             } else {revert (); } +++|             },56,Mutant mb90ab046 of function Collect replaces else {revert (); } with ,"pragma solidity ^0.8.0; contract DEP_BANK { mapping (address=>uint256) public balances; uint public MinSum; LogFile Log; bool intitalized; function SetMinSum(uint _val) public { if(intitalized)revert(); MinSum = _val; } function SetLogFile(address _log) public { if(intitalized)revert(); Log = LogFile(_log); } function Initialized() public { intitalized = true; } function Deposit() public payable { require(((balances[msg.sender] + msg.value) >= balances[msg.sender])); balances[msg.sender]+= msg.value; Log.AddMessage(msg.sender,msg.value,""Put""); } function Collect(uint _am) public payable { if(balances[msg.sender]>=MinSum && balances[msg.sender]>=_am) { balances[msg.sender] = (balances[msg.sender] - _am); (bool _veri_ok,) = msg.sender.call{value: _am}(""""); if(_veri_ok) { Log.AddMessage(msg.sender,_am,""Collect""); } else {revert (); } } } receive() external payable { Deposit(); } } contract LogFile { struct Message { address Sender; string  Data; uint Val; uint  Time; } Message[] public History; Message LastMsg; function AddMessage(address _adr,uint _val,string memory _data) public { LastMsg.Sender = _adr; LastMsg.Time = block.timestamp; LastMsg.Val = _val; LastMsg.Data = _data; History.push(LastMsg); } }","import { expect } from ""chai""; import { ethers } from ""hardhat""; describe(""DEP_BANK reference (ethers v6; deploy may require constructor arguments)"", function () { it(""deploy DEP_BANK by supplying its REQUIRED constructor arguments (read them from the contract constructor), then call methods and assert; use ethers.parseEther, await (await tx).wait(), and expect(...).to.be.reverted"", async function () { const [owner, addr1, addr2] = await ethers.getSigners(); const Factory = await ethers.getContractFactory(""DEP_BANK""); const instance = await Factory.deploy(...constructorArgs); await instance.waitForDeployment(); }); });",False,False,"import { expect } from ""chai""; import { ethers } from ""hardhat"";  describe(""DEP_BANK mutant kill test - mb90ab046"", function () {   it(""should revert when Collect ETH transfer fails in original, but mutant allows balance deduction"", async function () {     const [owner, user] = await ethers.getSigners();      // Deploy LogFile (no constructor arguments)     const LogFileFactory = await ethers.getContractFactory(""LogFile"");     const logFile = await LogFileFactory.deploy();     await logFile.waitForDeployment();      // Deploy DEP_BANK (no constructor arguments)     const DEP_BANKFactory = await ethers.getContractFactory(""DEP_BANK"");     const bank = await DEP_BANKFactory.deploy();     await bank.waitForDeployment();      // Setup: set MinSum, set LogFile, initialize     await bank.SetMinSum(0);     await bank.SetLogFile(await logFile.getAddress());     await bank.Initialized();      // User deposits 1 ETH     const depositAmount = ethers.parseEther(""1"");     await bank.connect(user).Deposit({ value: depositAmount });      // Deploy a malicious receiver contract that rejects ETH     const MaliciousReceiverFactory = await ethers.getContractFactory(       ""contract MaliciousReceiver { receive() external payable { revert(); } }""     );     const maliciousReceiver = await MaliciousReceiverFactory.deploy();     await maliciousReceiver.waitForDeployment();      // User tries to collect 1 ETH but sends to malicious receiver     // In original: should revert because transfer fails     // In mutant: balance gets deducted but ETH is not transferred     const tx = bank.connect(user).Collect(       depositAmount,       { gasLimit: 500000 }     );      // We expect the transaction to succeed in the mutant (no revert)     // But user's balance should NOT be deducted (mutant incorrectly deducts)     const balanceBefore = await bank.balances(user.address);     await tx;     const balanceAfter = await bank.balances(user.address);      // In original, this would have reverted. In mutant, balance is incorrectly changed.     // The test kills the mutant if balance decreased when it should not have     expect(balanceAfter).to.equal(balanceBefore);   }); });","""['Error: syntax error']"""
m10266ad1,DEP_BANK,<generic-v6-scaffold>,SetMinSum,live,revert();,/* revert(); */,---|         if(intitalized)revert(); +++|         if(intitalized),17,Mutant m10266ad1 of function SetMinSum replaces revert(); with ,"pragma solidity ^0.8.0; contract DEP_BANK { mapping (address=>uint256) public balances; uint public MinSum; LogFile Log; bool intitalized; function SetMinSum(uint _val) public { if(intitalized)revert(); MinSum = _val; } function SetLogFile(address _log) public { if(intitalized)revert(); Log = LogFile(_log); } function Initialized() public { intitalized = true; } function Deposit() public payable { require(((balances[msg.sender] + msg.value) >= balances[msg.sender])); balances[msg.sender]+= msg.value; Log.AddMessage(msg.sender,msg.value,""Put""); } function Collect(uint _am) public payable { if(balances[msg.sender]>=MinSum && balances[msg.sender]>=_am) { balances[msg.sender] = (balances[msg.sender] - _am); (bool _veri_ok,) = msg.sender.call{value: _am}(""""); if(_veri_ok) { Log.AddMessage(msg.sender,_am,""Collect""); } else {revert (); } } } receive() external payable { Deposit(); } } contract LogFile { struct Message { address Sender; string  Data; uint Val; uint  Time; } Message[] public History; Message LastMsg; function AddMessage(address _adr,uint _val,string memory _data) public { LastMsg.Sender = _adr; LastMsg.Time = block.timestamp; LastMsg.Val = _val; LastMsg.Data = _data; History.push(LastMsg); } }","import { expect } from ""chai""; import { ethers } from ""hardhat""; describe(""DEP_BANK reference (ethers v6; deploy may require constructor arguments)"", function () { it(""deploy DEP_BANK by supplying its REQUIRED constructor arguments (read them from the contract constructor), then call methods and assert; use ethers.parseEther, await (await tx).wait(), and expect(...).to.be.reverted"", async function () { const [owner, addr1, addr2] = await ethers.getSigners(); const Factory = await ethers.getContractFactory(""DEP_BANK""); const instance = await Factory.deploy(...constructorArgs); await instance.waitForDeployment(); }); });",False,False,"import { expect } from ""chai""; import { ethers } from ""hardhat"";  describe(""DEP_BANK mutant test m10266ad1"", function () {   it(""should revert SetMinSum after initialization"", async function () {     const [owner] = await ethers.getSigners();     const Factory = await ethers.getContractFactory(""DEP_BANK"");     const instance = await Factory.deploy();     await instance.waitForDeployment();      // Set an initial MinSum value     await instance.SetMinSum(100);     expect(await instance.MinSum()).to.equal(100);      // Initialize the contract     await instance.Initialized();      // Attempt to change MinSum after initialization - should revert in original     await expect(       instance.SetMinSum(200)     ).to.be.reverted;      // Verify MinSum remained unchanged     expect(await instance.MinSum()).to.equal(100);   }); });","""['Error: syntax error']"""
m7ec0adb3,DEP_BANK,<generic-v6-scaffold>,SetLogFile,live,revert();,/* revert(); */,---|         if(intitalized)revert(); +++|         if(intitalized),24,Mutant m7ec0adb3 of function SetLogFile replaces revert(); with ,"pragma solidity ^0.8.0; contract DEP_BANK { mapping (address=>uint256) public balances; uint public MinSum; LogFile Log; bool intitalized; function SetMinSum(uint _val) public { if(intitalized)revert(); MinSum = _val; } function SetLogFile(address _log) public { if(intitalized)revert(); Log = LogFile(_log); } function Initialized() public { intitalized = true; } function Deposit() public payable { require(((balances[msg.sender] + msg.value) >= balances[msg.sender])); balances[msg.sender]+= msg.value; Log.AddMessage(msg.sender,msg.value,""Put""); } function Collect(uint _am) public payable { if(balances[msg.sender]>=MinSum && balances[msg.sender]>=_am) { balances[msg.sender] = (balances[msg.sender] - _am); (bool _veri_ok,) = msg.sender.call{value: _am}(""""); if(_veri_ok) { Log.AddMessage(msg.sender,_am,""Collect""); } else {revert (); } } } receive() external payable { Deposit(); } } contract LogFile { struct Message { address Sender; string  Data; uint Val; uint  Time; } Message[] public History; Message LastMsg; function AddMessage(address _adr,uint _val,string memory _data) public { LastMsg.Sender = _adr; LastMsg.Time = block.timestamp; LastMsg.Val = _val; LastMsg.Data = _data; History.push(LastMsg); } }","import { expect } from ""chai""; import { ethers } from ""hardhat""; describe(""DEP_BANK reference (ethers v6; deploy may require constructor arguments)"", function () { it(""deploy DEP_BANK by supplying its REQUIRED constructor arguments (read them from the contract constructor), then call methods and assert; use ethers.parseEther, await (await tx).wait(), and expect(...).to.be.reverted"", async function () { const [owner, addr1, addr2] = await ethers.getSigners(); const Factory = await ethers.getContractFactory(""DEP_BANK""); const instance = await Factory.deploy(...constructorArgs); await instance.waitForDeployment(); }); });",False,False,"import { expect } from ""chai""; import { ethers } } from ""hardhat"";  describe(""DEP_BANK mutant m7ec0adb3 test"", function () {   it(""should revert when SetLogFile is called after initialization"", async function () {     const [owner] = await ethers.getSigners();     const Factory = await ethers.getContractFactory(""DEP_BANK"");     const instance = await Factory.deploy();     await instance.waitForDeployment();      // First initialize the contract     await instance.Initialized();      // Attempt to set a new log file address after initialization     // The original contract should revert, but the mutant will not     await expect(       instance.SetLogFile(ethers.ZeroAddress)     ).to.be.reverted;   }); });","""['Error: syntax error']"""
m788935b6,DEP_BANK,<generic-v6-scaffold>,Deposit,live,require(((balances[msg.sender] + msg.value) >= balances[msg.sender]));,/* require(((balances[msg.sender] + msg.value) >= balances[msg.sender])); */,---|         require(((balances[msg.sender] + msg.value) >= balances[msg.sender])); +++|,38,Mutant m788935b6 of function Deposit replaces require(((balances[msg.sender] + msg.value) >= balances[msg.sender])); with ,"pragma solidity ^0.8.0; contract DEP_BANK { mapping (address=>uint256) public balances; uint public MinSum; LogFile Log; bool intitalized; function SetMinSum(uint _val) public { if(intitalized)revert(); MinSum = _val; } function SetLogFile(address _log) public { if(intitalized)revert(); Log = LogFile(_log); } function Initialized() public { intitalized = true; } function Deposit() public payable { require(((balances[msg.sender] + msg.value) >= balances[msg.sender])); balances[msg.sender]+= msg.value; Log.AddMessage(msg.sender,msg.value,""Put""); } function Collect(uint _am) public payable { if(balances[msg.sender]>=MinSum && balances[msg.sender]>=_am) { balances[msg.sender] = (balances[msg.sender] - _am); (bool _veri_ok,) = msg.sender.call{value: _am}(""""); if(_veri_ok) { Log.AddMessage(msg.sender,_am,""Collect""); } else {revert (); } } } receive() external payable { Deposit(); } } contract LogFile { struct Message { address Sender; string  Data; uint Val; uint  Time; } Message[] public History; Message LastMsg; function AddMessage(address _adr,uint _val,string memory _data) public { LastMsg.Sender = _adr; LastMsg.Time = block.timestamp; LastMsg.Val = _val; LastMsg.Data = _data; History.push(LastMsg); } }","import { expect } from ""chai""; import { ethers } from ""hardhat""; describe(""DEP_BANK reference (ethers v6; deploy may require constructor arguments)"", function () { it(""deploy DEP_BANK by supplying its REQUIRED constructor arguments (read them from the contract constructor), then call methods and assert; use ethers.parseEther, await (await tx).wait(), and expect(...).to.be.reverted"", async function () { const [owner, addr1, addr2] = await ethers.getSigners(); const Factory = await ethers.getContractFactory(""DEP_BANK""); const instance = await Factory.deploy(...constructorArgs); await instance.waitForDeployment(); }); });",False,False,"import { expect } from ""chai""; import { ethers } from ""hardhat"";  describe(""DEP_BANK - Kill mutant m788935b6 (remove overflow check)"", function () {   it(""should detect missing overflow protection by causing integer overflow in Deposit"", async function () {     const [owner, addr1] = await ethers.getSigners();          // Deploy LogFile first (required by DEP_BANK constructor)     const LogFileFactory = await ethers.getContractFactory(""LogFile"");     const logFile = await LogFileFactory.deploy();     await logFile.waitForDeployment();          // Deploy DEP_BANK with LogFile address as constructor argument     const Factory = await ethers.getContractFactory(""DEP_BANK"");     const instance = await Factory.deploy();     await instance.waitForDeployment();          // Set up the contract - call SetMinSum and SetLogFile, then Initialize     await instance.connect(owner).SetMinSum(0);     await instance.connect(owner).SetLogFile(await logFile.getAddress());     await instance.connect(owner).Initialized();          // Get current balance of addr1     const currentBalance = await instance.balances(addr1.address);          // Calculate the amount needed to cause overflow:      // We want (currentBalance + depositAmount) to overflow uint256     // This means depositAmount = 2^256 - currentBalance     const MAX_UINT = ethers.MaxUint256;     const depositAmount = MAX_UINT - currentBalance + 1n;          // On the original contract, this should revert due to the require check     // On the mutant (which removes the require), this should succeed and cause overflow     const tx = instance.connect(addr1).Deposit({ value: depositAmount });          // If the contract is the mutant, the transaction will succeed (overflow happens)     // If the contract is original, it will revert     // We expect it to succeed on the mutant, so we check for success     await expect(tx).to.not.be.reverted;          // Verify the balance overflowed - should be very small (wrapped around)     const newBalance = await instance.balances(addr1.address);     expect(newBalance).to.equal(depositAmount + currentBalance - (MAX_UINT + 1n));          // The balance should be (currentBalance + depositAmount) % (2^256)     // Since depositAmount = MAX_UINT - currentBalance + 1,      // (currentBalance + depositAmount) = MAX_UINT + 1 = 0     expect(newBalance).to.equal(0n);   }); });","""['Error: syntax error']"""
mb24d92fb,DEP_BANK,<generic-v6-scaffold>,Collect,live,revert ();,/* revert (); */,---|             } else {revert (); } +++|             } else { },56,Mutant mb24d92fb of function Collect replaces revert (); with ,"pragma solidity ^0.8.0; contract DEP_BANK { mapping (address=>uint256) public balances; uint public MinSum; LogFile Log; bool intitalized; function SetMinSum(uint _val) public { if(intitalized)revert(); MinSum = _val; } function SetLogFile(address _log) public { if(intitalized)revert(); Log = LogFile(_log); } function Initialized() public { intitalized = true; } function Deposit() public payable { require(((balances[msg.sender] + msg.value) >= balances[msg.sender])); balances[msg.sender]+= msg.value; Log.AddMessage(msg.sender,msg.value,""Put""); } function Collect(uint _am) public payable { if(balances[msg.sender]>=MinSum && balances[msg.sender]>=_am) { balances[msg.sender] = (balances[msg.sender] - _am); (bool _veri_ok,) = msg.sender.call{value: _am}(""""); if(_veri_ok) { Log.AddMessage(msg.sender,_am,""Collect""); } else {revert (); } } } receive() external payable { Deposit(); } } contract LogFile { struct Message { address Sender; string  Data; uint Val; uint  Time; } Message[] public History; Message LastMsg; function AddMessage(address _adr,uint _val,string memory _data) public { LastMsg.Sender = _adr; LastMsg.Time = block.timestamp; LastMsg.Val = _val; LastMsg.Data = _data; History.push(LastMsg); } }","import { expect } from ""chai""; import { ethers } from ""hardhat""; describe(""DEP_BANK reference (ethers v6; deploy may require constructor arguments)"", function () { it(""deploy DEP_BANK by supplying its REQUIRED constructor arguments (read them from the contract constructor), then call methods and assert; use ethers.parseEther, await (await tx).wait(), and expect(...).to.be.reverted"", async function () { const [owner, addr1, addr2] = await ethers.getSigners(); const Factory = await ethers.getContractFactory(""DEP_BANK""); const instance = await Factory.deploy(...constructorArgs); await instance.waitForDeployment(); }); });",False,False,"import { expect } from ""chai""; import { ethers } from ""hardhat"";  describe(""DEP_BANK mutant test - mb24d92fb"", function () {   it(""should revert when Collect fails due to receiving contract rejecting ether"", async function () {     const [owner, user] = await ethers.getSigners();      // Deploy DEP_BANK (no constructor arguments needed)     const DEP_BANK = await ethers.getContractFactory(""DEP_BANK"");     const bank = await DEP_BANK.deploy();     await bank.waitForDeployment();      // Deploy a receiver contract that rejects ether     const ReceiverFactory = await ethers.getContractFactory(""RejectEther"");     const receiver = await ReceiverFactory.deploy();     await receiver.waitForDeployment();      // Initialize the bank     await bank.connect(owner).SetMinSum(1);     await bank.connect(owner).SetLogFile(await ethers.Wallet.createRandom().getAddress()); // dummy address     await bank.connect(owner).Initialized();      // Fund the bank via deposit     const depositAmount = ethers.parseEther(""1"");     await bank.connect(user).Deposit({ value: depositAmount });      // Verify balance is correct     expect(await bank.balances(user.address)).to.equal(depositAmount);      // Try to collect using the rejecting receiver as the caller     // The receiver contract's receive function will revert     const collectAmount = ethers.parseEther(""0.5"");          // On original: this should revert because the call fails     // On mutant: this would succeed (balance deducted but ether not sent)     await expect(       bank.connect(receiver).Collect(collectAmount)     ).to.be.reverted;      // If the test reaches here, the mutant is killed because the revert happened     // (mutant would not revert, so the test would fail on the expect)   }); });  // Helper contract that rejects ether contract RejectEther {   receive() external payable {     revert(""Ether rejected"");   } }","""['Error: syntax error']"""
ma168a13f,DEP_BANK,<generic-v6-scaffold>,Deposit,live,msg.value,msg.value+1,---|         require(((balances[msg.sender] + msg.value) >= balances[msg.sender])); +++|         require(((balances[msg.sender] + msg.value+1) >= balances[msg.sender]));,38,Mutant ma168a13f of function Deposit replaces msg.value with msg.value+1,"pragma solidity ^0.8.0; contract DEP_BANK { mapping (address=>uint256) public balances; uint public MinSum; LogFile Log; bool intitalized; function SetMinSum(uint _val) public { if(intitalized)revert(); MinSum = _val; } function SetLogFile(address _log) public { if(intitalized)revert(); Log = LogFile(_log); } function Initialized() public { intitalized = true; } function Deposit() public payable { require(((balances[msg.sender] + msg.value) >= balances[msg.sender])); balances[msg.sender]+= msg.value; Log.AddMessage(msg.sender,msg.value,""Put""); } function Collect(uint _am) public payable { if(balances[msg.sender]>=MinSum && balances[msg.sender]>=_am) { balances[msg.sender] = (balances[msg.sender] - _am); (bool _veri_ok,) = msg.sender.call{value: _am}(""""); if(_veri_ok) { Log.AddMessage(msg.sender,_am,""Collect""); } else {revert (); } } } receive() external payable { Deposit(); } } contract LogFile { struct Message { address Sender; string  Data; uint Val; uint  Time; } Message[] public History; Message LastMsg; function AddMessage(address _adr,uint _val,string memory _data) public { LastMsg.Sender = _adr; LastMsg.Time = block.timestamp; LastMsg.Val = _val; LastMsg.Data = _data; History.push(LastMsg); } }","import { expect } from ""chai""; import { ethers } from ""hardhat""; describe(""DEP_BANK reference (ethers v6; deploy may require constructor arguments)"", function () { it(""deploy DEP_BANK by supplying its REQUIRED constructor arguments (read them from the contract constructor), then call methods and assert; use ethers.parseEther, await (await tx).wait(), and expect(...).to.be.reverted"", async function () { const [owner, addr1, addr2] = await ethers.getSigners(); const Factory = await ethers.getContractFactory(""DEP_BANK""); const instance = await Factory.deploy(...constructorArgs); await instance.waitForDeployment(); }); });",False,False,"import { expect } from ""chai""; import { ethers } from ""hardhat"";  describe(""DEP_BANK mutant detection test - ma168a13f"", function () {   it(""should detect the mutant by exploiting overflow vulnerability in Deposit"", async function () {     const [owner, user] = await ethers.getSigners();          // Deploy LogFile first (needed as constructor argument for DEP_BANK)     const LogFileFactory = await ethers.getContractFactory(""LogFile"");     const logFile = await LogFileFactory.deploy();     await logFile.waitForDeployment();          // Deploy DEP_BANK with LogFile address     const DEP_BANKFactory = await ethers.getContractFactory(""DEP_BANK"");     const bank = await DEP_BANKFactory.deploy(await logFile.getAddress());     await bank.waitForDeployment();          // Initialize the contract     await bank.connect(owner).Initialized();          // Set MinSum to 0 to allow withdrawals     await bank.connect(owner).SetMinSum(0);          // First deposit to set user's balance near overflow threshold     // uint256 max is 2^256 - 1 = ~1.15e77     // We'll deposit enough so that balance + next deposit would overflow     const maxUint = ethers.MaxUint256;     const firstDeposit = maxUint - BigInt(1); // Balance becomes 2^256 - 2     await bank.connect(user).Deposit({ value: firstDeposit });          // Now deposit 2 wei - this would cause overflow in original (balance + 2 > max)     // Original: require((balance + 2) >= balance) => requires no overflow => REVERTS     // Mutant: require((balance + 2 + 1) >= balance) => always true => PASSES     const secondDeposit = BigInt(2);          // In original contract this should revert due to overflow check     // In mutant it will pass (the +1 makes condition always true)     await expect(       bank.connect(user).Deposit({ value: secondDeposit })     ).to.be.reverted;   }); });","""['Error: syntax error']"""
me340b6a1,DEP_BANK,<generic-v6-scaffold>,Deposit,live,msg.value,msg.value-1,---|         require(((balances[msg.sender] + msg.value) >= balances[msg.sender])); +++|         require(((balances[msg.sender] + msg.value-1) >= balances[msg.sender]));,38,Mutant me340b6a1 of function Deposit replaces msg.value with msg.value-1,"pragma solidity ^0.8.0; contract DEP_BANK { mapping (address=>uint256) public balances; uint public MinSum; LogFile Log; bool intitalized; function SetMinSum(uint _val) public { if(intitalized)revert(); MinSum = _val; } function SetLogFile(address _log) public { if(intitalized)revert(); Log = LogFile(_log); } function Initialized() public { intitalized = true; } function Deposit() public payable { require(((balances[msg.sender] + msg.value) >= balances[msg.sender])); balances[msg.sender]+= msg.value; Log.AddMessage(msg.sender,msg.value,""Put""); } function Collect(uint _am) public payable { if(balances[msg.sender]>=MinSum && balances[msg.sender]>=_am) { balances[msg.sender] = (balances[msg.sender] - _am); (bool _veri_ok,) = msg.sender.call{value: _am}(""""); if(_veri_ok) { Log.AddMessage(msg.sender,_am,""Collect""); } else {revert (); } } } receive() external payable { Deposit(); } } contract LogFile { struct Message { address Sender; string  Data; uint Val; uint  Time; } Message[] public History; Message LastMsg; function AddMessage(address _adr,uint _val,string memory _data) public { LastMsg.Sender = _adr; LastMsg.Time = block.timestamp; LastMsg.Val = _val; LastMsg.Data = _data; History.push(LastMsg); } }","import { expect } from ""chai""; import { ethers } from ""hardhat""; describe(""DEP_BANK reference (ethers v6; deploy may require constructor arguments)"", function () { it(""deploy DEP_BANK by supplying its REQUIRED constructor arguments (read them from the contract constructor), then call methods and assert; use ethers.parseEther, await (await tx).wait(), and expect(...).to.be.reverted"", async function () { const [owner, addr1, addr2] = await ethers.getSigners(); const Factory = await ethers.getContractFactory(""DEP_BANK""); const instance = await Factory.deploy(...constructorArgs); await instance.waitForDeployment(); }); });",False,False,"import { expect } from ""chai""; import { ethers } from ""hardhat"";  describe(""DEP_BANK mutant kill test"", function () {   it(""should kill mutant by sending 0 wei deposit and expecting success"", async function () {     const [owner] = await ethers.getSigners();     const Factory = await ethers.getContractFactory(""DEP_BANK"");     const instance = await Factory.deploy();     await instance.waitForDeployment();      // Send 0 wei to trigger Deposit via receive() or call Deposit directly     const tx = await owner.sendTransaction({       to: await instance.getAddress(),       value: 0     });     await tx.wait();      // Check that balance is still 0 (deposit of 0 wei succeeded)     const balance = await instance.balances(owner.address);     expect(balance).to.equal(0);   }); });","""['Error: syntax error']"""
md5f3ade0,DEP_BANK,<generic-v6-scaffold>,Deposit,live,msg.value,msg.value+1,---|         balances[msg.sender]+= msg.value; +++|         balances[msg.sender]+= msg.value+1;,39,Mutant md5f3ade0 of function Deposit replaces msg.value with msg.value+1,"pragma solidity ^0.8.0; contract DEP_BANK { mapping (address=>uint256) public balances; uint public MinSum; LogFile Log; bool intitalized; function SetMinSum(uint _val) public { if(intitalized)revert(); MinSum = _val; } function SetLogFile(address _log) public { if(intitalized)revert(); Log = LogFile(_log); } function Initialized() public { intitalized = true; } function Deposit() public payable { require(((balances[msg.sender] + msg.value) >= balances[msg.sender])); balances[msg.sender]+= msg.value; Log.AddMessage(msg.sender,msg.value,""Put""); } function Collect(uint _am) public payable { if(balances[msg.sender]>=MinSum && balances[msg.sender]>=_am) { balances[msg.sender] = (balances[msg.sender] - _am); (bool _veri_ok,) = msg.sender.call{value: _am}(""""); if(_veri_ok) { Log.AddMessage(msg.sender,_am,""Collect""); } else {revert (); } } } receive() external payable { Deposit(); } } contract LogFile { struct Message { address Sender; string  Data; uint Val; uint  Time; } Message[] public History; Message LastMsg; function AddMessage(address _adr,uint _val,string memory _data) public { LastMsg.Sender = _adr; LastMsg.Time = block.timestamp; LastMsg.Val = _val; LastMsg.Data = _data; History.push(LastMsg); } }","import { expect } from ""chai""; import { ethers } from ""hardhat""; describe(""DEP_BANK reference (ethers v6; deploy may require constructor arguments)"", function () { it(""deploy DEP_BANK by supplying its REQUIRED constructor arguments (read them from the contract constructor), then call methods and assert; use ethers.parseEther, await (await tx).wait(), and expect(...).to.be.reverted"", async function () { const [owner, addr1, addr2] = await ethers.getSigners(); const Factory = await ethers.getContractFactory(""DEP_BANK""); const instance = await Factory.deploy(...constructorArgs); await instance.waitForDeployment(); }); });",False,False,"import { expect } from ""chai""; import { ethers } from ""hardhat"";  describe(""DEP_BANK mutant test - Deposit extra 1 wei"", function () {   it(""should kill mutant by verifying exact balance after depositing 1 wei"", async function () {     const [owner, addr1] = await ethers.getSigners();          // Deploy DEP_BANK - no constructor arguments     const Factory = await ethers.getContractFactory(""DEP_BANK"");     const instance = await Factory.deploy();     await instance.waitForDeployment();          // Initialize the contract (required before deposits work)     await instance.connect(owner).Initialized();          // Deposit exactly 1 wei from addr1     const depositAmount = ethers.parseEther(""0""); // 0 ether     const tx = await instance.connect(addr1).Deposit({ value: 1 });     await tx.wait();          // Check balance: should be exactly 1 wei (not 2 wei)     const balance = await instance.balances(addr1.address);     expect(balance).to.equal(1);   }); });","""['Error: syntax error']"""
mf5c2240b,DEP_BANK,<generic-v6-scaffold>,Deposit,live,msg.value,msg.value-1,---|         balances[msg.sender]+= msg.value; +++|         balances[msg.sender]+= msg.value-1;,39,Mutant mf5c2240b of function Deposit replaces msg.value with msg.value-1,"pragma solidity ^0.8.0; contract DEP_BANK { mapping (address=>uint256) public balances; uint public MinSum; LogFile Log; bool intitalized; function SetMinSum(uint _val) public { if(intitalized)revert(); MinSum = _val; } function SetLogFile(address _log) public { if(intitalized)revert(); Log = LogFile(_log); } function Initialized() public { intitalized = true; } function Deposit() public payable { require(((balances[msg.sender] + msg.value) >= balances[msg.sender])); balances[msg.sender]+= msg.value; Log.AddMessage(msg.sender,msg.value,""Put""); } function Collect(uint _am) public payable { if(balances[msg.sender]>=MinSum && balances[msg.sender]>=_am) { balances[msg.sender] = (balances[msg.sender] - _am); (bool _veri_ok,) = msg.sender.call{value: _am}(""""); if(_veri_ok) { Log.AddMessage(msg.sender,_am,""Collect""); } else {revert (); } } } receive() external payable { Deposit(); } } contract LogFile { struct Message { address Sender; string  Data; uint Val; uint  Time; } Message[] public History; Message LastMsg; function AddMessage(address _adr,uint _val,string memory _data) public { LastMsg.Sender = _adr; LastMsg.Time = block.timestamp; LastMsg.Val = _val; LastMsg.Data = _data; History.push(LastMsg); } }","import { expect } from ""chai""; import { ethers } from ""hardhat""; describe(""DEP_BANK reference (ethers v6; deploy may require constructor arguments)"", function () { it(""deploy DEP_BANK by supplying its REQUIRED constructor arguments (read them from the contract constructor), then call methods and assert; use ethers.parseEther, await (await tx).wait(), and expect(...).to.be.reverted"", async function () { const [owner, addr1, addr2] = await ethers.getSigners(); const Factory = await ethers.getContractFactory(""DEP_BANK""); const instance = await Factory.deploy(...constructorArgs); await instance.waitForDeployment(); }); });",False,False,"import { expect } from ""chai""; import { ethers } from ""hardhat"";  describe(""DEP_BANK mutant detection - mf5c2240b"", function () {   it(""should detect the mutant that subtracts 1 wei from deposit amount"", async function () {     const [owner, user] = await ethers.getSigners();          // Deploy DEP_BANK (no constructor arguments)     const Factory = await ethers.getContractFactory(""DEP_BANK"");     const instance = await Factory.deploy();     await instance.waitForDeployment();          // Deploy LogFile for logging     const LogFactory = await ethers.getContractFactory(""LogFile"");     const logInstance = await LogFactory.deploy();     await logInstance.waitForDeployment();          // Setup: set MinSum to 0 and initialize     await instance.SetMinSum(0);     await instance.SetLogFile(await logInstance.getAddress());     await instance.Initialized();          // Deposit exactly 1 wei     const depositAmount = 1n; // 1 wei     await instance.connect(user).Deposit({ value: depositAmount });          // Try to collect the exact same amount (1 wei)     // In the original: balance = 1, withdraw 1 succeeds     // In the mutant: balance = 0 (1 - 1), withdraw 1 should fail     const collectTx = instance.connect(user).Collect(depositAmount);          // The mutant should revert because balance (0) < amount to collect (1)     await expect(collectTx).to.be.reverted;   }); });","""['Error: syntax error']"""
m80c01d95,DEP_BANK,<generic-v6-scaffold>,Deposit,live,msg.value,msg.value+1,"---|         Log.AddMessage(msg.sender,msg.value,""Put""); +++|         Log.AddMessage(msg.sender,msg.value+1,""Put"");",40,Mutant m80c01d95 of function Deposit replaces msg.value with msg.value+1,"pragma solidity ^0.8.0; contract DEP_BANK { mapping (address=>uint256) public balances; uint public MinSum; LogFile Log; bool intitalized; function SetMinSum(uint _val) public { if(intitalized)revert(); MinSum = _val; } function SetLogFile(address _log) public { if(intitalized)revert(); Log = LogFile(_log); } function Initialized() public { intitalized = true; } function Deposit() public payable { require(((balances[msg.sender] + msg.value) >= balances[msg.sender])); balances[msg.sender]+= msg.value; Log.AddMessage(msg.sender,msg.value,""Put""); } function Collect(uint _am) public payable { if(balances[msg.sender]>=MinSum && balances[msg.sender]>=_am) { balances[msg.sender] = (balances[msg.sender] - _am); (bool _veri_ok,) = msg.sender.call{value: _am}(""""); if(_veri_ok) { Log.AddMessage(msg.sender,_am,""Collect""); } else {revert (); } } } receive() external payable { Deposit(); } } contract LogFile { struct Message { address Sender; string  Data; uint Val; uint  Time; } Message[] public History; Message LastMsg; function AddMessage(address _adr,uint _val,string memory _data) public { LastMsg.Sender = _adr; LastMsg.Time = block.timestamp; LastMsg.Val = _val; LastMsg.Data = _data; History.push(LastMsg); } }","import { expect } from ""chai""; import { ethers } from ""hardhat""; describe(""DEP_BANK reference (ethers v6; deploy may require constructor arguments)"", function () { it(""deploy DEP_BANK by supplying its REQUIRED constructor arguments (read them from the contract constructor), then call methods and assert; use ethers.parseEther, await (await tx).wait(), and expect(...).to.be.reverted"", async function () { const [owner, addr1, addr2] = await ethers.getSigners(); const Factory = await ethers.getContractFactory(""DEP_BANK""); const instance = await Factory.deploy(...constructorArgs); await instance.waitForDeployment(); }); });",False,False,"import { expect } from ""chai""; import { ethers } from ""hardhat"";  describe(""DEP_BANK mutant detection - m80c01d95"", function () {   it(""should detect mutant that logs msg.value+1 instead of msg.value"", async function () {     const [owner, user] = await ethers.getSigners();          // Deploy LogFile first (required by DEP_BANK constructor)     const LogFileFactory = await ethers.getContractFactory(""LogFile"");     const logFile = await LogFileFactory.deploy();     await logFile.waitForDeployment();          // Deploy DEP_BANK with LogFile address     const Factory = await ethers.getContractFactory(""DEP_BANK"");     const instance = await Factory.deploy();     await instance.waitForDeployment();          // Set up the contract (initialize and set min sum)     await instance.connect(owner).SetMinSum(0);     await instance.connect(owner).SetLogFile(await logFile.getAddress());     await instance.connect(owner).Initialized();          // Deposit exactly 1 ether     const depositAmount = ethers.parseEther(""1.0"");     const tx = await instance.connect(user).Deposit({ value: depositAmount });     await tx.wait();          // Read the last logged message from LogFile     const historyLength = await logFile.History.length;     const lastMessage = await logFile.History(historyLength - 1n);     const loggedVal = lastMessage.Val;          // The mutant logs msg.value+1, so loggedVal will be 1 wei higher     // Original would log exactly depositAmount     expect(loggedVal).to.equal(depositAmount);   }); });","""['Error: syntax error']"""
m16a8f199,DEP_BANK,<generic-v6-scaffold>,Deposit,live,msg.value,msg.value-1,"---|         Log.AddMessage(msg.sender,msg.value,""Put""); +++|         Log.AddMessage(msg.sender,msg.value-1,""Put"");",40,Mutant m16a8f199 of function Deposit replaces msg.value with msg.value-1,"pragma solidity ^0.8.0; contract DEP_BANK { mapping (address=>uint256) public balances; uint public MinSum; LogFile Log; bool intitalized; function SetMinSum(uint _val) public { if(intitalized)revert(); MinSum = _val; } function SetLogFile(address _log) public { if(intitalized)revert(); Log = LogFile(_log); } function Initialized() public { intitalized = true; } function Deposit() public payable { require(((balances[msg.sender] + msg.value) >= balances[msg.sender])); balances[msg.sender]+= msg.value; Log.AddMessage(msg.sender,msg.value,""Put""); } function Collect(uint _am) public payable { if(balances[msg.sender]>=MinSum && balances[msg.sender]>=_am) { balances[msg.sender] = (balances[msg.sender] - _am); (bool _veri_ok,) = msg.sender.call{value: _am}(""""); if(_veri_ok) { Log.AddMessage(msg.sender,_am,""Collect""); } else {revert (); } } } receive() external payable { Deposit(); } } contract LogFile { struct Message { address Sender; string  Data; uint Val; uint  Time; } Message[] public History; Message LastMsg; function AddMessage(address _adr,uint _val,string memory _data) public { LastMsg.Sender = _adr; LastMsg.Time = block.timestamp; LastMsg.Val = _val; LastMsg.Data = _data; History.push(LastMsg); } }","import { expect } from ""chai""; import { ethers } from ""hardhat""; describe(""DEP_BANK reference (ethers v6; deploy may require constructor arguments)"", function () { it(""deploy DEP_BANK by supplying its REQUIRED constructor arguments (read them from the contract constructor), then call methods and assert; use ethers.parseEther, await (await tx).wait(), and expect(...).to.be.reverted"", async function () { const [owner, addr1, addr2] = await ethers.getSigners(); const Factory = await ethers.getContractFactory(""DEP_BANK""); const instance = await Factory.deploy(...constructorArgs); await instance.waitForDeployment(); }); });",False,False,"import { expect } from ""chai""; import { ethers } from ""hardhat"";  describe(""DEP_BANK mutant m16a8f199 detection test"", function () {   it(""should detect the off-by-one error in Log.AddMessage for Deposit"", async function () {     const [owner, addr1] = await ethers.getSigners();          // Deploy LogFile contract first (no constructor arguments)     const LogFileFactory = await ethers.getContractFactory(""LogFile"");     const logFile = await LogFileFactory.deploy();     await logFile.waitForDeployment();          // Deploy DEP_BANK (no constructor arguments)     const DEP_BANKFactory = await ethers.getContractFactory(""DEP_BANK"");     const depBank = await DEP_BANKFactory.deploy();     await depBank.waitForDeployment();          // Set the log file address in DEP_BANK     await depBank.connect(owner).SetLogFile(await logFile.getAddress());          // Initialize the contract     await depBank.connect(owner).Initialized();          // Deposit exactly 1 ether from addr1     const depositAmount = ethers.parseEther(""1"");     await depBank.connect(addr1).Deposit({ value: depositAmount });          // Check the recorded value in the LogFile's History     const historyLength = await logFile.History.length;     expect(historyLength).to.equal(1);          const lastMessage = await logFile.History(0);          // In the original contract, this would equal depositAmount     // In the mutant, this would be depositAmount - 1, causing the assertion to fail     expect(lastMessage.Val).to.equal(depositAmount);   }); });","""['Error: syntax error']"""
