Mutant_id,Contract_id,Test_id,Function_name,Status,Original,Replacement,Diff,StartLine,Details,Contract_Context,Test_Context,Test_Generated,KilledByLLM,Generated_test,Test_errors
m56b541e0,W_WALLET,<generic-v6-scaffold>,Put,live, >= ,  > ,---|         require(((acc.balance + msg.value) >= acc.balance)); +++|         require(((acc.balance + msg.value)  > acc.balance));,9,Mutant m56b541e0 of function Put replaces >= with >,"pragma solidity ^0.8.0; contract W_WALLET { function Put(uint _unlockTime) public payable { Holder storage acc = Acc[msg.sender]; require(((acc.balance + msg.value) >= acc.balance)); acc.balance += msg.value; acc.unlockTime = _unlockTime>block.timestamp?_unlockTime:block.timestamp; LogFile.AddMessage(msg.sender,msg.value,""Put""); } function Collect(uint _am) public payable { Holder storage acc = Acc[msg.sender]; if( acc.balance>=MinSum && acc.balance>=_am && block.timestamp>acc.unlockTime) { acc.balance = (acc.balance - _am); { (bool _s, bytes memory _d) = msg.sender.call{value: _am}(""""); _d; if (_s) { LogFile.AddMessage(msg.sender,_am,""Collect""); } else {revert (); } } } } fallback() external payable { Put(0); } struct Holder { uint unlockTime; uint balance; } mapping (address => Holder) public Acc; Log LogFile; uint public MinSum = 1 ether; constructor(address log) public{ LogFile = Log(log); } } contract Log { struct Message { address Sender; string  Data; uint Val; uint  Time; } Message[] public History; Message LastMsg; function AddMessage(address _adr,uint _val, string memory _data) public { LastMsg.Sender = _adr; LastMsg.Time = block.timestamp; LastMsg.Val = _val; LastMsg.Data = _data; History.push(LastMsg); } }","import { expect } from ""chai""; import { ethers } from ""hardhat""; describe(""W_WALLET reference (ethers v6; deploy may require constructor arguments)"", function () { it(""deploy W_WALLET by supplying its REQUIRED constructor arguments (read them from the contract constructor), then call methods and assert; use ethers.parseEther, await (await tx).wait(), and expect(...).to.be.reverted"", async function () { const [owner, addr1, addr2] = await ethers.getSigners(); const Factory = await ethers.getContractFactory(""W_WALLET""); const instance = await Factory.deploy(...constructorArgs); await instance.waitForDeployment(); }); });",False,False,"import { expect } from ""chai""; import { ethers } from ""hardhat"";  describe(""W_WALLET mutant detection - m56b541e0"", function () {   it(""should revert when Put is called with 0 ether (mutant changes >= to >)"", async function () {     const [owner] = await ethers.getSigners();          // Deploy the Log contract first (required by W_WALLET constructor)     const LogFactory = await ethers.getContractFactory(""Log"");     const log = await LogFactory.deploy();     await log.waitForDeployment();          // Deploy W_WALLET with the Log contract address     const W_WALLETFactory = await ethers.getContractFactory(""W_WALLET"");     const wallet = await W_WALLETFactory.deploy(await log.getAddress());     await wallet.waitForDeployment();          // Attempt to call Put with 0 ether - should revert on mutant but pass on original     // The original contract allows this (0 >= 0 is true), but mutant requires > 0     await expect(       wallet.connect(owner).Put(0, { value: ethers.parseEther(""0"") })     ).to.be.reverted;   }); });","""['Error: syntax error']"""
mbe1a19a1,W_WALLET,<generic-v6-scaffold>,Put,live, >= , <= ,---|         require(((acc.balance + msg.value) >= acc.balance)); +++|         require(((acc.balance + msg.value) <= acc.balance));,9,Mutant mbe1a19a1 of function Put replaces >= with <=,"pragma solidity ^0.8.0; contract W_WALLET { function Put(uint _unlockTime) public payable { Holder storage acc = Acc[msg.sender]; require(((acc.balance + msg.value) >= acc.balance)); acc.balance += msg.value; acc.unlockTime = _unlockTime>block.timestamp?_unlockTime:block.timestamp; LogFile.AddMessage(msg.sender,msg.value,""Put""); } function Collect(uint _am) public payable { Holder storage acc = Acc[msg.sender]; if( acc.balance>=MinSum && acc.balance>=_am && block.timestamp>acc.unlockTime) { acc.balance = (acc.balance - _am); { (bool _s, bytes memory _d) = msg.sender.call{value: _am}(""""); _d; if (_s) { LogFile.AddMessage(msg.sender,_am,""Collect""); } else {revert (); } } } } fallback() external payable { Put(0); } struct Holder { uint unlockTime; uint balance; } mapping (address => Holder) public Acc; Log LogFile; uint public MinSum = 1 ether; constructor(address log) public{ LogFile = Log(log); } } contract Log { struct Message { address Sender; string  Data; uint Val; uint  Time; } Message[] public History; Message LastMsg; function AddMessage(address _adr,uint _val, string memory _data) public { LastMsg.Sender = _adr; LastMsg.Time = block.timestamp; LastMsg.Val = _val; LastMsg.Data = _data; History.push(LastMsg); } }","import { expect } from ""chai""; import { ethers } from ""hardhat""; describe(""W_WALLET reference (ethers v6; deploy may require constructor arguments)"", function () { it(""deploy W_WALLET by supplying its REQUIRED constructor arguments (read them from the contract constructor), then call methods and assert; use ethers.parseEther, await (await tx).wait(), and expect(...).to.be.reverted"", async function () { const [owner, addr1, addr2] = await ethers.getSigners(); const Factory = await ethers.getContractFactory(""W_WALLET""); const instance = await Factory.deploy(...constructorArgs); await instance.waitForDeployment(); }); });",False,False,"import { expect } from ""chai""; import { ethers } from ""hardhat"";  describe(""W_WALLET mutant mbe1a19a1 test"", function () {   it(""should kill mutant by sending non-zero Ether to Put function"", async function () {     const [owner, addr1] = await ethers.getSigners();          // Deploy the Log contract first (required constructor argument)     const LogFactory = await ethers.getContractFactory(""Log"");     const logInstance = await LogFactory.deploy();     await logInstance.waitForDeployment();          // Deploy W_WALLET with Log address as constructor argument     const Factory = await ethers.getContractFactory(""W_WALLET"");     const instance = await Factory.deploy(await logInstance.getAddress());     await instance.waitForDeployment();          // Call Put with non-zero value - should revert in mutant but pass in original     const tx = instance.connect(addr1).Put(0, { value: ethers.parseEther(""1.0"") });          // The mutant will revert because (balance + msg.value) <= balance is false for positive value     // The original will succeed     await expect(tx).to.not.be.reverted;   }); });","""['Error: syntax error']"""
mc77b4289,W_WALLET,<generic-v6-scaffold>,Put,live, >= , == ,---|         require(((acc.balance + msg.value) >= acc.balance)); +++|         require(((acc.balance + msg.value) == acc.balance));,9,Mutant mc77b4289 of function Put replaces >= with ==,"pragma solidity ^0.8.0; contract W_WALLET { function Put(uint _unlockTime) public payable { Holder storage acc = Acc[msg.sender]; require(((acc.balance + msg.value) >= acc.balance)); acc.balance += msg.value; acc.unlockTime = _unlockTime>block.timestamp?_unlockTime:block.timestamp; LogFile.AddMessage(msg.sender,msg.value,""Put""); } function Collect(uint _am) public payable { Holder storage acc = Acc[msg.sender]; if( acc.balance>=MinSum && acc.balance>=_am && block.timestamp>acc.unlockTime) { acc.balance = (acc.balance - _am); { (bool _s, bytes memory _d) = msg.sender.call{value: _am}(""""); _d; if (_s) { LogFile.AddMessage(msg.sender,_am,""Collect""); } else {revert (); } } } } fallback() external payable { Put(0); } struct Holder { uint unlockTime; uint balance; } mapping (address => Holder) public Acc; Log LogFile; uint public MinSum = 1 ether; constructor(address log) public{ LogFile = Log(log); } } contract Log { struct Message { address Sender; string  Data; uint Val; uint  Time; } Message[] public History; Message LastMsg; function AddMessage(address _adr,uint _val, string memory _data) public { LastMsg.Sender = _adr; LastMsg.Time = block.timestamp; LastMsg.Val = _val; LastMsg.Data = _data; History.push(LastMsg); } }","import { expect } from ""chai""; import { ethers } from ""hardhat""; describe(""W_WALLET reference (ethers v6; deploy may require constructor arguments)"", function () { it(""deploy W_WALLET by supplying its REQUIRED constructor arguments (read them from the contract constructor), then call methods and assert; use ethers.parseEther, await (await tx).wait(), and expect(...).to.be.reverted"", async function () { const [owner, addr1, addr2] = await ethers.getSigners(); const Factory = await ethers.getContractFactory(""W_WALLET""); const instance = await Factory.deploy(...constructorArgs); await instance.waitForDeployment(); }); });",False,False,"import { expect } from ""chai""; import { ethers } from ""hardhat"";  describe(""W_WALLET mutant mc77b4289 test"", function () {   it(""should detect mutant that changes >= to == in Put function require"", async function () {     const [owner] = await ethers.getSigners();          // Deploy Log contract first (required constructor argument for W_WALLET)     const LogFactory = await ethers.getContractFactory(""Log"");     const logInstance = await LogFactory.deploy();     await logInstance.waitForDeployment();          // Deploy W_WALLET with Log address     const WalletFactory = await ethers.getContractFactory(""W_WALLET"");     const walletInstance = await WalletFactory.deploy(await logInstance.getAddress());     await walletInstance.waitForDeployment();          // Test: send a positive value (1 ether) to Put - should succeed in original but revert in mutant     const tx = walletInstance.connect(owner).Put(0, { value: ethers.parseEther(""1"") });          // In original: require((balance + 1 ether) >= balance) passes     // In mutant: require((balance + 1 ether) == balance) fails because 1 ether != 0     // So the mutant should revert, killing the test     await expect(tx).to.not.be.reverted;          // Verify balance was updated (only possible if Put succeeded)     const holder = await walletInstance.Acc(owner.address);     expect(holder.balance).to.equal(ethers.parseEther(""1""));   }); });","""['Error: syntax error']"""
m0a74e36f,W_WALLET,<generic-v6-scaffold>,Put,live, + , - ,---|         require(((acc.balance + msg.value) >= acc.balance)); +++|         require(((acc.balance - msg.value) >= acc.balance));,9,Mutant m0a74e36f of function Put replaces + with -,"pragma solidity ^0.8.0; contract W_WALLET { function Put(uint _unlockTime) public payable { Holder storage acc = Acc[msg.sender]; require(((acc.balance + msg.value) >= acc.balance)); acc.balance += msg.value; acc.unlockTime = _unlockTime>block.timestamp?_unlockTime:block.timestamp; LogFile.AddMessage(msg.sender,msg.value,""Put""); } function Collect(uint _am) public payable { Holder storage acc = Acc[msg.sender]; if( acc.balance>=MinSum && acc.balance>=_am && block.timestamp>acc.unlockTime) { acc.balance = (acc.balance - _am); { (bool _s, bytes memory _d) = msg.sender.call{value: _am}(""""); _d; if (_s) { LogFile.AddMessage(msg.sender,_am,""Collect""); } else {revert (); } } } } fallback() external payable { Put(0); } struct Holder { uint unlockTime; uint balance; } mapping (address => Holder) public Acc; Log LogFile; uint public MinSum = 1 ether; constructor(address log) public{ LogFile = Log(log); } } contract Log { struct Message { address Sender; string  Data; uint Val; uint  Time; } Message[] public History; Message LastMsg; function AddMessage(address _adr,uint _val, string memory _data) public { LastMsg.Sender = _adr; LastMsg.Time = block.timestamp; LastMsg.Val = _val; LastMsg.Data = _data; History.push(LastMsg); } }","import { expect } from ""chai""; import { ethers } from ""hardhat""; describe(""W_WALLET reference (ethers v6; deploy may require constructor arguments)"", function () { it(""deploy W_WALLET by supplying its REQUIRED constructor arguments (read them from the contract constructor), then call methods and assert; use ethers.parseEther, await (await tx).wait(), and expect(...).to.be.reverted"", async function () { const [owner, addr1, addr2] = await ethers.getSigners(); const Factory = await ethers.getContractFactory(""W_WALLET""); const instance = await Factory.deploy(...constructorArgs); await instance.waitForDeployment(); }); });",False,False,"import { expect } from ""chai""; import { ethers } from ""hardhat"";  describe(""W_WALLET mutant m0a74e36f test"", function () {   it(""should revert when Put is called with non-zero msg.value (mutant uses subtraction instead of addition)"", async function () {     const [owner] = await ethers.getSigners();          // Deploy the Log contract first (required constructor argument for W_WALLET)     const LogFactory = await ethers.getContractFactory(""Log"");     const logInstance = await LogFactory.deploy();     await logInstance.waitForDeployment();          // Deploy W_WALLET with the Log contract address     const Factory = await ethers.getContractFactory(""W_WALLET"");     const instance = await Factory.deploy(await logInstance.getAddress());     await instance.waitForDeployment();          // Send 1 wei to the Put function - this should revert on the mutant     // because (balance - msg.value) >= balance is false when msg.value > 0     const tx = owner.sendTransaction({       to: await instance.getAddress(),       value: ethers.parseEther(""1"")     });          await expect(tx).to.be.reverted;   }); });","""['Error: syntax error']"""
m956baa31,W_WALLET,<generic-v6-scaffold>,Put,live, + , * ,---|         require(((acc.balance + msg.value) >= acc.balance)); +++|         require(((acc.balance * msg.value) >= acc.balance));,9,Mutant m956baa31 of function Put replaces + with *,"pragma solidity ^0.8.0; contract W_WALLET { function Put(uint _unlockTime) public payable { Holder storage acc = Acc[msg.sender]; require(((acc.balance + msg.value) >= acc.balance)); acc.balance += msg.value; acc.unlockTime = _unlockTime>block.timestamp?_unlockTime:block.timestamp; LogFile.AddMessage(msg.sender,msg.value,""Put""); } function Collect(uint _am) public payable { Holder storage acc = Acc[msg.sender]; if( acc.balance>=MinSum && acc.balance>=_am && block.timestamp>acc.unlockTime) { acc.balance = (acc.balance - _am); { (bool _s, bytes memory _d) = msg.sender.call{value: _am}(""""); _d; if (_s) { LogFile.AddMessage(msg.sender,_am,""Collect""); } else {revert (); } } } } fallback() external payable { Put(0); } struct Holder { uint unlockTime; uint balance; } mapping (address => Holder) public Acc; Log LogFile; uint public MinSum = 1 ether; constructor(address log) public{ LogFile = Log(log); } } contract Log { struct Message { address Sender; string  Data; uint Val; uint  Time; } Message[] public History; Message LastMsg; function AddMessage(address _adr,uint _val, string memory _data) public { LastMsg.Sender = _adr; LastMsg.Time = block.timestamp; LastMsg.Val = _val; LastMsg.Data = _data; History.push(LastMsg); } }","import { expect } from ""chai""; import { ethers } from ""hardhat""; describe(""W_WALLET reference (ethers v6; deploy may require constructor arguments)"", function () { it(""deploy W_WALLET by supplying its REQUIRED constructor arguments (read them from the contract constructor), then call methods and assert; use ethers.parseEther, await (await tx).wait(), and expect(...).to.be.reverted"", async function () { const [owner, addr1, addr2] = await ethers.getSigners(); const Factory = await ethers.getContractFactory(""W_WALLET""); const instance = await Factory.deploy(...constructorArgs); await instance.waitForDeployment(); }); });",False,False,"import { expect } from ""chai""; import { ethers } from ""hardhat"";  describe(""W_WALLET mutant m956baa31 detection"", function () {   it(""should detect the * operator mutant in Put's require statement"", async function () {     const [owner] = await ethers.getSigners();          // Deploy Log contract first (required by W_WALLET constructor)     const LogFactory = await ethers.getContractFactory(""Log"");     const log = await LogFactory.deploy();     await log.waitForDeployment();          // Deploy W_WALLET with Log address     const Factory = await ethers.getContractFactory(""W_WALLET"");     const instance = await Factory.deploy(await log.getAddress());     await instance.waitForDeployment();          const wallet = await instance.getAddress();          // Step 1: Deposit some ether first to create a positive balance     const depositAmount = ethers.parseEther(""1.0"");     await owner.sendTransaction({       to: wallet,       value: depositAmount     });          // Verify balance is positive     const holder = await instance.Acc(owner.address);     expect(holder.balance).to.equal(depositAmount);          // Step 2: Now call Put with msg.value = 0     // On original: (balance * 0) >= balance → (1 ether * 0) >= 1 ether → 0 >= 1 ether → false → REVERT     // On mutant: (balance * 0) >= balance → same as above → will revert     // Wait - the hypothesis says this should succeed on original but fail on mutant     // Let's reconsider: the mutant uses * instead of +, so:     // Original: (balance + 0) >= balance → (1 ether + 0) >= 1 ether → true → succeeds     // Mutant: (balance * 0) >= balance → (1 ether * 0) >= 1 ether → 0 >= 1 ether → false → reverts     await expect(       instance.connect(owner).Put(0, { value: 0 })     ).to.be.reverted;          // Note: On the original contract, this call would succeed, but on the mutant it reverts.     // The test passes (detects the mutant) because we assert revert.     // If the original were deployed, this test would fail because no revert occurs.   }); });","""['Error: syntax error']"""
m8b11ca85,W_WALLET,<generic-v6-scaffold>,Put,live,>,<,---|         acc.unlockTime = _unlockTime>block.timestamp?_unlockTime:block.timestamp; +++|         acc.unlockTime = _unlockTime<block.timestamp?_unlockTime:block.timestamp;,11,Mutant m8b11ca85 of function Put replaces > with <,"pragma solidity ^0.8.0; contract W_WALLET { function Put(uint _unlockTime) public payable { Holder storage acc = Acc[msg.sender]; require(((acc.balance + msg.value) >= acc.balance)); acc.balance += msg.value; acc.unlockTime = _unlockTime>block.timestamp?_unlockTime:block.timestamp; LogFile.AddMessage(msg.sender,msg.value,""Put""); } function Collect(uint _am) public payable { Holder storage acc = Acc[msg.sender]; if( acc.balance>=MinSum && acc.balance>=_am && block.timestamp>acc.unlockTime) { acc.balance = (acc.balance - _am); { (bool _s, bytes memory _d) = msg.sender.call{value: _am}(""""); _d; if (_s) { LogFile.AddMessage(msg.sender,_am,""Collect""); } else {revert (); } } } } fallback() external payable { Put(0); } struct Holder { uint unlockTime; uint balance; } mapping (address => Holder) public Acc; Log LogFile; uint public MinSum = 1 ether; constructor(address log) public{ LogFile = Log(log); } } contract Log { struct Message { address Sender; string  Data; uint Val; uint  Time; } Message[] public History; Message LastMsg; function AddMessage(address _adr,uint _val, string memory _data) public { LastMsg.Sender = _adr; LastMsg.Time = block.timestamp; LastMsg.Val = _val; LastMsg.Data = _data; History.push(LastMsg); } }","import { expect } from ""chai""; import { ethers } from ""hardhat""; describe(""W_WALLET reference (ethers v6; deploy may require constructor arguments)"", function () { it(""deploy W_WALLET by supplying its REQUIRED constructor arguments (read them from the contract constructor), then call methods and assert; use ethers.parseEther, await (await tx).wait(), and expect(...).to.be.reverted"", async function () { const [owner, addr1, addr2] = await ethers.getSigners(); const Factory = await ethers.getContractFactory(""W_WALLET""); const instance = await Factory.deploy(...constructorArgs); await instance.waitForDeployment(); }); });",False,False,"import { expect } from ""chai""; import { ethers } from ""hardhat"";  describe(""W_WALLET mutant m8b11ca85 detection"", function () {   it(""should revert on Collect when _unlockTime < block.timestamp in Put (original behavior)"", async function () {     const [owner, addr1] = await ethers.getSigners();          // Deploy Log contract first (required by W_WALLET constructor)     const LogFactory = await ethers.getContractFactory(""Log"");     const log = await LogFactory.deploy();     await log.waitForDeployment();          // Deploy W_WALLET with Log address     const Factory = await ethers.getContractFactory(""W_WALLET"");     const instance = await Factory.deploy(await log.getAddress());     await instance.waitForDeployment();          // Set MinSum to 0 for testing (optional, but makes test cleaner)     // Note: MinSum is 1 ether by default, so we need to deposit at least that     const depositAmount = ethers.parseEther(""1"");     const futureTime = Math.floor(Date.now() / 1000) + 10000; // far future     const pastTime = Math.floor(Date.now() / 1000) - 1000;   // past timestamp          // Step 1: Call Put with a past unlock time (less than current block.timestamp)     // In original: should set unlockTime = block.timestamp (current time)     // In mutant: would set unlockTime = pastTime (the smaller value)     await instance.connect(addr1).Put(pastTime, { value: depositAmount });          // Step 2: Try to collect immediately     // Original: should revert because unlockTime is now (current timestamp),     // and block.timestamp > unlockTime is false (they're equal)     // Mutant: would succeed because unlockTime is in the past     await expect(       instance.connect(addr1).Collect(depositAmount)     ).to.be.reverted;   }); });","""['Error: syntax error']"""
m34b2815d,W_WALLET,<generic-v6-scaffold>,Put,live,>,>= ,---|         acc.unlockTime = _unlockTime>block.timestamp?_unlockTime:block.timestamp; +++|         acc.unlockTime = _unlockTime>= block.timestamp?_unlockTime:block.timestamp;,11,Mutant m34b2815d of function Put replaces > with >=,"pragma solidity ^0.8.0; contract W_WALLET { function Put(uint _unlockTime) public payable { Holder storage acc = Acc[msg.sender]; require(((acc.balance + msg.value) >= acc.balance)); acc.balance += msg.value; acc.unlockTime = _unlockTime>block.timestamp?_unlockTime:block.timestamp; LogFile.AddMessage(msg.sender,msg.value,""Put""); } function Collect(uint _am) public payable { Holder storage acc = Acc[msg.sender]; if( acc.balance>=MinSum && acc.balance>=_am && block.timestamp>acc.unlockTime) { acc.balance = (acc.balance - _am); { (bool _s, bytes memory _d) = msg.sender.call{value: _am}(""""); _d; if (_s) { LogFile.AddMessage(msg.sender,_am,""Collect""); } else {revert (); } } } } fallback() external payable { Put(0); } struct Holder { uint unlockTime; uint balance; } mapping (address => Holder) public Acc; Log LogFile; uint public MinSum = 1 ether; constructor(address log) public{ LogFile = Log(log); } } contract Log { struct Message { address Sender; string  Data; uint Val; uint  Time; } Message[] public History; Message LastMsg; function AddMessage(address _adr,uint _val, string memory _data) public { LastMsg.Sender = _adr; LastMsg.Time = block.timestamp; LastMsg.Val = _val; LastMsg.Data = _data; History.push(LastMsg); } }","import { expect } from ""chai""; import { ethers } from ""hardhat""; describe(""W_WALLET reference (ethers v6; deploy may require constructor arguments)"", function () { it(""deploy W_WALLET by supplying its REQUIRED constructor arguments (read them from the contract constructor), then call methods and assert; use ethers.parseEther, await (await tx).wait(), and expect(...).to.be.reverted"", async function () { const [owner, addr1, addr2] = await ethers.getSigners(); const Factory = await ethers.getContractFactory(""W_WALLET""); const instance = await Factory.deploy(...constructorArgs); await instance.waitForDeployment(); }); });",False,False,"import { expect } from ""chai""; import { ethers } } from ""hardhat"";  describe(""W_WALLET mutant kill test - m34b2815d"", function () {   it(""should revert on Collect when _unlockTime equals block.timestamp (original behavior)"", async function () {     const [owner, addr1] = await ethers.getSigners();          // Deploy the Log contract first (required by W_WALLET constructor)     const LogFactory = await ethers.getContractFactory(""Log"");     const log = await LogFactory.deploy();     await log.waitForDeployment();          // Deploy W_WALLET with the Log address     const Factory = await ethers.getContractFactory(""W_WALLET"");     const instance = await Factory.deploy(await log.getAddress());     await instance.waitForDeployment();          // Get current block timestamp     const blockNum = await ethers.provider.getBlockNumber();     const block = await ethers.provider.getBlock(blockNum);     const currentTimestamp = block.timestamp;          // Call Put with _unlockTime exactly equal to current timestamp     const putAmount = ethers.parseEther(""2"");     const putTx = await instance.connect(addr1).Put(currentTimestamp, { value: putAmount });     await putTx.wait();          // Now try to Collect with amount less than balance     // Original contract requires block.timestamp > unlockTime (strictly greater)     // Since we set unlockTime = block.timestamp, this should fail in original     const collectAmount = ethers.parseEther(""1"");          // Mine a new block with same timestamp (to ensure we're at the same time)     await ethers.provider.send(""evm_mine"", [currentTimestamp]);          // This should revert because block.timestamp is NOT strictly greater than unlockTime     await expect(       instance.connect(addr1).Collect(collectAmount)     ).to.be.reverted;   }); });","""['Error: syntax error']"""
md05100a9,W_WALLET,<generic-v6-scaffold>,Collect,live, && , || ,---|         if( acc.balance>=MinSum && acc.balance>=_am && block.timestamp>acc.unlockTime) +++|         if( acc.balance>=MinSum && acc.balance>=_am || block.timestamp>acc.unlockTime),18,Mutant md05100a9 of function Collect replaces && with ||,"pragma solidity ^0.8.0; contract W_WALLET { function Put(uint _unlockTime) public payable { Holder storage acc = Acc[msg.sender]; require(((acc.balance + msg.value) >= acc.balance)); acc.balance += msg.value; acc.unlockTime = _unlockTime>block.timestamp?_unlockTime:block.timestamp; LogFile.AddMessage(msg.sender,msg.value,""Put""); } function Collect(uint _am) public payable { Holder storage acc = Acc[msg.sender]; if( acc.balance>=MinSum && acc.balance>=_am && block.timestamp>acc.unlockTime) { acc.balance = (acc.balance - _am); { (bool _s, bytes memory _d) = msg.sender.call{value: _am}(""""); _d; if (_s) { LogFile.AddMessage(msg.sender,_am,""Collect""); } else {revert (); } } } } fallback() external payable { Put(0); } struct Holder { uint unlockTime; uint balance; } mapping (address => Holder) public Acc; Log LogFile; uint public MinSum = 1 ether; constructor(address log) public{ LogFile = Log(log); } } contract Log { struct Message { address Sender; string  Data; uint Val; uint  Time; } Message[] public History; Message LastMsg; function AddMessage(address _adr,uint _val, string memory _data) public { LastMsg.Sender = _adr; LastMsg.Time = block.timestamp; LastMsg.Val = _val; LastMsg.Data = _data; History.push(LastMsg); } }","import { expect } from ""chai""; import { ethers } from ""hardhat""; describe(""W_WALLET reference (ethers v6; deploy may require constructor arguments)"", function () { it(""deploy W_WALLET by supplying its REQUIRED constructor arguments (read them from the contract constructor), then call methods and assert; use ethers.parseEther, await (await tx).wait(), and expect(...).to.be.reverted"", async function () { const [owner, addr1, addr2] = await ethers.getSigners(); const Factory = await ethers.getContractFactory(""W_WALLET""); const instance = await Factory.deploy(...constructorArgs); await instance.waitForDeployment(); }); });",False,False,"import { expect } from ""chai""; import { ethers } } from ""hardhat"";  describe(""W_WALLET mutant detection test"", function () {   it(""should revert when user tries to collect before unlock time despite having sufficient balance (detects || mutant)"", async function () {     const [owner, user] = await ethers.getSigners();          // Deploy Log contract first (required by W_WALLET constructor)     const LogFactory = await ethers.getContractFactory(""Log"");     const log = await LogFactory.deploy();     await log.waitForDeployment();          // Deploy W_WALLET with Log address     const W_WALLETFactory = await ethers.getContractFactory(""W_WALLET"");     const wallet = await W_WALLETFactory.deploy(await log.getAddress());     await wallet.waitForDeployment();          // User deposits 2 ether (more than MinSum = 1 ether)     const depositAmount = ethers.parseEther(""2"");     await wallet.connect(user).Put(0, { value: depositAmount });          // Now user tries to collect 1 ether BEFORE unlock time (unlockTime was set to block.timestamp by Put(0))     // Since block.timestamp is not > unlockTime (they're equal), original requires revert     // But mutant would allow because balance conditions are met     const collectAmount = ethers.parseEther(""1"");          // This should revert on original but might succeed on mutant     // We expect revert to kill the mutant     await expect(       wallet.connect(user).Collect(collectAmount)     ).to.be.reverted;   }); });","""['Error: syntax error']"""
ma8fde182,W_WALLET,<generic-v6-scaffold>,Collect,live, && , || ,---|         if( acc.balance>=MinSum && acc.balance>=_am && block.timestamp>acc.unlockTime) +++|         if( acc.balance>=MinSum || acc.balance>=_am && block.timestamp>acc.unlockTime),18,Mutant ma8fde182 of function Collect replaces && with ||,"pragma solidity ^0.8.0; contract W_WALLET { function Put(uint _unlockTime) public payable { Holder storage acc = Acc[msg.sender]; require(((acc.balance + msg.value) >= acc.balance)); acc.balance += msg.value; acc.unlockTime = _unlockTime>block.timestamp?_unlockTime:block.timestamp; LogFile.AddMessage(msg.sender,msg.value,""Put""); } function Collect(uint _am) public payable { Holder storage acc = Acc[msg.sender]; if( acc.balance>=MinSum && acc.balance>=_am && block.timestamp>acc.unlockTime) { acc.balance = (acc.balance - _am); { (bool _s, bytes memory _d) = msg.sender.call{value: _am}(""""); _d; if (_s) { LogFile.AddMessage(msg.sender,_am,""Collect""); } else {revert (); } } } } fallback() external payable { Put(0); } struct Holder { uint unlockTime; uint balance; } mapping (address => Holder) public Acc; Log LogFile; uint public MinSum = 1 ether; constructor(address log) public{ LogFile = Log(log); } } contract Log { struct Message { address Sender; string  Data; uint Val; uint  Time; } Message[] public History; Message LastMsg; function AddMessage(address _adr,uint _val, string memory _data) public { LastMsg.Sender = _adr; LastMsg.Time = block.timestamp; LastMsg.Val = _val; LastMsg.Data = _data; History.push(LastMsg); } }","import { expect } from ""chai""; import { ethers } from ""hardhat""; describe(""W_WALLET reference (ethers v6; deploy may require constructor arguments)"", function () { it(""deploy W_WALLET by supplying its REQUIRED constructor arguments (read them from the contract constructor), then call methods and assert; use ethers.parseEther, await (await tx).wait(), and expect(...).to.be.reverted"", async function () { const [owner, addr1, addr2] = await ethers.getSigners(); const Factory = await ethers.getContractFactory(""W_WALLET""); const instance = await Factory.deploy(...constructorArgs); await instance.waitForDeployment(); }); });",False,False,"import { expect } from ""chai""; import { ethers } from ""hardhat"";  describe(""W_WALLET mutant kill test"", function () {   it(""should kill mutant ma8fde182 by exploiting || operator change in Collect"", async function () {     const [owner, user] = await ethers.getSigners();          // Deploy Log contract first (required constructor argument for W_WALLET)     const LogFactory = await ethers.getContractFactory(""Log"");     const log = await LogFactory.deploy();     await log.waitForDeployment();          // Deploy W_WALLET with Log address     const WalletFactory = await ethers.getContractFactory(""W_WALLET"");     const wallet = await WalletFactory.deploy(await log.getAddress());     await wallet.waitForDeployment();          // Get MinSum value (default is 1 ether)     const minSum = await wallet.MinSum();          // User deposits an amount less than MinSum (e.g., 0.5 ether)     const depositAmount = ethers.parseEther(""0.5"");     const txPut = await wallet.connect(user).Put(0, { value: depositAmount });     await txPut.wait();          // Verify user balance is less than MinSum     const userBalance = (await wallet.Acc(user.getAddress())).balance;     expect(userBalance).to.be.lessThan(minSum);          // Wait for block.timestamp to pass unlockTime (unlockTime was set to block.timestamp by Put(0))     await ethers.provider.send(""evm_increaseTime"", [2]); // advance by 2 seconds     await ethers.provider.send(""evm_mine"", []);          // Attempt to collect an amount equal to user's balance     // In original: should revert because balance < MinSum (first condition fails with &&)     // In mutant: should succeed because balance >= _am and time > unlockTime (second part of || passes)     const collectAmount = depositAmount;          // The original would revert here, but mutant would allow it     // We expect this to succeed in the mutant (kill detection)     const txCollect = await wallet.connect(user).Collect(collectAmount);     await txCollect.wait();          // Verify the collection actually happened (mutant allowed it despite low balance)     const finalBalance = (await wallet.Acc(user.getAddress())).balance;     expect(finalBalance).to.equal(0);   }); });","""['Error: syntax error']"""
m0d55ce44,W_WALLET,<generic-v6-scaffold>,Collect,live,>=, >,---|         if( acc.balance>=MinSum && acc.balance>=_am && block.timestamp>acc.unlockTime) +++|         if( acc.balance >MinSum && acc.balance>=_am && block.timestamp>acc.unlockTime),18,Mutant m0d55ce44 of function Collect replaces >= with >,"pragma solidity ^0.8.0; contract W_WALLET { function Put(uint _unlockTime) public payable { Holder storage acc = Acc[msg.sender]; require(((acc.balance + msg.value) >= acc.balance)); acc.balance += msg.value; acc.unlockTime = _unlockTime>block.timestamp?_unlockTime:block.timestamp; LogFile.AddMessage(msg.sender,msg.value,""Put""); } function Collect(uint _am) public payable { Holder storage acc = Acc[msg.sender]; if( acc.balance>=MinSum && acc.balance>=_am && block.timestamp>acc.unlockTime) { acc.balance = (acc.balance - _am); { (bool _s, bytes memory _d) = msg.sender.call{value: _am}(""""); _d; if (_s) { LogFile.AddMessage(msg.sender,_am,""Collect""); } else {revert (); } } } } fallback() external payable { Put(0); } struct Holder { uint unlockTime; uint balance; } mapping (address => Holder) public Acc; Log LogFile; uint public MinSum = 1 ether; constructor(address log) public{ LogFile = Log(log); } } contract Log { struct Message { address Sender; string  Data; uint Val; uint  Time; } Message[] public History; Message LastMsg; function AddMessage(address _adr,uint _val, string memory _data) public { LastMsg.Sender = _adr; LastMsg.Time = block.timestamp; LastMsg.Val = _val; LastMsg.Data = _data; History.push(LastMsg); } }","import { expect } from ""chai""; import { ethers } from ""hardhat""; describe(""W_WALLET reference (ethers v6; deploy may require constructor arguments)"", function () { it(""deploy W_WALLET by supplying its REQUIRED constructor arguments (read them from the contract constructor), then call methods and assert; use ethers.parseEther, await (await tx).wait(), and expect(...).to.be.reverted"", async function () { const [owner, addr1, addr2] = await ethers.getSigners(); const Factory = await ethers.getContractFactory(""W_WALLET""); const instance = await Factory.deploy(...constructorArgs); await instance.waitForDeployment(); }); });",False,False,"import { expect } from ""chai""; import { ethers } } from ""hardhat"";  describe(""W_WALLET mutant m0d55ce44 - kill test"", function () {   it(""should revert when balance equals MinSum due to > instead of >="", async function () {     const [owner, addr1] = await ethers.getSigners();          // Deploy Log contract first (required by W_WALLET constructor)     const LogFactory = await ethers.getContractFactory(""Log"");     const log = await LogFactory.deploy();     await log.waitForDeployment();          // Deploy W_WALLET with Log address     const Factory = await ethers.getContractFactory(""W_WALLET"");     const instance = await Factory.deploy(await log.getAddress());     await instance.waitForDeployment();          // Deposit exactly 1 ether (MinSum = 1 ether) from addr1     const depositAmount = ethers.parseEther(""1"");     const txDeposit = await instance.connect(addr1).Put(0, { value: depositAmount });     await txDeposit.wait();          // Verify balance equals MinSum     const holder = await instance.Acc(addr1.address);     expect(holder.balance).to.equal(depositAmount);          // Attempt to collect exactly 1 ether     // On original: should succeed (balance >= MinSum)     // On mutant: should revert (balance > MinSum is false when equal)     await expect(       instance.connect(addr1).Collect(depositAmount)     ).to.be.reverted;   }); });","""['Error: syntax error']"""
m8c9d18ff,W_WALLET,<generic-v6-scaffold>,Collect,live,>=,<=,---|         if( acc.balance>=MinSum && acc.balance>=_am && block.timestamp>acc.unlockTime) +++|         if( acc.balance<=MinSum && acc.balance>=_am && block.timestamp>acc.unlockTime),18,Mutant m8c9d18ff of function Collect replaces >= with <=,"pragma solidity ^0.8.0; contract W_WALLET { function Put(uint _unlockTime) public payable { Holder storage acc = Acc[msg.sender]; require(((acc.balance + msg.value) >= acc.balance)); acc.balance += msg.value; acc.unlockTime = _unlockTime>block.timestamp?_unlockTime:block.timestamp; LogFile.AddMessage(msg.sender,msg.value,""Put""); } function Collect(uint _am) public payable { Holder storage acc = Acc[msg.sender]; if( acc.balance>=MinSum && acc.balance>=_am && block.timestamp>acc.unlockTime) { acc.balance = (acc.balance - _am); { (bool _s, bytes memory _d) = msg.sender.call{value: _am}(""""); _d; if (_s) { LogFile.AddMessage(msg.sender,_am,""Collect""); } else {revert (); } } } } fallback() external payable { Put(0); } struct Holder { uint unlockTime; uint balance; } mapping (address => Holder) public Acc; Log LogFile; uint public MinSum = 1 ether; constructor(address log) public{ LogFile = Log(log); } } contract Log { struct Message { address Sender; string  Data; uint Val; uint  Time; } Message[] public History; Message LastMsg; function AddMessage(address _adr,uint _val, string memory _data) public { LastMsg.Sender = _adr; LastMsg.Time = block.timestamp; LastMsg.Val = _val; LastMsg.Data = _data; History.push(LastMsg); } }","import { expect } from ""chai""; import { ethers } from ""hardhat""; describe(""W_WALLET reference (ethers v6; deploy may require constructor arguments)"", function () { it(""deploy W_WALLET by supplying its REQUIRED constructor arguments (read them from the contract constructor), then call methods and assert; use ethers.parseEther, await (await tx).wait(), and expect(...).to.be.reverted"", async function () { const [owner, addr1, addr2] = await ethers.getSigners(); const Factory = await ethers.getContractFactory(""W_WALLET""); const instance = await Factory.deploy(...constructorArgs); await instance.waitForDeployment(); }); });",False,False,"import { expect } from ""chai""; import { ethers } from ""hardhat"";  describe(""W_WALLET mutant m8c9d18ff test"", function () {   it(""should detect mutant by allowing Collect when balance > MinSum in original but reverting in mutant"", async function () {     const [owner, addr1] = await ethers.getSigners();          // Deploy Log contract first (required by W_WALLET constructor)     const LogFactory = await ethers.getContractFactory(""Log"");     const log = await LogFactory.deploy();     await log.waitForDeployment();          // Deploy W_WALLET with Log address     const Factory = await ethers.getContractFactory(""W_WALLET"");     const instance = await Factory.deploy(await log.getAddress());     await instance.waitForDeployment();          // Deposit more than MinSum (MinSum = 1 ether)     const depositAmount = ethers.parseEther(""2"");     const unlockTime = Math.floor(Date.now() / 1000) + 3600; // 1 hour in future          await instance.connect(addr1).Put(unlockTime, { value: depositAmount });          // Wait for unlock time to pass     await ethers.provider.send(""evm_setNextBlockTimestamp"", [unlockTime + 1]);     await ethers.provider.send(""evm_mine"");          // Attempt to collect 1 ether (balance > MinSum should succeed in original)     const collectAmount = ethers.parseEther(""1"");          // In the mutant, this should revert because balance (2 ether) > MinSum (1 ether)     // but mutant requires balance <= MinSum     await expect(       instance.connect(addr1).Collect(collectAmount)     ).to.be.reverted;   }); });","""['Error: syntax error']"""
m37dee58a,W_WALLET,<generic-v6-scaffold>,Collect,live,>=,==,---|         if( acc.balance>=MinSum && acc.balance>=_am && block.timestamp>acc.unlockTime) +++|         if( acc.balance==MinSum && acc.balance>=_am && block.timestamp>acc.unlockTime),18,Mutant m37dee58a of function Collect replaces >= with ==,"pragma solidity ^0.8.0; contract W_WALLET { function Put(uint _unlockTime) public payable { Holder storage acc = Acc[msg.sender]; require(((acc.balance + msg.value) >= acc.balance)); acc.balance += msg.value; acc.unlockTime = _unlockTime>block.timestamp?_unlockTime:block.timestamp; LogFile.AddMessage(msg.sender,msg.value,""Put""); } function Collect(uint _am) public payable { Holder storage acc = Acc[msg.sender]; if( acc.balance>=MinSum && acc.balance>=_am && block.timestamp>acc.unlockTime) { acc.balance = (acc.balance - _am); { (bool _s, bytes memory _d) = msg.sender.call{value: _am}(""""); _d; if (_s) { LogFile.AddMessage(msg.sender,_am,""Collect""); } else {revert (); } } } } fallback() external payable { Put(0); } struct Holder { uint unlockTime; uint balance; } mapping (address => Holder) public Acc; Log LogFile; uint public MinSum = 1 ether; constructor(address log) public{ LogFile = Log(log); } } contract Log { struct Message { address Sender; string  Data; uint Val; uint  Time; } Message[] public History; Message LastMsg; function AddMessage(address _adr,uint _val, string memory _data) public { LastMsg.Sender = _adr; LastMsg.Time = block.timestamp; LastMsg.Val = _val; LastMsg.Data = _data; History.push(LastMsg); } }","import { expect } from ""chai""; import { ethers } from ""hardhat""; describe(""W_WALLET reference (ethers v6; deploy may require constructor arguments)"", function () { it(""deploy W_WALLET by supplying its REQUIRED constructor arguments (read them from the contract constructor), then call methods and assert; use ethers.parseEther, await (await tx).wait(), and expect(...).to.be.reverted"", async function () { const [owner, addr1, addr2] = await ethers.getSigners(); const Factory = await ethers.getContractFactory(""W_WALLET""); const instance = await Factory.deploy(...constructorArgs); await instance.waitForDeployment(); }); });",False,False,"import { expect } from ""chai""; import { ethers } from ""hardhat"";  describe(""W_WALLET - kill mutant m37dee58a (balance==MinSum instead of >=)"", function () {   it(""should revert when balance > MinSum and trying to collect MinSum (mutant fails)"", async function () {     const [owner, addr1] = await ethers.getSigners();     const LogFactory = await ethers.getContractFactory(""Log"");     const log = await LogFactory.deploy();     await log.waitForDeployment();      const Factory = await ethers.getContractFactory(""W_WALLET"");     const instance = await Factory.deploy(log.target);     await instance.waitForDeployment();      // MinSum is 1 ether by default     const MinSum = ethers.parseEther(""1"");     const depositAmount = ethers.parseEther(""2""); // > MinSum      // addr1 deposits 2 ether (balance > MinSum)     await instance.connect(addr1).Put(0, { value: depositAmount });          // Now addr1's balance is 2 ether, which is > MinSum     // In original contract: acc.balance >= MinSum is true -> should succeed     // In mutant: acc.balance == MinSum is false -> should revert     await expect(       instance.connect(addr1).Collect(MinSum)     ).to.be.reverted;   }); });","""['Error: syntax error']"""
m4f583c86,W_WALLET,<generic-v6-scaffold>,Collect,live,>=, >,---|         if( acc.balance>=MinSum && acc.balance>=_am && block.timestamp>acc.unlockTime) +++|         if( acc.balance>=MinSum && acc.balance >_am && block.timestamp>acc.unlockTime),18,Mutant m4f583c86 of function Collect replaces >= with >,"pragma solidity ^0.8.0; contract W_WALLET { function Put(uint _unlockTime) public payable { Holder storage acc = Acc[msg.sender]; require(((acc.balance + msg.value) >= acc.balance)); acc.balance += msg.value; acc.unlockTime = _unlockTime>block.timestamp?_unlockTime:block.timestamp; LogFile.AddMessage(msg.sender,msg.value,""Put""); } function Collect(uint _am) public payable { Holder storage acc = Acc[msg.sender]; if( acc.balance>=MinSum && acc.balance>=_am && block.timestamp>acc.unlockTime) { acc.balance = (acc.balance - _am); { (bool _s, bytes memory _d) = msg.sender.call{value: _am}(""""); _d; if (_s) { LogFile.AddMessage(msg.sender,_am,""Collect""); } else {revert (); } } } } fallback() external payable { Put(0); } struct Holder { uint unlockTime; uint balance; } mapping (address => Holder) public Acc; Log LogFile; uint public MinSum = 1 ether; constructor(address log) public{ LogFile = Log(log); } } contract Log { struct Message { address Sender; string  Data; uint Val; uint  Time; } Message[] public History; Message LastMsg; function AddMessage(address _adr,uint _val, string memory _data) public { LastMsg.Sender = _adr; LastMsg.Time = block.timestamp; LastMsg.Val = _val; LastMsg.Data = _data; History.push(LastMsg); } }","import { expect } from ""chai""; import { ethers } from ""hardhat""; describe(""W_WALLET reference (ethers v6; deploy may require constructor arguments)"", function () { it(""deploy W_WALLET by supplying its REQUIRED constructor arguments (read them from the contract constructor), then call methods and assert; use ethers.parseEther, await (await tx).wait(), and expect(...).to.be.reverted"", async function () { const [owner, addr1, addr2] = await ethers.getSigners(); const Factory = await ethers.getContractFactory(""W_WALLET""); const instance = await Factory.deploy(...constructorArgs); await instance.waitForDeployment(); }); });",False,False,"import { expect } from ""chai""; import { ethers } from ""hardhat"";  describe(""W_WALLET mutant detection - m4f583c86"", function () {   it(""should revert when withdrawing exact balance on mutant (uses > instead of >=)"", async function () {     const [owner, addr1] = await ethers.getSigners();          // Deploy the Log contract first (required by W_WALLET constructor)     const LogFactory = await ethers.getContractFactory(""Log"");     const log = await LogFactory.deploy();     await log.waitForDeployment();          // Deploy W_WALLET with Log address as constructor argument     const Factory = await ethers.getContractFactory(""W_WALLET"");     const instance = await Factory.deploy(await log.getAddress());     await instance.waitForDeployment();          // Fund addr1 with some ether and deposit it into the wallet     const depositAmount = ethers.parseEther(""2"");     const txPut = await instance.connect(addr1).Put(0, { value: depositAmount });     await txPut.wait();          // Verify balance was deposited (MinSum = 1 ether, so 2 ether is sufficient)     const holder = await instance.Acc(addr1.address);     expect(holder.balance).to.equal(depositAmount);          // Wait for the unlock time to pass (block.timestamp was set at deposit time)     const currentBlock = await ethers.provider.getBlock(""latest"");     const unlockTime = holder.unlockTime;     if (currentBlock!.timestamp <= unlockTime) {       await ethers.provider.send(""evm_setNextBlockTimestamp"", [Number(unlockTime) + 1]);       await ethers.provider.send(""evm_mine"", []);     }          // Attempt to withdraw the EXACT full balance (this should pass on original, fail on mutant)     const withdrawAmount = depositAmount; // Withdraw exact balance     await expect(       instance.connect(addr1).Collect(withdrawAmount)     ).to.be.reverted; // Mutant will revert because acc.balance > _am is false when equal   }); });","""['Error: syntax error']"""
m2f010c39,W_WALLET,<generic-v6-scaffold>,Collect,live,>=,<=,---|         if( acc.balance>=MinSum && acc.balance>=_am && block.timestamp>acc.unlockTime) +++|         if( acc.balance>=MinSum && acc.balance<=_am && block.timestamp>acc.unlockTime),18,Mutant m2f010c39 of function Collect replaces >= with <=,"pragma solidity ^0.8.0; contract W_WALLET { function Put(uint _unlockTime) public payable { Holder storage acc = Acc[msg.sender]; require(((acc.balance + msg.value) >= acc.balance)); acc.balance += msg.value; acc.unlockTime = _unlockTime>block.timestamp?_unlockTime:block.timestamp; LogFile.AddMessage(msg.sender,msg.value,""Put""); } function Collect(uint _am) public payable { Holder storage acc = Acc[msg.sender]; if( acc.balance>=MinSum && acc.balance>=_am && block.timestamp>acc.unlockTime) { acc.balance = (acc.balance - _am); { (bool _s, bytes memory _d) = msg.sender.call{value: _am}(""""); _d; if (_s) { LogFile.AddMessage(msg.sender,_am,""Collect""); } else {revert (); } } } } fallback() external payable { Put(0); } struct Holder { uint unlockTime; uint balance; } mapping (address => Holder) public Acc; Log LogFile; uint public MinSum = 1 ether; constructor(address log) public{ LogFile = Log(log); } } contract Log { struct Message { address Sender; string  Data; uint Val; uint  Time; } Message[] public History; Message LastMsg; function AddMessage(address _adr,uint _val, string memory _data) public { LastMsg.Sender = _adr; LastMsg.Time = block.timestamp; LastMsg.Val = _val; LastMsg.Data = _data; History.push(LastMsg); } }","import { expect } from ""chai""; import { ethers } from ""hardhat""; describe(""W_WALLET reference (ethers v6; deploy may require constructor arguments)"", function () { it(""deploy W_WALLET by supplying its REQUIRED constructor arguments (read them from the contract constructor), then call methods and assert; use ethers.parseEther, await (await tx).wait(), and expect(...).to.be.reverted"", async function () { const [owner, addr1, addr2] = await ethers.getSigners(); const Factory = await ethers.getContractFactory(""W_WALLET""); const instance = await Factory.deploy(...constructorArgs); await instance.waitForDeployment(); }); });",False,False,"import { expect } from ""chai""; import { ethers } from ""hardhat"";  describe(""W_WALLET mutant kill test - m2f010c39"", function () {   it(""should revert when collecting more than balance in original, but mutant allows overdraft"", async function () {     const [owner, addr1] = await ethers.getSigners();          // Deploy Log contract first (required constructor arg for W_WALLET)     const LogFactory = await ethers.getContractFactory(""Log"");     const log = await LogFactory.deploy();     await log.waitForDeployment();          // Deploy W_WALLET with Log address     const Factory = await ethers.getContractFactory(""W_WALLET"");     const instance = await Factory.deploy(await log.getAddress());     await instance.waitForDeployment();          // Deposit exactly 1 ether from addr1     const depositAmount = ethers.parseEther(""1"");     await instance.connect(addr1).Put(0, { value: depositAmount });          // Attempt to collect 2 ether (more than balance)     const withdrawAmount = ethers.parseEther(""2"");          // In the original, this should revert (balance < withdrawal amount)     // In the mutant (balance <= _am), 1 ether <= 2 ether is TRUE, so it would NOT revert -> kills the mutant     await expect(       instance.connect(addr1).Collect(withdrawAmount)     ).to.be.reverted;   }); });","""['Error: syntax error']"""
me41bfd3c,W_WALLET,<generic-v6-scaffold>,Collect,live,>=,==,---|         if( acc.balance>=MinSum && acc.balance>=_am && block.timestamp>acc.unlockTime) +++|         if( acc.balance>=MinSum && acc.balance==_am && block.timestamp>acc.unlockTime),18,Mutant me41bfd3c of function Collect replaces >= with ==,"pragma solidity ^0.8.0; contract W_WALLET { function Put(uint _unlockTime) public payable { Holder storage acc = Acc[msg.sender]; require(((acc.balance + msg.value) >= acc.balance)); acc.balance += msg.value; acc.unlockTime = _unlockTime>block.timestamp?_unlockTime:block.timestamp; LogFile.AddMessage(msg.sender,msg.value,""Put""); } function Collect(uint _am) public payable { Holder storage acc = Acc[msg.sender]; if( acc.balance>=MinSum && acc.balance>=_am && block.timestamp>acc.unlockTime) { acc.balance = (acc.balance - _am); { (bool _s, bytes memory _d) = msg.sender.call{value: _am}(""""); _d; if (_s) { LogFile.AddMessage(msg.sender,_am,""Collect""); } else {revert (); } } } } fallback() external payable { Put(0); } struct Holder { uint unlockTime; uint balance; } mapping (address => Holder) public Acc; Log LogFile; uint public MinSum = 1 ether; constructor(address log) public{ LogFile = Log(log); } } contract Log { struct Message { address Sender; string  Data; uint Val; uint  Time; } Message[] public History; Message LastMsg; function AddMessage(address _adr,uint _val, string memory _data) public { LastMsg.Sender = _adr; LastMsg.Time = block.timestamp; LastMsg.Val = _val; LastMsg.Data = _data; History.push(LastMsg); } }","import { expect } from ""chai""; import { ethers } from ""hardhat""; describe(""W_WALLET reference (ethers v6; deploy may require constructor arguments)"", function () { it(""deploy W_WALLET by supplying its REQUIRED constructor arguments (read them from the contract constructor), then call methods and assert; use ethers.parseEther, await (await tx).wait(), and expect(...).to.be.reverted"", async function () { const [owner, addr1, addr2] = await ethers.getSigners(); const Factory = await ethers.getContractFactory(""W_WALLET""); const instance = await Factory.deploy(...constructorArgs); await instance.waitForDeployment(); }); });",False,False,"import { expect } from ""chai""; import { ethers } from ""hardhat"";  describe(""W_WALLET mutant me41bfd3c"", function () {   it(""should kill the mutant by withdrawing less than full balance when balance > amount"", async function () {     const [owner, addr1] = await ethers.getSigners();          // Deploy Log contract first (required by W_WALLET constructor)     const LogFactory = await ethers.getContractFactory(""Log"");     const logInstance = await LogFactory.deploy();     await logInstance.waitForDeployment();          // Deploy W_WALLET with Log address     const WalletFactory = await ethers.getContractFactory(""W_WALLET"");     const wallet = await WalletFactory.deploy(await logInstance.getAddress());     await wallet.waitForDeployment();          const walletAddress = await wallet.getAddress();          // Deposit 2 ether from addr1 (balance will be 2 ether)     const depositAmount = ethers.parseEther(""2"");     await wallet.connect(addr1).Put(0, { value: depositAmount });          // Verify balance is 2 ether     const holder = await wallet.Acc(addr1.address);     expect(holder.balance).to.equal(depositAmount);          // Attempt to withdraw only 1 ether (less than full balance)     const withdrawAmount = ethers.parseEther(""1"");          // On original contract this succeeds (2 >= 1), on mutant it reverts (2 != 1)     await expect(       wallet.connect(addr1).Collect(withdrawAmount)     ).to.be.reverted;   }); });","""['Error: syntax error']"""
m22505dd7,W_WALLET,<generic-v6-scaffold>,Collect,live,>,<,---|         if( acc.balance>=MinSum && acc.balance>=_am && block.timestamp>acc.unlockTime) +++|         if( acc.balance>=MinSum && acc.balance>=_am && block.timestamp<acc.unlockTime),18,Mutant m22505dd7 of function Collect replaces > with <,"pragma solidity ^0.8.0; contract W_WALLET { function Put(uint _unlockTime) public payable { Holder storage acc = Acc[msg.sender]; require(((acc.balance + msg.value) >= acc.balance)); acc.balance += msg.value; acc.unlockTime = _unlockTime>block.timestamp?_unlockTime:block.timestamp; LogFile.AddMessage(msg.sender,msg.value,""Put""); } function Collect(uint _am) public payable { Holder storage acc = Acc[msg.sender]; if( acc.balance>=MinSum && acc.balance>=_am && block.timestamp>acc.unlockTime) { acc.balance = (acc.balance - _am); { (bool _s, bytes memory _d) = msg.sender.call{value: _am}(""""); _d; if (_s) { LogFile.AddMessage(msg.sender,_am,""Collect""); } else {revert (); } } } } fallback() external payable { Put(0); } struct Holder { uint unlockTime; uint balance; } mapping (address => Holder) public Acc; Log LogFile; uint public MinSum = 1 ether; constructor(address log) public{ LogFile = Log(log); } } contract Log { struct Message { address Sender; string  Data; uint Val; uint  Time; } Message[] public History; Message LastMsg; function AddMessage(address _adr,uint _val, string memory _data) public { LastMsg.Sender = _adr; LastMsg.Time = block.timestamp; LastMsg.Val = _val; LastMsg.Data = _data; History.push(LastMsg); } }","import { expect } from ""chai""; import { ethers } from ""hardhat""; describe(""W_WALLET reference (ethers v6; deploy may require constructor arguments)"", function () { it(""deploy W_WALLET by supplying its REQUIRED constructor arguments (read them from the contract constructor), then call methods and assert; use ethers.parseEther, await (await tx).wait(), and expect(...).to.be.reverted"", async function () { const [owner, addr1, addr2] = await ethers.getSigners(); const Factory = await ethers.getContractFactory(""W_WALLET""); const instance = await Factory.deploy(...constructorArgs); await instance.waitForDeployment(); }); });",False,False,"import { expect } from ""chai""; import { ethers } from ""hardhat"";  describe(""W_WALLET mutant m22505dd7 detection"", function () {   it(""should detect mutant by attempting Collect after unlock time"", async function () {     const [owner, addr1] = await ethers.getSigners();          // Deploy Log contract first (required constructor argument for W_WALLET)     const LogFactory = await ethers.getContractFactory(""Log"");     const log = await LogFactory.deploy();     await log.waitForDeployment();          // Deploy W_WALLET with Log address as constructor argument     const Factory = await ethers.getContractFactory(""W_WALLET"");     const instance = await Factory.deploy(await log.getAddress());     await instance.waitForDeployment();          // Set MinSum to 0 for easier testing (optional, default is 1 ether)     // We'll work with 1 ether minimum as per contract default          // Deposit 2 ether with unlock time set to current block timestamp + 60 seconds     const depositAmount = ethers.parseEther(""2"");     const futureTime = (await ethers.provider.getBlock(""latest"")).timestamp + 60;          await instance.connect(addr1).Put(futureTime, { value: depositAmount });          // Verify deposit was recorded     const holder = await instance.Acc(addr1.address);     expect(holder.balance).to.equal(depositAmount);     expect(holder.unlockTime).to.equal(futureTime);          // Fast forward time past the unlock time     await ethers.provider.send(""evm_setNextBlockTimestamp"", [futureTime + 10]);     await ethers.provider.send(""evm_mine"");          // Attempt to collect 1 ether (should succeed on original, fail on mutant)     const collectAmount = ethers.parseEther(""1"");          // This transaction should revert on the mutant (block.timestamp < unlockTime is false)     // and succeed on the original (block.timestamp > unlockTime is true)     await expect(       instance.connect(addr1).Collect(collectAmount)     ).to.be.reverted;   }); });","""['Error: syntax error']"""
m35bcafb6,W_WALLET,<generic-v6-scaffold>,Collect,live,>,>= ,---|         if( acc.balance>=MinSum && acc.balance>=_am && block.timestamp>acc.unlockTime) +++|         if( acc.balance>=MinSum && acc.balance>=_am && block.timestamp>= acc.unlockTime),18,Mutant m35bcafb6 of function Collect replaces > with >=,"pragma solidity ^0.8.0; contract W_WALLET { function Put(uint _unlockTime) public payable { Holder storage acc = Acc[msg.sender]; require(((acc.balance + msg.value) >= acc.balance)); acc.balance += msg.value; acc.unlockTime = _unlockTime>block.timestamp?_unlockTime:block.timestamp; LogFile.AddMessage(msg.sender,msg.value,""Put""); } function Collect(uint _am) public payable { Holder storage acc = Acc[msg.sender]; if( acc.balance>=MinSum && acc.balance>=_am && block.timestamp>acc.unlockTime) { acc.balance = (acc.balance - _am); { (bool _s, bytes memory _d) = msg.sender.call{value: _am}(""""); _d; if (_s) { LogFile.AddMessage(msg.sender,_am,""Collect""); } else {revert (); } } } } fallback() external payable { Put(0); } struct Holder { uint unlockTime; uint balance; } mapping (address => Holder) public Acc; Log LogFile; uint public MinSum = 1 ether; constructor(address log) public{ LogFile = Log(log); } } contract Log { struct Message { address Sender; string  Data; uint Val; uint  Time; } Message[] public History; Message LastMsg; function AddMessage(address _adr,uint _val, string memory _data) public { LastMsg.Sender = _adr; LastMsg.Time = block.timestamp; LastMsg.Val = _val; LastMsg.Data = _data; History.push(LastMsg); } }","import { expect } from ""chai""; import { ethers } from ""hardhat""; describe(""W_WALLET reference (ethers v6; deploy may require constructor arguments)"", function () { it(""deploy W_WALLET by supplying its REQUIRED constructor arguments (read them from the contract constructor), then call methods and assert; use ethers.parseEther, await (await tx).wait(), and expect(...).to.be.reverted"", async function () { const [owner, addr1, addr2] = await ethers.getSigners(); const Factory = await ethers.getContractFactory(""W_WALLET""); const instance = await Factory.deploy(...constructorArgs); await instance.waitForDeployment(); }); });",False,False,"import { expect } from ""chai""; import { ethers } from ""hardhat"";  describe(""W_WALLET mutant m35bcafb6 test"", function () {   it(""should revert when Collect is called exactly at unlock time (original behavior)"", async function () {     const [owner, addr1] = await ethers.getSigners();          // Deploy Log contract first     const LogFactory = await ethers.getContractFactory(""Log"");     const logInstance = await LogFactory.deploy();     await logInstance.waitForDeployment();          // Deploy W_WALLET with Log address     const Factory = await ethers.getContractFactory(""W_WALLET"");     const instance = await Factory.deploy(await logInstance.getAddress());     await instance.waitForDeployment();          // Get current block timestamp     const blockNum = await ethers.provider.getBlockNumber();     const block = await ethers.provider.getBlock(blockNum);     const currentTimestamp = block!.timestamp;          // Send ether with unlock time equal to current timestamp     const putTx = await instance.connect(addr1).Put(currentTimestamp, {       value: ethers.parseEther(""2"")     });     await putTx.wait();          // Try to collect exactly at unlock time - should revert on original     await expect(       instance.connect(addr1).Collect(ethers.parseEther(""1""))     ).to.be.reverted;   }); });","""['Error: syntax error']"""
mb8a8967b,W_WALLET,<generic-v6-scaffold>,Collect,live, - , + ,---|             acc.balance = (acc.balance - _am); +++|             acc.balance = (acc.balance + _am);,21,Mutant mb8a8967b of function Collect replaces - with +,"pragma solidity ^0.8.0; contract W_WALLET { function Put(uint _unlockTime) public payable { Holder storage acc = Acc[msg.sender]; require(((acc.balance + msg.value) >= acc.balance)); acc.balance += msg.value; acc.unlockTime = _unlockTime>block.timestamp?_unlockTime:block.timestamp; LogFile.AddMessage(msg.sender,msg.value,""Put""); } function Collect(uint _am) public payable { Holder storage acc = Acc[msg.sender]; if( acc.balance>=MinSum && acc.balance>=_am && block.timestamp>acc.unlockTime) { acc.balance = (acc.balance - _am); { (bool _s, bytes memory _d) = msg.sender.call{value: _am}(""""); _d; if (_s) { LogFile.AddMessage(msg.sender,_am,""Collect""); } else {revert (); } } } } fallback() external payable { Put(0); } struct Holder { uint unlockTime; uint balance; } mapping (address => Holder) public Acc; Log LogFile; uint public MinSum = 1 ether; constructor(address log) public{ LogFile = Log(log); } } contract Log { struct Message { address Sender; string  Data; uint Val; uint  Time; } Message[] public History; Message LastMsg; function AddMessage(address _adr,uint _val, string memory _data) public { LastMsg.Sender = _adr; LastMsg.Time = block.timestamp; LastMsg.Val = _val; LastMsg.Data = _data; History.push(LastMsg); } }","import { expect } from ""chai""; import { ethers } from ""hardhat""; describe(""W_WALLET reference (ethers v6; deploy may require constructor arguments)"", function () { it(""deploy W_WALLET by supplying its REQUIRED constructor arguments (read them from the contract constructor), then call methods and assert; use ethers.parseEther, await (await tx).wait(), and expect(...).to.be.reverted"", async function () { const [owner, addr1, addr2] = await ethers.getSigners(); const Factory = await ethers.getContractFactory(""W_WALLET""); const instance = await Factory.deploy(...constructorArgs); await instance.waitForDeployment(); }); });",False,False,"import { expect } from ""chai""; import { ethers } from ""hardhat"";  describe(""W_WALLET mutant test - mb8a8967b"", function () {     it(""should detect mutant where balance increases instead of decreases on Collect"", async function () {         const [owner, addr1] = await ethers.getSigners();                  // Deploy the Log contract first         const LogFactory = await ethers.getContractFactory(""Log"");         const logInstance = await LogFactory.deploy();         await logInstance.waitForDeployment();                  // Deploy W_WALLET with Log address         const Factory = await ethers.getContractFactory(""W_WALLET"");         const instance = await Factory.deploy(await logInstance.getAddress());         await instance.waitForDeployment();                  // Put 2 ether into the contract from addr1         const putAmount = ethers.parseEther(""2"");         await instance.connect(addr1).Put(0, { value: putAmount });                  // Check initial balance         const initialBalance = (await instance.Acc(addr1.address)).balance;         expect(initialBalance).to.equal(putAmount);                  // Wait for unlock time (Put sets unlockTime to block.timestamp when _unlockTime <= block.timestamp)         await ethers.provider.send(""evm_mine"", []);                  // Collect 1 ether         const collectAmount = ethers.parseEther(""1"");         await instance.connect(addr1).Collect(collectAmount);                  // Check balance after collect - in original it should decrease, in mutant it increases         const finalBalance = (await instance.Acc(addr1.address)).balance;                  // In original: balance = 2 - 1 = 1         // In mutant: balance = 2 + 1 = 3         // Assert that balance decreased (original behavior)         expect(finalBalance).to.equal(ethers.parseEther(""1""));     }); });","""['Error: syntax error']"""
m9b11bc4b,W_WALLET,<generic-v6-scaffold>,Collect,live, - , / ,---|             acc.balance = (acc.balance - _am); +++|             acc.balance = (acc.balance / _am);,21,Mutant m9b11bc4b of function Collect replaces - with /,"pragma solidity ^0.8.0; contract W_WALLET { function Put(uint _unlockTime) public payable { Holder storage acc = Acc[msg.sender]; require(((acc.balance + msg.value) >= acc.balance)); acc.balance += msg.value; acc.unlockTime = _unlockTime>block.timestamp?_unlockTime:block.timestamp; LogFile.AddMessage(msg.sender,msg.value,""Put""); } function Collect(uint _am) public payable { Holder storage acc = Acc[msg.sender]; if( acc.balance>=MinSum && acc.balance>=_am && block.timestamp>acc.unlockTime) { acc.balance = (acc.balance - _am); { (bool _s, bytes memory _d) = msg.sender.call{value: _am}(""""); _d; if (_s) { LogFile.AddMessage(msg.sender,_am,""Collect""); } else {revert (); } } } } fallback() external payable { Put(0); } struct Holder { uint unlockTime; uint balance; } mapping (address => Holder) public Acc; Log LogFile; uint public MinSum = 1 ether; constructor(address log) public{ LogFile = Log(log); } } contract Log { struct Message { address Sender; string  Data; uint Val; uint  Time; } Message[] public History; Message LastMsg; function AddMessage(address _adr,uint _val, string memory _data) public { LastMsg.Sender = _adr; LastMsg.Time = block.timestamp; LastMsg.Val = _val; LastMsg.Data = _data; History.push(LastMsg); } }","import { expect } from ""chai""; import { ethers } from ""hardhat""; describe(""W_WALLET reference (ethers v6; deploy may require constructor arguments)"", function () { it(""deploy W_WALLET by supplying its REQUIRED constructor arguments (read them from the contract constructor), then call methods and assert; use ethers.parseEther, await (await tx).wait(), and expect(...).to.be.reverted"", async function () { const [owner, addr1, addr2] = await ethers.getSigners(); const Factory = await ethers.getContractFactory(""W_WALLET""); const instance = await Factory.deploy(...constructorArgs); await instance.waitForDeployment(); }); });",False,False,"import { expect } from ""chai""; import { ethers } from ""hardhat"";  describe(""W_WALLET mutant kill test - m9b11bc4b"", function () {   it(""should detect mutant that replaces subtraction with division in Collect function"", async function () {     const [owner, addr1] = await ethers.getSigners();          // Deploy Log contract first (required by W_WALLET constructor)     const LogFactory = await ethers.getContractFactory(""Log"");     const logInstance = await LogFactory.deploy();     await logInstance.waitForDeployment();          // Deploy W_WALLET with Log contract address     const Factory = await ethers.getContractFactory(""W_WALLET"");     const instance = await Factory.deploy(await logInstance.getAddress());     await instance.waitForDeployment();          const putAmount = ethers.parseEther(""10"");     const collectAmount = ethers.parseEther(""2"");          // addr1 puts 10 ETH into the contract     await instance.connect(addr1).Put(0, { value: putAmount });          // Verify initial balance     let holder = await instance.Acc(addr1.address);     expect(holder.balance).to.equal(putAmount);          // Set unlock time to 0 so it's immediately collectable     // (already done via Put(0) which sets unlockTime to block.timestamp)          // Collect 2 ETH     await instance.connect(addr1).Collect(collectAmount);          // Check the balance after collection     // In original: balance = 10 - 2 = 8 ETH     // In mutant: balance = 10 / 2 = 5 ETH     holder = await instance.Acc(addr1.address);     expect(holder.balance).to.equal(ethers.parseEther(""8""));   }); });","""['Error: syntax error']"""
mf02cb081,W_WALLET,<generic-v6-scaffold>,Collect,live,acc.balance>=MinSum && acc.balance>=_am && block.timestamp>acc.unlockTime,true,---|         if( acc.balance>=MinSum && acc.balance>=_am && block.timestamp>acc.unlockTime) +++|         if( true),18,Mutant mf02cb081 of function Collect replaces acc.balance>=MinSum && acc.balance>=_am && block.timestamp>acc.unlockTime with true,"pragma solidity ^0.8.0; contract W_WALLET { function Put(uint _unlockTime) public payable { Holder storage acc = Acc[msg.sender]; require(((acc.balance + msg.value) >= acc.balance)); acc.balance += msg.value; acc.unlockTime = _unlockTime>block.timestamp?_unlockTime:block.timestamp; LogFile.AddMessage(msg.sender,msg.value,""Put""); } function Collect(uint _am) public payable { Holder storage acc = Acc[msg.sender]; if( acc.balance>=MinSum && acc.balance>=_am && block.timestamp>acc.unlockTime) { acc.balance = (acc.balance - _am); { (bool _s, bytes memory _d) = msg.sender.call{value: _am}(""""); _d; if (_s) { LogFile.AddMessage(msg.sender,_am,""Collect""); } else {revert (); } } } } fallback() external payable { Put(0); } struct Holder { uint unlockTime; uint balance; } mapping (address => Holder) public Acc; Log LogFile; uint public MinSum = 1 ether; constructor(address log) public{ LogFile = Log(log); } } contract Log { struct Message { address Sender; string  Data; uint Val; uint  Time; } Message[] public History; Message LastMsg; function AddMessage(address _adr,uint _val, string memory _data) public { LastMsg.Sender = _adr; LastMsg.Time = block.timestamp; LastMsg.Val = _val; LastMsg.Data = _data; History.push(LastMsg); } }","import { expect } from ""chai""; import { ethers } from ""hardhat""; describe(""W_WALLET reference (ethers v6; deploy may require constructor arguments)"", function () { it(""deploy W_WALLET by supplying its REQUIRED constructor arguments (read them from the contract constructor), then call methods and assert; use ethers.parseEther, await (await tx).wait(), and expect(...).to.be.reverted"", async function () { const [owner, addr1, addr2] = await ethers.getSigners(); const Factory = await ethers.getContractFactory(""W_WALLET""); const instance = await Factory.deploy(...constructorArgs); await instance.waitForDeployment(); }); });",False,False,"import { expect } from ""chai""; import { ethers } from ""hardhat"";  describe(""W_WALLET mutant mf02cb081 - kill with insufficient balance and unlock time"", function () {   it(""should revert when trying to collect before unlock time with balance below MinSum"", async function () {     const [owner, addr1] = await ethers.getSigners();     const LogFactory = await ethers.getContractFactory(""Log"");     const log = await LogFactory.deploy();     await log.waitForDeployment();      const Factory = await ethers.getContractFactory(""W_WALLET"");     const instance = await Factory.deploy(await log.getAddress());     await instance.waitForDeployment();      // Deposit a small amount (less than MinSum = 1 ether)     const depositAmount = ethers.parseEther(""0.5"");     await instance.connect(addr1).Put(0, { value: depositAmount });      // Try to collect the same amount before any unlock time has passed     // On original: should revert because balance < MinSum OR block.timestamp <= unlockTime     // On mutant: will succeed (incorrectly)     await expect(       instance.connect(addr1).Collect(depositAmount)     ).to.be.reverted;   }); });","""['Error: syntax error']"""
m93f809f1,W_WALLET,<generic-v6-scaffold>,Collect,live,acc.balance>=MinSum && acc.balance>=_am && block.timestamp>acc.unlockTime,false,---|         if( acc.balance>=MinSum && acc.balance>=_am && block.timestamp>acc.unlockTime) +++|         if( false),18,Mutant m93f809f1 of function Collect replaces acc.balance>=MinSum && acc.balance>=_am && block.timestamp>acc.unlockTime with false,"pragma solidity ^0.8.0; contract W_WALLET { function Put(uint _unlockTime) public payable { Holder storage acc = Acc[msg.sender]; require(((acc.balance + msg.value) >= acc.balance)); acc.balance += msg.value; acc.unlockTime = _unlockTime>block.timestamp?_unlockTime:block.timestamp; LogFile.AddMessage(msg.sender,msg.value,""Put""); } function Collect(uint _am) public payable { Holder storage acc = Acc[msg.sender]; if( acc.balance>=MinSum && acc.balance>=_am && block.timestamp>acc.unlockTime) { acc.balance = (acc.balance - _am); { (bool _s, bytes memory _d) = msg.sender.call{value: _am}(""""); _d; if (_s) { LogFile.AddMessage(msg.sender,_am,""Collect""); } else {revert (); } } } } fallback() external payable { Put(0); } struct Holder { uint unlockTime; uint balance; } mapping (address => Holder) public Acc; Log LogFile; uint public MinSum = 1 ether; constructor(address log) public{ LogFile = Log(log); } } contract Log { struct Message { address Sender; string  Data; uint Val; uint  Time; } Message[] public History; Message LastMsg; function AddMessage(address _adr,uint _val, string memory _data) public { LastMsg.Sender = _adr; LastMsg.Time = block.timestamp; LastMsg.Val = _val; LastMsg.Data = _data; History.push(LastMsg); } }","import { expect } from ""chai""; import { ethers } from ""hardhat""; describe(""W_WALLET reference (ethers v6; deploy may require constructor arguments)"", function () { it(""deploy W_WALLET by supplying its REQUIRED constructor arguments (read them from the contract constructor), then call methods and assert; use ethers.parseEther, await (await tx).wait(), and expect(...).to.be.reverted"", async function () { const [owner, addr1, addr2] = await ethers.getSigners(); const Factory = await ethers.getContractFactory(""W_WALLET""); const instance = await Factory.deploy(...constructorArgs); await instance.waitForDeployment(); }); });",False,False,"import { expect } from ""chai""; import { ethers } from ""hardhat"";  describe(""W_WALLET mutant kill test"", function () {   it(""should succeed on original but fail on mutant when collecting after unlock time with sufficient balance"", async function () {     const [owner, addr1] = await ethers.getSigners();          // Deploy the Log contract first (required constructor argument for W_WALLET)     const LogFactory = await ethers.getContractFactory(""Log"");     const logInstance = await LogFactory.deploy();     await logInstance.waitForDeployment();          // Deploy W_WALLET with the Log contract address     const Factory = await ethers.getContractFactory(""W_WALLET"");     const instance = await Factory.deploy(await logInstance.getAddress());     await instance.waitForDeployment();          const MinSum = ethers.parseEther(""1"");     const depositAmount = ethers.parseEther(""2"");     const withdrawAmount = ethers.parseEther(""1"");          // Deposit ether via Put function     const putTx = await instance.connect(addr1).Put(0, { value: depositAmount });     await putTx.wait();          // Verify balance was updated     const holder = await instance.Acc(addr1.address);     expect(holder.balance).to.equal(depositAmount);          // Advance time past unlockTime (which was set to block.timestamp since we passed 0)     await ethers.provider.send(""evm_increaseTime"", [3600]); // 1 hour     await ethers.provider.send(""evm_mine"", []);          // Attempt to collect - should revert on mutant (condition replaced with false)     await expect(       instance.connect(addr1).Collect(withdrawAmount)     ).to.be.reverted;   }); });","""['Error: syntax error']"""
m91d0a844,W_WALLET,<generic-v6-scaffold>,Collect,live,_s,true,"---|             { (bool _s, bytes memory _d) = msg.sender.call{value: _am}(""""); _d; if (_s) { +++|             { (bool _s, bytes memory _d) = msg.sender.call{value: _am}(""""); _d; if (true) {",22,Mutant m91d0a844 of function Collect replaces _s with true,"pragma solidity ^0.8.0; contract W_WALLET { function Put(uint _unlockTime) public payable { Holder storage acc = Acc[msg.sender]; require(((acc.balance + msg.value) >= acc.balance)); acc.balance += msg.value; acc.unlockTime = _unlockTime>block.timestamp?_unlockTime:block.timestamp; LogFile.AddMessage(msg.sender,msg.value,""Put""); } function Collect(uint _am) public payable { Holder storage acc = Acc[msg.sender]; if( acc.balance>=MinSum && acc.balance>=_am && block.timestamp>acc.unlockTime) { acc.balance = (acc.balance - _am); { (bool _s, bytes memory _d) = msg.sender.call{value: _am}(""""); _d; if (_s) { LogFile.AddMessage(msg.sender,_am,""Collect""); } else {revert (); } } } } fallback() external payable { Put(0); } struct Holder { uint unlockTime; uint balance; } mapping (address => Holder) public Acc; Log LogFile; uint public MinSum = 1 ether; constructor(address log) public{ LogFile = Log(log); } } contract Log { struct Message { address Sender; string  Data; uint Val; uint  Time; } Message[] public History; Message LastMsg; function AddMessage(address _adr,uint _val, string memory _data) public { LastMsg.Sender = _adr; LastMsg.Time = block.timestamp; LastMsg.Val = _val; LastMsg.Data = _data; History.push(LastMsg); } }","import { expect } from ""chai""; import { ethers } from ""hardhat""; describe(""W_WALLET reference (ethers v6; deploy may require constructor arguments)"", function () { it(""deploy W_WALLET by supplying its REQUIRED constructor arguments (read them from the contract constructor), then call methods and assert; use ethers.parseEther, await (await tx).wait(), and expect(...).to.be.reverted"", async function () { const [owner, addr1, addr2] = await ethers.getSigners(); const Factory = await ethers.getContractFactory(""W_WALLET""); const instance = await Factory.deploy(...constructorArgs); await instance.waitForDeployment(); }); });",False,False,"import { expect } from ""chai""; import { ethers } } from ""hardhat"";  describe(""W_WALLET mutant m91d0a844 test"", function () {   it(""should revert when Collect is called with a valid amount but the recipient reverts on receiving Ether"", async function () {     const [owner, attacker] = await ethers.getSigners();      // Deploy the Log contract first (required by W_WALLET constructor)     const LogFactory = await ethers.getContractFactory(""Log"");     const log = await LogFactory.deploy();     await log.waitForDeployment();      // Deploy W_WALLET with the Log address     const WalletFactory = await ethers.getContractFactory(""W_WALLET"");     const wallet = await WalletFactory.deploy(await log.getAddress());     await wallet.waitForDeployment();      // Deploy a simple contract that reverts on receiving Ether     const RevertReceiverFactory = await ethers.getContractFactory(       ""contract RevertOnReceive { receive() external payable { revert(); } }""     );     const revertReceiver = await RevertReceiverFactory.deploy();     await revertReceiver.waitForDeployment();      // Fund the wallet with some Ether first via Put     const depositAmount = ethers.parseEther(""2"");     await wallet.connect(attacker).Put(0, { value: depositAmount });      // Set MinSum to 0 for easier testing (already 1 ether, but we deposited 2)     // The attacker now has balance >= MinSum      // Attempt to Collect from the wallet to the revertReceiver contract     // This should revert on the original contract because the call fails     // On the mutant, it would succeed (wrongly) - so we expect revert to kill the mutant     await expect(       wallet.connect(attacker).Collect(ethers.parseEther(""1""))     ).to.be.reverted;   }); });","""['Error: syntax error']"""
m9afa7601,W_WALLET,<generic-v6-scaffold>,Collect,live,_s,false,"---|             { (bool _s, bytes memory _d) = msg.sender.call{value: _am}(""""); _d; if (_s) { +++|             { (bool _s, bytes memory _d) = msg.sender.call{value: _am}(""""); _d; if (false) {",22,Mutant m9afa7601 of function Collect replaces _s with false,"pragma solidity ^0.8.0; contract W_WALLET { function Put(uint _unlockTime) public payable { Holder storage acc = Acc[msg.sender]; require(((acc.balance + msg.value) >= acc.balance)); acc.balance += msg.value; acc.unlockTime = _unlockTime>block.timestamp?_unlockTime:block.timestamp; LogFile.AddMessage(msg.sender,msg.value,""Put""); } function Collect(uint _am) public payable { Holder storage acc = Acc[msg.sender]; if( acc.balance>=MinSum && acc.balance>=_am && block.timestamp>acc.unlockTime) { acc.balance = (acc.balance - _am); { (bool _s, bytes memory _d) = msg.sender.call{value: _am}(""""); _d; if (_s) { LogFile.AddMessage(msg.sender,_am,""Collect""); } else {revert (); } } } } fallback() external payable { Put(0); } struct Holder { uint unlockTime; uint balance; } mapping (address => Holder) public Acc; Log LogFile; uint public MinSum = 1 ether; constructor(address log) public{ LogFile = Log(log); } } contract Log { struct Message { address Sender; string  Data; uint Val; uint  Time; } Message[] public History; Message LastMsg; function AddMessage(address _adr,uint _val, string memory _data) public { LastMsg.Sender = _adr; LastMsg.Time = block.timestamp; LastMsg.Val = _val; LastMsg.Data = _data; History.push(LastMsg); } }","import { expect } from ""chai""; import { ethers } from ""hardhat""; describe(""W_WALLET reference (ethers v6; deploy may require constructor arguments)"", function () { it(""deploy W_WALLET by supplying its REQUIRED constructor arguments (read them from the contract constructor), then call methods and assert; use ethers.parseEther, await (await tx).wait(), and expect(...).to.be.reverted"", async function () { const [owner, addr1, addr2] = await ethers.getSigners(); const Factory = await ethers.getContractFactory(""W_WALLET""); const instance = await Factory.deploy(...constructorArgs); await instance.waitForDeployment(); }); });",False,False,"import { expect } from ""chai""; import { ethers } from ""hardhat"";  describe(""W_WALLET mutant m9afa7601 test"", function () {   it(""should kill the mutant by testing successful Collect after Put"", async function () {     const [owner, addr1] = await ethers.getSigners();          // Deploy Log contract first (required constructor argument for W_WALLET)     const LogFactory = await ethers.getContractFactory(""Log"");     const log = await LogFactory.deploy();     await log.waitForDeployment();          // Deploy W_WALLET with Log address     const Factory = await ethers.getContractFactory(""W_WALLET"");     const instance = await Factory.deploy(await log.getAddress());     await instance.waitForDeployment();          const depositAmount = ethers.parseEther(""2"");     const collectAmount = ethers.parseEther(""1"");          // addr1 deposits ETH via Put     await instance.connect(addr1).Put(0, { value: depositAmount });          // Verify balance after deposit     const holderInfo = await instance.Acc(addr1.address);     expect(holderInfo.balance).to.equal(depositAmount);          // The unlockTime is set to block.timestamp, so Collect should succeed immediately     // Attempt Collect - on original this succeeds, on mutant it reverts     await expect(       instance.connect(addr1).Collect(collectAmount)     ).to.not.be.reverted;          // Verify balance decreased     const holderInfoAfter = await instance.Acc(addr1.address);     expect(holderInfoAfter.balance).to.equal(depositAmount - collectAmount);   }); });","""['Error: syntax error']"""
m65087e9e,W_WALLET,<generic-v6-scaffold>,Collect,live,else {revert (); },,---|             } else {revert (); } } +++|             }  },25,Mutant m65087e9e of function Collect replaces else {revert (); } with ,"pragma solidity ^0.8.0; contract W_WALLET { function Put(uint _unlockTime) public payable { Holder storage acc = Acc[msg.sender]; require(((acc.balance + msg.value) >= acc.balance)); acc.balance += msg.value; acc.unlockTime = _unlockTime>block.timestamp?_unlockTime:block.timestamp; LogFile.AddMessage(msg.sender,msg.value,""Put""); } function Collect(uint _am) public payable { Holder storage acc = Acc[msg.sender]; if( acc.balance>=MinSum && acc.balance>=_am && block.timestamp>acc.unlockTime) { acc.balance = (acc.balance - _am); { (bool _s, bytes memory _d) = msg.sender.call{value: _am}(""""); _d; if (_s) { LogFile.AddMessage(msg.sender,_am,""Collect""); } else {revert (); } } } } fallback() external payable { Put(0); } struct Holder { uint unlockTime; uint balance; } mapping (address => Holder) public Acc; Log LogFile; uint public MinSum = 1 ether; constructor(address log) public{ LogFile = Log(log); } } contract Log { struct Message { address Sender; string  Data; uint Val; uint  Time; } Message[] public History; Message LastMsg; function AddMessage(address _adr,uint _val, string memory _data) public { LastMsg.Sender = _adr; LastMsg.Time = block.timestamp; LastMsg.Val = _val; LastMsg.Data = _data; History.push(LastMsg); } }","import { expect } from ""chai""; import { ethers } from ""hardhat""; describe(""W_WALLET reference (ethers v6; deploy may require constructor arguments)"", function () { it(""deploy W_WALLET by supplying its REQUIRED constructor arguments (read them from the contract constructor), then call methods and assert; use ethers.parseEther, await (await tx).wait(), and expect(...).to.be.reverted"", async function () { const [owner, addr1, addr2] = await ethers.getSigners(); const Factory = await ethers.getContractFactory(""W_WALLET""); const instance = await Factory.deploy(...constructorArgs); await instance.waitForDeployment(); }); });",False,False,"import { expect } from ""chai""; import { ethers } } from ""hardhat"";  describe(""W_WALLET mutant m65087e9e - Collect revert removal"", function () {     it(""should revert when Collect is called and the external call fails (original behavior), but mutant should not revert"", async function () {         const [owner, addr1, addr2] = await ethers.getSigners();                  // Deploy the Log contract first (required constructor argument for W_WALLET)         const LogFactory = await ethers.getContractFactory(""Log"");         const logInstance = await LogFactory.deploy();         await logInstance.waitForDeployment();                  // Deploy W_WALLET with the Log contract address         const Factory = await ethers.getContractFactory(""W_WALLET"");         const instance = await Factory.deploy(await logInstance.getAddress());         await instance.waitForDeployment();                  // Fund the contract first via Put to create a balance for addr1         const putAmount = ethers.parseEther(""2"");         await instance.connect(addr1).Put(0, { value: putAmount });                  // Set MinSum to 0 for testing (or ensure 1 ether is enough)         // MinSum is 1 ether by default, so we're fine with 2 ether balance                  // Create a contract that rejects ether (no receive/fallback)         // Deploy a simple rejecter contract         const RejecterFactory = await ethers.getContractFactory(""contract Rejecter { }"");         const rejecter = await RejecterFactory.deploy();         await rejecter.waitForDeployment();                  // Transfer ownership of the W_WALLET balance to the rejecter contract         // by calling Collect from the rejecter contract's perspective         // First, we need to make the rejecter contract have a balance in W_WALLET         // So put ether from rejecter         await instance.connect(await ethers.getSigner(await rejecter.getAddress())).Put(0, {              value: ethers.parseEther(""1"")          });                  // Now call Collect from the rejecter contract - this should revert in original         // because the rejecter cannot receive ether (no receive/fallback)         const collectAmount = ethers.parseEther(""0.5"");                  // In the original contract, this should revert because the call to msg.sender fails         // In the mutant, it should NOT revert (empty else block)         await expect(             instance.connect(await ethers.getSigner(await rejecter.getAddress())).Collect(collectAmount)         ).to.be.reverted;     }); });","""['Error: syntax error']"""
m4b6654bd,W_WALLET,<generic-v6-scaffold>,Put,live,require(((acc.balance + msg.value) >= acc.balance));,/* require(((acc.balance + msg.value) >= acc.balance)); */,---|         require(((acc.balance + msg.value) >= acc.balance)); +++|,9,Mutant m4b6654bd of function Put replaces require(((acc.balance + msg.value) >= acc.balance)); with ,"pragma solidity ^0.8.0; contract W_WALLET { function Put(uint _unlockTime) public payable { Holder storage acc = Acc[msg.sender]; require(((acc.balance + msg.value) >= acc.balance)); acc.balance += msg.value; acc.unlockTime = _unlockTime>block.timestamp?_unlockTime:block.timestamp; LogFile.AddMessage(msg.sender,msg.value,""Put""); } function Collect(uint _am) public payable { Holder storage acc = Acc[msg.sender]; if( acc.balance>=MinSum && acc.balance>=_am && block.timestamp>acc.unlockTime) { acc.balance = (acc.balance - _am); { (bool _s, bytes memory _d) = msg.sender.call{value: _am}(""""); _d; if (_s) { LogFile.AddMessage(msg.sender,_am,""Collect""); } else {revert (); } } } } fallback() external payable { Put(0); } struct Holder { uint unlockTime; uint balance; } mapping (address => Holder) public Acc; Log LogFile; uint public MinSum = 1 ether; constructor(address log) public{ LogFile = Log(log); } } contract Log { struct Message { address Sender; string  Data; uint Val; uint  Time; } Message[] public History; Message LastMsg; function AddMessage(address _adr,uint _val, string memory _data) public { LastMsg.Sender = _adr; LastMsg.Time = block.timestamp; LastMsg.Val = _val; LastMsg.Data = _data; History.push(LastMsg); } }","import { expect } from ""chai""; import { ethers } from ""hardhat""; describe(""W_WALLET reference (ethers v6; deploy may require constructor arguments)"", function () { it(""deploy W_WALLET by supplying its REQUIRED constructor arguments (read them from the contract constructor), then call methods and assert; use ethers.parseEther, await (await tx).wait(), and expect(...).to.be.reverted"", async function () { const [owner, addr1, addr2] = await ethers.getSigners(); const Factory = await ethers.getContractFactory(""W_WALLET""); const instance = await Factory.deploy(...constructorArgs); await instance.waitForDeployment(); }); });",False,False,"import { expect } from ""chai""; import { ethers } from ""hardhat"";  describe(""W_WALLET mutant detection - overflow protection removed"", function () {   it(""should revert when sending ether that causes balance overflow in Put, but mutant should succeed"", async function () {     const [owner, user] = await ethers.getSigners();          // Deploy the Log contract first (required constructor argument for W_WALLET)     const LogFactory = await ethers.getContractFactory(""Log"");     const log = await LogFactory.deploy();     await log.waitForDeployment();          // Deploy W_WALLET with the Log contract address     const Factory = await ethers.getContractFactory(""W_WALLET"");     const instance = await Factory.deploy(await log.getAddress());     await instance.waitForDeployment();          // Get the current balance of the user     const initialBalance = await instance.Acc(user.address);     const initialUserBalance = initialBalance.balance;          // Calculate a value that when added to initialBalance will overflow uint256     // We need to send enough to make (balance + msg.value) wrap around     // The overflow would happen if balance + msg.value > 2^256 - 1     // So we need msg.value = 2^256 - initialBalance     const MAX_UINT = ethers.MaxUint256;     const overflowAmount = MAX_UINT - initialUserBalance + 1n;          // In the original contract, this should revert due to the require check     // In the mutant (which removes the require), this would succeed     await expect(       instance.connect(user).Put(0, { value: overflowAmount })     ).to.be.reverted;  // This will pass on original, fail on mutant (mutant doesn't revert)   }); });","""['Error: syntax error']"""
m3867e704,W_WALLET,<generic-v6-scaffold>,Collect,live,revert ();,/* revert (); */,---|             } else {revert (); } } +++|             } else { } },25,Mutant m3867e704 of function Collect replaces revert (); with ,"pragma solidity ^0.8.0; contract W_WALLET { function Put(uint _unlockTime) public payable { Holder storage acc = Acc[msg.sender]; require(((acc.balance + msg.value) >= acc.balance)); acc.balance += msg.value; acc.unlockTime = _unlockTime>block.timestamp?_unlockTime:block.timestamp; LogFile.AddMessage(msg.sender,msg.value,""Put""); } function Collect(uint _am) public payable { Holder storage acc = Acc[msg.sender]; if( acc.balance>=MinSum && acc.balance>=_am && block.timestamp>acc.unlockTime) { acc.balance = (acc.balance - _am); { (bool _s, bytes memory _d) = msg.sender.call{value: _am}(""""); _d; if (_s) { LogFile.AddMessage(msg.sender,_am,""Collect""); } else {revert (); } } } } fallback() external payable { Put(0); } struct Holder { uint unlockTime; uint balance; } mapping (address => Holder) public Acc; Log LogFile; uint public MinSum = 1 ether; constructor(address log) public{ LogFile = Log(log); } } contract Log { struct Message { address Sender; string  Data; uint Val; uint  Time; } Message[] public History; Message LastMsg; function AddMessage(address _adr,uint _val, string memory _data) public { LastMsg.Sender = _adr; LastMsg.Time = block.timestamp; LastMsg.Val = _val; LastMsg.Data = _data; History.push(LastMsg); } }","import { expect } from ""chai""; import { ethers } from ""hardhat""; describe(""W_WALLET reference (ethers v6; deploy may require constructor arguments)"", function () { it(""deploy W_WALLET by supplying its REQUIRED constructor arguments (read them from the contract constructor), then call methods and assert; use ethers.parseEther, await (await tx).wait(), and expect(...).to.be.reverted"", async function () { const [owner, addr1, addr2] = await ethers.getSigners(); const Factory = await ethers.getContractFactory(""W_WALLET""); const instance = await Factory.deploy(...constructorArgs); await instance.waitForDeployment(); }); });",False,False,"import { expect } from ""chai""; import { ethers } from ""hardhat"";  describe(""W_WALLET mutant m3867e704 test"", function () {   it(""should detect removal of revert on failed Collect call"", async function () {     const [owner, addr1] = await ethers.getSigners();      // Deploy Log contract first (required constructor argument)     const LogFactory = await ethers.getContractFactory(""Log"");     const log = await LogFactory.deploy();     await log.waitForDeployment();      // Deploy W_WALLET with Log address     const Factory = await ethers.getContractFactory(""W_WALLET"");     const instance = await Factory.deploy(await log.getAddress());     await instance.waitForDeployment();      // Fund the contract so addr1 can collect     const depositAmount = ethers.parseEther(""2"");     await instance.connect(addr1).Put(0, { value: depositAmount });      // Deploy a contract that rejects incoming Ether     const RejectorFactory = await ethers.getContractFactory(       ""contract Rejector { receive() external payable { revert(); } fallback() external payable { revert(); } }""     );     const rejector = await RejectorFactory.deploy();     await rejector.waitForDeployment();      // Transfer ownership of W_WALLET balance to rejector address     // (Simulate the test by having addr1 call Collect on behalf of the rejector)     // First, we need to make the rejector address have a balance in W_WALLET     // We can directly set the mapping via a helper or transfer ownership     // Since we cannot directly manipulate storage, we'll use addr1 to call Collect     // and then check the contract state      // Record balance before     const balanceBefore = await instance.Acc(await rejector.getAddress());     const balanceBeforeValue = balanceBefore.balance;      // Attempt to collect from the rejector address (which will fail to receive Ether)     // We need to make a call that passes the balance checks but fails on transfer     // First, fund the rejector's account in W_WALLET     await instance.connect(addr1).Put(0, { value: depositAmount });      // Now call Collect from addr1 but for a different address?      // Actually, the Collect function uses msg.sender, so we need to call it from the rejector     // But the rejector is a contract, so we need to make it call Collect     // Let's create a proxy call     const CallerFactory = await ethers.getContractFactory(       ""contract Caller { function callCollect(address target, uint amount) external { (bool ok,) = target.call(abi.encodeWithSignature(\""Collect(uint256)\"", amount)); require(ok, \""call failed\""); } }""     );     const caller = await CallerFactory.deploy();     await caller.waitForDeployment();      // Fund the caller's account in W_WALLET     await instance.connect(addr1).Put(0, { value: depositAmount });      // Now call Collect from the caller (which will try to send Ether to itself)     // The caller's fallback will succeed (accepts Ether), but we need a contract that rejects     // Let's use the rejector as the caller instead     // Actually, we can use a simpler approach: deploy a contract that calls Collect and then reverts on receive     const AttackerFactory = await ethers.getContractFactory(       ""contract Attacker { function attack(address target, uint amount) external { target.call(abi.encodeWithSignature(\""Collect(uint256)\"", amount)); } receive() external payable { revert(); } }""     );     const attacker = await AttackerFactory.deploy();     await attacker.waitForDeployment();      // Fund attacker's account in W_WALLET     await instance.connect(addr1).Put(0, { value: depositAmount });      // Get attacker's balance before     const attackerAccBefore = await instance.Acc(await attacker.getAddress());     const attackerBalanceBefore = attackerAccBefore.balance;      // Call Collect through the attacker (which will revert on receiving Ether)     await attacker.connect(addr1).attack(await instance.getAddress(), ethers.parseEther(""1""));      // Check the balance after - in the mutant, the balance should have decreased     // (because the revert was removed, so the subtraction happened even though transfer failed)     const attackerAccAfter = await instance.Acc(await attacker.getAddress());     const attackerBalanceAfter = attackerAccAfter.balance;      // In the original contract, the balance should remain unchanged due to revert     // In the mutant, the balance decreases even though the transfer failed     expect(attackerBalanceAfter).to.be.lessThan(attackerBalanceBefore);   }); });","""['Error: syntax error']"""
m28e886d0,W_WALLET,<generic-v6-scaffold>,Put,live,msg.value,msg.value+1,---|         require(((acc.balance + msg.value) >= acc.balance)); +++|         require(((acc.balance + msg.value+1) >= acc.balance));,9,Mutant m28e886d0 of function Put replaces msg.value with msg.value+1,"pragma solidity ^0.8.0; contract W_WALLET { function Put(uint _unlockTime) public payable { Holder storage acc = Acc[msg.sender]; require(((acc.balance + msg.value) >= acc.balance)); acc.balance += msg.value; acc.unlockTime = _unlockTime>block.timestamp?_unlockTime:block.timestamp; LogFile.AddMessage(msg.sender,msg.value,""Put""); } function Collect(uint _am) public payable { Holder storage acc = Acc[msg.sender]; if( acc.balance>=MinSum && acc.balance>=_am && block.timestamp>acc.unlockTime) { acc.balance = (acc.balance - _am); { (bool _s, bytes memory _d) = msg.sender.call{value: _am}(""""); _d; if (_s) { LogFile.AddMessage(msg.sender,_am,""Collect""); } else {revert (); } } } } fallback() external payable { Put(0); } struct Holder { uint unlockTime; uint balance; } mapping (address => Holder) public Acc; Log LogFile; uint public MinSum = 1 ether; constructor(address log) public{ LogFile = Log(log); } } contract Log { struct Message { address Sender; string  Data; uint Val; uint  Time; } Message[] public History; Message LastMsg; function AddMessage(address _adr,uint _val, string memory _data) public { LastMsg.Sender = _adr; LastMsg.Time = block.timestamp; LastMsg.Val = _val; LastMsg.Data = _data; History.push(LastMsg); } }","import { expect } from ""chai""; import { ethers } from ""hardhat""; describe(""W_WALLET reference (ethers v6; deploy may require constructor arguments)"", function () { it(""deploy W_WALLET by supplying its REQUIRED constructor arguments (read them from the contract constructor), then call methods and assert; use ethers.parseEther, await (await tx).wait(), and expect(...).to.be.reverted"", async function () { const [owner, addr1, addr2] = await ethers.getSigners(); const Factory = await ethers.getContractFactory(""W_WALLET""); const instance = await Factory.deploy(...constructorArgs); await instance.waitForDeployment(); }); });",False,False,"import { expect } from ""chai""; import { ethers } from ""hardhat"";  describe(""W_WALLET reference (ethers v6; deploy may require constructor arguments)"", function () {   it(""should revert when sending a large msg.value that would cause overflow in the mutant"", async function () {     const [owner, addr1] = await ethers.getSigners();          // Deploy Log contract first (required constructor argument)     const LogFactory = await ethers.getContractFactory(""Log"");     const logInstance = await LogFactory.deploy();     await logInstance.waitForDeployment();          // Deploy W_WALLET with Log address     const Factory = await ethers.getContractFactory(""W_WALLET"");     const instance = await Factory.deploy(await logInstance.getAddress());     await instance.waitForDeployment();          // Get the maximum uint256 value     const maxUint = ethers.MaxUint256;          // Try to call Put with maxUint value - this should revert in the mutant     // because the mutant's require check is: (balance + msg.value + 1) >= balance     // which is always true for any msg.value, but the actual balance addition     // would overflow and revert in Solidity 0.8.x     // The original would also revert due to overflow protection, but the mutant     // changes the require check making it pass when it shouldn't     await expect(       instance.connect(addr1).Put(maxUint, { value: maxUint })     ).to.be.reverted;   }); });","""['Error: syntax error']"""
m034bf1a8,W_WALLET,<generic-v6-scaffold>,Put,live,msg.value,msg.value-1,---|         require(((acc.balance + msg.value) >= acc.balance)); +++|         require(((acc.balance + msg.value-1) >= acc.balance));,9,Mutant m034bf1a8 of function Put replaces msg.value with msg.value-1,"pragma solidity ^0.8.0; contract W_WALLET { function Put(uint _unlockTime) public payable { Holder storage acc = Acc[msg.sender]; require(((acc.balance + msg.value) >= acc.balance)); acc.balance += msg.value; acc.unlockTime = _unlockTime>block.timestamp?_unlockTime:block.timestamp; LogFile.AddMessage(msg.sender,msg.value,""Put""); } function Collect(uint _am) public payable { Holder storage acc = Acc[msg.sender]; if( acc.balance>=MinSum && acc.balance>=_am && block.timestamp>acc.unlockTime) { acc.balance = (acc.balance - _am); { (bool _s, bytes memory _d) = msg.sender.call{value: _am}(""""); _d; if (_s) { LogFile.AddMessage(msg.sender,_am,""Collect""); } else {revert (); } } } } fallback() external payable { Put(0); } struct Holder { uint unlockTime; uint balance; } mapping (address => Holder) public Acc; Log LogFile; uint public MinSum = 1 ether; constructor(address log) public{ LogFile = Log(log); } } contract Log { struct Message { address Sender; string  Data; uint Val; uint  Time; } Message[] public History; Message LastMsg; function AddMessage(address _adr,uint _val, string memory _data) public { LastMsg.Sender = _adr; LastMsg.Time = block.timestamp; LastMsg.Val = _val; LastMsg.Data = _data; History.push(LastMsg); } }","import { expect } from ""chai""; import { ethers } from ""hardhat""; describe(""W_WALLET reference (ethers v6; deploy may require constructor arguments)"", function () { it(""deploy W_WALLET by supplying its REQUIRED constructor arguments (read them from the contract constructor), then call methods and assert; use ethers.parseEther, await (await tx).wait(), and expect(...).to.be.reverted"", async function () { const [owner, addr1, addr2] = await ethers.getSigners(); const Factory = await ethers.getContractFactory(""W_WALLET""); const instance = await Factory.deploy(...constructorArgs); await instance.waitForDeployment(); }); });",False,False,"import { expect } from ""chai""; import { ethers } from ""hardhat"";  describe(""W_WALLET mutant m034bf1a8 test"", function () {   it(""should detect mutant by calling Put with msg.value=0 when balance is 0"", async function () {     const [owner, addr1] = await ethers.getSigners();          // Deploy the Log contract first (required constructor argument for W_WALLET)     const LogFactory = await ethers.getContractFactory(""Log"");     const log = await LogFactory.deploy();     await log.waitForDeployment();          // Deploy W_WALLET with the Log address     const Factory = await ethers.getContractFactory(""W_WALLET"");     const instance = await Factory.deploy(await log.getAddress());     await instance.waitForDeployment();          // Ensure addr1 has zero balance in the contract (fresh account)     // Call Put with 0 ether - original allows it, mutant reverts     const tx = instance.connect(addr1).Put(0, { value: 0 });          // The mutant should revert because (0 + 0 - 1 >= 0) is false     // The original would succeed (the check is always true)     await expect(tx).to.be.reverted;   }); });","""['Error: syntax error']"""
m7633a088,W_WALLET,<generic-v6-scaffold>,Put,live,msg.value,msg.value+1,---|         acc.balance += msg.value; +++|         acc.balance += msg.value+1;,10,Mutant m7633a088 of function Put replaces msg.value with msg.value+1,"pragma solidity ^0.8.0; contract W_WALLET { function Put(uint _unlockTime) public payable { Holder storage acc = Acc[msg.sender]; require(((acc.balance + msg.value) >= acc.balance)); acc.balance += msg.value; acc.unlockTime = _unlockTime>block.timestamp?_unlockTime:block.timestamp; LogFile.AddMessage(msg.sender,msg.value,""Put""); } function Collect(uint _am) public payable { Holder storage acc = Acc[msg.sender]; if( acc.balance>=MinSum && acc.balance>=_am && block.timestamp>acc.unlockTime) { acc.balance = (acc.balance - _am); { (bool _s, bytes memory _d) = msg.sender.call{value: _am}(""""); _d; if (_s) { LogFile.AddMessage(msg.sender,_am,""Collect""); } else {revert (); } } } } fallback() external payable { Put(0); } struct Holder { uint unlockTime; uint balance; } mapping (address => Holder) public Acc; Log LogFile; uint public MinSum = 1 ether; constructor(address log) public{ LogFile = Log(log); } } contract Log { struct Message { address Sender; string  Data; uint Val; uint  Time; } Message[] public History; Message LastMsg; function AddMessage(address _adr,uint _val, string memory _data) public { LastMsg.Sender = _adr; LastMsg.Time = block.timestamp; LastMsg.Val = _val; LastMsg.Data = _data; History.push(LastMsg); } }","import { expect } from ""chai""; import { ethers } from ""hardhat""; describe(""W_WALLET reference (ethers v6; deploy may require constructor arguments)"", function () { it(""deploy W_WALLET by supplying its REQUIRED constructor arguments (read them from the contract constructor), then call methods and assert; use ethers.parseEther, await (await tx).wait(), and expect(...).to.be.reverted"", async function () { const [owner, addr1, addr2] = await ethers.getSigners(); const Factory = await ethers.getContractFactory(""W_WALLET""); const instance = await Factory.deploy(...constructorArgs); await instance.waitForDeployment(); }); });",False,False,"import { expect } from ""chai""; import { ethers } } from ""hardhat"";  describe(""W_WALLET mutant test"", function () {   it(""should kill mutant m7633a088 by verifying exact balance accounting"", async function () {     const [owner, addr1] = await ethers.getSigners();          // Deploy Log contract first (required constructor argument for W_WALLET)     const LogFactory = await ethers.getContractFactory(""Log"");     const log = await LogFactory.deploy();     await log.waitForDeployment();          // Deploy W_WALLET with Log address as constructor argument     const WalletFactory = await ethers.getContractFactory(""W_WALLET"");     const wallet = await WalletFactory.deploy(await log.getAddress());     await wallet.waitForDeployment();          // Get initial balance of addr1     const initialBalance = await ethers.provider.getBalance(addr1.address);          // Send exactly 1 ether to Put function from addr1     const putAmount = ethers.parseEther(""1"");     const tx = await wallet.connect(addr1).Put(0, { value: putAmount });     await tx.wait();          // Now try to collect the exact same amount (1 ether)     // Original: balance should be exactly 1 ether, collect should succeed     // Mutant: balance will be 1 ether + 1 wei, so collecting 1 ether will leave 1 wei     // But the contract only has 1 ether in actual ETH, so sending 1 ether should work     // However the mutant records 1 wei more, so when we try to collect 1 ether     // The contract will try to send 1 ether which it has, but the balance recorded     // is higher than actual ETH held, so we need to check the exact accounting          // Actually, let's verify by collecting slightly less than 1 ether to expose the bug     // Send 0.5 ether first to see the pattern     const collectAmount = ethers.parseEther(""0.5"");          // First check that MinSum condition is met (1 ether minimum)     // Since MinSum = 1 ether and we sent 1 ether, we can collect     // But we need to wait for unlockTime to pass (it's set to block.timestamp since _unlockTime=0)          // Advance time slightly to ensure block.timestamp > unlockTime     await ethers.provider.send(""evm_increaseTime"", [2]);     await ethers.provider.send(""evm_mine"", []);          // Try to collect 0.5 ether - should succeed on original     // On mutant, the balance is recorded as 1 ether + 1 wei     // So when we collect 0.5 ether, the new balance would be 0.5 ether + 1 wei     // This still works, but let's try to drain all balance          // Collect full 1 ether     const collectTx = wallet.connect(addr1).Collect(putAmount);          // On the original: this should succeed (balance = 1 ether, send 1 ether)     // On the mutant: this should revert because:     //   - Recorded balance = 1 ether + 1 wei     //   - Trying to send 1 ether via call{value: 1 ether}     //   - After subtraction, recorded balance = 1 wei     //   - But actual ETH in contract = 0 (sent back to addr1)     //   - The contract can still send 1 ether (it received 1 ether)     //   - Actually this won't revert... Let me reconsider          // The actual bug: The mutant adds 1 wei to the balance record     // but doesn't actually receive that extra wei. So if someone     // tries to collect the exact amount they deposited, it works.     // But if someone tries to collect the recorded balance amount,     // it will try to send more ETH than the contract has.          // Better approach: Send 1 ether, then try to collect 1 ether + 1 wei     // This should fail on original (balance < _am) but succeed on mutant     // Wait, that's the opposite - we want to kill the mutant          // Let me think again. The mutant adds 1 wei to balance.     // So if we send 1 ether and try to collect 1 ether + 1 wei:     // - Original: balance = 1 ether, _am = 1 ether + 1 wei => condition fails, revert     // - Mutant: balance = 1 ether + 1 wei, _am = 1 ether + 1 wei => condition passes     //   Then tries to send 1 ether + 1 wei, but only has 1 ether => send fails => revert          // Both revert, so that doesn't differentiate.          // Correct approach: Send 1 ether, collect 1 ether (exact amount)     // Original: balance = 1 ether, sends 1 ether, succeeds     // Mutant: balance = 1 ether + 1 wei, sends 1 ether, succeeds     //   But balance becomes 1 wei (which is stuck forever)     //   The actual ETH in contract = 0          // So the test should: send 1 ether, collect 1 ether, then check     // that the remaining recorded balance is 0 (original) vs 1 wei (mutant)          // Collect 1 ether     await (await collectTx).wait();          // Check the recorded balance for addr1     const holder = await wallet.Acc(addr1.address);          // On original: balance should be 0     // On mutant: balance should be 1 wei     expect(holder.balance).to.equal(0);          // This will pass on original (balance = 0) and fail on mutant (balance = 1 wei)   }); });","""['Error: syntax error']"""
m5edbf6e5,W_WALLET,<generic-v6-scaffold>,Put,live,msg.value,msg.value-1,---|         acc.balance += msg.value; +++|         acc.balance += msg.value-1;,10,Mutant m5edbf6e5 of function Put replaces msg.value with msg.value-1,"pragma solidity ^0.8.0; contract W_WALLET { function Put(uint _unlockTime) public payable { Holder storage acc = Acc[msg.sender]; require(((acc.balance + msg.value) >= acc.balance)); acc.balance += msg.value; acc.unlockTime = _unlockTime>block.timestamp?_unlockTime:block.timestamp; LogFile.AddMessage(msg.sender,msg.value,""Put""); } function Collect(uint _am) public payable { Holder storage acc = Acc[msg.sender]; if( acc.balance>=MinSum && acc.balance>=_am && block.timestamp>acc.unlockTime) { acc.balance = (acc.balance - _am); { (bool _s, bytes memory _d) = msg.sender.call{value: _am}(""""); _d; if (_s) { LogFile.AddMessage(msg.sender,_am,""Collect""); } else {revert (); } } } } fallback() external payable { Put(0); } struct Holder { uint unlockTime; uint balance; } mapping (address => Holder) public Acc; Log LogFile; uint public MinSum = 1 ether; constructor(address log) public{ LogFile = Log(log); } } contract Log { struct Message { address Sender; string  Data; uint Val; uint  Time; } Message[] public History; Message LastMsg; function AddMessage(address _adr,uint _val, string memory _data) public { LastMsg.Sender = _adr; LastMsg.Time = block.timestamp; LastMsg.Val = _val; LastMsg.Data = _data; History.push(LastMsg); } }","import { expect } from ""chai""; import { ethers } from ""hardhat""; describe(""W_WALLET reference (ethers v6; deploy may require constructor arguments)"", function () { it(""deploy W_WALLET by supplying its REQUIRED constructor arguments (read them from the contract constructor), then call methods and assert; use ethers.parseEther, await (await tx).wait(), and expect(...).to.be.reverted"", async function () { const [owner, addr1, addr2] = await ethers.getSigners(); const Factory = await ethers.getContractFactory(""W_WALLET""); const instance = await Factory.deploy(...constructorArgs); await instance.waitForDeployment(); }); });",False,False,"import { expect } from ""chai""; import { ethers } from ""hardhat"";  describe(""W_WALLET mutant detection - m5edbf6e5"", function () {   it(""should detect the mutant that subtracts 1 from msg.value in Put"", async function () {     const [owner, user] = await ethers.getSigners();          // Deploy the Log contract first (required by W_WALLET constructor)     const LogFactory = await ethers.getContractFactory(""Log"");     const log = await LogFactory.deploy();     await log.waitForDeployment();          // Deploy W_WALLET with the Log contract address     const WalletFactory = await ethers.getContractFactory(""W_WALLET"");     const wallet = await WalletFactory.deploy(await log.getAddress());     await wallet.waitForDeployment();          const depositAmount = ethers.parseEther(""1""); // 1 ether          // User deposits exactly 1 ether     const tx = await wallet.connect(user).Put(0, { value: depositAmount });     await tx.wait();          // User attempts to withdraw the same amount they deposited     // In the original, balance == depositAmount, so withdrawal succeeds     // In the mutant, balance == depositAmount - 1, so withdrawal should fail     await expect(       wallet.connect(user).Collect(depositAmount)     ).to.be.reverted;   }); });","""['Error: syntax error']"""
mb593e608,W_WALLET,<generic-v6-scaffold>,Put,live,block.timestamp,block.prevrandao,---|         acc.unlockTime = _unlockTime>block.timestamp?_unlockTime:block.timestamp; +++|         acc.unlockTime = _unlockTime>block.prevrandao?_unlockTime:block.timestamp;,11,Mutant mb593e608 of function Put replaces block.timestamp with block.prevrandao,"pragma solidity ^0.8.0; contract W_WALLET { function Put(uint _unlockTime) public payable { Holder storage acc = Acc[msg.sender]; require(((acc.balance + msg.value) >= acc.balance)); acc.balance += msg.value; acc.unlockTime = _unlockTime>block.timestamp?_unlockTime:block.timestamp; LogFile.AddMessage(msg.sender,msg.value,""Put""); } function Collect(uint _am) public payable { Holder storage acc = Acc[msg.sender]; if( acc.balance>=MinSum && acc.balance>=_am && block.timestamp>acc.unlockTime) { acc.balance = (acc.balance - _am); { (bool _s, bytes memory _d) = msg.sender.call{value: _am}(""""); _d; if (_s) { LogFile.AddMessage(msg.sender,_am,""Collect""); } else {revert (); } } } } fallback() external payable { Put(0); } struct Holder { uint unlockTime; uint balance; } mapping (address => Holder) public Acc; Log LogFile; uint public MinSum = 1 ether; constructor(address log) public{ LogFile = Log(log); } } contract Log { struct Message { address Sender; string  Data; uint Val; uint  Time; } Message[] public History; Message LastMsg; function AddMessage(address _adr,uint _val, string memory _data) public { LastMsg.Sender = _adr; LastMsg.Time = block.timestamp; LastMsg.Val = _val; LastMsg.Data = _data; History.push(LastMsg); } }","import { expect } from ""chai""; import { ethers } from ""hardhat""; describe(""W_WALLET reference (ethers v6; deploy may require constructor arguments)"", function () { it(""deploy W_WALLET by supplying its REQUIRED constructor arguments (read them from the contract constructor), then call methods and assert; use ethers.parseEther, await (await tx).wait(), and expect(...).to.be.reverted"", async function () { const [owner, addr1, addr2] = await ethers.getSigners(); const Factory = await ethers.getContractFactory(""W_WALLET""); const instance = await Factory.deploy(...constructorArgs); await instance.waitForDeployment(); }); });",False,False,"import { expect } from ""chai""; import { ethers } from ""hardhat"";  describe(""W_WALLET mutant kill test"", function () {   it(""should kill mutant mb593e608 by testing unlock time behavior with future _unlockTime"", async function () {     const [owner, addr1] = await ethers.getSigners();          // Deploy the Log contract first (required constructor argument)     const LogFactory = await ethers.getContractFactory(""Log"");     const log = await LogFactory.deploy();     await log.waitForDeployment();          // Deploy W_WALLET with Log address     const Factory = await ethers.getContractFactory(""W_WALLET"");     const instance = await Factory.deploy(await log.getAddress());     await instance.waitForDeployment();          // Set a future unlock time (current timestamp + 100 seconds)     const latestBlock = await ethers.provider.getBlock(""latest"");     const futureTime = latestBlock!.timestamp + 100;          // Deposit 1 ether with future unlock time     const depositAmount = ethers.parseEther(""1"");     const tx = await instance.connect(addr1).Put(futureTime, { value: depositAmount });     await tx.wait();          // Attempt to collect immediately (should revert because unlock time is in the future)     // On the original, this reverts. On the mutant, block.prevrandao may cause incorrect unlock time.     await expect(       instance.connect(addr1).Collect(depositAmount)     ).to.be.reverted;   }); });","""['Error: syntax error']"""
me575be82,W_WALLET,<generic-v6-scaffold>,Put,live,block.timestamp,block.prevrandao,---|         acc.unlockTime = _unlockTime>block.timestamp?_unlockTime:block.timestamp; +++|         acc.unlockTime = _unlockTime>block.timestamp?_unlockTime:block.prevrandao;,11,Mutant me575be82 of function Put replaces block.timestamp with block.prevrandao,"pragma solidity ^0.8.0; contract W_WALLET { function Put(uint _unlockTime) public payable { Holder storage acc = Acc[msg.sender]; require(((acc.balance + msg.value) >= acc.balance)); acc.balance += msg.value; acc.unlockTime = _unlockTime>block.timestamp?_unlockTime:block.timestamp; LogFile.AddMessage(msg.sender,msg.value,""Put""); } function Collect(uint _am) public payable { Holder storage acc = Acc[msg.sender]; if( acc.balance>=MinSum && acc.balance>=_am && block.timestamp>acc.unlockTime) { acc.balance = (acc.balance - _am); { (bool _s, bytes memory _d) = msg.sender.call{value: _am}(""""); _d; if (_s) { LogFile.AddMessage(msg.sender,_am,""Collect""); } else {revert (); } } } } fallback() external payable { Put(0); } struct Holder { uint unlockTime; uint balance; } mapping (address => Holder) public Acc; Log LogFile; uint public MinSum = 1 ether; constructor(address log) public{ LogFile = Log(log); } } contract Log { struct Message { address Sender; string  Data; uint Val; uint  Time; } Message[] public History; Message LastMsg; function AddMessage(address _adr,uint _val, string memory _data) public { LastMsg.Sender = _adr; LastMsg.Time = block.timestamp; LastMsg.Val = _val; LastMsg.Data = _data; History.push(LastMsg); } }","import { expect } from ""chai""; import { ethers } from ""hardhat""; describe(""W_WALLET reference (ethers v6; deploy may require constructor arguments)"", function () { it(""deploy W_WALLET by supplying its REQUIRED constructor arguments (read them from the contract constructor), then call methods and assert; use ethers.parseEther, await (await tx).wait(), and expect(...).to.be.reverted"", async function () { const [owner, addr1, addr2] = await ethers.getSigners(); const Factory = await ethers.getContractFactory(""W_WALLET""); const instance = await Factory.deploy(...constructorArgs); await instance.waitForDeployment(); }); });",False,False,"import { expect } from ""chai""; import { ethers } from ""hardhat"";  describe(""W_WALLET mutant me575be82 test"", function () {   it(""should detect mutant that replaces block.timestamp with block.prevrandao in Put function"", async function () {     const [owner, addr1] = await ethers.getSigners();          // Deploy Log contract first (required by W_WALLET constructor)     const LogFactory = await ethers.getContractFactory(""Log"");     const logInstance = await LogFactory.deploy();     await logInstance.waitForDeployment();          // Deploy W_WALLET with Log contract address     const W_WALLETFactory = await ethers.getContractFactory(""W_WALLET"");     const walletInstance = await W_WALLETFactory.deploy(await logInstance.getAddress());     await walletInstance.waitForDeployment();          // Get current block timestamp     const blockNum = await ethers.provider.getBlockNumber();     const block = await ethers.provider.getBlock(blockNum);     const currentTimestamp = block.timestamp;          // Call Put with _unlockTime less than current timestamp     // This should set unlockTime to current timestamp in original, but to block.prevrandao in mutant     const putAmount = ethers.parseEther(""1"");     await walletInstance.connect(addr1).Put(currentTimestamp - 100, { value: putAmount });          // Try to collect the full balance immediately     // Should succeed in original (unlockTime = block.timestamp), fail in mutant (unlockTime = block.prevrandao)     await expect(       walletInstance.connect(addr1).Collect(putAmount)     ).to.be.reverted;   }); });","""['Error: syntax error']"""
m94d16216,W_WALLET,<generic-v6-scaffold>,Put,live,msg.value,msg.value+1,"---|         LogFile.AddMessage(msg.sender,msg.value,""Put""); +++|         LogFile.AddMessage(msg.sender,msg.value+1,""Put"");",12,Mutant m94d16216 of function Put replaces msg.value with msg.value+1,"pragma solidity ^0.8.0; contract W_WALLET { function Put(uint _unlockTime) public payable { Holder storage acc = Acc[msg.sender]; require(((acc.balance + msg.value) >= acc.balance)); acc.balance += msg.value; acc.unlockTime = _unlockTime>block.timestamp?_unlockTime:block.timestamp; LogFile.AddMessage(msg.sender,msg.value,""Put""); } function Collect(uint _am) public payable { Holder storage acc = Acc[msg.sender]; if( acc.balance>=MinSum && acc.balance>=_am && block.timestamp>acc.unlockTime) { acc.balance = (acc.balance - _am); { (bool _s, bytes memory _d) = msg.sender.call{value: _am}(""""); _d; if (_s) { LogFile.AddMessage(msg.sender,_am,""Collect""); } else {revert (); } } } } fallback() external payable { Put(0); } struct Holder { uint unlockTime; uint balance; } mapping (address => Holder) public Acc; Log LogFile; uint public MinSum = 1 ether; constructor(address log) public{ LogFile = Log(log); } } contract Log { struct Message { address Sender; string  Data; uint Val; uint  Time; } Message[] public History; Message LastMsg; function AddMessage(address _adr,uint _val, string memory _data) public { LastMsg.Sender = _adr; LastMsg.Time = block.timestamp; LastMsg.Val = _val; LastMsg.Data = _data; History.push(LastMsg); } }","import { expect } from ""chai""; import { ethers } from ""hardhat""; describe(""W_WALLET reference (ethers v6; deploy may require constructor arguments)"", function () { it(""deploy W_WALLET by supplying its REQUIRED constructor arguments (read them from the contract constructor), then call methods and assert; use ethers.parseEther, await (await tx).wait(), and expect(...).to.be.reverted"", async function () { const [owner, addr1, addr2] = await ethers.getSigners(); const Factory = await ethers.getContractFactory(""W_WALLET""); const instance = await Factory.deploy(...constructorArgs); await instance.waitForDeployment(); }); });",False,False,"import { expect } from ""chai""; import { ethers } from ""hardhat"";  describe(""W_WALLET mutant m94d16216 test"", function () {   it(""should detect mutant that logs msg.value+1 instead of msg.value"", async function () {     const [owner, addr1] = await ethers.getSigners();          // Deploy Log contract first (required by W_WALLET constructor)     const LogFactory = await ethers.getContractFactory(""Log"");     const logInstance = await LogFactory.deploy();     await logInstance.waitForDeployment();          // Deploy W_WALLET with Log contract address     const WalletFactory = await ethers.getContractFactory(""W_WALLET"");     const walletInstance = await WalletFactory.deploy(await logInstance.getAddress());     await walletInstance.waitForDeployment();          // Send exactly 1 ether to Put function     const sendAmount = ethers.parseEther(""1"");     const tx = await walletInstance.connect(addr1).Put(0, { value: sendAmount });     await tx.wait();          // Read the logged value from the Log contract     // History[0] contains the last message (since we only did one Put)     const loggedMessage = await logInstance.History(0);     const loggedVal = loggedMessage[2]; // Val is the third field in Message struct          // Assert that the logged value equals the actual msg.value sent (not msg.value+1)     expect(loggedVal).to.equal(sendAmount);   }); });","""['Error: syntax error']"""
m6e1d1714,W_WALLET,<generic-v6-scaffold>,Put,live,msg.value,msg.value-1,"---|         LogFile.AddMessage(msg.sender,msg.value,""Put""); +++|         LogFile.AddMessage(msg.sender,msg.value-1,""Put"");",12,Mutant m6e1d1714 of function Put replaces msg.value with msg.value-1,"pragma solidity ^0.8.0; contract W_WALLET { function Put(uint _unlockTime) public payable { Holder storage acc = Acc[msg.sender]; require(((acc.balance + msg.value) >= acc.balance)); acc.balance += msg.value; acc.unlockTime = _unlockTime>block.timestamp?_unlockTime:block.timestamp; LogFile.AddMessage(msg.sender,msg.value,""Put""); } function Collect(uint _am) public payable { Holder storage acc = Acc[msg.sender]; if( acc.balance>=MinSum && acc.balance>=_am && block.timestamp>acc.unlockTime) { acc.balance = (acc.balance - _am); { (bool _s, bytes memory _d) = msg.sender.call{value: _am}(""""); _d; if (_s) { LogFile.AddMessage(msg.sender,_am,""Collect""); } else {revert (); } } } } fallback() external payable { Put(0); } struct Holder { uint unlockTime; uint balance; } mapping (address => Holder) public Acc; Log LogFile; uint public MinSum = 1 ether; constructor(address log) public{ LogFile = Log(log); } } contract Log { struct Message { address Sender; string  Data; uint Val; uint  Time; } Message[] public History; Message LastMsg; function AddMessage(address _adr,uint _val, string memory _data) public { LastMsg.Sender = _adr; LastMsg.Time = block.timestamp; LastMsg.Val = _val; LastMsg.Data = _data; History.push(LastMsg); } }","import { expect } from ""chai""; import { ethers } from ""hardhat""; describe(""W_WALLET reference (ethers v6; deploy may require constructor arguments)"", function () { it(""deploy W_WALLET by supplying its REQUIRED constructor arguments (read them from the contract constructor), then call methods and assert; use ethers.parseEther, await (await tx).wait(), and expect(...).to.be.reverted"", async function () { const [owner, addr1, addr2] = await ethers.getSigners(); const Factory = await ethers.getContractFactory(""W_WALLET""); const instance = await Factory.deploy(...constructorArgs); await instance.waitForDeployment(); }); });",False,False,"import { expect } from ""chai""; import { ethers } } from ""hardhat"";  describe(""W_WALLET mutant detection - m6e1d1714"", function () {   it(""should detect mutant that logs msg.value-1 instead of msg.value in Put function"", async function () {     const [owner, user] = await ethers.getSigners();          // Deploy Log contract first (required constructor argument for W_WALLET)     const LogFactory = await ethers.getContractFactory(""Log"");     const logInstance = await LogFactory.deploy();     await logInstance.waitForDeployment();          // Deploy W_WALLET with Log contract address     const WWalletFactory = await ethers.getContractFactory(""W_WALLET"");     const wwalletInstance = await WWalletFactory.deploy(await logInstance.getAddress());     await wwalletInstance.waitForDeployment();          const putAmount = ethers.parseEther(""1"");          // Call Put with exactly 1 ether     const tx = await wwalletInstance.connect(user).Put(0, { value: putAmount });     await tx.wait();          // Read the last entry from Log contract's History array (index 0 since first call)     const [sender, data, val, time] = await logInstance.History(0);          // The logged value should equal the exact msg.value sent (1 ether)     // Mutant logs msg.value-1, so this assertion will fail on mutant     expect(val).to.equal(putAmount);   }); });","""['Error: syntax error']"""
madf38510,W_WALLET,<generic-v6-scaffold>,Collect,live,block.timestamp,block.prevrandao,---|         if( acc.balance>=MinSum && acc.balance>=_am && block.timestamp>acc.unlockTime) +++|         if( acc.balance>=MinSum && acc.balance>=_am && block.prevrandao>acc.unlockTime),18,Mutant madf38510 of function Collect replaces block.timestamp with block.prevrandao,"pragma solidity ^0.8.0; contract W_WALLET { function Put(uint _unlockTime) public payable { Holder storage acc = Acc[msg.sender]; require(((acc.balance + msg.value) >= acc.balance)); acc.balance += msg.value; acc.unlockTime = _unlockTime>block.timestamp?_unlockTime:block.timestamp; LogFile.AddMessage(msg.sender,msg.value,""Put""); } function Collect(uint _am) public payable { Holder storage acc = Acc[msg.sender]; if( acc.balance>=MinSum && acc.balance>=_am && block.timestamp>acc.unlockTime) { acc.balance = (acc.balance - _am); { (bool _s, bytes memory _d) = msg.sender.call{value: _am}(""""); _d; if (_s) { LogFile.AddMessage(msg.sender,_am,""Collect""); } else {revert (); } } } } fallback() external payable { Put(0); } struct Holder { uint unlockTime; uint balance; } mapping (address => Holder) public Acc; Log LogFile; uint public MinSum = 1 ether; constructor(address log) public{ LogFile = Log(log); } } contract Log { struct Message { address Sender; string  Data; uint Val; uint  Time; } Message[] public History; Message LastMsg; function AddMessage(address _adr,uint _val, string memory _data) public { LastMsg.Sender = _adr; LastMsg.Time = block.timestamp; LastMsg.Val = _val; LastMsg.Data = _data; History.push(LastMsg); } }","import { expect } from ""chai""; import { ethers } from ""hardhat""; describe(""W_WALLET reference (ethers v6; deploy may require constructor arguments)"", function () { it(""deploy W_WALLET by supplying its REQUIRED constructor arguments (read them from the contract constructor), then call methods and assert; use ethers.parseEther, await (await tx).wait(), and expect(...).to.be.reverted"", async function () { const [owner, addr1, addr2] = await ethers.getSigners(); const Factory = await ethers.getContractFactory(""W_WALLET""); const instance = await Factory.deploy(...constructorArgs); await instance.waitForDeployment(); }); });",False,False,"import { expect } from ""chai""; import { ethers } from ""hardhat"";  describe(""W_WALLET mutant detection - block.prevrandao vs block.timestamp"", function () {   it(""should kill mutant madf38510 by verifying that Collect uses block.timestamp, not block.prevrandao"", async function () {     const [owner, addr1] = await ethers.getSigners();          // Deploy Log contract first (required by W_WALLET constructor)     const LogFactory = await ethers.getContractFactory(""Log"");     const logInstance = await LogFactory.deploy();     await logInstance.waitForDeployment();          // Deploy W_WALLET with Log address     const Factory = await ethers.getContractFactory(""W_WALLET"");     const instance = await Factory.deploy(await logInstance.getAddress());     await instance.waitForDeployment();          // Set a future unlock time (e.g., 1 hour from now)     const currentTime = (await ethers.provider.getBlock(""latest"")).timestamp;     const futureUnlockTime = currentTime + 3600; // 1 hour in the future          // Deposit funds with the future unlock time (owner calls Put)     const depositAmount = ethers.parseEther(""2"");     await instance.connect(owner).Put(futureUnlockTime, { value: depositAmount });          // Verify MinSum is 1 ether (default) - our balance of 2 ether meets it     expect(await instance.MinSum()).to.equal(ethers.parseEther(""1""));          // Attempt to collect 1 ether BEFORE unlock time - should fail regardless     const collectAmount = ethers.parseEther(""1"");     await expect(       instance.connect(owner).Collect(collectAmount)     ).to.be.reverted;          // Now we need to fast-forward time past the unlock time     await ethers.provider.send(""evm_increaseTime"", [3601]); // advance 1 hour + 1 second     await ethers.provider.send(""evm_mine"", []);          // Verify current time is now after unlock time     const newTime = (await ethers.provider.getBlock(""latest"")).timestamp;     expect(newTime).to.be.greaterThan(futureUnlockTime);          // Now attempt to collect - on ORIGINAL this should succeed     // On MUTANT (using block.prevrandao), it will revert because prevrandao is unlikely > unlockTime     const tx = instance.connect(owner).Collect(collectAmount);          // The mutant will revert, so we expect the transaction to succeed on original     // If it reverts, the test fails (killing the mutant means it behaves differently)     await expect(tx).to.not.be.reverted;          // Verify balance decreased     const holderInfo = await instance.Acc(owner.address);     expect(holderInfo.balance).to.equal(ethers.parseEther(""1"")); // 2 - 1 = 1   }); });","""['Error: syntax error']"""
